origin,month,basso_count,basso_dep_delay_avg,basso_arr_delay_avg,medio_count,medio_dep_delay_avg,medio_arr_delay_avg,alto_count,alto_dep_delay_avg,alto_arr_delay_avg,top_causa_1,top_causa_2,top_causa_3
ABE,1,45,6.533333333333333,-0.7111111111111111,31,34.32258064516129,32.5,30,241.3,234.03333333333333,nas_delay,carrier_delay,late_aircraft_delay
ABE,2,32,6.03125,-6.09375,20,29.7,10.105263157894736,14,227.92857142857142,217.92857142857142,nas_delay,carrier_delay,late_aircraft_delay
ABE,3,47,7.25531914893617,-6.574468085106383,28,30.678571428571427,19.892857142857142,23,173.43478260869566,163.3913043478261,late_aircraft_delay,nas_delay,carrier_delay
ABE,4,39,5.564102564102564,-4.82051282051282,29,33.44827586206897,27.655172413793103,29,258.6551724137931,250.3793103448276,carrier_delay,late_aircraft_delay,nas_delay
ABE,5,44,6.386363636363637,2.1818181818181817,26,30.076923076923077,29.576923076923077,40,180.625,177.12820512820514,nas_delay,late_aircraft_delay,carrier_delay
ABE,6,41,5.7073170731707314,-1.170731707317073,38,27.394736842105264,17.216216216216218,38,173.92105263157896,172.32432432432432,carrier_delay,late_aircraft_delay,nas_delay
ABE,7,37,6.081081081081081,-0.918918918918919,41,34.609756097560975,30.146341463414632,37,138.0810810810811,137.0810810810811,late_aircraft_delay,carrier_delay,nas_delay
ABE,8,34,5.676470588235294,3.5,42,32.023809523809526,27.976190476190474,27,146.96296296296296,144.2962962962963,late_aircraft_delay,nas_delay,carrier_delay
ABE,9,31,7.161290322580645,-0.03225806451612903,25,37.84,32.875,16,265.0625,261.25,late_aircraft_delay,carrier_delay,nas_delay
ABE,10,40,6.6,-3.45,31,26.225806451612904,11.96774193548387,18,193.16666666666666,183.83333333333334,carrier_delay,late_aircraft_delay,nas_delay
ABE,11,39,6.846153846153846,-3.6923076923076925,24,31.625,21.75,14,165.21428571428572,152.42857142857142,late_aircraft_delay,carrier_delay,nas_delay
ABE,12,50,6.74,0.8979591836734694,34,32.5,24.575757575757574,34,229.02941176470588,222.14705882352942,carrier_delay,late_aircraft_delay,nas_delay
ABI,1,17,6.764705882352941,10.941176470588236,11,38.90909090909091,36.72727272727273,13,113.46153846153847,123.84615384615384,late_aircraft_delay,nas_delay,weather_delay
ABI,2,10,7.4,12.0,8,33.875,33.75,1,99.0,88.0,nas_delay,late_aircraft_delay,carrier_delay
ABI,3,17,5.882352941176471,5.588235294117647,13,24.076923076923077,27.076923076923077,12,132.66666666666666,134.08333333333334,late_aircraft_delay,nas_delay,carrier_delay
ABI,4,18,6.5,4.222222222222222,15,31.466666666666665,29.6,12,129.66666666666666,126.16666666666667,late_aircraft_delay,weather_delay,nas_delay
ABI,5,20,5.9,0.35,26,27.884615384615383,25.03846153846154,22,190.6818181818182,195.5909090909091,late_aircraft_delay,nas_delay,carrier_delay
ABI,6,18,8.88888888888889,5.333333333333333,18,28.333333333333332,25.72222222222222,13,116.53846153846153,108.76923076923077,late_aircraft_delay,nas_delay,carrier_delay
ABI,7,20,6.15,1.1,23,30.130434782608695,30.869565217391305,10,127.0,122.5,late_aircraft_delay,nas_delay,carrier_delay
ABI,8,17,6.117647058823529,2.0588235294117645,12,27.25,22.666666666666668,2,91.5,89.5,late_aircraft_delay,carrier_delay,nas_delay
ABI,9,14,7.214285714285714,3.7857142857142856,14,28.428571428571427,23.428571428571427,8,108.875,99.125,late_aircraft_delay,carrier_delay,nas_delay
ABI,10,15,7.466666666666667,0.06666666666666667,3,32.0,32.0,4,135.5,125.5,late_aircraft_delay,carrier_delay,nas_delay
ABI,11,17,5.647058823529412,2.8823529411764706,8,31.125,25.5,6,106.16666666666667,105.0,late_aircraft_delay,nas_delay,weather_delay
ABI,12,18,6.277777777777778,7.666666666666667,7,28.714285714285715,21.571428571428573,12,111.0,117.08333333333333,nas_delay,late_aircraft_delay,carrier_delay
ABQ,1,275,5.905454545454545,1.9525547445255473,200,30.94,26.28,116,137.94827586206895,134.58620689655172,late_aircraft_delay,nas_delay,carrier_delay
ABQ,2,293,6.027303754266212,0.46075085324232085,156,31.128205128205128,28.92948717948718,65,155.35384615384615,155.875,nas_delay,late_aircraft_delay,carrier_delay
ABQ,3,347,6.066282420749279,0.9106628242074928,251,31.266932270916335,25.828,117,186.94871794871796,185.94871794871796,late_aircraft_delay,carrier_delay,nas_delay
ABQ,4,366,5.5683060109289615,-1.4617486338797814,263,30.958174904942965,24.806083650190114,94,143.41489361702128,142.43010752688173,late_aircraft_delay,carrier_delay,nas_delay
ABQ,5,399,6.365914786967418,0.40554156171284633,321,31.049844236760123,25.330218068535824,162,161.78395061728395,158.31446540880503,late_aircraft_delay,carrier_delay,nas_delay
ABQ,6,417,5.870503597122302,1.3462469733656175,310,30.532258064516128,25.679611650485437,126,147.6031746031746,143.38095238095238,late_aircraft_delay,carrier_delay,nas_delay
ABQ,7,421,6.078384798099762,0.6602870813397129,332,33.04216867469879,29.459214501510573,168,152.88690476190476,150.16071428571428,late_aircraft_delay,carrier_delay,nas_delay
ABQ,8,328,5.902439024390244,1.2293577981651376,234,30.081196581196583,27.196581196581196,126,143.015873015873,141.0793650793651,late_aircraft_delay,carrier_delay,nas_delay
ABQ,9,302,5.6158940397351,-0.7384105960264901,221,28.918552036199095,22.786363636363635,66,127.6969696969697,122.6969696969697,late_aircraft_delay,carrier_delay,nas_delay
ABQ,10,431,5.368909512761021,0.20745920745920746,212,28.514150943396228,23.00473933649289,75,141.68,137.13333333333333,carrier_delay,late_aircraft_delay,nas_delay
ABQ,11,342,5.470760233918129,1.8529411764705883,185,30.102702702702704,28.394594594594594,71,134.5211267605634,133.98591549295776,nas_delay,carrier_delay,late_aircraft_delay
ABQ,12,363,5.90633608815427,-0.01652892561983471,223,30.116591928251122,23.937219730941703,89,158.8988764044944,161.71264367816093,late_aircraft_delay,carrier_delay,nas_delay
ABR,1,7,5.714285714285714,-10.285714285714286,5,27.2,7.8,5,130.8,121.4,carrier_delay,canc_B,weather_delay
ABR,2,4,4.75,-7.5,3,34.0,13.666666666666666,2,321.0,304.5,weather_delay,carrier_delay,Nessuna
ABR,3,4,3.75,-9.0,3,27.0,11.666666666666666,7,192.28571428571428,171.42857142857142,carrier_delay,weather_delay,canc_B
ABR,4,6,6.166666666666667,-7.333333333333333,1,18.0,-4.0,3,365.6666666666667,344.0,carrier_delay,weather_delay,Nessuna
ABR,5,3,5.0,-2.0,3,39.333333333333336,36.0,6,140.5,130.66666666666666,carrier_delay,weather_delay,nas_delay
ABR,6,8,6.125,9.875,11,37.81818181818182,49.54545454545455,7,307.57142857142856,308.7142857142857,carrier_delay,nas_delay,weather_delay
ABR,7,11,6.636363636363637,-0.6363636363636364,6,35.666666666666664,32.666666666666664,7,132.28571428571428,138.28571428571428,carrier_delay,nas_delay,weather_delay
ABR,8,7,9.142857142857142,6.857142857142857,6,24.5,35.333333333333336,6,235.16666666666666,249.33333333333334,nas_delay,weather_delay,carrier_delay
ABR,9,4,4.25,-8.25,0,"","",3,140.33333333333334,132.33333333333334,carrier_delay,Nessuna,Nessuna
ABR,10,3,5.666666666666667,-8.333333333333334,6,42.5,29.666666666666668,6,193.5,182.33333333333334,carrier_delay,weather_delay,nas_delay
ABR,11,6,3.0,-7.0,5,25.8,17.2,3,106.0,90.0,carrier_delay,Nessuna,Nessuna
ABR,12,8,4.75,-2.5,8,34.125,25.5,10,356.8,348.1,carrier_delay,nas_delay,weather_delay
ABY,1,6,7.666666666666667,3.3333333333333335,5,26.6,18.6,7,304.85714285714283,294.14285714285717,carrier_delay,nas_delay,weather_delay
ABY,2,2,7.0,1.5,7,27.714285714285715,15.571428571428571,6,199.33333333333334,194.83333333333334,carrier_delay,weather_delay,nas_delay
ABY,3,6,5.0,1.3333333333333333,2,43.0,39.0,4,140.5,131.0,carrier_delay,weather_delay,Nessuna
ABY,4,4,6.5,4.25,7,35.42857142857143,39.0,4,130.25,137.0,carrier_delay,nas_delay,weather_delay
ABY,5,3,7.666666666666667,3.0,6,39.0,39.833333333333336,8,118.75,115.5,carrier_delay,nas_delay,weather_delay
ABY,6,5,7.4,4.4,5,45.6,40.0,4,72.0,66.25,carrier_delay,nas_delay,canc_B
ABY,7,5,6.4,9.2,7,29.428571428571427,27.428571428571427,13,186.23076923076923,188.0,carrier_delay,nas_delay,weather_delay
ABY,8,8,6.625,-2.625,8,29.5,21.125,9,266.44444444444446,261.44444444444446,carrier_delay,weather_delay,nas_delay
ABY,9,3,9.333333333333334,5.666666666666667,6,40.166666666666664,41.5,5,101.6,95.8,carrier_delay,nas_delay,weather_delay
ABY,10,6,6.666666666666667,3.1666666666666665,2,55.5,42.5,1,130.0,117.0,carrier_delay,nas_delay,Nessuna
ABY,11,3,6.666666666666667,6.333333333333333,4,38.0,34.75,3,190.0,195.0,carrier_delay,nas_delay,weather_delay
ABY,12,3,11.0,20.333333333333332,6,26.166666666666668,22.5,15,195.66666666666666,193.86666666666667,carrier_delay,nas_delay,late_aircraft_delay
ACK,5,7,4.857142857142857,-1.1428571428571428,10,33.4,33.2,15,160.66666666666666,162.64285714285714,late_aircraft_delay,nas_delay,carrier_delay
ACK,6,25,7.68,4.16,33,36.27272727272727,39.27272727272727,36,175.80555555555554,178.13888888888889,late_aircraft_delay,nas_delay,carrier_delay
ACK,7,35,6.942857142857143,5.764705882352941,64,33.40625,32.203125,51,137.0392156862745,140.27450980392157,nas_delay,late_aircraft_delay,carrier_delay
ACK,8,57,6.368421052631579,5.719298245614035,34,36.23529411764706,35.0,47,179.6595744680851,181.40425531914894,nas_delay,late_aircraft_delay,carrier_delay
ACK,9,5,6.2,8.4,11,37.54545454545455,40.0,8,116.125,114.5,nas_delay,late_aircraft_delay,carrier_delay
ACK,10,4,5.25,5.25,4,34.5,28.5,3,168.0,162.0,nas_delay,carrier_delay,late_aircraft_delay
ACT,1,5,8.8,4.0,12,36.416666666666664,34.25,10,272.8,268.8,carrier_delay,canc_B,late_aircraft_delay
ACT,2,13,4.846153846153846,9.23076923076923,3,31.0,36.0,4,82.5,70.25,carrier_delay,nas_delay,late_aircraft_delay
ACT,3,16,5.375,10.1875,7,29.571428571428573,29.428571428571427,4,75.25,69.75,nas_delay,late_aircraft_delay,carrier_delay
ACT,4,11,6.363636363636363,3.6363636363636362,10,33.8,30.7,6,171.83333333333334,179.66666666666666,nas_delay,late_aircraft_delay,carrier_delay
ACT,5,6,6.0,27.666666666666668,7,34.285714285714285,31.142857142857142,11,187.63636363636363,186.9090909090909,carrier_delay,canc_B,nas_delay
ACT,6,9,6.888888888888889,4.0,15,34.266666666666666,29.666666666666668,17,149.94117647058823,150.88235294117646,carrier_delay,late_aircraft_delay,nas_delay
ACT,7,7,5.714285714285714,2.4285714285714284,8,45.75,41.5,10,139.0,143.3,carrier_delay,nas_delay,weather_delay
ACT,8,10,6.8,11.1,11,36.72727272727273,40.72727272727273,5,103.8,107.4,carrier_delay,nas_delay,late_aircraft_delay
ACT,9,11,7.2727272727272725,6.0,11,27.09090909090909,29.636363636363637,4,174.75,166.5,carrier_delay,nas_delay,late_aircraft_delay
ACT,10,7,5.285714285714286,2.142857142857143,12,33.583333333333336,32.5,18,119.55555555555556,115.0,carrier_delay,nas_delay,late_aircraft_delay
ACT,11,7,8.571428571428571,5.142857142857143,7,39.857142857142854,36.714285714285715,4,157.5,153.75,carrier_delay,late_aircraft_delay,nas_delay
ACT,12,9,6.777777777777778,6.333333333333333,13,33.46153846153846,34.46153846153846,16,135.0625,136.625,carrier_delay,nas_delay,weather_delay
ACV,1,15,5.466666666666667,1.6,16,32.875,27.3125,15,195.13333333333333,190.33333333333334,nas_delay,late_aircraft_delay,carrier_delay
ACV,2,11,6.181818181818182,13.363636363636363,22,37.95454545454545,40.18181818181818,15,360.0,357.8666666666667,nas_delay,late_aircraft_delay,carrier_delay
ACV,3,14,6.928571428571429,4.428571428571429,29,32.10344827586207,31.0,13,205.92307692307693,202.46153846153845,nas_delay,late_aircraft_delay,carrier_delay
ACV,4,12,6.75,3.3333333333333335,14,37.07142857142857,48.357142857142854,12,146.5,145.58333333333334,nas_delay,carrier_delay,late_aircraft_delay
ACV,5,18,5.388888888888889,3.3333333333333335,13,29.153846153846153,30.23076923076923,12,168.16666666666666,174.41666666666666,nas_delay,late_aircraft_delay,carrier_delay
ACV,6,17,5.411764705882353,5.0588235294117645,10,34.3,39.0,9,191.11111111111111,185.77777777777777,carrier_delay,nas_delay,late_aircraft_delay
ACV,7,18,6.611111111111111,4.111111111111111,11,35.18181818181818,38.90909090909091,10,332.9,337.8,nas_delay,carrier_delay,late_aircraft_delay
ACV,8,19,6.947368421052632,8.789473684210526,16,28.9375,30.625,9,184.44444444444446,191.11111111111111,nas_delay,carrier_delay,late_aircraft_delay
ACV,9,17,4.9411764705882355,0.17647058823529413,8,34.875,31.375,19,285.7894736842105,283.36842105263156,late_aircraft_delay,weather_delay,nas_delay
ACV,10,16,4.9375,-0.3125,11,32.90909090909091,30.545454545454547,20,234.05,234.8,carrier_delay,nas_delay,late_aircraft_delay
ACV,11,19,5.947368421052632,7.842105263157895,16,32.6875,29.875,18,105.05555555555556,107.11111111111111,nas_delay,carrier_delay,late_aircraft_delay
ACV,12,14,7.428571428571429,9.428571428571429,11,32.18181818181818,39.90909090909091,7,169.57142857142858,164.28571428571428,carrier_delay,nas_delay,late_aircraft_delay
ACY,1,34,6.882352941176471,8.941176470588236,24,29.375,30.875,9,138.77777777777777,134.55555555555554,nas_delay,carrier_delay,late_aircraft_delay
ACY,2,34,6.794117647058823,0.9117647058823529,37,34.32432432432432,25.43243243243243,16,136.0,134.875,nas_delay,carrier_delay,late_aircraft_delay
ACY,3,38,7.052631578947368,5.578947368421052,71,33.183098591549296,31.788732394366196,34,156.47058823529412,157.5,nas_delay,late_aircraft_delay,carrier_delay
ACY,4,20,7.1,-5.65,25,34.48,28.96,15,132.6,130.53333333333333,nas_delay,carrier_delay,late_aircraft_delay
ACY,5,31,6.903225806451613,-1.3548387096774193,35,30.914285714285715,24.942857142857143,13,135.53846153846155,134.46153846153845,nas_delay,late_aircraft_delay,carrier_delay
ACY,6,26,6.576923076923077,-6.5,28,31.464285714285715,23.142857142857142,29,135.41379310344828,129.86206896551724,nas_delay,carrier_delay,late_aircraft_delay
ACY,7,30,7.033333333333333,-4.566666666666666,37,35.83783783783784,27.486486486486488,17,181.1764705882353,171.47058823529412,nas_delay,carrier_delay,late_aircraft_delay
ACY,8,45,6.266666666666667,3.227272727272727,38,31.473684210526315,27.789473684210527,27,137.96296296296296,136.0,nas_delay,late_aircraft_delay,carrier_delay
ACY,9,18,7.777777777777778,-0.5555555555555556,16,28.9375,23.375,8,114.0,113.75,nas_delay,late_aircraft_delay,carrier_delay
ACY,10,22,6.0,-4.5,13,37.61538461538461,27.46153846153846,6,112.5,97.83333333333333,carrier_delay,nas_delay,late_aircraft_delay
ACY,11,10,8.0,-9.5,16,34.375,20.25,6,196.5,179.16666666666666,nas_delay,late_aircraft_delay,carrier_delay
ACY,12,16,7.0,-1.8125,25,31.6,23.76,17,98.94117647058823,89.29411764705883,nas_delay,carrier_delay,late_aircraft_delay
ADK,1,0,"","",2,29.5,42.0,0,"","",canc_B,security_delay,nas_delay
ADK,2,0,"","",0,"","",0,"","",canc_B,Nessuna,Nessuna
ADK,3,0,"","",0,"","",1,103.0,103.0,late_aircraft_delay,Nessuna,Nessuna
ADK,4,1,3.0,7.0,1,58.0,53.0,1,225.0,217.0,late_aircraft_delay,canc_B,security_delay
ADK,5,0,"","",2,22.0,17.0,0,"","",late_aircraft_delay,security_delay,Nessuna
ADK,6,1,2.0,-3.0,0,"","",0,"","",canc_B,Nessuna,Nessuna
ADK,7,3,6.666666666666667,-1.6666666666666667,2,37.5,36.5,0,"","",security_delay,late_aircraft_delay,nas_delay
ADK,8,3,8.333333333333334,7.333333333333333,2,49.0,33.5,1,170.0,135.0,security_delay,late_aircraft_delay,Nessuna
ADK,9,3,7.0,-2.0,2,31.0,16.5,1,70.0,73.0,security_delay,late_aircraft_delay,nas_delay
ADK,10,0,"","",1,29.0,16.0,0,"","",canc_B,carrier_delay,Nessuna
ADK,11,1,2.0,0.0,0,"","",1,61.0,73.0,nas_delay,late_aircraft_delay,canc_B
ADK,12,2,10.0,12.0,0,"","",0,"","",nas_delay,Nessuna,Nessuna
ADQ,1,3,1.6666666666666667,-6.333333333333333,8,30.625,27.75,8,92.375,83.75,late_aircraft_delay,carrier_delay,weather_delay
ADQ,2,6,6.666666666666667,4.333333333333333,5,33.8,28.6,3,134.33333333333334,126.33333333333333,nas_delay,late_aircraft_delay,weather_delay
ADQ,3,4,4.5,-6.5,7,26.857142857142858,22.428571428571427,5,164.0,161.8,late_aircraft_delay,nas_delay,carrier_delay
ADQ,4,5,7.2,2.0,8,39.375,33.5,2,168.5,165.0,carrier_delay,late_aircraft_delay,nas_delay
ADQ,5,14,6.285714285714286,3.142857142857143,4,42.0,40.25,2,62.5,52.5,late_aircraft_delay,carrier_delay,nas_delay
ADQ,6,3,7.333333333333333,2.3333333333333335,5,36.2,31.8,2,76.5,74.5,late_aircraft_delay,canc_B,nas_delay
ADQ,7,20,5.45,6.05,6,24.666666666666668,19.0,6,210.0,212.0,nas_delay,late_aircraft_delay,carrier_delay
ADQ,8,12,6.0,2.75,8,27.375,24.25,3,100.0,100.0,late_aircraft_delay,nas_delay,carrier_delay
ADQ,9,6,4.833333333333333,2.5,3,43.0,47.666666666666664,1,87.0,89.0,nas_delay,weather_delay,late_aircraft_delay
ADQ,10,10,5.9,3.4,7,31.428571428571427,32.285714285714285,3,130.33333333333334,131.66666666666666,late_aircraft_delay,nas_delay,carrier_delay
ADQ,11,11,7.2727272727272725,7.636363636363637,13,27.46153846153846,28.307692307692307,3,358.6666666666667,357.3333333333333,nas_delay,late_aircraft_delay,carrier_delay
ADQ,12,12,5.5,6.166666666666667,3,30.0,29.666666666666668,3,169.66666666666666,174.66666666666666,nas_delay,late_aircraft_delay,weather_delay
AEX,1,17,7.235294117647059,14.529411764705882,16,38.5,32.4375,16,249.375,259.1875,nas_delay,carrier_delay,late_aircraft_delay
AEX,2,9,6.222222222222222,18.88888888888889,8,33.625,37.75,6,239.66666666666666,234.66666666666666,carrier_delay,nas_delay,late_aircraft_delay
AEX,3,19,7.157894736842105,2.0,7,34.857142857142854,41.42857142857143,8,165.25,153.875,weather_delay,nas_delay,carrier_delay
AEX,4,11,6.090909090909091,1.4545454545454546,10,35.1,33.8,18,266.72222222222223,284.55555555555554,nas_delay,weather_delay,carrier_delay
AEX,5,17,6.411764705882353,2.411764705882353,9,27.555555555555557,33.666666666666664,23,169.95652173913044,166.95652173913044,carrier_delay,weather_delay,nas_delay
AEX,6,17,6.647058823529412,2.235294117647059,11,26.181818181818183,17.181818181818183,13,231.23076923076923,227.16666666666666,nas_delay,carrier_delay,late_aircraft_delay
AEX,7,22,6.545454545454546,5.0476190476190474,19,29.94736842105263,25.210526315789473,23,217.3913043478261,214.7391304347826,carrier_delay,late_aircraft_delay,weather_delay
AEX,8,22,4.909090909090909,1.6818181818181819,7,29.142857142857142,24.714285714285715,15,158.0,148.2,carrier_delay,late_aircraft_delay,nas_delay
AEX,9,20,7.6,7.35,16,29.9375,29.875,15,165.2,160.86666666666667,carrier_delay,nas_delay,late_aircraft_delay
AEX,10,8,7.75,-3.5,14,34.142857142857146,26.5,21,176.1904761904762,163.8095238095238,carrier_delay,late_aircraft_delay,nas_delay
AEX,11,16,5.75,1.9375,12,28.5,20.166666666666668,15,172.73333333333332,165.6,carrier_delay,late_aircraft_delay,nas_delay
AEX,12,20,8.0,6.3,17,31.176470588235293,32.76470588235294,6,274.3333333333333,262.0,nas_delay,carrier_delay,late_aircraft_delay
AGS,1,36,5.305555555555555,3.5277777777777777,32,29.96875,29.0,47,178.29787234042553,173.4255319148936,carrier_delay,nas_delay,weather_delay
AGS,2,29,5.0344827586206895,-5.413793103448276,24,30.958333333333332,21.916666666666668,20,144.1,134.65,carrier_delay,weather_delay,nas_delay
AGS,3,25,5.96,1.48,17,28.0,26.823529411764707,19,176.73684210526315,170.47368421052633,carrier_delay,late_aircraft_delay,nas_delay
AGS,4,86,6.546511627906977,4.5813953488372094,75,30.84,27.64864864864865,32,100.84375,101.15625,nas_delay,late_aircraft_delay,carrier_delay
AGS,5,37,6.1891891891891895,2.1621621621621623,28,33.0,30.678571428571427,33,174.27272727272728,177.40625,nas_delay,carrier_delay,late_aircraft_delay
AGS,6,42,5.9523809523809526,0.42857142857142855,29,28.448275862068964,23.379310344827587,21,127.38095238095238,124.80952380952381,nas_delay,late_aircraft_delay,carrier_delay
AGS,7,48,5.770833333333333,0.875,39,33.69230769230769,27.307692307692307,60,171.16666666666666,171.05,late_aircraft_delay,nas_delay,carrier_delay
AGS,8,35,7.4,4.228571428571429,32,33.53125,26.8125,26,183.57692307692307,177.15384615384616,late_aircraft_delay,carrier_delay,nas_delay
AGS,9,35,6.914285714285715,0.6,29,33.206896551724135,34.0,39,222.56410256410257,220.33333333333334,nas_delay,late_aircraft_delay,canc_B
AGS,10,40,5.325,0.425,32,28.9375,23.96875,45,204.66666666666666,204.84444444444443,nas_delay,carrier_delay,weather_delay
AGS,11,51,6.882352941176471,3.0784313725490198,27,24.40740740740741,21.333333333333332,14,134.35714285714286,130.64285714285714,nas_delay,carrier_delay,late_aircraft_delay
AGS,12,70,5.557142857142857,-1.2,39,30.923076923076923,23.692307692307693,38,190.8684210526316,182.05405405405406,carrier_delay,nas_delay,late_aircraft_delay
AKN,4,0,"","",0,"","",0,"","",Nessuna,Nessuna,Nessuna
AKN,5,0,"","",2,25.0,13.0,0,"","",late_aircraft_delay,canc_A,nas_delay
AKN,6,3,8.333333333333334,8.666666666666666,2,23.0,24.5,0,"","",nas_delay,late_aircraft_delay,security_delay
AKN,7,9,5.666666666666667,11.666666666666666,6,33.333333333333336,41.5,2,80.0,81.0,nas_delay,security_delay,late_aircraft_delay
AKN,8,4,10.25,11.0,6,18.333333333333332,20.333333333333332,0,"","",nas_delay,late_aircraft_delay,carrier_delay
AKN,9,1,2.0,11.0,6,31.833333333333332,30.0,0,"","",late_aircraft_delay,nas_delay,security_delay
ALB,1,135,5.777777777777778,-0.2518518518518518,111,28.234234234234233,28.245454545454546,61,139.36065573770492,143.86885245901638,nas_delay,late_aircraft_delay,carrier_delay
ALB,2,138,6.246376811594203,-8.094202898550725,80,29.8375,18.65,35,143.74285714285713,134.97142857142856,nas_delay,carrier_delay,late_aircraft_delay
ALB,3,163,6.1656441717791415,-1.4596273291925466,131,30.564885496183205,25.0625,69,177.31884057971016,180.8235294117647,late_aircraft_delay,nas_delay,carrier_delay
ALB,4,156,6.096153846153846,-2.264516129032258,112,29.991071428571427,23.830357142857142,58,246.75862068965517,242.56896551724137,nas_delay,late_aircraft_delay,carrier_delay
ALB,5,161,6.149068322981367,-0.11180124223602485,137,30.72992700729927,22.43065693430657,72,135.875,131.26388888888889,late_aircraft_delay,carrier_delay,nas_delay
ALB,6,171,6.918128654970761,1.8235294117647058,135,31.118518518518517,23.082089552238806,84,186.38095238095238,172.10843373493975,late_aircraft_delay,carrier_delay,nas_delay
ALB,7,166,6.530120481927711,1.0365853658536586,161,32.96894409937888,30.2875,141,159.24822695035462,162.75886524822695,late_aircraft_delay,carrier_delay,nas_delay
ALB,8,188,6.276595744680851,2.25531914893617,151,30.218543046357617,29.70860927152318,102,169.40196078431373,172.07920792079207,nas_delay,late_aircraft_delay,carrier_delay
ALB,9,132,5.575757575757576,-0.4015151515151515,95,29.705263157894738,24.31578947368421,33,227.03030303030303,227.03125,carrier_delay,nas_delay,late_aircraft_delay
ALB,10,160,5.76875,-3.95625,118,27.423728813559322,16.559322033898304,29,177.41379310344828,168.86206896551724,carrier_delay,late_aircraft_delay,nas_delay
ALB,11,141,5.7304964539007095,-5.858156028368795,69,28.44927536231884,17.782608695652176,33,206.1818181818182,193.27272727272728,carrier_delay,late_aircraft_delay,nas_delay
ALB,12,179,6.162011173184357,-1.782122905027933,142,32.014084507042256,25.595744680851062,99,203.4848484848485,199.5408163265306,nas_delay,carrier_delay,late_aircraft_delay
ALW,1,3,9.333333333333334,40.666666666666664,3,39.0,47.0,4,172.25,187.25,canc_B,carrier_delay,nas_delay
ALW,2,4,3.5,7.5,1,49.0,75.0,2,96.0,95.0,nas_delay,late_aircraft_delay,canc_B
ALW,3,2,3.0,-0.5,1,44.0,44.0,1,63.0,80.0,nas_delay,late_aircraft_delay,carrier_delay
ALW,4,4,4.5,4.0,0,"","",1,78.0,74.0,late_aircraft_delay,carrier_delay,Nessuna
ALW,5,0,"","",3,20.666666666666668,20.666666666666668,0,"","",nas_delay,late_aircraft_delay,carrier_delay
ALW,6,11,5.909090909090909,4.181818181818182,3,37.333333333333336,33.333333333333336,4,92.0,95.5,late_aircraft_delay,nas_delay,carrier_delay
ALW,7,11,5.090909090909091,2.4545454545454546,10,24.9,25.2,0,"","",late_aircraft_delay,nas_delay,carrier_delay
ALW,8,5,9.0,20.8,6,28.166666666666668,31.833333333333332,2,94.0,102.5,late_aircraft_delay,nas_delay,canc_A
ALW,9,3,7.333333333333333,7.333333333333333,6,37.166666666666664,44.0,2,91.0,90.5,nas_delay,late_aircraft_delay,carrier_delay
AMA,1,39,6.128205128205129,3.948717948717949,40,31.1,30.95,30,173.9,168.53333333333333,nas_delay,late_aircraft_delay,carrier_delay
AMA,2,35,6.114285714285714,6.571428571428571,29,32.827586206896555,31.482758620689655,9,104.44444444444444,91.0,nas_delay,carrier_delay,late_aircraft_delay
AMA,3,29,6.344827586206897,3.413793103448276,33,33.121212121212125,32.15151515151515,24,139.45833333333334,139.29166666666666,nas_delay,late_aircraft_delay,carrier_delay
AMA,4,33,6.0,1.878787878787879,29,33.10344827586207,30.275862068965516,26,147.3846153846154,155.53846153846155,late_aircraft_delay,nas_delay,carrier_delay
AMA,5,51,5.490196078431373,2.823529411764706,58,34.5,32.40350877192982,51,156.23529411764707,158.0612244897959,nas_delay,late_aircraft_delay,carrier_delay
AMA,6,51,6.0,5.921568627450981,60,30.65,27.45,39,179.89743589743588,177.28205128205127,late_aircraft_delay,carrier_delay,nas_delay
AMA,7,55,6.290909090909091,4.781818181818182,71,33.71830985915493,29.183098591549296,30,140.8,137.26666666666668,late_aircraft_delay,carrier_delay,nas_delay
AMA,8,32,5.75,3.34375,50,34.28,32.46,26,150.1153846153846,145.69230769230768,late_aircraft_delay,nas_delay,carrier_delay
AMA,9,44,6.204545454545454,4.4772727272727275,29,32.44827586206897,33.827586206896555,21,125.33333333333333,126.38095238095238,nas_delay,late_aircraft_delay,carrier_delay
AMA,10,40,5.8,1.475,42,33.92857142857143,28.095238095238095,13,140.0,129.84615384615384,late_aircraft_delay,nas_delay,carrier_delay
AMA,11,51,6.215686274509804,5.1,35,31.542857142857144,26.885714285714286,20,153.35,149.65,nas_delay,carrier_delay,late_aircraft_delay
AMA,12,51,6.490196078431373,-0.78,33,34.27272727272727,25.151515151515152,30,160.9,161.46666666666667,carrier_delay,late_aircraft_delay,nas_delay
ANC,1,172,5.6686046511627906,1.6569767441860466,166,32.55421686746988,25.76073619631902,100,135.32,135.0,nas_delay,late_aircraft_delay,carrier_delay
ANC,2,135,5.6,2.740740740740741,96,29.697916666666668,24.052083333333332,41,211.41463414634146,207.1219512195122,nas_delay,carrier_delay,late_aircraft_delay
ANC,3,160,6.39375,-0.475,152,30.82894736842105,24.662251655629138,77,140.66233766233765,137.06578947368422,late_aircraft_delay,carrier_delay,nas_delay
ANC,4,156,6.948717948717949,-1.7756410256410255,148,32.70945945945946,25.114864864864863,63,114.65079365079364,105.98412698412699,late_aircraft_delay,carrier_delay,nas_delay
ANC,5,246,6.414634146341464,0.1991869918699187,189,32.67724867724868,22.8031914893617,54,144.11111111111111,133.57407407407408,late_aircraft_delay,carrier_delay,nas_delay
ANC,6,323,6.46749226006192,2.5077399380804954,239,29.97907949790795,25.928571428571427,71,153.25352112676057,147.54285714285714,nas_delay,carrier_delay,late_aircraft_delay
ANC,7,451,6.44789356984479,3.1297539149888145,377,30.960212201591514,26.40318302387268,111,180.02702702702703,176.03669724770643,carrier_delay,nas_delay,late_aircraft_delay
ANC,8,443,6.024830699774267,-0.013636363636363636,333,29.183183183183182,23.112462006079028,87,184.5977011494253,175.88235294117646,carrier_delay,late_aircraft_delay,nas_delay
ANC,9,272,5.801470588235294,-0.5882352941176471,160,28.10625,20.38125,45,149.9111111111111,139.55555555555554,carrier_delay,nas_delay,late_aircraft_delay
ANC,10,188,6.0,0.7819148936170213,106,27.79245283018868,28.537735849056602,57,157.98245614035088,160.4909090909091,nas_delay,carrier_delay,late_aircraft_delay
ANC,11,172,5.738372093023256,-1.4911242603550297,101,31.77227722772277,24.584158415841586,26,97.34615384615384,89.84615384615384,nas_delay,carrier_delay,late_aircraft_delay
ANC,12,198,5.737373737373737,0.17676767676767677,127,28.393700787401574,22.77952755905512,42,167.5952380952381,159.83333333333334,nas_delay,carrier_delay,late_aircraft_delay
APN,1,3,7.0,12.333333333333334,3,45.0,37.0,8,178.25,165.375,canc_B,weather_delay,carrier_delay
APN,2,1,1.0,3.0,1,40.0,56.0,7,113.57142857142857,104.28571428571429,weather_delay,carrier_delay,nas_delay
APN,3,2,6.5,3.5,1,19.0,1.0,3,345.3333333333333,328.0,weather_delay,carrier_delay,nas_delay
APN,4,0,"","",1,38.0,42.0,5,210.0,205.2,carrier_delay,weather_delay,nas_delay
APN,5,2,3.5,12.0,5,30.8,25.8,5,154.4,153.8,carrier_delay,nas_delay,weather_delay
APN,6,5,2.4,-2.6,2,42.5,34.5,9,245.88888888888889,238.88888888888889,carrier_delay,weather_delay,canc_B
APN,7,8,5.75,2.375,4,47.0,40.5,6,145.66666666666666,140.0,carrier_delay,nas_delay,canc_B
APN,8,2,4.0,-2.0,2,48.0,34.5,9,139.11111111111111,135.22222222222223,carrier_delay,nas_delay,weather_delay
APN,9,2,7.5,5.5,4,38.25,33.5,4,143.25,138.25,carrier_delay,weather_delay,nas_delay
APN,10,2,4.5,-7.5,1,16.0,5.0,4,149.0,144.75,carrier_delay,nas_delay,Nessuna
APN,11,9,9.666666666666666,3.7777777777777777,3,27.0,35.666666666666664,3,143.33333333333334,131.0,carrier_delay,nas_delay,Nessuna
APN,12,6,7.5,-1.6666666666666667,10,37.8,32.1,8,179.75,178.25,carrier_delay,nas_delay,canc_B
ASE,1,116,6.275862068965517,1.6379310344827587,184,32.96739130434783,25.73913043478261,129,180.80620155038758,173.84496124031008,nas_delay,canc_B,late_aircraft_delay
ASE,2,93,6.32258064516129,-0.13978494623655913,175,31.81142857142857,24.662857142857142,167,158.50898203592814,151.6727272727273,nas_delay,carrier_delay,late_aircraft_delay
ASE,3,90,7.7444444444444445,3.1136363636363638,197,34.28934010152284,26.968586387434556,187,161.72192513368984,159.89617486338798,nas_delay,weather_delay,canc_B
ASE,4,47,6.0638297872340425,4.777777777777778,63,35.285714285714285,31.17241379310345,41,205.6829268292683,209.39473684210526,carrier_delay,nas_delay,canc_B
ASE,5,11,7.818181818181818,2.1818181818181817,29,31.482758620689655,24.607142857142858,36,154.13888888888889,149.11111111111111,carrier_delay,nas_delay,late_aircraft_delay
ASE,6,66,6.818181818181818,2.6769230769230767,81,33.65432098765432,31.710526315789473,73,156.72602739726028,153.91666666666666,carrier_delay,nas_delay,weather_delay
ASE,7,76,5.644736842105263,6.08,89,32.752808988764045,31.24418604651163,64,187.734375,192.41935483870967,nas_delay,carrier_delay,late_aircraft_delay
ASE,8,67,6.686567164179104,6.582089552238806,102,33.490196078431374,30.95,81,145.2469135802469,146.2077922077922,nas_delay,carrier_delay,late_aircraft_delay
ASE,9,39,6.282051282051282,2.135135135135135,61,34.77049180327869,30.338983050847457,76,145.6315789473684,146.73972602739727,carrier_delay,nas_delay,late_aircraft_delay
ASE,10,35,5.228571428571429,4.142857142857143,42,33.57142857142857,26.75609756097561,33,149.27272727272728,143.63636363636363,carrier_delay,nas_delay,late_aircraft_delay
ASE,11,23,5.956521739130435,1.8695652173913044,39,34.333333333333336,36.205128205128204,45,146.95555555555555,147.9318181818182,canc_B,nas_delay,carrier_delay
ASE,12,73,7.082191780821918,-1.1369863013698631,117,35.36752136752137,29.17948717948718,149,201.60402684563758,201.1360544217687,nas_delay,carrier_delay,late_aircraft_delay
ATL,1,4156,6.111645813282002,1.0716525934861278,3738,31.40449438202247,26.487372380440622,1684,145.27019002375297,140.91440626883664,carrier_delay,nas_delay,late_aircraft_delay
ATL,2,3495,5.824320457796853,1.1494549627079746,2308,29.5051993067591,24.628745115067304,665,136.38195488721806,129.71319018404907,carrier_delay,nas_delay,late_aircraft_delay
ATL,3,4458,6.194930462090624,1.5219248931864178,3960,30.98560606060606,26.28585884138629,1412,127.0686968838527,123.99002138275125,carrier_delay,nas_delay,late_aircraft_delay
ATL,4,4485,6.101895206243032,2.8329611433675748,3649,30.79994519046314,27.220450797141286,1379,133.27701232777375,131.72055596196049,carrier_delay,nas_delay,late_aircraft_delay
ATL,5,5189,6.31798034303334,4.98084735925711,4907,31.524352965151824,31.207404377173248,2614,132.4682478959449,133.4502314814815,carrier_delay,nas_delay,late_aircraft_delay
ATL,6,5018,6.339178955759267,1.7033406681336267,4427,30.710639259091934,25.823209428830463,1745,135.38510028653295,130.83053788316946,carrier_delay,nas_delay,late_aircraft_delay
ATL,7,4573,6.39951891537284,4.155077867953499,5556,33.12185025197984,32.5807150595883,4647,152.73983214977406,152.439151147683,carrier_delay,nas_delay,late_aircraft_delay
ATL,8,4507,6.065231861548702,1.6721603563474388,4003,31.678740944291782,27.323396793587175,1977,137.61962569549823,134.02136317395727,carrier_delay,nas_delay,late_aircraft_delay
ATL,9,4316,6.048887859128823,1.569141531322506,3135,31.218500797448165,27.08210862619808,1228,140.9014657980456,136.22641509433961,carrier_delay,nas_delay,late_aircraft_delay
ATL,10,4470,5.96510067114094,-0.18114643976712944,2747,29.506734619585004,22.838556851311953,743,131.99192462987887,124.66575716234652,carrier_delay,nas_delay,late_aircraft_delay
ATL,11,4094,6.055202735710797,1.6662588695864937,2890,30.01764705882353,25.35647344671989,847,126.79338842975207,123.70441001191895,carrier_delay,nas_delay,late_aircraft_delay
ATL,12,5540,6.182671480144404,1.4691514383933417,4742,31.096161956980175,26.402118644067798,1817,132.84094661529994,127.92144846796657,carrier_delay,nas_delay,late_aircraft_delay
ATW,1,72,6.875,8.708333333333334,44,32.59090909090909,27.363636363636363,61,201.11475409836066,192.0,nas_delay,carrier_delay,weather_delay
ATW,2,24,5.0,-8.333333333333334,26,34.5,26.923076923076923,38,264.55263157894734,251.55263157894737,carrier_delay,nas_delay,weather_delay
ATW,3,56,6.821428571428571,2.767857142857143,47,29.70212765957447,26.340425531914892,33,216.6060606060606,209.33333333333334,nas_delay,carrier_delay,late_aircraft_delay
ATW,4,41,5.7560975609756095,2.073170731707317,34,33.44117647058823,23.823529411764707,36,339.3333333333333,344.94444444444446,carrier_delay,nas_delay,late_aircraft_delay
ATW,5,48,6.1875,1.9375,47,34.1063829787234,32.191489361702125,50,177.12,173.92,nas_delay,late_aircraft_delay,carrier_delay
ATW,6,47,6.638297872340425,3.4347826086956523,53,32.0188679245283,32.60377358490566,64,173.8125,173.1875,carrier_delay,nas_delay,late_aircraft_delay
ATW,7,65,5.923076923076923,6.723076923076923,56,32.875,33.017857142857146,43,128.2325581395349,132.90697674418604,carrier_delay,nas_delay,late_aircraft_delay
ATW,8,51,5.745098039215686,5.2745098039215685,38,34.421052631578945,30.216216216216218,52,157.46153846153845,154.26923076923077,carrier_delay,nas_delay,late_aircraft_delay
ATW,9,43,5.441860465116279,1.302325581395349,47,35.51063829787234,30.51063829787234,35,121.2,116.34285714285714,carrier_delay,late_aircraft_delay,nas_delay
ATW,10,60,5.933333333333334,-3.3389830508474576,29,32.96551724137931,23.79310344827586,33,145.45454545454547,134.36363636363637,carrier_delay,nas_delay,late_aircraft_delay
ATW,11,62,5.629032258064516,-0.4032258064516129,46,33.21739130434783,27.282608695652176,44,167.5909090909091,162.4318181818182,carrier_delay,nas_delay,weather_delay
ATW,12,78,6.743589743589744,1.3846153846153846,64,32.53125,32.61290322580645,77,185.87012987012986,184.5921052631579,carrier_delay,nas_delay,canc_B
AUS,1,1235,6.54412955465587,2.6180048661800486,1105,30.597285067873305,26.000907441016334,528,158.84280303030303,157.59392789373814,late_aircraft_delay,carrier_delay,nas_delay
AUS,2,969,5.780185758513932,1.7169421487603307,607,29.401976935749587,24.808896210873147,219,152.2420091324201,148.46330275229357,nas_delay,late_aircraft_delay,carrier_delay
AUS,3,1356,6.162979351032448,0.25997045790251105,1148,31.057491289198605,25.570552147239265,531,137.2241054613936,133.52264150943395,late_aircraft_delay,nas_delay,carrier_delay
AUS,4,1483,6.240728253540121,0.0020242914979757085,1191,30.52560873215785,25.33221194280908,501,154.53692614770458,151.26653306613227,late_aircraft_delay,carrier_delay,nas_delay
AUS,5,1706,6.447831184056272,2.48259587020649,1627,32.1960663798402,29.41100123609394,1061,170.98397737983035,169.85497630331753,late_aircraft_delay,carrier_delay,nas_delay
AUS,6,1654,6.153567110036276,0.8744693753790176,1457,31.51818805765271,25.417355371900825,691,155.57018813314036,149.04373177842567,late_aircraft_delay,carrier_delay,nas_delay
AUS,7,1490,6.383221476510067,0.8506056527590848,1613,31.85058896466212,26.350746268656717,943,155.58536585365854,150.53878852284802,late_aircraft_delay,carrier_delay,nas_delay
AUS,8,1130,5.850442477876106,-1.7588652482269505,905,31.38232044198895,25.222469410456064,489,170.73415132924336,163.46997929606624,late_aircraft_delay,carrier_delay,nas_delay
AUS,9,1131,5.8302387267904505,0.5243578387953941,692,29.735549132947977,24.13314037626628,222,167.4009009009009,161.41363636363636,late_aircraft_delay,nas_delay,carrier_delay
AUS,10,1270,5.888188976377953,0.20094562647754138,757,29.883751651254954,23.99337748344371,262,156.5916030534351,151.53639846743295,late_aircraft_delay,carrier_delay,nas_delay
AUS,11,1218,6.116584564860427,-0.05829228243021346,735,29.970068027210885,23.69167803547067,307,151.814332247557,146.0261437908497,late_aircraft_delay,nas_delay,carrier_delay
AUS,12,1351,6.032568467801628,-1.2831727205337287,1001,31.146853146853147,24.24224224224224,517,152.9980657640232,149.0640776699029,late_aircraft_delay,carrier_delay,nas_delay
AVL,1,112,5.848214285714286,1.1339285714285714,112,30.642857142857142,28.455357142857142,63,154.03174603174602,148.28571428571428,nas_delay,late_aircraft_delay,carrier_delay
AVL,2,83,5.626506024096385,-0.927710843373494,45,29.8,25.133333333333333,25,267.72,265.0,nas_delay,carrier_delay,late_aircraft_delay
AVL,3,116,6.620689655172414,0.7652173913043478,90,32.15555555555556,25.655555555555555,51,172.9607843137255,171.98039215686273,nas_delay,late_aircraft_delay,carrier_delay
AVL,4,130,6.530769230769231,1.9153846153846155,126,31.841269841269842,26.2,59,158.135593220339,155.42372881355934,nas_delay,late_aircraft_delay,carrier_delay
AVL,5,184,6.516304347826087,3.3516483516483517,180,31.133333333333333,28.312849162011172,117,178.7094017094017,181.35042735042734,nas_delay,late_aircraft_delay,carrier_delay
AVL,6,242,6.545454545454546,3.2,232,30.517241379310345,26.480349344978166,137,155.8905109489051,155.85714285714286,late_aircraft_delay,carrier_delay,nas_delay
AVL,7,209,6.84688995215311,3.8173076923076925,242,32.64049586776859,31.21030042918455,194,167.58762886597938,169.0104712041885,late_aircraft_delay,carrier_delay,nas_delay
AVL,8,166,6.608433734939759,3.0481927710843375,211,31.976303317535546,31.023809523809526,129,155.92248062015503,158.98425196850394,late_aircraft_delay,nas_delay,carrier_delay
AVL,9,213,6.061032863849765,2.2582159624413145,146,28.554794520547944,22.75862068965517,71,200.25352112676057,194.16901408450704,late_aircraft_delay,nas_delay,carrier_delay
AVL,10,106,5.830188679245283,2.257142857142857,88,31.886363636363637,25.90909090909091,63,189.36507936507937,179.31746031746033,late_aircraft_delay,nas_delay,carrier_delay
AVL,11,110,6.4,4.1909090909090905,75,32.14666666666667,26.973333333333333,43,193.8372093023256,185.52380952380952,nas_delay,late_aircraft_delay,carrier_delay
AVL,12,110,7.109090909090909,1.0818181818181818,115,32.052173913043475,23.982456140350877,71,154.19718309859155,146.97142857142856,late_aircraft_delay,carrier_delay,nas_delay
AVP,1,18,5.611111111111111,-4.833333333333333,7,37.285714285714285,35.857142857142854,21,286.9047619047619,277.57142857142856,late_aircraft_delay,carrier_delay,nas_delay
AVP,2,18,5.055555555555555,-9.88888888888889,8,28.375,7.625,9,220.55555555555554,201.77777777777777,late_aircraft_delay,nas_delay,carrier_delay
AVP,3,8,6.0,-0.5,11,28.363636363636363,20.181818181818183,7,204.85714285714286,187.14285714285714,carrier_delay,nas_delay,late_aircraft_delay
AVP,4,13,6.923076923076923,-2.0,12,39.083333333333336,41.916666666666664,11,158.1818181818182,149.1818181818182,carrier_delay,late_aircraft_delay,nas_delay
AVP,5,26,7.653846153846154,6.461538461538462,27,31.703703703703702,25.40740740740741,26,174.69230769230768,181.07692307692307,late_aircraft_delay,nas_delay,carrier_delay
AVP,6,16,6.625,3.0625,21,33.04761904761905,22.238095238095237,12,111.0,109.41666666666667,late_aircraft_delay,carrier_delay,nas_delay
AVP,7,21,7.190476190476191,3.619047619047619,18,27.38888888888889,27.72222222222222,21,239.04761904761904,237.15,late_aircraft_delay,nas_delay,carrier_delay
AVP,8,15,7.266666666666667,13.666666666666666,23,33.78260869565217,48.08695652173913,17,173.05882352941177,172.1764705882353,late_aircraft_delay,nas_delay,carrier_delay
AVP,9,11,4.7272727272727275,-3.4545454545454546,6,27.833333333333332,40.0,12,262.1666666666667,256.6666666666667,late_aircraft_delay,nas_delay,carrier_delay
AVP,10,14,6.428571428571429,7.5,6,33.0,41.5,5,92.2,91.0,nas_delay,carrier_delay,late_aircraft_delay
AVP,11,18,6.111111111111111,-0.4444444444444444,13,31.692307692307693,22.307692307692307,6,227.0,230.5,late_aircraft_delay,nas_delay,carrier_delay
AVP,12,17,5.647058823529412,-4.235294117647059,14,27.928571428571427,22.214285714285715,10,131.2,123.9,carrier_delay,late_aircraft_delay,nas_delay
AZA,1,49,6.285714285714286,-0.3469387755102041,51,32.90196078431372,28.36,27,226.0,226.46153846153845,nas_delay,carrier_delay,late_aircraft_delay
AZA,2,47,7.170212765957447,-1.574468085106383,26,31.76923076923077,19.4,11,186.72727272727272,177.8181818181818,carrier_delay,nas_delay,late_aircraft_delay
AZA,3,72,6.736111111111111,-0.22535211267605634,45,30.0,22.511111111111113,19,247.10526315789474,243.3684210526316,carrier_delay,nas_delay,late_aircraft_delay
AZA,4,64,6.03125,-3.4375,23,25.565217391304348,17.52173913043478,3,79.66666666666667,74.33333333333333,nas_delay,carrier_delay,late_aircraft_delay
AZA,5,51,6.450980392156863,-2.156862745098039,29,29.655172413793103,26.275862068965516,7,107.57142857142857,100.57142857142857,carrier_delay,nas_delay,late_aircraft_delay
AZA,6,64,6.609375,3.8125,54,29.09259259259259,28.833333333333332,38,176.39473684210526,174.64864864864865,carrier_delay,nas_delay,late_aircraft_delay
AZA,7,70,6.4,6.4,77,28.558441558441558,29.289473684210527,46,158.3695652173913,162.45652173913044,nas_delay,carrier_delay,late_aircraft_delay
AZA,8,46,6.043478260869565,4.4,54,33.629629629629626,30.61111111111111,18,101.11111111111111,102.55555555555556,carrier_delay,late_aircraft_delay,nas_delay
AZA,9,37,6.918918918918919,1.4594594594594594,30,30.733333333333334,26.766666666666666,13,106.15384615384616,105.07692307692308,carrier_delay,late_aircraft_delay,nas_delay
AZA,10,70,6.7,1.1714285714285715,30,29.333333333333332,23.5,9,85.22222222222223,82.75,carrier_delay,nas_delay,late_aircraft_delay
AZA,11,67,6.686567164179104,-0.696969696969697,45,25.533333333333335,19.77777777777778,22,118.4090909090909,115.04545454545455,nas_delay,late_aircraft_delay,carrier_delay
AZA,12,93,7.032258064516129,4.956521739130435,89,32.02247191011236,28.01123595505618,39,145.6153846153846,146.6153846153846,nas_delay,late_aircraft_delay,carrier_delay
AZO,1,9,7.444444444444445,3.5555555555555554,8,37.875,30.0,7,150.14285714285714,137.42857142857142,carrier_delay,weather_delay,canc_B
AZO,2,3,9.666666666666666,15.0,2,38.0,29.0,2,101.0,96.0,carrier_delay,nas_delay,weather_delay
AZO,3,4,5.75,-1.75,3,23.0,21.0,2,154.5,151.0,carrier_delay,nas_delay,weather_delay
AZO,4,3,10.666666666666666,2.0,2,24.0,32.0,3,173.66666666666666,162.0,carrier_delay,weather_delay,nas_delay
AZO,5,8,7.0,12.25,4,34.25,32.75,7,123.71428571428571,114.57142857142857,carrier_delay,nas_delay,weather_delay
AZO,6,10,6.0,3.2,5,35.0,30.0,11,169.27272727272728,161.1818181818182,carrier_delay,nas_delay,weather_delay
AZO,7,6,6.666666666666667,5.0,11,32.72727272727273,22.181818181818183,10,253.9,249.4,carrier_delay,weather_delay,nas_delay
AZO,8,9,6.888888888888889,0.3333333333333333,8,40.375,32.375,12,138.25,131.33333333333334,carrier_delay,canc_B,weather_delay
AZO,9,6,3.3333333333333335,7.5,3,42.666666666666664,36.666666666666664,6,143.33333333333334,141.66666666666666,carrier_delay,nas_delay,weather_delay
AZO,10,4,6.75,-1.75,5,39.2,30.4,5,115.0,104.6,carrier_delay,weather_delay,Nessuna
AZO,11,4,2.5,-8.75,8,40.625,30.125,10,148.0,152.5,carrier_delay,weather_delay,nas_delay
AZO,12,7,5.428571428571429,9.857142857142858,4,30.5,26.5,8,148.875,152.625,carrier_delay,nas_delay,weather_delay
BDL,1,298,6.268456375838926,4.107744107744108,213,30.474178403755868,29.746478873239436,123,196.10569105691056,203.36065573770492,nas_delay,late_aircraft_delay,carrier_delay
BDL,2,281,5.9288256227758005,-4.462633451957295,156,28.28205128205128,18.045161290322582,79,169.53164556962025,160.58227848101265,nas_delay,carrier_delay,late_aircraft_delay
BDL,3,251,5.944223107569721,-1.544,207,30.202898550724637,23.966183574879228,141,164.02836879432624,160.8368794326241,late_aircraft_delay,nas_delay,carrier_delay
BDL,4,309,6.501618122977346,-1.5016181229773462,222,30.07207207207207,21.418181818181818,118,175.1271186440678,173.25641025641025,late_aircraft_delay,nas_delay,carrier_delay
BDL,5,326,6.230061349693251,-0.5077399380804953,276,30.420289855072465,25.17818181818182,161,180.65217391304347,178.527950310559,late_aircraft_delay,nas_delay,carrier_delay
BDL,6,302,6.245033112582782,-0.08970099667774087,282,33.07801418439716,30.51798561151079,170,168.65882352941176,168.46745562130178,late_aircraft_delay,nas_delay,carrier_delay
BDL,7,331,6.4169184290030215,2.9939577039274923,312,33.69551282051282,29.95176848874598,210,146.7,146.02392344497608,late_aircraft_delay,carrier_delay,nas_delay
BDL,8,373,6.021447721179625,3.2661290322580645,306,30.836601307189543,25.98671096345515,174,141.89080459770116,142.4277456647399,nas_delay,late_aircraft_delay,carrier_delay
BDL,9,261,6.157088122605364,0.6283524904214559,169,29.763313609467456,21.473053892215567,66,164.06060606060606,156.13636363636363,late_aircraft_delay,carrier_delay,nas_delay
BDL,10,339,6.294985250737463,-2.849557522123894,184,28.815217391304348,17.42391304347826,59,190.52542372881356,177.4915254237288,carrier_delay,late_aircraft_delay,nas_delay
BDL,11,311,6.2508038585209,-3.504823151125402,192,29.203125,19.895287958115183,60,158.5,152.11666666666667,carrier_delay,nas_delay,late_aircraft_delay
BDL,12,399,6.120300751879699,0.23618090452261306,265,30.539622641509435,25.10188679245283,120,150.175,147.5,nas_delay,carrier_delay,late_aircraft_delay
BET,1,9,7.0,9.11111111111111,15,30.466666666666665,33.4,7,110.42857142857143,114.14285714285714,security_delay,late_aircraft_delay,nas_delay
BET,2,19,5.631578947368421,11.842105263157896,16,35.625,42.875,6,81.83333333333333,86.83333333333333,nas_delay,security_delay,late_aircraft_delay
BET,3,17,5.588235294117647,8.588235294117647,16,26.5625,25.8125,10,132.0,131.9,security_delay,nas_delay,late_aircraft_delay
BET,4,16,7.9375,10.375,10,35.6,33.4,3,97.0,97.33333333333333,late_aircraft_delay,nas_delay,security_delay
BET,5,18,6.5,7.111111111111111,17,27.352941176470587,24.352941176470587,1,72.0,60.0,security_delay,nas_delay,late_aircraft_delay
BET,6,6,4.0,6.666666666666667,9,23.22222222222222,29.11111111111111,2,143.0,162.5,nas_delay,security_delay,late_aircraft_delay
BET,7,16,5.875,10.625,15,28.866666666666667,29.533333333333335,1,72.0,72.0,nas_delay,late_aircraft_delay,security_delay
BET,8,14,7.142857142857143,10.5,7,30.857142857142858,33.857142857142854,5,150.2,156.0,late_aircraft_delay,nas_delay,carrier_delay
BET,9,8,4.5,7.75,4,24.5,24.75,3,82.66666666666667,88.33333333333333,nas_delay,late_aircraft_delay,carrier_delay
BET,10,16,6.6875,10.25,7,28.0,28.857142857142858,2,69.5,79.0,nas_delay,late_aircraft_delay,carrier_delay
BET,11,14,4.571428571428571,15.071428571428571,3,25.333333333333332,21.333333333333332,3,86.33333333333333,88.0,nas_delay,carrier_delay,canc_B
BET,12,12,7.666666666666667,12.166666666666666,14,27.785714285714285,29.428571428571427,3,82.66666666666667,82.33333333333333,nas_delay,late_aircraft_delay,security_delay
BFF,1,2,4.5,6.0,2,25.0,47.0,2,247.5,252.0,nas_delay,late_aircraft_delay,canc_B
BFF,2,1,2.0,6.0,5,42.8,33.4,4,336.75,342.75,carrier_delay,nas_delay,weather_delay
BFF,3,1,13.0,27.0,0,"","",1,108.0,111.0,nas_delay,canc_B,weather_delay
BFF,4,1,13.0,28.0,6,36.5,39.166666666666664,2,529.0,551.5,nas_delay,late_aircraft_delay,carrier_delay
BFF,5,1,3.0,-4.0,2,54.5,43.0,2,154.0,142.0,nas_delay,late_aircraft_delay,carrier_delay
BFF,6,3,6.0,7.333333333333333,6,34.333333333333336,27.666666666666668,2,85.5,84.0,carrier_delay,nas_delay,late_aircraft_delay
BFF,7,2,4.5,33.0,3,22.0,14.666666666666666,3,321.6666666666667,322.3333333333333,late_aircraft_delay,nas_delay,carrier_delay
BFF,8,4,6.75,-0.5,2,49.5,41.5,7,340.2857142857143,339.14285714285717,nas_delay,late_aircraft_delay,carrier_delay
BFF,9,3,3.0,2.6666666666666665,4,34.5,25.25,2,140.5,136.0,carrier_delay,nas_delay,weather_delay
BFF,10,0,"","",1,37.0,28.0,5,284.4,272.4,late_aircraft_delay,carrier_delay,nas_delay
BFF,11,3,6.0,-0.3333333333333333,4,49.75,54.0,4,117.5,114.75,carrier_delay,nas_delay,late_aircraft_delay
BFF,12,2,8.5,9.5,3,23.0,22.666666666666668,1,93.0,82.0,carrier_delay,nas_delay,Nessuna
BFL,1,17,4.588235294117647,-1.75,11,37.18181818181818,34.27272727272727,10,191.2,184.6,carrier_delay,nas_delay,late_aircraft_delay
BFL,2,10,3.2,-2.8,14,30.857142857142858,24.857142857142858,6,165.0,155.5,carrier_delay,nas_delay,late_aircraft_delay
BFL,3,11,7.2727272727272725,2.0,12,25.666666666666668,17.333333333333332,15,162.8,155.71428571428572,nas_delay,carrier_delay,late_aircraft_delay
BFL,4,11,6.818181818181818,1.2727272727272727,19,33.473684210526315,29.842105263157894,9,155.77777777777777,157.125,carrier_delay,nas_delay,late_aircraft_delay
BFL,5,25,5.64,-0.96,18,30.72222222222222,25.61111111111111,23,148.17391304347825,144.30434782608697,nas_delay,carrier_delay,late_aircraft_delay
BFL,6,22,6.318181818181818,13.181818181818182,20,36.95,38.0,15,126.46666666666667,129.92857142857142,nas_delay,carrier_delay,late_aircraft_delay
BFL,7,22,6.045454545454546,2.909090909090909,15,32.2,28.428571428571427,16,188.9375,184.5,late_aircraft_delay,nas_delay,carrier_delay
BFL,8,27,5.666666666666667,3.5555555555555554,14,31.142857142857142,32.69230769230769,14,139.64285714285714,137.78571428571428,nas_delay,carrier_delay,late_aircraft_delay
BFL,9,8,7.5,0.875,17,31.235294117647058,24.41176470588235,7,177.57142857142858,174.85714285714286,carrier_delay,nas_delay,late_aircraft_delay
BFL,10,25,4.92,-1.36,15,34.8,24.8,7,266.57142857142856,254.57142857142858,carrier_delay,late_aircraft_delay,nas_delay
BFL,11,17,5.529411764705882,0.29411764705882354,26,40.53846153846154,31.73076923076923,12,145.66666666666666,138.58333333333334,carrier_delay,nas_delay,late_aircraft_delay
BFL,12,24,7.041666666666667,-2.4782608695652173,11,36.63636363636363,36.09090909090909,18,125.16666666666667,120.11111111111111,carrier_delay,nas_delay,late_aircraft_delay
BGM,1,3,7.0,-5.666666666666667,0,"","",2,169.5,176.5,nas_delay,canc_B,late_aircraft_delay
BGM,2,1,2.0,-36.0,1,28.0,127.0,1,337.0,317.0,carrier_delay,nas_delay,late_aircraft_delay
BGM,3,5,3.6,13.4,0,"","",3,623.6666666666666,592.6666666666666,carrier_delay,nas_delay,late_aircraft_delay
BGM,4,6,3.1666666666666665,-2.6666666666666665,2,22.0,7.5,1,248.0,239.0,nas_delay,carrier_delay,late_aircraft_delay
BGM,5,2,6.5,4.0,1,29.0,14.0,3,202.66666666666666,206.0,nas_delay,carrier_delay,late_aircraft_delay
BGM,6,3,8.0,7.666666666666667,3,30.0,22.0,2,191.0,327.0,carrier_delay,nas_delay,Nessuna
BGM,7,6,7.666666666666667,5.333333333333333,1,45.0,44.0,3,281.6666666666667,274.0,carrier_delay,canc_A,nas_delay
BGM,8,4,5.0,6.0,2,29.0,18.5,0,"","",canc_A,nas_delay,canc_C
BGM,9,4,8.5,-0.25,0,"","",0,"","",Nessuna,Nessuna,Nessuna
BGM,10,3,5.333333333333333,7.666666666666667,0,"","",0,"","",Nessuna,Nessuna,Nessuna
BGM,11,1,8.0,-8.0,4,33.5,59.75,2,128.0,117.5,late_aircraft_delay,nas_delay,carrier_delay
BGM,12,4,5.5,-4.0,6,31.333333333333332,48.333333333333336,2,121.5,141.5,late_aircraft_delay,nas_delay,carrier_delay
BGR,1,15,5.133333333333334,-0.13333333333333333,23,30.217391304347824,26.043478260869566,12,172.66666666666666,168.5,nas_delay,canc_B,late_aircraft_delay
BGR,2,15,6.0,-6.866666666666666,19,25.842105263157894,11.947368421052632,14,193.71428571428572,190.5,nas_delay,late_aircraft_delay,carrier_delay
BGR,3,17,5.529411764705882,-9.235294117647058,26,32.73076923076923,26.076923076923077,22,198.36363636363637,192.6818181818182,nas_delay,late_aircraft_delay,carrier_delay
BGR,4,15,6.4,4.733333333333333,15,31.2,36.714285714285715,7,176.71428571428572,168.57142857142858,nas_delay,late_aircraft_delay,carrier_delay
BGR,5,22,6.636363636363637,2.5714285714285716,7,32.142857142857146,38.0,13,141.76923076923077,138.0,nas_delay,late_aircraft_delay,carrier_delay
BGR,6,40,7.1,6.2,59,35.66101694915254,37.30508474576271,46,203.65217391304347,196.42222222222222,nas_delay,late_aircraft_delay,carrier_delay
BGR,7,80,6.2125,-0.175,83,33.53012048192771,34.98780487804878,58,175.22413793103448,175.27586206896552,nas_delay,late_aircraft_delay,carrier_delay
BGR,8,91,6.373626373626373,6.9,78,32.833333333333336,37.87179487179487,42,237.78571428571428,236.28571428571428,nas_delay,late_aircraft_delay,carrier_delay
BGR,9,50,5.94,1.28,45,29.155555555555555,24.866666666666667,22,136.0909090909091,125.68181818181819,late_aircraft_delay,nas_delay,carrier_delay
BGR,10,59,5.508474576271187,-6.830508474576271,44,29.931818181818183,19.204545454545453,31,199.38709677419354,191.29032258064515,carrier_delay,late_aircraft_delay,nas_delay
BGR,11,26,5.615384615384615,-3.8076923076923075,15,31.4,23.2,12,156.33333333333334,151.83333333333334,nas_delay,late_aircraft_delay,carrier_delay
BGR,12,24,6.333333333333333,4.541666666666667,23,29.52173913043478,25.347826086956523,28,199.89285714285714,200.2962962962963,nas_delay,late_aircraft_delay,carrier_delay
BHM,1,137,6.1678832116788325,3.072992700729927,129,31.162790697674417,26.565891472868216,120,157.10833333333332,154.175,late_aircraft_delay,nas_delay,carrier_delay
BHM,2,152,5.703947368421052,0.006578947368421052,100,29.08,23.98,45,146.75555555555556,141.82222222222222,late_aircraft_delay,nas_delay,carrier_delay
BHM,3,180,6.322222222222222,1.7877094972067038,137,29.014598540145986,23.496350364963504,75,128.14666666666668,125.43243243243244,late_aircraft_delay,nas_delay,carrier_delay
BHM,4,187,6.037433155080214,3.053475935828877,145,31.2,29.229166666666668,72,147.36111111111111,146.3943661971831,late_aircraft_delay,nas_delay,carrier_delay
BHM,5,241,5.8796680497925315,2.288702928870293,216,31.51388888888889,29.93953488372093,191,167.36125654450262,167.45263157894738,late_aircraft_delay,nas_delay,carrier_delay
BHM,6,235,5.982978723404256,1.1617021276595745,199,31.889447236180903,26.8989898989899,107,144.06542056074767,140.83177570093457,late_aircraft_delay,carrier_delay,nas_delay
BHM,7,227,6.242290748898679,3.8854625550660793,248,33.28225806451613,30.434959349593495,170,149.6764705882353,148.08235294117648,late_aircraft_delay,carrier_delay,nas_delay
BHM,8,212,6.245283018867925,1.5,141,30.80851063829787,26.85,108,201.86111111111111,198.3177570093458,late_aircraft_delay,carrier_delay,nas_delay
BHM,9,192,5.776041666666667,2.75,149,30.812080536912752,28.335570469798657,63,136.1904761904762,133.58064516129033,late_aircraft_delay,nas_delay,carrier_delay
BHM,10,206,6.063106796116505,0.9121951219512195,107,31.439252336448597,24.074766355140188,58,142.56896551724137,135.8448275862069,carrier_delay,late_aircraft_delay,nas_delay
BHM,11,190,5.815789473684211,1.7936507936507937,115,31.85217391304348,27.130434782608695,66,182.16666666666666,177.33846153846153,carrier_delay,nas_delay,late_aircraft_delay
BHM,12,267,5.850187265917603,0.6104868913857678,177,30.587570621468927,23.193181818181817,124,167.58064516129033,163.06611570247935,carrier_delay,late_aircraft_delay,nas_delay
BIH,1,4,5.75,-6.5,7,31.714285714285715,26.714285714285715,7,102.0,87.85714285714286,late_aircraft_delay,nas_delay,carrier_delay
BIH,2,12,5.416666666666667,3.5,14,34.642857142857146,29.153846153846153,9,109.55555555555556,93.66666666666667,nas_delay,late_aircraft_delay,canc_B
BIH,3,6,5.166666666666667,6.0,14,31.285714285714285,20.928571428571427,4,113.0,125.75,nas_delay,canc_C,late_aircraft_delay
BIH,4,0,"","",2,51.0,40.0,1,226.0,217.0,late_aircraft_delay,nas_delay,Nessuna
BIH,7,0,"","",1,46.0,30.0,5,240.6,217.0,late_aircraft_delay,canc_B,weather_delay
BIH,8,0,"","",0,"","",0,"","",Nessuna,Nessuna,Nessuna
BIH,9,1,13.0,14.0,0,"","",2,75.0,62.0,late_aircraft_delay,Nessuna,Nessuna
BIH,10,0,"","",0,"","",0,"","",Nessuna,Nessuna,Nessuna
BIH,12,4,3.75,-0.75,3,34.0,18.0,6,131.0,126.16666666666667,late_aircraft_delay,nas_delay,weather_delay
BIL,1,20,5.35,14.85,22,31.363636363636363,32.36363636363637,26,133.8846153846154,152.92307692307693,nas_delay,carrier_delay,late_aircraft_delay
BIL,2,19,7.0,13.736842105263158,16,32.875,42.3125,4,95.75,110.5,nas_delay,carrier_delay,late_aircraft_delay
BIL,3,19,7.157894736842105,4.526315789473684,12,28.75,29.75,17,150.58823529411765,153.76470588235293,nas_delay,carrier_delay,late_aircraft_delay
BIL,4,20,5.5,3.1,22,39.04545454545455,38.40909090909091,9,156.0,157.88888888888889,nas_delay,late_aircraft_delay,carrier_delay
BIL,5,31,6.129032258064516,-0.22580645161290322,24,35.666666666666664,32.583333333333336,32,239.65625,236.6875,carrier_delay,late_aircraft_delay,nas_delay
BIL,6,39,6.769230769230769,5.051282051282051,40,31.55,30.153846153846153,25,151.04,151.96,nas_delay,late_aircraft_delay,carrier_delay
BIL,7,38,6.315789473684211,1.5526315789473684,46,30.41304347826087,27.755555555555556,32,103.8125,96.6875,late_aircraft_delay,nas_delay,carrier_delay
BIL,8,38,7.078947368421052,8.236842105263158,32,33.8125,34.0625,19,188.1578947368421,194.44444444444446,carrier_delay,nas_delay,late_aircraft_delay
BIL,9,21,5.0476190476190474,3.1904761904761907,19,34.8421052631579,26.842105263157894,10,225.2,219.8,carrier_delay,late_aircraft_delay,nas_delay
BIL,10,22,6.545454545454546,4.545454545454546,25,29.12,29.52,15,212.13333333333333,208.6,carrier_delay,nas_delay,late_aircraft_delay
BIL,11,29,6.448275862068965,3.8620689655172415,28,32.857142857142854,30.814814814814813,18,130.88888888888889,137.35294117647058,nas_delay,carrier_delay,late_aircraft_delay
BIL,12,22,5.7727272727272725,-4.181818181818182,25,32.28,23.36,17,169.05882352941177,156.52941176470588,carrier_delay,nas_delay,late_aircraft_delay
BIS,1,38,5.526315789473684,-2.5789473684210527,33,27.21212121212121,31.242424242424242,27,325.14814814814815,319.8888888888889,carrier_delay,nas_delay,late_aircraft_delay
BIS,2,35,6.257142857142857,-0.5882352941176471,24,28.416666666666668,18.0,21,202.47619047619048,200.23809523809524,carrier_delay,nas_delay,weather_delay
BIS,3,36,6.416666666666667,-6.083333333333333,27,28.74074074074074,23.185185185185187,7,103.28571428571429,96.57142857142857,nas_delay,carrier_delay,late_aircraft_delay
BIS,4,39,5.0,-5.6923076923076925,17,31.11764705882353,21.647058823529413,13,127.76923076923077,133.08333333333334,carrier_delay,late_aircraft_delay,nas_delay
BIS,5,34,6.205882352941177,-1.7058823529411764,20,31.9,24.15,28,157.57142857142858,154.22222222222223,carrier_delay,nas_delay,weather_delay
BIS,6,49,5.938775510204081,8.5,41,34.41463414634146,34.875,33,167.27272727272728,167.72727272727272,carrier_delay,nas_delay,late_aircraft_delay
BIS,7,51,7.235294117647059,5.28,41,30.51219512195122,31.21951219512195,31,157.0,153.0,carrier_delay,nas_delay,late_aircraft_delay
BIS,8,44,6.318181818181818,0.4318181818181818,34,34.294117647058826,36.411764705882355,19,140.1578947368421,132.78947368421052,carrier_delay,nas_delay,late_aircraft_delay
BIS,9,40,5.05,-2.975,37,35.16216216216216,26.08108108108108,12,123.25,92.0,carrier_delay,nas_delay,late_aircraft_delay
BIS,10,50,5.32,-7.64,19,30.842105263157894,18.473684210526315,14,184.64285714285714,173.5,carrier_delay,late_aircraft_delay,nas_delay
BIS,11,68,5.735294117647059,2.514705882352941,40,29.05,28.975,26,162.42307692307693,160.53846153846155,carrier_delay,nas_delay,weather_delay
BIS,12,66,5.878787878787879,-1.1515151515151516,48,32.1875,29.72340425531915,43,146.48837209302326,140.2325581395349,carrier_delay,nas_delay,weather_delay
BJI,1,6,9.0,8.166666666666666,11,35.90909090909091,33.18181818181818,7,228.71428571428572,240.85714285714286,carrier_delay,nas_delay,weather_delay
BJI,2,2,3.0,2.0,1,24.0,-2.0,3,292.0,293.6666666666667,carrier_delay,canc_B,weather_delay
BJI,3,3,2.6666666666666665,-9.666666666666666,2,38.0,41.0,5,169.6,163.2,carrier_delay,weather_delay,nas_delay
BJI,4,2,2.5,-13.5,2,47.0,42.5,3,151.33333333333334,140.33333333333334,carrier_delay,nas_delay,weather_delay
BJI,5,1,13.0,3.0,4,32.25,23.25,3,245.0,239.66666666666666,carrier_delay,weather_delay,nas_delay
BJI,6,2,7.0,20.5,3,35.666666666666664,29.333333333333332,11,257.54545454545456,259.72727272727275,carrier_delay,nas_delay,weather_delay
BJI,7,11,5.2727272727272725,0.09090909090909091,6,23.333333333333332,26.0,6,171.0,162.66666666666666,carrier_delay,nas_delay,weather_delay
BJI,8,5,3.8,2.0,6,19.5,28.666666666666668,3,175.0,181.0,carrier_delay,nas_delay,weather_delay
BJI,9,2,5.0,33.0,3,29.666666666666668,16.0,5,104.6,97.6,carrier_delay,nas_delay,weather_delay
BJI,10,3,8.0,-1.6666666666666667,3,34.0,18.333333333333332,6,268.0,252.16666666666666,carrier_delay,Nessuna,Nessuna
BJI,11,3,7.333333333333333,4.333333333333333,5,23.2,20.2,3,264.0,253.0,carrier_delay,nas_delay,Nessuna
BJI,12,5,7.4,-2.0,12,32.833333333333336,37.916666666666664,9,194.22222222222223,187.55555555555554,carrier_delay,nas_delay,canc_B
BLI,1,42,5.166666666666667,5.0476190476190474,20,29.8,31.1,16,230.25,243.6875,nas_delay,carrier_delay,late_aircraft_delay
BLI,2,21,5.904761904761905,6.714285714285714,9,26.555555555555557,22.77777777777778,3,157.0,162.0,nas_delay,carrier_delay,late_aircraft_delay
BLI,3,42,5.833333333333333,5.095238095238095,20,27.45,23.55,13,116.92307692307692,110.3076923076923,nas_delay,carrier_delay,late_aircraft_delay
BLI,4,45,5.511111111111111,2.2888888888888888,24,23.833333333333332,18.208333333333332,12,123.41666666666667,120.0,carrier_delay,nas_delay,late_aircraft_delay
BLI,5,49,5.428571428571429,1.0816326530612246,21,24.714285714285715,16.857142857142858,6,169.83333333333334,167.33333333333334,late_aircraft_delay,carrier_delay,nas_delay
BLI,6,68,6.088235294117647,3.7794117647058822,42,26.0,17.952380952380953,3,140.0,131.66666666666666,nas_delay,carrier_delay,late_aircraft_delay
BLI,7,65,6.3538461538461535,0.5076923076923077,35,25.942857142857143,18.485714285714284,11,128.9090909090909,117.1,carrier_delay,late_aircraft_delay,nas_delay
BLI,8,37,7.0,5.783783783783784,24,33.25,32.958333333333336,4,115.5,112.75,nas_delay,carrier_delay,late_aircraft_delay
BLI,9,27,6.111111111111111,9.666666666666666,20,35.9,34.3,9,216.22222222222223,223.33333333333334,nas_delay,late_aircraft_delay,carrier_delay
BLI,10,15,7.133333333333334,4.8,22,31.90909090909091,31.772727272727273,10,137.2,135.4,carrier_delay,nas_delay,late_aircraft_delay
BLI,11,28,4.714285714285714,2.0357142857142856,10,32.7,28.8,4,129.75,126.25,carrier_delay,late_aircraft_delay,nas_delay
BLI,12,33,5.666666666666667,0.3333333333333333,18,30.944444444444443,21.22222222222222,10,209.2,206.4,carrier_delay,nas_delay,late_aircraft_delay
BLV,1,8,7.25,-3.375,9,33.111111111111114,34.44444444444444,5,169.0,185.8,late_aircraft_delay,nas_delay,carrier_delay
BLV,2,7,6.0,-2.0,4,33.75,27.0,11,306.3636363636364,314.3636363636364,late_aircraft_delay,nas_delay,carrier_delay
BLV,3,12,8.25,4.333333333333333,13,28.307692307692307,25.23076923076923,14,182.71428571428572,182.14285714285714,late_aircraft_delay,carrier_delay,nas_delay
BLV,4,11,6.909090909090909,-7.818181818181818,5,26.8,20.2,3,231.33333333333334,233.66666666666666,nas_delay,carrier_delay,late_aircraft_delay
BLV,5,21,5.761904761904762,-0.6190476190476191,17,35.411764705882355,29.375,5,144.8,166.0,late_aircraft_delay,nas_delay,carrier_delay
BLV,6,22,5.7272727272727275,4.454545454545454,20,39.1,34.4,16,158.0,149.4375,late_aircraft_delay,carrier_delay,nas_delay
BLV,7,17,8.0,5.0588235294117645,33,32.75757575757576,35.81818181818182,20,190.7,190.0,late_aircraft_delay,nas_delay,carrier_delay
BLV,8,8,8.375,2.375,13,36.38461538461539,33.46153846153846,16,178.5625,169.9375,late_aircraft_delay,carrier_delay,nas_delay
BLV,9,4,4.75,-5.5,4,40.25,31.0,6,203.0,198.0,late_aircraft_delay,carrier_delay,nas_delay
BLV,10,6,6.5,6.166666666666667,4,33.0,42.75,5,357.2,350.2,late_aircraft_delay,nas_delay,canc_B
BLV,11,5,8.6,-3.0,10,35.1,33.3,2,91.0,109.0,late_aircraft_delay,nas_delay,carrier_delay
BLV,12,14,8.428571428571429,5.785714285714286,18,33.0,23.8125,14,275.35714285714283,267.0769230769231,late_aircraft_delay,carrier_delay,nas_delay
BMI,1,17,5.235294117647059,3.823529411764706,13,38.46153846153846,53.53846153846154,17,206.05882352941177,179.9375,nas_delay,late_aircraft_delay,carrier_delay
BMI,2,8,3.625,12.5,11,27.90909090909091,26.181818181818183,7,165.42857142857142,155.28571428571428,nas_delay,late_aircraft_delay,carrier_delay
BMI,3,12,6.916666666666667,6.083333333333333,12,31.083333333333332,28.583333333333332,10,130.9,134.1,nas_delay,late_aircraft_delay,carrier_delay
BMI,4,9,9.666666666666666,4.111111111111111,6,33.166666666666664,37.833333333333336,8,129.125,135.875,late_aircraft_delay,nas_delay,carrier_delay
BMI,5,15,5.933333333333334,3.2,19,35.21052631578947,36.421052631578945,17,117.47058823529412,129.23529411764707,nas_delay,late_aircraft_delay,carrier_delay
BMI,6,21,6.619047619047619,7.25,17,34.88235294117647,29.823529411764707,14,149.57142857142858,144.85714285714286,late_aircraft_delay,nas_delay,carrier_delay
BMI,7,12,6.416666666666667,-3.3636363636363638,17,29.0,28.235294117647058,20,221.9,218.25,late_aircraft_delay,nas_delay,carrier_delay
BMI,8,13,5.153846153846154,-1.6153846153846154,8,34.5,33.875,9,210.55555555555554,198.88888888888889,late_aircraft_delay,carrier_delay,nas_delay
BMI,9,17,4.882352941176471,5.647058823529412,7,34.714285714285715,28.428571428571427,1,465.0,471.0,nas_delay,late_aircraft_delay,carrier_delay
BMI,10,10,6.5,-18.2,3,29.666666666666668,15.666666666666666,6,188.33333333333334,174.83333333333334,carrier_delay,canc_B,nas_delay
BMI,11,13,3.3076923076923075,-6.6923076923076925,12,27.583333333333332,18.75,6,195.66666666666666,214.6,nas_delay,carrier_delay,late_aircraft_delay
BMI,12,25,6.6,0.04,10,31.3,27.3,7,138.14285714285714,135.28571428571428,nas_delay,carrier_delay,late_aircraft_delay
BNA,1,1339,6.2949962658700525,0.6546816479400749,1110,31.063963963963964,27.18321299638989,579,183.51295336787564,190.18989547038328,late_aircraft_delay,nas_delay,carrier_delay
BNA,2,1206,5.89469320066335,-0.9277408637873754,663,28.5158371040724,22.027190332326285,204,166.0392156862745,156.96059113300493,nas_delay,late_aircraft_delay,carrier_delay
BNA,3,1424,6.207162921348314,-1.0845070422535212,1097,30.257064721969005,23.998165137614677,496,139.89112903225808,135.5476673427992,late_aircraft_delay,nas_delay,carrier_delay
BNA,4,1535,5.938762214983713,-1.0085022890778286,1041,30.429394812680115,23.6939364773821,419,152.70644391408115,148.32696897374703,late_aircraft_delay,carrier_delay,nas_delay
BNA,5,1908,6.2751572327044025,1.7368697478991597,1601,31.654590880699562,28.224592220828104,996,144.91465863453814,144.4370594159114,late_aircraft_delay,nas_delay,carrier_delay
BNA,6,1969,6.304215337734891,0.3873598369011213,1493,30.89551239115874,25.48016139878951,789,140.12420785804815,136.3588761174968,late_aircraft_delay,carrier_delay,nas_delay
BNA,7,1844,6.311279826464208,1.1102661596958174,1781,31.307130825379,25.977464788732394,902,141.34922394678492,136.66444444444446,late_aircraft_delay,carrier_delay,nas_delay
BNA,8,1673,6.038852361028093,0.5501501501501501,1160,31.044827586206896,26.0,533,157.11444652908068,153.31947069943288,late_aircraft_delay,nas_delay,carrier_delay
BNA,9,1573,6.021614748887476,0.7300574345883855,946,30.58033826638478,24.80614406779661,343,139.17784256559767,134.44868035190615,late_aircraft_delay,carrier_delay,nas_delay
BNA,10,1778,5.925196850393701,-2.3618458075407993,929,29.203444564047363,21.678532901833872,251,144.25099601593627,137.828,carrier_delay,late_aircraft_delay,nas_delay
BNA,11,1522,5.613666228646518,-2.469078947368421,795,30.072955974842767,21.88035264483627,263,138.82889733840304,133.02692307692308,carrier_delay,late_aircraft_delay,nas_delay
BNA,12,1740,6.323563218390805,-1.7174913693901035,1223,30.0204415372036,23.17704918032787,440,144.3318181818182,140.75114155251143,late_aircraft_delay,carrier_delay,nas_delay
BOI,1,241,5.970954356846473,6.784232365145228,194,32.02577319587629,34.19072164948454,108,160.32407407407408,163.92592592592592,nas_delay,carrier_delay,late_aircraft_delay
BOI,2,200,6.025,1.131979695431472,119,30.26050420168067,24.635593220338983,72,161.69444444444446,161.43661971830986,nas_delay,carrier_delay,late_aircraft_delay
BOI,3,206,5.514563106796117,3.650485436893204,138,30.891304347826086,27.71014492753623,62,123.95161290322581,123.04838709677419,nas_delay,carrier_delay,late_aircraft_delay
BOI,4,218,6.2889908256880735,2.86697247706422,173,30.046242774566473,27.44508670520231,62,154.7258064516129,150.93548387096774,nas_delay,carrier_delay,late_aircraft_delay
BOI,5,274,5.54014598540146,2.597069597069597,235,30.306382978723406,26.89316239316239,81,139.8641975308642,138.1604938271605,nas_delay,carrier_delay,late_aircraft_delay
BOI,6,303,5.8283828382838285,1.8877887788778878,251,31.346613545816734,27.852,109,152.8165137614679,149.88073394495413,nas_delay,late_aircraft_delay,carrier_delay
BOI,7,359,5.952646239554317,1.7450980392156863,224,30.035714285714285,26.793721973094172,135,145.0814814814815,141.20149253731344,carrier_delay,late_aircraft_delay,nas_delay
BOI,8,230,5.856521739130435,3.223684210526316,212,30.93867924528302,29.57345971563981,103,130.8640776699029,130.0,carrier_delay,nas_delay,late_aircraft_delay
BOI,9,264,5.984848484848484,1.7234848484848484,206,31.49514563106796,27.775609756097563,80,125.4375,121.9625,nas_delay,carrier_delay,late_aircraft_delay
BOI,10,244,5.758196721311475,1.209016393442623,138,30.73913043478261,27.768115942028984,58,166.94827586206895,164.5344827586207,carrier_delay,nas_delay,late_aircraft_delay
BOI,11,226,6.256637168141593,0.2088888888888889,149,29.91946308724832,25.409395973154364,62,173.2741935483871,173.58064516129033,carrier_delay,nas_delay,late_aircraft_delay
BOI,12,318,5.783018867924528,-1.2965299684542586,228,30.04385964912281,22.890350877192983,116,148.56896551724137,146.87826086956522,carrier_delay,nas_delay,late_aircraft_delay
BOS,1,1528,6.236910994764398,-0.6222076215505913,1308,32.313455657492355,27.268199233716476,925,150.0854054054054,150.9004329004329,nas_delay,carrier_delay,late_aircraft_delay
BOS,2,1422,6.047116736990155,-8.260196905766525,1008,30.913690476190474,17.6636815920398,488,137.375,126.82886597938145,carrier_delay,nas_delay,late_aircraft_delay
BOS,3,1521,6.086785009861933,-6.206056616194865,1321,31.49583648750946,20.411854103343465,715,136.12307692307692,125.96619718309859,carrier_delay,nas_delay,late_aircraft_delay
BOS,4,1560,6.250641025641026,-1.2105263157894737,1278,31.769953051643192,23.91294117647059,846,136.9964539007092,130.9916963226572,nas_delay,carrier_delay,late_aircraft_delay
BOS,5,1782,6.267115600448934,-0.9898705683736635,1754,32.02508551881414,25.748564867967854,1043,142.06711409395973,137.38904899135446,carrier_delay,nas_delay,late_aircraft_delay
BOS,6,1794,6.304905239687848,1.4645053102291783,1699,31.769276044732194,27.719267139479907,1219,141.3847415914684,137.7693574958814,carrier_delay,nas_delay,late_aircraft_delay
BOS,7,1932,6.156832298136646,0.7834890965732088,1869,32.741037988228996,28.207638515330824,1484,138.90498652291106,133.49864314789687,carrier_delay,nas_delay,late_aircraft_delay
BOS,8,2007,6.259591429995018,1.0515515515515514,1895,32.30870712401055,27.530720338983052,1515,142.08844884488448,138.24501992031873,carrier_delay,nas_delay,late_aircraft_delay
BOS,9,1584,6.130050505050505,-2.6448953709575145,1237,31.85125303152789,22.638573743922205,745,132.55838926174496,121.42126514131898,carrier_delay,late_aircraft_delay,nas_delay
BOS,10,1871,6.13201496525922,-2.460632029994644,1232,31.212662337662337,21.81056910569106,497,129.17706237424548,121.91146881287726,carrier_delay,nas_delay,late_aircraft_delay
BOS,11,1403,5.861012116892374,-4.147142857142857,1072,31.357276119402986,21.030841121495328,570,127.25263157894737,115.53285968028419,carrier_delay,nas_delay,late_aircraft_delay
BOS,12,1908,6.288784067085954,-1.4566017885323514,1693,32.20791494388659,25.92080378250591,1051,139.29590865842056,136.73543457497613,carrier_delay,nas_delay,late_aircraft_delay
BPT,1,10,6.7,1.6,10,32.0,24.1,7,218.28571428571428,216.71428571428572,carrier_delay,late_aircraft_delay,weather_delay
BPT,2,2,7.0,13.5,1,17.0,16.0,1,168.0,149.0,nas_delay,carrier_delay,late_aircraft_delay
BPT,3,3,3.6666666666666665,0.0,4,29.25,19.75,9,178.88888888888889,176.77777777777777,weather_delay,late_aircraft_delay,carrier_delay
BPT,4,3,9.0,-2.0,5,42.0,37.8,10,144.8,160.5,nas_delay,weather_delay,carrier_delay
BPT,5,5,4.6,26.0,1,15.0,6.0,8,207.375,209.875,carrier_delay,weather_delay,nas_delay
BPT,6,0,"","",1,20.0,18.0,4,123.75,124.25,carrier_delay,late_aircraft_delay,weather_delay
BPT,7,4,5.25,-2.0,3,30.666666666666668,21.0,1,362.0,344.0,nas_delay,canc_B,late_aircraft_delay
BPT,8,3,8.333333333333334,4.666666666666667,2,26.0,15.0,2,76.5,86.0,carrier_delay,late_aircraft_delay,nas_delay
BPT,9,0,"","",5,33.6,24.0,0,"","",carrier_delay,late_aircraft_delay,nas_delay
BPT,10,4,5.5,-10.0,4,43.25,35.75,5,271.0,255.2,carrier_delay,weather_delay,late_aircraft_delay
BPT,11,4,8.25,6.25,1,18.0,8.0,2,232.0,223.0,nas_delay,carrier_delay,canc_B
BPT,12,6,6.0,18.166666666666668,2,49.5,43.0,2,223.0,222.0,weather_delay,nas_delay,carrier_delay
BQK,1,2,9.5,38.0,6,40.5,35.166666666666664,15,106.4,116.2,carrier_delay,nas_delay,weather_delay
BQK,2,4,5.75,22.0,2,31.0,35.5,4,224.75,221.5,carrier_delay,nas_delay,weather_delay
BQK,3,2,4.0,6.0,2,28.5,52.0,4,103.5,98.75,carrier_delay,nas_delay,weather_delay
BQK,4,6,9.666666666666666,12.0,4,37.25,32.5,5,187.6,184.4,carrier_delay,nas_delay,weather_delay
BQK,5,3,1.3333333333333333,2.6666666666666665,9,32.111111111111114,30.444444444444443,14,193.28571428571428,194.71428571428572,carrier_delay,nas_delay,weather_delay
BQK,6,8,4.875,2.125,5,43.6,33.0,7,146.42857142857142,141.28571428571428,carrier_delay,nas_delay,weather_delay
BQK,7,5,4.0,-1.8,1,16.0,39.0,10,149.1,163.0,carrier_delay,nas_delay,weather_delay
BQK,8,2,9.5,13.0,5,39.4,33.0,8,182.625,177.625,carrier_delay,nas_delay,weather_delay
BQK,9,9,6.0,14.555555555555555,4,32.25,21.75,0,"","",carrier_delay,nas_delay,weather_delay
BQK,10,1,7.0,9.0,5,32.2,25.6,8,132.125,127.375,carrier_delay,nas_delay,weather_delay
BQK,11,5,7.6,11.0,5,36.2,45.2,7,127.85714285714286,130.85714285714286,carrier_delay,nas_delay,late_aircraft_delay
BQK,12,8,4.75,3.0,7,33.714285714285715,37.57142857142857,8,213.375,222.0,carrier_delay,nas_delay,late_aircraft_delay
BQN,1,28,5.964285714285714,2.642857142857143,30,28.733333333333334,27.1,15,215.4,213.53333333333333,late_aircraft_delay,nas_delay,carrier_delay
BQN,2,20,8.05,2.1,18,32.333333333333336,32.0,16,156.5625,159.06666666666666,late_aircraft_delay,nas_delay,carrier_delay
BQN,3,25,6.8,-1.2,48,29.895833333333332,26.479166666666668,30,159.76666666666668,155.93333333333334,late_aircraft_delay,carrier_delay,nas_delay
BQN,4,32,6.9375,-4.59375,24,30.541666666666668,24.75,14,161.35714285714286,156.5,carrier_delay,late_aircraft_delay,nas_delay
BQN,5,48,6.895833333333333,-4.333333333333333,38,30.710526315789473,19.2972972972973,21,122.0952380952381,115.23809523809524,late_aircraft_delay,carrier_delay,nas_delay
BQN,6,36,6.0,-5.0285714285714285,46,33.84782608695652,27.76086956521739,37,174.32432432432432,167.43243243243242,late_aircraft_delay,carrier_delay,nas_delay
BQN,7,39,7.0256410256410255,-4.794871794871795,33,28.424242424242426,17.484848484848484,23,162.7826086956522,156.2608695652174,late_aircraft_delay,carrier_delay,nas_delay
BQN,8,27,6.777777777777778,-2.037037037037037,40,30.125,22.5,23,171.69565217391303,171.1818181818182,late_aircraft_delay,carrier_delay,nas_delay
BQN,9,19,7.157894736842105,-7.421052631578948,15,27.266666666666666,18.4,17,229.47058823529412,222.88235294117646,carrier_delay,late_aircraft_delay,nas_delay
BQN,10,15,5.2,-8.8,16,30.4375,21.625,7,121.85714285714286,114.71428571428571,late_aircraft_delay,nas_delay,carrier_delay
BQN,11,35,6.2,0.3142857142857143,32,33.4375,30.25,13,134.53846153846155,129.66666666666666,late_aircraft_delay,carrier_delay,nas_delay
BQN,12,34,6.705882352941177,1.3823529411764706,40,30.25,23.5,26,163.34615384615384,158.4,late_aircraft_delay,carrier_delay,nas_delay
BRD,1,1,1.0,-14.0,1,17.0,3.0,12,107.83333333333333,96.0,carrier_delay,weather_delay,nas_delay
BRD,2,1,10.0,-3.0,1,21.0,11.0,2,157.0,140.0,carrier_delay,weather_delay,Nessuna
BRD,3,4,8.75,10.75,5,42.4,43.6,3,104.33333333333333,106.33333333333333,carrier_delay,nas_delay,weather_delay
BRD,4,1,4.0,3.0,2,30.0,14.0,1,119.0,105.0,carrier_delay,Nessuna,Nessuna
BRD,5,1,3.0,-8.0,2,32.5,14.0,1,119.0,119.0,carrier_delay,Nessuna,Nessuna
BRD,6,1,14.0,23.0,6,33.333333333333336,51.666666666666664,5,308.8,316.4,carrier_delay,nas_delay,weather_delay
BRD,7,5,7.4,15.4,11,30.0,30.90909090909091,3,93.0,91.66666666666667,nas_delay,carrier_delay,weather_delay
BRD,8,5,9.0,14.4,4,31.5,48.0,1,351.0,358.0,carrier_delay,nas_delay,weather_delay
BRD,9,0,"","",1,31.0,37.0,4,93.0,95.0,carrier_delay,nas_delay,weather_delay
BRD,10,0,"","",3,23.666666666666668,15.333333333333334,2,68.5,69.5,carrier_delay,security_delay,weather_delay
BRD,11,1,2.0,-11.0,4,29.0,25.0,2,554.5,570.0,carrier_delay,nas_delay,weather_delay
BRD,12,0,"","",5,27.4,27.0,10,221.4,216.9,carrier_delay,nas_delay,weather_delay
BRO,1,15,7.266666666666667,1.8666666666666667,12,23.0,19.666666666666668,8,107.375,111.375,late_aircraft_delay,nas_delay,carrier_delay
BRO,2,9,5.555555555555555,-1.3333333333333333,4,29.25,24.25,0,"","",late_aircraft_delay,nas_delay,carrier_delay
BRO,3,24,7.583333333333333,4.0,14,29.142857142857142,22.5,12,214.75,210.75,late_aircraft_delay,carrier_delay,nas_delay
BRO,4,17,6.352941176470588,2.176470588235294,13,31.384615384615383,30.307692307692307,16,186.5625,197.875,nas_delay,late_aircraft_delay,weather_delay
BRO,5,19,6.052631578947368,8.0,24,31.541666666666668,34.541666666666664,21,193.14285714285714,200.04761904761904,nas_delay,carrier_delay,late_aircraft_delay
BRO,6,23,5.478260869565218,1.5,17,30.88235294117647,27.764705882352942,20,141.75,142.65,carrier_delay,nas_delay,late_aircraft_delay
BRO,7,18,8.722222222222221,8.055555555555555,27,30.22222222222222,33.18518518518518,16,161.5,162.25,nas_delay,late_aircraft_delay,carrier_delay
BRO,8,12,6.75,3.8333333333333335,19,32.78947368421053,31.789473684210527,2,182.5,175.0,late_aircraft_delay,nas_delay,carrier_delay
BRO,9,12,7.5,10.166666666666666,11,34.90909090909091,29.636363636363637,4,126.25,119.25,nas_delay,late_aircraft_delay,carrier_delay
BRO,10,14,6.642857142857143,3.0714285714285716,11,32.36363636363637,24.727272727272727,5,135.8,126.4,carrier_delay,late_aircraft_delay,nas_delay
BRO,11,9,6.111111111111111,5.0,12,36.166666666666664,33.833333333333336,6,177.16666666666666,182.16666666666666,nas_delay,late_aircraft_delay,weather_delay
BRO,12,16,6.4375,9.1875,13,36.23076923076923,37.23076923076923,16,122.5,129.625,carrier_delay,nas_delay,late_aircraft_delay
BRW,1,2,6.5,3.0,6,44.166666666666664,45.5,3,206.0,206.0,late_aircraft_delay,canc_A,nas_delay
BRW,2,7,3.5714285714285716,9.0,3,42.666666666666664,48.0,3,113.66666666666667,117.33333333333333,nas_delay,late_aircraft_delay,canc_B
BRW,3,7,6.857142857142857,6.0,7,29.428571428571427,32.42857142857143,1,234.0,240.0,nas_delay,carrier_delay,late_aircraft_delay
BRW,4,6,7.666666666666667,11.166666666666666,5,41.0,41.2,1,90.0,90.0,security_delay,nas_delay,late_aircraft_delay
BRW,5,4,4.0,4.0,6,28.333333333333332,29.166666666666668,1,291.0,285.0,nas_delay,late_aircraft_delay,security_delay
BRW,6,8,6.5,6.75,7,31.142857142857142,32.142857142857146,0,"","",nas_delay,late_aircraft_delay,security_delay
BRW,7,8,6.375,7.0,6,22.0,22.833333333333332,0,"","",security_delay,nas_delay,canc_B
BRW,8,7,6.0,12.571428571428571,9,29.88888888888889,36.333333333333336,0,"","",nas_delay,security_delay,late_aircraft_delay
BRW,9,5,4.8,7.8,6,23.0,27.0,2,85.0,81.5,late_aircraft_delay,nas_delay,carrier_delay
BRW,10,7,8.0,7.714285714285714,7,34.0,34.285714285714285,1,66.0,70.0,late_aircraft_delay,nas_delay,weather_delay
BRW,11,2,9.5,9.5,8,27.5,21.0,1,83.0,77.0,late_aircraft_delay,canc_B,carrier_delay
BRW,12,9,8.88888888888889,6.888888888888889,11,27.181818181818183,29.90909090909091,2,90.5,90.0,late_aircraft_delay,nas_delay,carrier_delay
BTM,1,2,6.5,10.5,3,30.666666666666668,28.333333333333332,2,302.0,290.5,weather_delay,carrier_delay,nas_delay
BTM,2,2,6.5,11.5,0,"","",1,100.0,105.0,nas_delay,weather_delay,carrier_delay
BTM,3,0,"","",4,33.25,29.0,1,202.0,237.0,carrier_delay,weather_delay,nas_delay
BTM,4,2,7.5,-6.5,2,35.5,22.0,1,67.0,49.0,carrier_delay,security_delay,Nessuna
BTM,5,2,8.5,-4.0,2,40.5,30.5,0,"","",carrier_delay,Nessuna,Nessuna
BTM,6,1,1.0,14.0,7,37.0,29.285714285714285,3,428.6666666666667,430.6666666666667,carrier_delay,nas_delay,weather_delay
BTM,7,2,5.0,-7.5,3,38.666666666666664,30.333333333333332,3,115.0,107.0,carrier_delay,weather_delay,Nessuna
BTM,8,0,"","",0,"","",1,103.0,80.0,carrier_delay,weather_delay,Nessuna
BTM,9,3,4.333333333333333,6.0,1,35.0,26.0,1,80.0,69.0,carrier_delay,weather_delay,Nessuna
BTM,10,0,"","",0,"","",0,"","",Nessuna,Nessuna,Nessuna
BTM,11,5,6.2,9.6,0,"","",1,84.0,69.0,carrier_delay,nas_delay,Nessuna
BTM,12,1,14.0,-1.0,2,28.5,4.5,2,588.5,576.5,carrier_delay,Nessuna,Nessuna
BTR,1,30,6.733333333333333,9.172413793103448,49,33.16326530612245,29.387755102040817,49,156.10204081632654,154.6530612244898,nas_delay,late_aircraft_delay,carrier_delay
BTR,2,39,4.948717948717949,0.0,27,28.11111111111111,25.703703703703702,20,211.6,207.6,carrier_delay,nas_delay,late_aircraft_delay
BTR,3,58,5.844827586206897,-2.5344827586206895,41,24.634146341463413,18.682926829268293,22,162.6818181818182,170.0909090909091,nas_delay,carrier_delay,late_aircraft_delay
BTR,4,53,5.943396226415095,1.6226415094339623,45,28.133333333333333,30.377777777777776,40,187.525,183.375,nas_delay,carrier_delay,late_aircraft_delay
BTR,5,70,7.228571428571429,5.785714285714286,50,32.18,33.91836734693877,49,146.3469387755102,154.6122448979592,nas_delay,late_aircraft_delay,carrier_delay
BTR,6,54,6.185185185185185,2.0555555555555554,42,28.30952380952381,23.214285714285715,36,223.63888888888889,224.62857142857143,late_aircraft_delay,carrier_delay,nas_delay
BTR,7,68,7.279411764705882,2.3582089552238807,56,34.57142857142857,30.375,50,156.0,157.76,late_aircraft_delay,carrier_delay,nas_delay
BTR,8,52,6.653846153846154,0.34615384615384615,40,32.675,27.875,27,107.0,100.03703703703704,late_aircraft_delay,carrier_delay,nas_delay
BTR,9,59,7.52542372881356,3.8983050847457625,40,32.85,25.425,27,126.66666666666667,123.77777777777777,late_aircraft_delay,nas_delay,carrier_delay
BTR,10,44,6.113636363636363,-0.6590909090909091,28,29.285714285714285,23.535714285714285,18,170.77777777777777,167.05555555555554,carrier_delay,nas_delay,late_aircraft_delay
BTR,11,62,6.338709677419355,-0.3225806451612903,42,26.404761904761905,23.142857142857142,17,101.29411764705883,100.58823529411765,nas_delay,carrier_delay,late_aircraft_delay
BTR,12,78,6.705128205128205,3.576923076923077,49,28.448979591836736,22.510204081632654,29,189.6551724137931,187.6206896551724,late_aircraft_delay,carrier_delay,nas_delay
BTV,1,50,6.16,1.74,44,31.954545454545453,31.295454545454547,51,198.3921568627451,195.35294117647058,nas_delay,late_aircraft_delay,carrier_delay
BTV,2,49,5.326530612244898,-8.510204081632653,28,33.642857142857146,22.535714285714285,25,174.84,157.0,nas_delay,carrier_delay,late_aircraft_delay
BTV,3,41,6.414634146341464,2.048780487804878,29,33.93103448275862,28.862068965517242,17,203.94117647058823,203.94117647058823,nas_delay,carrier_delay,late_aircraft_delay
BTV,4,24,5.708333333333333,0.041666666666666664,23,34.391304347826086,29.782608695652176,26,167.80769230769232,166.26923076923077,nas_delay,late_aircraft_delay,carrier_delay
BTV,5,45,6.644444444444445,4.045454545454546,41,32.34146341463415,29.21951219512195,43,171.09302325581396,176.16666666666666,nas_delay,late_aircraft_delay,carrier_delay
BTV,6,78,6.32051282051282,3.5194805194805197,74,32.58108108108108,28.753424657534246,63,158.82539682539684,156.01612903225808,nas_delay,late_aircraft_delay,carrier_delay
BTV,7,90,6.333333333333333,5.840909090909091,83,31.08433734939759,28.23170731707317,86,220.52325581395348,223.25581395348837,nas_delay,late_aircraft_delay,carrier_delay
BTV,8,111,6.486486486486487,6.009009009009009,86,30.77906976744186,35.372093023255815,64,168.671875,172.0,nas_delay,late_aircraft_delay,carrier_delay
BTV,9,74,5.662162162162162,4.27027027027027,49,31.53061224489796,27.26530612244898,36,151.19444444444446,145.66666666666666,nas_delay,carrier_delay,late_aircraft_delay
BTV,10,77,6.363636363636363,-1.051948051948052,68,33.529411764705884,27.735294117647058,36,205.66666666666666,193.30555555555554,carrier_delay,nas_delay,late_aircraft_delay
BTV,11,53,6.339622641509434,-0.7169811320754716,31,38.12903225806452,31.870967741935484,33,158.3939393939394,147.0909090909091,nas_delay,late_aircraft_delay,carrier_delay
BTV,12,93,6.795698924731183,5.838709677419355,83,32.12048192771084,29.349397590361445,50,183.8,180.96,nas_delay,carrier_delay,late_aircraft_delay
BUF,1,211,6.213270142180095,6.710900473933649,167,31.5748502994012,33.403614457831324,139,174.42446043165467,181.18840579710144,nas_delay,canc_B,late_aircraft_delay
BUF,2,219,6.136986301369863,-6.018264840182648,152,27.44078947368421,18.00657894736842,65,201.46153846153845,194.01538461538462,nas_delay,carrier_delay,late_aircraft_delay
BUF,3,250,6.24,1.068,182,30.302197802197803,24.521978021978022,128,138.8515625,137.0,nas_delay,late_aircraft_delay,carrier_delay
BUF,4,247,6.465587044534413,-1.0979591836734695,173,31.61849710982659,26.69364161849711,87,159.67816091954023,155.88372093023256,late_aircraft_delay,nas_delay,carrier_delay
BUF,5,259,5.945945945945946,0.9845559845559846,219,32.41095890410959,30.110599078341014,143,156.43356643356643,154.1549295774648,late_aircraft_delay,nas_delay,carrier_delay
BUF,6,304,6.368421052631579,2.8580858085808583,245,31.963265306122448,30.0,168,163.16666666666666,160.437125748503,late_aircraft_delay,nas_delay,carrier_delay
BUF,7,340,6.4411764705882355,5.474926253687316,313,32.76996805111821,31.439102564102566,200,165.3,168.345,late_aircraft_delay,nas_delay,carrier_delay
BUF,8,405,5.908641975308642,2.198511166253102,314,31.089171974522294,28.058064516129033,169,147.15976331360946,148.289156626506,late_aircraft_delay,nas_delay,carrier_delay
BUF,9,270,6.118518518518519,0.02962962962962963,168,29.148809523809526,24.5,63,148.25396825396825,146.6031746031746,nas_delay,late_aircraft_delay,carrier_delay
BUF,10,277,6.086642599277979,-2.9566787003610107,173,29.786127167630056,20.69364161849711,62,131.48387096774192,121.85483870967742,late_aircraft_delay,carrier_delay,nas_delay
BUF,11,303,5.726072607260726,-3.956953642384106,134,30.955223880597014,21.65671641791045,69,128.1304347826087,118.52173913043478,carrier_delay,late_aircraft_delay,nas_delay
BUF,12,338,6.27810650887574,3.2106824925816024,255,31.070588235294117,29.783464566929133,157,152.61783439490446,155.0774193548387,nas_delay,late_aircraft_delay,carrier_delay
BUR,1,312,6.2756410256410255,1.169871794871795,246,31.951219512195124,25.85185185185185,125,126.08,121.712,late_aircraft_delay,nas_delay,carrier_delay
BUR,2,302,5.837748344370861,-1.6146179401993355,244,31.87295081967213,24.64876033057851,123,154.0,148.40650406504065,late_aircraft_delay,nas_delay,carrier_delay
BUR,3,369,6.010840108401084,1.0054347826086956,322,33.28260869565217,29.427672955974842,177,128.96610169491527,127.89080459770115,nas_delay,late_aircraft_delay,carrier_delay
BUR,4,355,5.926760563380282,0.9746478873239437,261,31.697318007662837,26.08076923076923,140,122.8,124.25179856115108,nas_delay,late_aircraft_delay,carrier_delay
BUR,5,396,6.404040404040404,0.9291139240506329,310,32.619354838709675,28.38562091503268,158,112.83544303797468,108.67515923566879,nas_delay,late_aircraft_delay,carrier_delay
BUR,6,577,6.273830155979203,0.2899305555555556,441,31.145124716553287,24.30751708428246,172,133.28488372093022,127.61046511627907,late_aircraft_delay,nas_delay,carrier_delay
BUR,7,510,6.209803921568628,0.4271653543307087,419,31.281622911694512,25.22062350119904,189,137.12698412698413,131.44444444444446,late_aircraft_delay,carrier_delay,nas_delay
BUR,8,401,5.361596009975062,1.6275,298,32.241610738255034,27.683501683501685,139,138.14388489208633,134.66666666666666,late_aircraft_delay,nas_delay,carrier_delay
BUR,9,378,5.814814814814815,0.30933333333333335,330,31.563636363636363,28.03680981595092,180,138.73888888888888,134.8,late_aircraft_delay,nas_delay,carrier_delay
BUR,10,447,6.100671140939597,1.4103139013452914,334,31.008982035928145,27.294294294294293,152,142.80921052631578,139.98684210526315,nas_delay,late_aircraft_delay,carrier_delay
BUR,11,437,6.155606407322654,-0.47586206896551725,293,30.822525597269625,24.256849315068493,108,140.42592592592592,140.1509433962264,late_aircraft_delay,nas_delay,carrier_delay
BUR,12,503,6.025844930417495,-0.1377245508982036,382,30.081151832460733,23.23821989528796,176,120.4659090909091,114.00568181818181,late_aircraft_delay,carrier_delay,nas_delay
BWI,1,1954,6.403787103377687,-0.20420728578758338,1740,30.298850574712645,26.053695150115473,547,123.55758683729434,128.17367458866545,carrier_delay,late_aircraft_delay,nas_delay
BWI,2,1713,6.025102159953298,-3.73859649122807,982,28.24949083503055,18.325865580448067,205,125.26341463414634,115.10731707317073,carrier_delay,late_aircraft_delay,nas_delay
BWI,3,2017,6.301437778879524,-2.7548387096774194,1768,30.681561085972852,24.070821529745043,628,123.31210191082802,120.58908507223114,carrier_delay,late_aircraft_delay,nas_delay
BWI,4,2211,6.388964269561284,0.562358276643991,1674,29.4115890083632,23.437724550898203,520,126.36538461538461,120.54633204633204,carrier_delay,late_aircraft_delay,nas_delay
BWI,5,2183,6.503893724232707,0.9623507805325987,2210,30.35158371040724,25.574284416174468,813,121.95571955719558,118.79851668726823,carrier_delay,late_aircraft_delay,nas_delay
BWI,6,2373,6.49346818373367,-0.26033755274261605,2301,30.450673620165144,24.127724498692242,763,125.65792922673657,120.06192358366272,carrier_delay,late_aircraft_delay,nas_delay
BWI,7,2210,6.746606334841629,2.180580762250454,2692,31.385958395245172,27.76455223880597,1239,130.29701372074254,126.34278768233388,carrier_delay,late_aircraft_delay,nas_delay
BWI,8,2337,6.501069747539581,0.715509854327335,2218,30.47790802524797,26.84027149321267,912,136.5142543859649,135.27692307692308,late_aircraft_delay,carrier_delay,nas_delay
BWI,9,2218,6.254733994589721,-1.2046070460704608,1343,28.402084884586746,20.54728220402085,277,127.25270758122744,121.07246376811594,carrier_delay,late_aircraft_delay,nas_delay
BWI,10,2399,6.126719466444352,-4.623799582463466,1384,28.28106936416185,16.8705712219812,219,121.78995433789954,110.34562211981567,carrier_delay,late_aircraft_delay,nas_delay
BWI,11,1920,5.79375,-4.561586638830898,1028,28.1284046692607,18.15968841285297,250,120.62,109.86345381526104,carrier_delay,late_aircraft_delay,nas_delay
BWI,12,2197,6.143832498862085,-3.7209515096065875,1648,29.550364077669904,19.651459854014597,476,118.33193277310924,108.81395348837209,carrier_delay,late_aircraft_delay,nas_delay
BZN,1,83,5.216867469879518,3.4939759036144578,97,32.09278350515464,30.927835051546392,78,276.93589743589746,277.2307692307692,late_aircraft_delay,nas_delay,carrier_delay
BZN,2,65,6.3538461538461535,14.923076923076923,55,34.92727272727273,38.4,65,182.96923076923076,195.23076923076923,nas_delay,late_aircraft_delay,carrier_delay
BZN,3,110,5.763636363636364,6.63302752293578,92,31.782608695652176,25.22826086956522,49,130.6326530612245,128.6530612244898,nas_delay,late_aircraft_delay,carrier_delay
BZN,4,59,6.694915254237288,4.932203389830509,49,33.12244897959184,28.020408163265305,26,110.23076923076923,107.46153846153847,nas_delay,late_aircraft_delay,carrier_delay
BZN,5,76,6.276315789473684,3.1710526315789473,71,30.0,26.366197183098592,53,186.9433962264151,187.1153846153846,nas_delay,late_aircraft_delay,carrier_delay
BZN,6,167,7.041916167664671,1.6706586826347305,134,31.52238805970149,25.458646616541355,72,121.83333333333333,114.94444444444444,late_aircraft_delay,nas_delay,carrier_delay
BZN,7,172,6.005813953488372,4.2105263157894735,173,33.0635838150289,32.47337278106509,101,159.64356435643563,158.44444444444446,nas_delay,late_aircraft_delay,carrier_delay
BZN,8,205,6.053658536585366,2.334975369458128,152,32.92763157894737,29.774834437086092,82,164.21951219512195,163.12820512820514,nas_delay,late_aircraft_delay,carrier_delay
BZN,9,149,5.738255033557047,1.195945945945946,82,30.073170731707318,25.829268292682926,29,109.89655172413794,104.86206896551724,nas_delay,late_aircraft_delay,carrier_delay
BZN,10,68,5.867647058823529,-1.8823529411764706,61,28.83606557377049,22.114754098360656,20,152.2,143.7,nas_delay,late_aircraft_delay,carrier_delay
BZN,11,55,5.618181818181818,1.3818181818181818,52,31.557692307692307,26.21153846153846,31,175.29032258064515,186.73333333333332,nas_delay,carrier_delay,late_aircraft_delay
BZN,12,105,6.266666666666667,-0.3904761904761905,82,32.390243902439025,23.329268292682926,46,233.6086956521739,226.1086956521739,late_aircraft_delay,carrier_delay,nas_delay
CAE,1,46,6.456521739130435,-0.8913043478260869,40,33.7,29.425,42,157.92857142857142,153.5952380952381,late_aircraft_delay,nas_delay,carrier_delay
CAE,2,37,5.108108108108108,-1.162162162162162,29,32.172413793103445,24.620689655172413,16,163.6875,157.125,carrier_delay,late_aircraft_delay,nas_delay
CAE,3,63,6.031746031746032,-1.3174603174603174,51,31.45098039215686,23.84313725490196,28,167.35714285714286,157.5,late_aircraft_delay,carrier_delay,nas_delay
CAE,4,59,6.423728813559322,1.576271186440678,44,31.636363636363637,34.18181818181818,22,127.4090909090909,125.72727272727273,late_aircraft_delay,nas_delay,carrier_delay
CAE,5,61,6.573770491803279,3.721311475409836,62,32.88709677419355,30.483870967741936,51,161.72549019607843,145.76,nas_delay,late_aircraft_delay,carrier_delay
CAE,6,70,6.385714285714286,-0.7142857142857143,52,34.86538461538461,31.019607843137255,31,189.03225806451613,193.16666666666666,carrier_delay,nas_delay,late_aircraft_delay
CAE,7,57,5.578947368421052,6.836363636363636,53,32.24528301886792,31.641509433962263,71,210.50704225352112,213.61971830985917,late_aircraft_delay,nas_delay,carrier_delay
CAE,8,74,5.108108108108108,0.5,51,32.96078431372549,32.68,35,156.82857142857142,157.2,nas_delay,carrier_delay,late_aircraft_delay
CAE,9,57,5.719298245614035,5.0701754385964914,47,35.02127659574468,30.595744680851062,46,160.6086956521739,160.5,nas_delay,carrier_delay,late_aircraft_delay
CAE,10,52,6.788461538461538,0.9038461538461539,55,31.145454545454545,24.01818181818182,18,131.66666666666666,123.38888888888889,nas_delay,carrier_delay,late_aircraft_delay
CAE,11,74,5.986486486486487,4.837837837837838,57,27.912280701754387,22.45614035087719,28,183.96428571428572,172.5185185185185,nas_delay,carrier_delay,late_aircraft_delay
CAE,12,93,5.559139784946237,2.5268817204301075,63,35.58730158730159,30.38095238095238,31,162.48387096774192,158.43333333333334,nas_delay,carrier_delay,late_aircraft_delay
CAK,1,29,6.655172413793103,8.275862068965518,21,33.38095238095238,28.476190476190474,32,148.34375,143.625,nas_delay,late_aircraft_delay,carrier_delay
CAK,2,20,4.8,-3.05,16,32.0625,19.75,13,139.53846153846155,126.53846153846153,carrier_delay,nas_delay,late_aircraft_delay
CAK,3,21,5.809523809523809,1.8095238095238095,21,38.095238095238095,26.952380952380953,12,144.08333333333334,142.5,nas_delay,carrier_delay,late_aircraft_delay
CAK,4,25,6.44,1.2,20,32.55,32.0,23,185.1304347826087,179.34782608695653,carrier_delay,nas_delay,late_aircraft_delay
CAK,5,19,4.631578947368421,2.9473684210526314,22,37.77272727272727,41.36363636363637,38,138.6315789473684,142.6578947368421,nas_delay,late_aircraft_delay,carrier_delay
CAK,6,43,6.6976744186046515,4.255813953488372,37,33.21621621621622,30.02777777777778,41,148.609756097561,144.0,late_aircraft_delay,carrier_delay,nas_delay
CAK,7,37,6.108108108108108,7.27027027027027,40,34.175,32.45,60,154.18333333333334,156.08333333333334,carrier_delay,late_aircraft_delay,nas_delay
CAK,8,19,7.894736842105263,12.894736842105264,23,33.08695652173913,30.5,40,185.625,180.475,nas_delay,late_aircraft_delay,carrier_delay
CAK,9,24,6.75,-0.6666666666666666,21,30.047619047619047,25.333333333333332,34,163.73529411764707,159.3235294117647,carrier_delay,late_aircraft_delay,nas_delay
CAK,10,17,5.352941176470588,5.647058823529412,15,27.133333333333333,19.0,17,123.0,116.88235294117646,carrier_delay,late_aircraft_delay,nas_delay
CAK,11,27,7.62962962962963,6.148148148148148,12,33.416666666666664,23.083333333333332,23,160.69565217391303,154.6086956521739,carrier_delay,nas_delay,late_aircraft_delay
CAK,12,41,6.317073170731708,-5.146341463414634,37,32.86486486486486,26.62162162162162,41,183.5121951219512,176.65,late_aircraft_delay,carrier_delay,nas_delay
CDC,1,2,5.5,20.5,3,25.666666666666668,18.666666666666668,4,154.25,151.0,weather_delay,carrier_delay,nas_delay
CDC,2,1,14.0,8.0,2,38.5,18.0,0,"","",carrier_delay,Nessuna,Nessuna
CDC,3,1,3.0,-8.0,1,36.0,33.0,3,83.33333333333333,75.0,canc_B,carrier_delay,weather_delay
CDC,4,1,3.0,-12.0,2,48.5,40.5,4,138.5,126.75,carrier_delay,security_delay,Nessuna
CDC,5,3,2.6666666666666665,-1.0,4,42.5,33.75,2,475.5,462.5,carrier_delay,weather_delay,nas_delay
CDC,6,3,9.0,1.0,3,28.666666666666668,32.333333333333336,6,225.16666666666666,219.0,carrier_delay,weather_delay,nas_delay
CDC,7,1,4.0,-7.0,3,26.333333333333332,18.333333333333332,6,175.66666666666666,172.0,carrier_delay,weather_delay,nas_delay
CDC,8,1,14.0,6.0,1,30.0,18.0,1,92.0,87.0,carrier_delay,weather_delay,Nessuna
CDC,9,0,"","",1,59.0,44.0,2,110.5,101.0,carrier_delay,Nessuna,Nessuna
CDC,10,0,"","",1,17.0,5.0,3,132.0,136.66666666666666,carrier_delay,nas_delay,weather_delay
CDC,11,2,4.0,0.5,3,37.0,29.333333333333332,3,106.33333333333333,109.0,carrier_delay,nas_delay,Nessuna
CDC,12,1,10.0,15.0,3,29.0,19.666666666666668,3,124.33333333333333,110.66666666666667,carrier_delay,nas_delay,weather_delay
CDV,1,4,6.75,5.5,10,29.8,40.77777777777778,6,140.16666666666666,90.4,nas_delay,late_aircraft_delay,canc_B
CDV,2,4,4.75,4.75,7,30.0,25.833333333333332,1,213.0,206.0,late_aircraft_delay,canc_A,Nessuna
CDV,3,5,6.6,4.0,7,36.142857142857146,34.57142857142857,4,95.75,94.0,late_aircraft_delay,nas_delay,carrier_delay
CDV,4,2,10.5,19.0,5,34.0,31.75,2,178.0,173.5,late_aircraft_delay,canc_A,canc_B
CDV,5,6,6.5,7.333333333333333,5,33.6,36.75,2,100.0,92.0,late_aircraft_delay,carrier_delay,nas_delay
CDV,6,15,6.066666666666666,7.266666666666667,4,34.75,45.5,2,73.0,62.0,nas_delay,late_aircraft_delay,security_delay
CDV,7,14,7.0,7.071428571428571,11,31.818181818181817,33.27272727272727,1,228.0,233.0,nas_delay,late_aircraft_delay,carrier_delay
CDV,8,15,6.933333333333334,5.666666666666667,16,31.0625,31.6875,3,126.66666666666667,133.5,late_aircraft_delay,nas_delay,carrier_delay
CDV,9,17,6.705882352941177,12.058823529411764,10,27.9,21.5,3,104.66666666666667,101.0,late_aircraft_delay,nas_delay,carrier_delay
CDV,10,6,5.0,5.0,7,22.428571428571427,21.857142857142858,1,118.0,109.0,late_aircraft_delay,nas_delay,canc_B
CDV,11,3,5.0,-1.3333333333333333,3,34.666666666666664,41.333333333333336,1,73.0,84.0,late_aircraft_delay,nas_delay,canc_A
CDV,12,6,7.5,5.666666666666667,10,32.8,32.333333333333336,3,112.0,126.0,late_aircraft_delay,nas_delay,security_delay
CHA,1,66,5.803030303030303,3.8484848484848486,69,32.27536231884058,28.323529411764707,47,144.0212765957447,142.17021276595744,late_aircraft_delay,nas_delay,carrier_delay
CHA,2,62,6.580645161290323,2.3548387096774195,36,31.47222222222222,23.61111111111111,18,132.22222222222223,123.77777777777777,carrier_delay,nas_delay,late_aircraft_delay
CHA,3,76,5.9868421052631575,0.3026315789473684,54,31.72222222222222,25.660377358490567,43,173.88372093023256,168.51162790697674,carrier_delay,late_aircraft_delay,nas_delay
CHA,4,92,6.239130434782608,4.582417582417582,72,29.88888888888889,26.88888888888889,41,166.8780487804878,162.0487804878049,carrier_delay,late_aircraft_delay,nas_delay
CHA,5,80,6.275,2.3797468354430378,99,29.848484848484848,26.838383838383837,61,166.5737704918033,167.65573770491804,nas_delay,carrier_delay,late_aircraft_delay
CHA,6,93,6.043010752688172,-1.2391304347826086,67,30.507462686567163,26.059701492537314,40,111.425,106.95,carrier_delay,late_aircraft_delay,nas_delay
CHA,7,81,6.938271604938271,5.604938271604938,82,36.31707317073171,35.3780487804878,63,208.52380952380952,202.5873015873016,late_aircraft_delay,carrier_delay,nas_delay
CHA,8,67,6.477611940298507,0.05970149253731343,64,32.5,28.078125,33,186.54545454545453,185.45454545454547,carrier_delay,nas_delay,late_aircraft_delay
CHA,9,67,6.268656716417911,1.1343283582089552,48,32.458333333333336,28.520833333333332,36,205.25,201.80555555555554,carrier_delay,late_aircraft_delay,nas_delay
CHA,10,95,5.978947368421053,-2.431578947368421,53,31.528301886792452,25.22641509433962,18,179.11111111111111,169.5,carrier_delay,late_aircraft_delay,nas_delay
CHA,11,89,6.033707865168539,-0.8539325842696629,52,28.634615384615383,20.98076923076923,32,201.09375,201.53125,nas_delay,carrier_delay,late_aircraft_delay
CHA,12,103,6.281553398058253,1.1553398058252426,77,30.07792207792208,25.662337662337663,57,139.10526315789474,136.75438596491227,late_aircraft_delay,carrier_delay,nas_delay
CHO,1,16,6.125,8.875,15,33.266666666666666,35.333333333333336,23,126.95652173913044,125.30434782608695,nas_delay,carrier_delay,canc_B
CHO,2,14,5.428571428571429,18.0,9,30.555555555555557,22.88888888888889,8,219.375,217.5,nas_delay,carrier_delay,late_aircraft_delay
CHO,3,16,6.5,-3.0,12,33.666666666666664,32.416666666666664,13,125.0,120.23076923076923,nas_delay,carrier_delay,late_aircraft_delay
CHO,4,22,5.590909090909091,-0.22727272727272727,23,37.30434782608695,33.869565217391305,16,222.9375,218.125,nas_delay,late_aircraft_delay,carrier_delay
CHO,5,42,5.380952380952381,3.761904761904762,20,29.0,26.9,28,179.28571428571428,179.85185185185185,nas_delay,carrier_delay,late_aircraft_delay
CHO,6,34,5.294117647058823,5.878787878787879,18,37.22222222222222,31.555555555555557,12,227.16666666666666,223.41666666666666,nas_delay,carrier_delay,late_aircraft_delay
CHO,7,20,7.55,9.25,29,32.86206896551724,32.724137931034484,31,178.58064516129033,174.80645161290323,nas_delay,late_aircraft_delay,carrier_delay
CHO,8,31,6.290322580645161,7.096774193548387,25,34.88,41.8,25,145.8,140.32,nas_delay,late_aircraft_delay,carrier_delay
CHO,9,29,5.517241379310345,3.0344827586206895,16,33.625,33.0,12,226.33333333333334,219.08333333333334,nas_delay,carrier_delay,late_aircraft_delay
CHO,10,49,6.408163265306122,6.510204081632653,22,32.31818181818182,32.31818181818182,12,116.91666666666667,114.16666666666667,nas_delay,carrier_delay,late_aircraft_delay
CHO,11,35,6.2,1.5142857142857142,10,27.1,24.3,11,183.9090909090909,180.72727272727272,nas_delay,carrier_delay,late_aircraft_delay
CHO,12,43,6.255813953488372,1.8372093023255813,32,28.3125,26.125,25,170.28,170.12,nas_delay,carrier_delay,late_aircraft_delay
CHS,1,209,5.851674641148326,-1.5358851674641147,180,33.99444444444445,29.394444444444446,152,176.81578947368422,176.18421052631578,late_aircraft_delay,nas_delay,carrier_delay
CHS,2,193,5.766839378238342,-0.4270833333333333,142,30.929577464788732,24.140845070422536,77,177.4025974025974,171.42857142857142,late_aircraft_delay,nas_delay,carrier_delay
CHS,3,273,6.117216117216117,-0.055350553505535055,234,30.427350427350426,22.84978540772532,134,164.22388059701493,160.49253731343285,late_aircraft_delay,nas_delay,carrier_delay
CHS,4,309,6.210355987055016,0.46601941747572817,230,31.091304347826085,26.1,139,155.431654676259,152.85611510791367,late_aircraft_delay,nas_delay,carrier_delay
CHS,5,360,6.347222222222222,3.7402234636871508,296,31.070945945945947,29.440677966101696,210,162.5047619047619,164.22857142857143,late_aircraft_delay,nas_delay,carrier_delay
CHS,6,371,6.2668463611859835,2.710810810810811,317,31.22712933753943,28.415335463258785,168,177.6845238095238,175.50299401197606,late_aircraft_delay,nas_delay,carrier_delay
CHS,7,373,6.412868632707775,4.257372654155496,349,32.50429799426934,32.80515759312321,292,161.76027397260273,162.99312714776633,late_aircraft_delay,nas_delay,carrier_delay
CHS,8,296,6.003378378378378,1.8775510204081634,303,30.72937293729373,26.88372093023256,198,148.96969696969697,147.46969696969697,late_aircraft_delay,nas_delay,carrier_delay
CHS,9,274,5.992700729927007,1.3175182481751824,208,30.466346153846153,27.41346153846154,93,179.0752688172043,177.3586956521739,nas_delay,late_aircraft_delay,carrier_delay
CHS,10,348,5.997126436781609,-1.0718390804597702,168,28.577380952380953,19.767857142857142,60,171.01666666666668,165.0,late_aircraft_delay,nas_delay,carrier_delay
CHS,11,260,6.061538461538461,2.0,151,30.05960264900662,25.397350993377483,72,148.68055555555554,146.6338028169014,nas_delay,late_aircraft_delay,carrier_delay
CHS,12,314,6.522292993630574,0.2961783439490446,238,32.260504201680675,26.6864406779661,136,139.86764705882354,135.27205882352942,late_aircraft_delay,nas_delay,carrier_delay
CID,1,86,6.732558139534884,5.174418604651163,78,32.217948717948715,25.487179487179485,96,245.08333333333334,243.90625,nas_delay,late_aircraft_delay,carrier_delay
CID,2,65,5.4,-5.369230769230769,48,30.625,22.0,21,185.47619047619048,170.42857142857142,late_aircraft_delay,carrier_delay,nas_delay
CID,3,80,6.3375,-5.2,50,30.88,24.428571428571427,37,180.97297297297297,175.8918918918919,nas_delay,late_aircraft_delay,carrier_delay
CID,4,69,6.507246376811594,3.264705882352941,54,31.314814814814813,32.03703703703704,36,177.55555555555554,181.75,nas_delay,carrier_delay,late_aircraft_delay
CID,5,87,6.114942528735632,3.781609195402299,73,29.753424657534246,28.616438356164384,93,169.27956989247312,173.8804347826087,nas_delay,late_aircraft_delay,carrier_delay
CID,6,105,5.285714285714286,4.048076923076923,77,34.02597402597402,31.948051948051948,63,231.23809523809524,230.25396825396825,carrier_delay,nas_delay,late_aircraft_delay
CID,7,115,7.086956521739131,4.852173913043479,96,32.510416666666664,34.4375,69,216.2173913043478,215.92753623188406,carrier_delay,nas_delay,late_aircraft_delay
CID,8,104,6.798076923076923,9.798076923076923,87,31.82758620689655,36.770114942528735,58,178.08620689655172,178.24561403508773,nas_delay,carrier_delay,late_aircraft_delay
CID,9,83,6.445783132530121,-0.012048192771084338,55,30.618181818181817,24.0,28,177.07142857142858,174.0,nas_delay,carrier_delay,late_aircraft_delay
CID,10,93,5.645161290322581,0.8817204301075269,47,29.93617021276596,24.76595744680851,43,132.69767441860466,122.81395348837209,carrier_delay,nas_delay,late_aircraft_delay
CID,11,86,5.255813953488372,3.2674418604651163,45,31.466666666666665,30.022222222222222,35,187.62857142857143,186.61764705882354,carrier_delay,nas_delay,late_aircraft_delay
CID,12,128,6.625,-0.5748031496062992,102,29.901960784313726,20.88235294117647,61,215.54098360655738,214.32203389830508,carrier_delay,nas_delay,late_aircraft_delay
CIU,1,5,4.8,-1.8,3,39.333333333333336,14.5,13,249.46153846153845,250.07692307692307,carrier_delay,nas_delay,weather_delay
CIU,2,5,5.4,6.8,5,31.0,20.2,9,299.0,278.77777777777777,carrier_delay,nas_delay,canc_B
CIU,3,5,6.0,-6.6,1,21.0,19.0,7,229.42857142857142,214.0,carrier_delay,weather_delay,nas_delay
CIU,4,5,4.8,-4.6,2,15.5,1.0,7,161.42857142857142,145.85714285714286,carrier_delay,Nessuna,Nessuna
CIU,5,5,6.6,-1.8,3,31.666666666666668,22.666666666666668,5,202.6,197.6,carrier_delay,nas_delay,weather_delay
CIU,6,6,6.333333333333333,3.1666666666666665,7,28.142857142857142,27.142857142857142,7,256.2857142857143,260.85714285714283,carrier_delay,nas_delay,weather_delay
CIU,7,8,4.375,3.0,4,35.25,30.5,7,167.71428571428572,159.57142857142858,carrier_delay,nas_delay,weather_delay
CIU,8,8,4.75,4.625,5,29.2,29.8,1,113.0,119.0,carrier_delay,nas_delay,weather_delay
CIU,9,7,5.714285714285714,-1.1428571428571428,0,"","",8,113.0,110.25,weather_delay,carrier_delay,nas_delay
CIU,10,6,8.166666666666666,5.0,4,42.0,33.75,7,204.85714285714286,196.57142857142858,carrier_delay,nas_delay,weather_delay
CIU,11,4,4.0,6.25,4,31.25,32.25,2,125.0,121.0,carrier_delay,nas_delay,weather_delay
CIU,12,8,6.75,5.75,12,29.75,25.5,17,181.58823529411765,176.76470588235293,carrier_delay,nas_delay,canc_B
CKB,1,4,8.5,-1.0,1,36.0,31.0,1,1220.0,1235.0,late_aircraft_delay,nas_delay,Nessuna
CKB,2,2,10.5,1.0,3,29.333333333333332,25.333333333333332,1,202.0,200.0,carrier_delay,late_aircraft_delay,nas_delay
CKB,3,5,4.8,7.2,2,20.5,4.5,2,110.5,105.0,nas_delay,carrier_delay,late_aircraft_delay
CKB,4,5,7.2,2.2,1,37.0,23.0,3,103.66666666666667,117.33333333333333,late_aircraft_delay,carrier_delay,nas_delay
CKB,5,8,7.5,5.625,5,33.0,33.6,3,105.66666666666667,113.66666666666667,late_aircraft_delay,nas_delay,carrier_delay
CKB,6,5,9.2,4.0,8,43.0,45.0,2,120.5,117.0,late_aircraft_delay,carrier_delay,nas_delay
CKB,7,4,6.75,1.5,9,31.11111111111111,36.0,6,280.6666666666667,284.0,late_aircraft_delay,carrier_delay,nas_delay
CKB,8,5,6.2,5.0,6,31.833333333333332,31.166666666666668,3,549.3333333333334,560.3333333333334,nas_delay,security_delay,late_aircraft_delay
CKB,9,1,6.0,85.0,3,21.333333333333332,24.666666666666668,0,"","",nas_delay,carrier_delay,late_aircraft_delay
CKB,10,2,10.5,4.0,2,25.0,12.5,2,72.0,76.0,late_aircraft_delay,nas_delay,carrier_delay
CKB,11,5,7.8,1.2,1,17.0,12.0,1,78.0,79.0,late_aircraft_delay,nas_delay,carrier_delay
CKB,12,2,7.0,-7.0,3,20.333333333333332,16.666666666666668,3,113.33333333333333,111.33333333333333,late_aircraft_delay,carrier_delay,nas_delay
CLE,1,350,6.142857142857143,1.0542857142857143,388,31.577319587628867,27.97680412371134,273,174.94871794871796,171.82051282051282,nas_delay,late_aircraft_delay,carrier_delay
CLE,2,283,6.106007067137809,-4.49645390070922,249,30.634538152610443,19.27710843373494,102,131.72549019607843,122.56862745098039,late_aircraft_delay,nas_delay,carrier_delay
CLE,3,380,6.347368421052631,-0.8443271767810027,377,32.44562334217507,24.51595744680851,248,143.8508064516129,139.24193548387098,nas_delay,late_aircraft_delay,carrier_delay
CLE,4,421,5.7173396674584325,-3.0855106888361044,339,32.064896755162245,24.28698224852071,189,167.22222222222223,162.43085106382978,late_aircraft_delay,nas_delay,carrier_delay
CLE,5,511,6.021526418786693,1.956777996070727,406,32.30541871921182,28.65841584158416,289,149.07612456747404,147.52961672473867,nas_delay,late_aircraft_delay,carrier_delay
CLE,6,607,5.947281713344316,0.2471169686985173,493,31.43813387423935,26.46530612244898,330,156.1757575757576,150.51829268292684,late_aircraft_delay,carrier_delay,nas_delay
CLE,7,536,6.313432835820896,1.7584269662921348,518,31.76061776061776,27.607766990291264,397,162.6448362720403,158.32994923857868,late_aircraft_delay,nas_delay,carrier_delay
CLE,8,520,5.9192307692307695,1.7137330754352031,434,31.07373271889401,26.893764434180138,236,167.82627118644066,168.9145299145299,nas_delay,late_aircraft_delay,carrier_delay
CLE,9,444,5.6058558558558556,-0.1036036036036036,250,31.34,27.401606425702813,100,166.27,162.28,nas_delay,late_aircraft_delay,carrier_delay
CLE,10,398,5.947236180904523,-0.8241206030150754,229,30.48471615720524,22.816593886462883,117,143.06837606837607,134.55555555555554,carrier_delay,nas_delay,late_aircraft_delay
CLE,11,370,5.848648648648648,-1.7378378378378379,247,30.967611336032387,21.955102040816328,139,139.76978417266187,133.79856115107913,nas_delay,carrier_delay,late_aircraft_delay
CLE,12,557,6.201077199281867,0.18850987432675045,432,31.104166666666668,25.053488372093025,222,124.85135135135135,122.18099547511312,nas_delay,carrier_delay,late_aircraft_delay
CLL,1,9,4.555555555555555,2.3333333333333335,7,27.714285714285715,32.57142857142857,10,178.8,183.1,carrier_delay,nas_delay,late_aircraft_delay
CLL,2,9,4.444444444444445,13.666666666666666,3,21.0,30.333333333333332,2,174.0,163.0,nas_delay,carrier_delay,late_aircraft_delay
CLL,3,5,4.0,-7.0,3,41.0,34.333333333333336,3,147.66666666666666,161.66666666666666,nas_delay,late_aircraft_delay,canc_B
CLL,4,10,8.4,12.88888888888889,3,24.666666666666668,26.0,11,179.72727272727272,189.8181818181818,nas_delay,late_aircraft_delay,weather_delay
CLL,5,6,6.333333333333333,2.1666666666666665,7,31.428571428571427,31.142857142857142,14,262.42857142857144,264.07142857142856,nas_delay,carrier_delay,late_aircraft_delay
CLL,6,10,7.6,3.1,11,33.27272727272727,32.81818181818182,7,146.14285714285714,148.0,late_aircraft_delay,nas_delay,carrier_delay
CLL,7,9,8.444444444444445,6.666666666666667,19,29.210526315789473,22.68421052631579,11,119.36363636363636,116.45454545454545,late_aircraft_delay,carrier_delay,nas_delay
CLL,8,8,7.25,5.125,11,31.636363636363637,26.454545454545453,6,222.83333333333334,218.5,late_aircraft_delay,nas_delay,carrier_delay
CLL,9,5,6.2,8.6,10,26.3,20.6,6,135.33333333333334,127.5,late_aircraft_delay,nas_delay,weather_delay
CLL,10,7,8.0,6.142857142857143,5,36.4,35.6,9,187.88888888888889,183.0,carrier_delay,late_aircraft_delay,nas_delay
CLL,11,5,8.0,8.0,10,31.1,21.7,8,151.875,148.28571428571428,late_aircraft_delay,carrier_delay,weather_delay
CLL,12,5,4.2,0.8,9,35.77777777777778,28.88888888888889,13,137.84615384615384,134.69230769230768,carrier_delay,late_aircraft_delay,weather_delay
CLT,1,2809,5.986828052687789,1.9946447697250982,2629,32.28375808292126,27.93518871521159,1655,136.26948640483383,132.78142076502732,late_aircraft_delay,carrier_delay,nas_delay
CLT,2,2694,5.956198960653303,1.4888475836431228,1887,30.843667196608372,25.969198088157196,711,125.89310829817158,120.12994350282486,carrier_delay,nas_delay,late_aircraft_delay
CLT,3,3267,6.176614631160086,1.6391879421716395,2786,31.089734386216797,26.526978417266186,1400,136.515,132.1351931330472,carrier_delay,late_aircraft_delay,nas_delay
CLT,4,3452,6.132097334878331,3.6261274367180683,2844,31.4873417721519,28.797040169133194,1487,133.41425689307331,130.5415259959487,carrier_delay,late_aircraft_delay,nas_delay
CLT,5,3581,6.294889695615749,7.013997760358342,4002,32.69340329835082,33.6626536242789,2815,143.32504440497337,143.49214285714285,late_aircraft_delay,carrier_delay,nas_delay
CLT,6,3470,6.201440922190201,1.3908145580589255,3448,32.53364269141532,27.94021580635754,2258,146.1324180690877,141.30525846702318,carrier_delay,late_aircraft_delay,nas_delay
CLT,7,3041,6.324893127260769,2.4087013843111404,4024,33.84493041749503,31.084457771114444,4347,154.53301127214172,151.13770794824399,late_aircraft_delay,carrier_delay,nas_delay
CLT,8,3348,6.265232974910394,2.32873425314937,3559,32.12110143298679,28.669763513513512,2400,149.47791666666666,145.10020876826724,late_aircraft_delay,carrier_delay,nas_delay
CLT,9,3248,6.306034482758621,1.1705737199259716,2554,31.472200469851213,26.46235294117647,1485,141.23771043771043,135.5527027027027,late_aircraft_delay,carrier_delay,nas_delay
CLT,10,3817,6.134660728320671,-0.673394495412844,2677,29.84871124392977,22.79116766467066,964,146.798755186722,138.8643006263048,carrier_delay,late_aircraft_delay,nas_delay
CLT,11,2942,6.014615907545887,1.8272696361781706,1766,30.607021517553793,26.346568349404425,648,123.5679012345679,117.55451713395638,carrier_delay,nas_delay,late_aircraft_delay
CLT,12,3326,6.2802164762477455,1.842168674698795,2911,31.73170731707317,26.793721973094172,1474,132.93419267299865,127.11126279863481,carrier_delay,late_aircraft_delay,nas_delay
CMH,1,423,5.962174940898345,1.442080378250591,351,31.242165242165242,26.297994269340975,173,154.21387283236993,154.37426900584796,nas_delay,late_aircraft_delay,carrier_delay
CMH,2,377,5.970822281167108,-1.1352785145888593,307,30.221498371335503,24.07843137254902,108,132.0,126.94444444444444,nas_delay,carrier_delay,late_aircraft_delay
CMH,3,491,6.0733197556008145,-0.3224489795918367,398,31.8643216080402,23.7808564231738,194,151.41237113402062,149.3556701030928,nas_delay,late_aircraft_delay,carrier_delay
CMH,4,476,6.138655462184874,0.8760504201680672,300,30.803333333333335,23.732441471571907,178,138.57303370786516,133.84571428571428,nas_delay,late_aircraft_delay,carrier_delay
CMH,5,523,6.009560229445507,1.7418738049713194,428,32.11915887850467,28.78688524590164,284,131.52464788732394,133.89716312056737,nas_delay,late_aircraft_delay,carrier_delay
CMH,6,596,6.075503355704698,1.1932773109243697,406,30.66256157635468,24.53846153846154,247,145.87044534412956,142.65843621399176,late_aircraft_delay,carrier_delay,nas_delay
CMH,7,519,5.917148362235068,1.9259259259259258,484,31.40495867768595,27.72463768115942,349,156.89111747851004,154.56772334293947,late_aircraft_delay,carrier_delay,nas_delay
CMH,8,508,6.202755905511811,0.27416173570019725,407,31.282555282555283,27.435323383084576,266,169.72932330827066,168.30827067669173,nas_delay,late_aircraft_delay,carrier_delay
CMH,9,439,5.724373576309795,-0.3439635535307517,265,30.422641509433962,25.588679245283018,135,186.6074074074074,183.61194029850745,nas_delay,late_aircraft_delay,carrier_delay
CMH,10,448,5.685267857142857,-3.0825892857142856,268,29.529850746268657,20.66044776119403,98,180.8265306122449,173.1734693877551,nas_delay,carrier_delay,late_aircraft_delay
CMH,11,453,5.823399558498896,-1.403973509933775,271,29.88560885608856,22.608856088560884,134,126.0223880597015,124.61654135338345,nas_delay,carrier_delay,late_aircraft_delay
CMH,12,680,6.239705882352941,-2.776470588235294,474,31.128691983122362,24.314345991561183,184,152.8695652173913,147.8342541436464,carrier_delay,nas_delay,late_aircraft_delay
CMI,1,12,7.666666666666667,6.166666666666667,17,30.294117647058822,28.88235294117647,12,179.08333333333334,173.58333333333334,canc_B,late_aircraft_delay,nas_delay
CMI,2,13,7.0,-2.3076923076923075,11,35.54545454545455,34.0,2,141.0,139.5,nas_delay,late_aircraft_delay,carrier_delay
CMI,3,17,4.117647058823529,-4.0588235294117645,12,30.0,34.25,10,264.8,250.0,nas_delay,late_aircraft_delay,carrier_delay
CMI,4,16,8.625,3.125,12,29.583333333333332,18.583333333333332,8,314.375,316.25,carrier_delay,nas_delay,late_aircraft_delay
CMI,5,11,5.0,1.3636363636363635,19,32.89473684210526,28.57894736842105,21,171.38095238095238,176.23809523809524,late_aircraft_delay,nas_delay,carrier_delay
CMI,6,10,6.9,-4.9,15,31.666666666666668,28.6,14,200.07142857142858,191.21428571428572,late_aircraft_delay,carrier_delay,nas_delay
CMI,7,9,7.222222222222222,3.0,21,34.80952380952381,33.23809523809524,6,126.5,124.2,late_aircraft_delay,carrier_delay,nas_delay
CMI,8,15,8.2,-6.0,13,28.846153846153847,17.692307692307693,9,123.22222222222223,114.88888888888889,late_aircraft_delay,carrier_delay,nas_delay
CMI,9,18,6.555555555555555,0.16666666666666666,8,32.0,17.375,13,229.15384615384616,223.6153846153846,nas_delay,late_aircraft_delay,carrier_delay
CMI,10,9,6.0,-9.11111111111111,5,33.2,31.8,1,244.0,254.0,carrier_delay,nas_delay,late_aircraft_delay
CMI,11,5,9.4,-2.0,6,34.666666666666664,28.333333333333332,4,194.25,205.5,nas_delay,late_aircraft_delay,carrier_delay
CMI,12,13,4.384615384615385,-1.6923076923076923,10,42.7,33.0,7,143.28571428571428,133.57142857142858,carrier_delay,nas_delay,late_aircraft_delay
CMX,1,6,6.0,8.333333333333334,2,24.5,33.0,9,112.77777777777777,97.22222222222223,canc_B,carrier_delay,late_aircraft_delay
CMX,2,3,6.666666666666667,8.0,3,42.0,29.666666666666668,3,82.0,79.33333333333333,carrier_delay,nas_delay,canc_B
CMX,3,4,3.25,13.75,5,38.4,28.6,4,254.75,247.0,carrier_delay,nas_delay,late_aircraft_delay
CMX,4,1,8.0,9.0,5,40.8,29.6,12,111.08333333333333,104.08333333333333,late_aircraft_delay,carrier_delay,nas_delay
CMX,5,6,9.0,1.3333333333333333,11,30.0,26.4,11,221.63636363636363,217.9090909090909,late_aircraft_delay,carrier_delay,nas_delay
CMX,6,4,9.5,3.25,5,44.8,33.4,6,121.5,121.5,late_aircraft_delay,carrier_delay,nas_delay
CMX,7,3,3.0,2.3333333333333335,2,56.0,45.5,6,177.66666666666666,178.16666666666666,carrier_delay,weather_delay,nas_delay
CMX,8,3,6.666666666666667,5.333333333333333,13,38.46153846153846,35.61538461538461,11,98.9090909090909,98.0909090909091,carrier_delay,nas_delay,late_aircraft_delay
CMX,9,3,4.0,-3.3333333333333335,12,30.833333333333332,30.083333333333332,4,188.0,176.5,carrier_delay,late_aircraft_delay,nas_delay
CMX,10,7,5.0,12.285714285714286,7,35.285714285714285,28.714285714285715,2,156.0,141.0,carrier_delay,late_aircraft_delay,nas_delay
CMX,11,1,2.0,10.0,6,34.0,37.0,7,353.42857142857144,348.14285714285717,carrier_delay,nas_delay,weather_delay
CMX,12,5,7.8,26.4,9,35.22222222222222,38.22222222222222,10,217.5,209.5,nas_delay,carrier_delay,weather_delay
CNY,1,0,"","",1,47.0,35.0,2,161.5,145.5,canc_B,late_aircraft_delay,carrier_delay
COD,5,4,9.75,11.25,5,30.4,23.2,3,98.0,93.66666666666667,nas_delay,late_aircraft_delay,carrier_delay
COD,6,14,5.928571428571429,4.285714285714286,15,33.06666666666667,36.142857142857146,11,156.72727272727272,147.8181818181818,carrier_delay,nas_delay,late_aircraft_delay
COD,7,13,6.538461538461538,-3.8461538461538463,16,31.9375,23.3125,12,188.41666666666666,182.83333333333334,late_aircraft_delay,carrier_delay,nas_delay
COD,8,11,5.636363636363637,2.5454545454545454,17,28.941176470588236,22.941176470588236,18,162.55555555555554,158.22222222222223,nas_delay,carrier_delay,late_aircraft_delay
COD,9,11,9.181818181818182,0.2727272727272727,16,31.625,23.0,10,171.9,160.1,carrier_delay,nas_delay,late_aircraft_delay
COD,10,11,5.454545454545454,-7.909090909090909,7,32.42857142857143,30.0,1,83.0,91.0,carrier_delay,nas_delay,weather_delay
COD,11,7,3.857142857142857,7.428571428571429,4,41.5,29.25,8,167.625,168.125,carrier_delay,nas_delay,late_aircraft_delay
COD,12,7,4.428571428571429,-0.42857142857142855,4,25.5,11.5,1,96.0,78.0,carrier_delay,nas_delay,late_aircraft_delay
COS,1,134,6.1716417910447765,2.6742424242424243,106,31.056603773584907,24.67924528301887,64,182.328125,170.984126984127,nas_delay,late_aircraft_delay,carrier_delay
COS,2,109,5.798165137614679,4.009174311926605,76,35.88157894736842,35.723684210526315,48,187.5625,191.04255319148936,nas_delay,late_aircraft_delay,carrier_delay
COS,3,131,5.694656488549619,3.954198473282443,96,30.572916666666668,30.770833333333332,46,124.0,120.82222222222222,nas_delay,late_aircraft_delay,carrier_delay
COS,4,129,6.217054263565892,0.8267716535433071,96,32.03125,29.5625,51,132.72549019607843,131.88235294117646,late_aircraft_delay,nas_delay,carrier_delay
COS,5,183,6.295081967213115,2.0549450549450547,139,32.194244604316545,28.77536231884058,104,154.64423076923077,154.25242718446603,late_aircraft_delay,carrier_delay,nas_delay
COS,6,179,6.35754189944134,3.853107344632768,145,30.889655172413793,26.75862068965517,76,146.8815789473684,146.5,late_aircraft_delay,carrier_delay,nas_delay
COS,7,176,6.443181818181818,2.6685714285714286,180,30.516666666666666,26.502793296089386,91,158.02197802197801,156.58241758241758,late_aircraft_delay,carrier_delay,nas_delay
COS,8,131,6.427480916030534,1.786259541984733,123,32.479674796747965,26.959016393442624,106,150.78301886792454,142.14150943396226,late_aircraft_delay,carrier_delay,nas_delay
COS,9,120,6.175,-1.2666666666666666,112,32.13392857142857,23.178571428571427,50,186.68,181.32,carrier_delay,late_aircraft_delay,nas_delay
COS,10,144,5.791666666666667,-0.8819444444444444,87,31.32183908045977,23.126436781609197,56,142.58928571428572,133.98214285714286,carrier_delay,late_aircraft_delay,nas_delay
COS,11,142,5.795774647887324,3.387323943661972,78,33.55128205128205,32.217948717948715,53,131.0188679245283,131.1320754716981,nas_delay,carrier_delay,late_aircraft_delay
COS,12,129,5.488372093023256,-4.348837209302325,119,30.168067226890756,22.364406779661017,51,157.76470588235293,156.76470588235293,late_aircraft_delay,carrier_delay,nas_delay
COU,1,15,6.4,-5.4,12,29.5,31.916666666666668,17,151.1764705882353,149.94117647058823,nas_delay,canc_B,weather_delay
COU,2,15,6.666666666666667,0.26666666666666666,12,22.416666666666668,13.5,4,106.25,102.5,nas_delay,late_aircraft_delay,carrier_delay
COU,3,20,7.1,-0.15,15,31.066666666666666,26.533333333333335,9,98.22222222222223,106.55555555555556,nas_delay,late_aircraft_delay,carrier_delay
COU,4,17,7.117647058823529,7.0625,11,38.36363636363637,38.36363636363637,6,102.16666666666667,115.5,nas_delay,late_aircraft_delay,weather_delay
COU,5,19,7.631578947368421,9.263157894736842,21,30.0,42.80952380952381,19,138.8421052631579,144.52631578947367,nas_delay,late_aircraft_delay,carrier_delay
COU,6,23,6.260869565217392,-0.391304347826087,31,29.774193548387096,23.387096774193548,27,102.4074074074074,97.70370370370371,late_aircraft_delay,carrier_delay,nas_delay
COU,7,29,5.0,8.206896551724139,30,33.46666666666667,29.966666666666665,23,120.17391304347827,121.04347826086956,late_aircraft_delay,nas_delay,carrier_delay
COU,8,15,5.533333333333333,9.6,23,28.391304347826086,21.608695652173914,6,250.5,246.0,carrier_delay,nas_delay,late_aircraft_delay
COU,9,15,7.933333333333334,2.3333333333333335,17,31.88235294117647,22.88235294117647,6,156.83333333333334,152.66666666666666,nas_delay,carrier_delay,late_aircraft_delay
COU,10,19,5.473684210526316,-6.578947368421052,16,29.25,20.6875,7,397.57142857142856,386.14285714285717,carrier_delay,nas_delay,late_aircraft_delay
COU,11,19,7.0,0.42105263157894735,23,29.043478260869566,36.0,8,218.875,213.375,nas_delay,carrier_delay,late_aircraft_delay
COU,12,25,7.4,-1.84,26,30.923076923076923,34.03846153846154,21,229.71428571428572,229.0,carrier_delay,nas_delay,late_aircraft_delay
CPR,1,3,4.666666666666667,5.666666666666667,2,23.0,7.0,2,146.5,131.5,carrier_delay,late_aircraft_delay,nas_delay
CPR,2,2,1.5,-21.5,0,"","",0,"","",Nessuna,Nessuna,Nessuna
CPR,3,3,7.666666666666667,-4.333333333333333,3,27.0,17.666666666666668,0,"","",carrier_delay,nas_delay,Nessuna
CPR,4,2,3.5,-11.5,0,"","",0,"","",Nessuna,Nessuna,Nessuna
CPR,5,13,3.230769230769231,-15.923076923076923,6,26.0,11.166666666666666,6,224.0,206.5,weather_delay,nas_delay,carrier_delay
CPR,6,25,6.16,-2.32,38,28.94736842105263,18.44736842105263,17,159.05882352941177,152.47058823529412,carrier_delay,nas_delay,late_aircraft_delay
CPR,7,21,4.714285714285714,2.0952380952380953,17,36.470588235294116,22.647058823529413,13,157.30769230769232,145.23076923076923,carrier_delay,late_aircraft_delay,nas_delay
CPR,8,31,6.161290322580645,-2.774193548387097,26,29.96153846153846,17.0,21,142.8095238095238,137.33333333333334,carrier_delay,nas_delay,late_aircraft_delay
CPR,9,15,7.4,-7.4,11,28.636363636363637,21.09090909090909,10,128.7,112.5,carrier_delay,nas_delay,late_aircraft_delay
CPR,10,18,5.277777777777778,-1.9444444444444444,19,35.94736842105263,30.36842105263158,7,250.42857142857142,253.42857142857142,carrier_delay,nas_delay,late_aircraft_delay
CPR,11,18,7.0,-2.5555555555555554,13,37.07692307692308,35.76923076923077,13,134.3846153846154,132.84615384615384,carrier_delay,nas_delay,late_aircraft_delay
CPR,12,17,4.0588235294117645,-1.1764705882352942,11,31.0,13.181818181818182,5,182.0,180.0,carrier_delay,nas_delay,late_aircraft_delay
CRP,1,26,6.153846153846154,5.769230769230769,27,29.0,32.407407407407405,33,141.3030303030303,151.06060606060606,late_aircraft_delay,nas_delay,weather_delay
CRP,2,17,5.882352941176471,4.647058823529412,23,31.565217391304348,28.304347826086957,4,128.75,119.25,nas_delay,late_aircraft_delay,carrier_delay
CRP,3,28,6.0,1.8214285714285714,32,33.0,27.78125,14,156.42857142857142,160.92857142857142,late_aircraft_delay,nas_delay,carrier_delay
CRP,4,32,7.65625,4.75,22,33.18181818181818,33.04545454545455,22,141.13636363636363,148.04545454545453,late_aircraft_delay,nas_delay,carrier_delay
CRP,5,44,7.045454545454546,11.181818181818182,48,33.729166666666664,33.145833333333336,48,151.41666666666666,159.5531914893617,nas_delay,late_aircraft_delay,weather_delay
CRP,6,41,6.7560975609756095,5.317073170731708,50,32.88,29.54,27,154.37037037037038,158.11111111111111,late_aircraft_delay,nas_delay,carrier_delay
CRP,7,60,7.1,7.416666666666667,46,31.347826086956523,30.17391304347826,32,124.0625,134.41935483870967,late_aircraft_delay,nas_delay,carrier_delay
CRP,8,37,7.108108108108108,4.945945945945946,15,34.06666666666667,30.333333333333332,10,157.9,156.2,nas_delay,late_aircraft_delay,carrier_delay
CRP,9,28,6.5,8.428571428571429,19,28.05263157894737,24.05263157894737,7,210.71428571428572,210.42857142857142,nas_delay,late_aircraft_delay,carrier_delay
CRP,10,38,4.526315789473684,0.8108108108108109,21,30.19047619047619,23.61904761904762,7,96.28571428571429,89.71428571428571,nas_delay,carrier_delay,late_aircraft_delay
CRP,11,36,5.388888888888889,0.1388888888888889,27,32.629629629629626,28.423076923076923,11,170.0,170.8181818181818,carrier_delay,late_aircraft_delay,nas_delay
CRP,12,42,5.714285714285714,-0.09523809523809523,28,33.32142857142857,29.035714285714285,27,185.44444444444446,191.74074074074073,nas_delay,late_aircraft_delay,carrier_delay
CRW,1,29,7.413793103448276,5.206896551724138,35,31.0,28.88235294117647,46,218.91304347826087,223.2826086956522,nas_delay,carrier_delay,late_aircraft_delay
CRW,2,27,6.666666666666667,0.2222222222222222,20,23.6,18.05,22,223.8181818181818,212.27272727272728,carrier_delay,nas_delay,late_aircraft_delay
CRW,3,22,7.363636363636363,0.45454545454545453,23,28.17391304347826,23.347826086956523,16,188.0625,180.0,nas_delay,late_aircraft_delay,carrier_delay
CRW,4,28,7.392857142857143,12.5,36,32.47222222222222,25.085714285714285,17,159.52941176470588,151.88235294117646,carrier_delay,nas_delay,late_aircraft_delay
CRW,5,38,7.184210526315789,1.236842105263158,43,35.25581395348837,32.06976744186046,32,205.1875,211.1290322580645,nas_delay,carrier_delay,late_aircraft_delay
CRW,6,34,7.0,-0.7647058823529411,21,32.904761904761905,27.047619047619047,35,207.5142857142857,199.25714285714287,carrier_delay,nas_delay,late_aircraft_delay
CRW,7,33,5.666666666666667,-0.030303030303030304,41,34.26829268292683,34.78048780487805,56,185.39285714285714,180.96428571428572,carrier_delay,nas_delay,late_aircraft_delay
CRW,8,36,6.805555555555555,9.657142857142857,46,31.58695652173913,26.8,33,134.66666666666666,132.06060606060606,carrier_delay,nas_delay,late_aircraft_delay
CRW,9,18,5.888888888888889,2.2777777777777777,25,32.16,28.4,38,182.76315789473685,181.05263157894737,carrier_delay,late_aircraft_delay,nas_delay
CRW,10,26,6.5,3.6538461538461537,26,30.5,23.307692307692307,18,145.88888888888889,133.0,nas_delay,carrier_delay,late_aircraft_delay
CRW,11,29,4.931034482758621,3.896551724137931,40,31.35,23.525,14,187.0,180.78571428571428,carrier_delay,nas_delay,late_aircraft_delay
CRW,12,31,7.387096774193548,0.4838709677419355,31,28.967741935483872,21.580645161290324,38,129.6578947368421,124.29729729729729,carrier_delay,nas_delay,late_aircraft_delay
CSG,1,12,5.583333333333333,10.583333333333334,7,37.42857142857143,36.42857142857143,14,211.5,211.28571428571428,carrier_delay,nas_delay,weather_delay
CSG,2,7,8.571428571428571,5.285714285714286,4,31.75,26.25,7,184.57142857142858,177.0,carrier_delay,nas_delay,weather_delay
CSG,3,11,6.363636363636363,6.818181818181818,6,25.333333333333332,21.0,3,103.33333333333333,99.33333333333333,carrier_delay,nas_delay,late_aircraft_delay
CSG,4,5,3.4,-4.4,4,34.75,30.75,6,157.16666666666666,156.33333333333334,carrier_delay,nas_delay,Nessuna
CSG,5,7,5.714285714285714,4.857142857142857,10,38.4,31.4,12,136.91666666666666,135.83333333333334,carrier_delay,nas_delay,weather_delay
CSG,6,14,5.928571428571429,-0.5,9,30.555555555555557,24.88888888888889,6,113.83333333333333,111.33333333333333,carrier_delay,nas_delay,late_aircraft_delay
CSG,7,12,5.5,3.4166666666666665,7,32.42857142857143,32.0,13,138.76923076923077,135.69230769230768,late_aircraft_delay,nas_delay,carrier_delay
CSG,8,5,4.8,-3.0,8,35.0,29.625,5,130.8,133.6,nas_delay,late_aircraft_delay,carrier_delay
CSG,9,11,6.090909090909091,0.0,4,25.0,23.0,4,135.25,126.75,carrier_delay,late_aircraft_delay,nas_delay
CSG,10,10,6.5,1.3,4,26.25,14.5,3,141.0,131.0,carrier_delay,late_aircraft_delay,nas_delay
CSG,11,6,6.0,0.5,5,42.0,41.4,4,489.0,498.75,late_aircraft_delay,carrier_delay,nas_delay
CSG,12,13,4.538461538461538,-3.6153846153846154,4,32.0,26.75,4,106.0,109.0,late_aircraft_delay,nas_delay,canc_A
CVG,1,407,6.054054054054054,2.0246305418719213,305,32.31803278688525,27.69407894736842,224,160.08482142857142,165.2914798206278,nas_delay,carrier_delay,late_aircraft_delay
CVG,2,358,5.751396648044692,-1.6320224719101124,225,28.90222222222222,21.648888888888887,105,132.04761904761904,128.47115384615384,nas_delay,carrier_delay,late_aircraft_delay
CVG,3,399,6.205513784461153,-1.5642317380352644,329,31.98480243161094,27.175384615384615,196,145.04591836734693,142.52551020408163,nas_delay,late_aircraft_delay,carrier_delay
CVG,4,469,6.226012793176972,0.2537313432835821,352,32.08806818181818,25.65909090909091,197,159.497461928934,157.02551020408163,nas_delay,late_aircraft_delay,carrier_delay
CVG,5,537,5.95903165735568,1.6212686567164178,465,31.52043010752688,27.813852813852815,301,152.71760797342193,152.4765100671141,nas_delay,late_aircraft_delay,carrier_delay
CVG,6,555,6.027027027027027,1.9387387387387387,442,32.80769230769231,28.58997722095672,285,165.38947368421051,163.79225352112675,nas_delay,carrier_delay,late_aircraft_delay
CVG,7,525,6.443809523809524,3.168905950095969,507,32.71992110453649,30.56374501992032,437,170.05491990846681,168.3440366972477,carrier_delay,late_aircraft_delay,nas_delay
CVG,8,424,6.15566037735849,1.152019002375297,408,32.52205882352941,31.738271604938273,307,143.3941368078176,142.87908496732027,nas_delay,late_aircraft_delay,carrier_delay
CVG,9,406,5.820197044334975,3.044334975369458,280,32.43214285714286,28.414285714285715,151,151.96688741721854,150.73509933774835,nas_delay,carrier_delay,late_aircraft_delay
CVG,10,424,5.591981132075472,-1.0778301886792452,232,30.176724137931036,25.20258620689655,126,142.8968253968254,138.36,carrier_delay,nas_delay,late_aircraft_delay
CVG,11,379,5.757255936675461,0.46296296296296297,231,30.649350649350648,26.87012987012987,146,140.3835616438356,140.34931506849315,nas_delay,carrier_delay,late_aircraft_delay
CVG,12,566,5.96113074204947,-0.4397163120567376,413,31.285714285714285,25.512135922330096,215,173.04651162790697,169.44600938967136,nas_delay,carrier_delay,late_aircraft_delay
CWA,1,4,6.5,4.0,0,"","",6,175.66666666666666,160.83333333333334,late_aircraft_delay,carrier_delay,canc_B
CWA,2,1,7.0,-13.0,3,44.0,41.333333333333336,1,157.0,181.0,nas_delay,weather_delay,late_aircraft_delay
CWA,3,5,6.6,-4.2,0,"","",3,211.33333333333334,203.0,carrier_delay,late_aircraft_delay,nas_delay
CWA,4,6,5.666666666666667,-0.16666666666666666,2,36.0,17.5,0,"","",carrier_delay,nas_delay,Nessuna
CWA,5,4,4.75,11.5,2,37.0,41.0,1,91.0,109.0,nas_delay,weather_delay,late_aircraft_delay
CWA,6,6,4.166666666666667,15.333333333333334,5,26.0,35.0,7,118.14285714285714,123.28571428571429,nas_delay,late_aircraft_delay,weather_delay
CWA,7,11,5.909090909090909,7.181818181818182,3,40.333333333333336,39.0,3,127.0,116.66666666666667,nas_delay,carrier_delay,late_aircraft_delay
CWA,8,2,8.5,16.0,7,27.285714285714285,20.0,3,162.66666666666666,153.0,nas_delay,late_aircraft_delay,carrier_delay
CWA,9,7,7.857142857142857,-2.2857142857142856,1,17.0,12.0,1,201.0,186.0,nas_delay,carrier_delay,late_aircraft_delay
CWA,10,4,6.0,1.5,6,28.166666666666668,17.166666666666668,1,91.0,70.0,carrier_delay,late_aircraft_delay,nas_delay
CWA,11,3,7.333333333333333,5.333333333333333,2,33.5,19.5,1,155.0,126.0,carrier_delay,nas_delay,late_aircraft_delay
CWA,12,3,7.333333333333333,4.666666666666667,7,28.285714285714285,30.285714285714285,7,166.85714285714286,150.85714285714286,late_aircraft_delay,carrier_delay,nas_delay
CYS,1,2,2.5,-26.0,5,30.2,5.0,2,170.0,149.5,canc_B,carrier_delay,late_aircraft_delay
CYS,2,1,14.0,8.0,2,32.5,31.5,5,158.2,165.2,nas_delay,canc_B,weather_delay
CYS,3,2,8.0,-3.0,0,"","",2,292.5,287.0,nas_delay,canc_B,carrier_delay
CYS,4,4,6.5,7.25,4,30.25,32.5,3,341.0,359.6666666666667,nas_delay,weather_delay,late_aircraft_delay
CYS,5,2,7.5,-2.0,3,32.333333333333336,27.0,4,180.75,172.75,nas_delay,carrier_delay,weather_delay
CYS,6,3,6.666666666666667,-9.0,3,25.666666666666668,23.0,3,512.0,501.0,carrier_delay,late_aircraft_delay,canc_B
CYS,7,4,4.75,-9.75,1,27.0,9.0,5,168.2,155.8,late_aircraft_delay,carrier_delay,weather_delay
CYS,8,4,3.25,-9.75,1,30.0,15.0,5,187.0,186.6,late_aircraft_delay,nas_delay,carrier_delay
CYS,9,5,5.0,-1.8,2,27.0,31.5,5,166.2,159.4,late_aircraft_delay,nas_delay,carrier_delay
CYS,10,1,7.0,2.0,1,37.0,48.0,4,135.25,128.25,carrier_delay,nas_delay,late_aircraft_delay
CYS,11,5,7.2,3.8,3,38.333333333333336,36.666666666666664,1,140.0,130.0,carrier_delay,nas_delay,canc_B
CYS,12,3,6.0,7.666666666666667,1,26.0,7.0,1,284.0,281.0,late_aircraft_delay,carrier_delay,nas_delay
DAB,1,29,6.344827586206897,-0.06896551724137931,13,32.15384615384615,23.692307692307693,15,213.6,204.4,late_aircraft_delay,carrier_delay,nas_delay
DAB,2,26,5.0,-1.6538461538461537,21,31.047619047619047,21.904761904761905,9,167.0,157.55555555555554,carrier_delay,late_aircraft_delay,nas_delay
DAB,3,31,6.161290322580645,2.129032258064516,25,36.48,27.08,14,131.5,134.71428571428572,late_aircraft_delay,carrier_delay,nas_delay
DAB,4,30,4.9,2.3793103448275863,13,31.0,26.153846153846153,13,296.2307692307692,287.2307692307692,late_aircraft_delay,carrier_delay,nas_delay
DAB,5,41,5.804878048780488,4.175,38,29.63157894736842,28.710526315789473,31,126.38709677419355,124.96774193548387,late_aircraft_delay,nas_delay,carrier_delay
DAB,6,35,4.914285714285715,-4.9714285714285715,18,34.22222222222222,29.0,12,135.33333333333334,126.75,late_aircraft_delay,carrier_delay,weather_delay
DAB,7,16,5.3125,-0.5333333333333333,34,35.64705882352941,36.81818181818182,29,193.9655172413793,198.27586206896552,late_aircraft_delay,nas_delay,carrier_delay
DAB,8,29,7.310344827586207,1.2413793103448276,17,37.88235294117647,29.470588235294116,17,147.1764705882353,144.88235294117646,late_aircraft_delay,nas_delay,carrier_delay
DAB,9,17,5.705882352941177,-1.7647058823529411,21,31.904761904761905,25.761904761904763,14,145.07142857142858,133.5,late_aircraft_delay,carrier_delay,nas_delay
DAB,10,16,6.4375,2.4375,6,31.0,18.833333333333332,6,128.0,111.83333333333333,canc_B,late_aircraft_delay,carrier_delay
DAB,11,7,6.0,-4.857142857142857,11,30.09090909090909,22.181818181818183,4,134.0,131.5,late_aircraft_delay,nas_delay,carrier_delay
DAB,12,32,6.1875,1.6875,26,33.96153846153846,26.884615384615383,15,161.26666666666668,154.46666666666667,carrier_delay,late_aircraft_delay,nas_delay
DAL,1,1512,6.300925925925926,-0.3871608206485771,1237,30.722716248989492,24.40617384240455,339,113.25073746312684,110.41666666666667,late_aircraft_delay,carrier_delay,nas_delay
DAL,2,1405,5.849110320284698,-0.15466856735566642,776,28.8569587628866,22.572903225806453,150,103.15333333333334,96.84,carrier_delay,late_aircraft_delay,nas_delay
DAL,3,1543,6.054439403758911,-0.5217109526895658,1223,30.237121831561733,24.95980311730927,413,110.71912832929782,106.40193704600485,late_aircraft_delay,carrier_delay,nas_delay
DAL,4,1593,6.071563088512241,-0.9547169811320755,1102,30.299455535390198,25.008166969147005,497,136.52515090543258,133.62828282828283,late_aircraft_delay,carrier_delay,nas_delay
DAL,5,1639,6.197071384990848,1.7176974892835273,1471,31.705642420122366,28.46043656207367,818,137.83863080684597,135.58961681087763,late_aircraft_delay,carrier_delay,nas_delay
DAL,6,1749,6.0886220697541455,1.592783505154639,1426,30.56241234221599,25.372714486638536,567,119.21693121693121,115.36283185840708,late_aircraft_delay,carrier_delay,nas_delay
DAL,7,1670,6.373053892215569,0.17326139088729017,1584,30.279671717171716,24.918523233609164,580,111.70344827586207,107.92682926829268,late_aircraft_delay,carrier_delay,nas_delay
DAL,8,1336,5.949101796407185,-0.556390977443609,968,30.697314049586776,24.683281412253375,293,109.49829351535836,105.21649484536083,late_aircraft_delay,carrier_delay,nas_delay
DAL,9,1298,6.082434514637905,2.1656394453004624,798,29.6265664160401,24.581132075471697,179,96.05586592178771,89.79329608938548,late_aircraft_delay,carrier_delay,nas_delay
DAL,10,1505,5.988704318936877,1.336436170212766,835,27.940119760479043,23.1185628742515,161,99.42857142857143,93.20886075949367,late_aircraft_delay,carrier_delay,nas_delay
DAL,11,1349,5.872498146775389,-0.46919079435783223,903,29.28017718715393,24.87486157253599,222,134.82432432432432,130.7285067873303,late_aircraft_delay,carrier_delay,nas_delay
DAL,12,1622,5.883477188655981,-1.1098765432098765,1121,30.49420160570919,25.38014311270125,646,150.73065015479875,148.13374805598755,late_aircraft_delay,carrier_delay,nas_delay
DAY,1,54,6.351851851851852,3.9444444444444446,38,35.94736842105263,35.36842105263158,61,143.18032786885246,142.21311475409837,nas_delay,late_aircraft_delay,carrier_delay
DAY,2,43,6.162790697674419,2.4186046511627906,35,28.714285714285715,27.4,32,158.90625,155.125,carrier_delay,nas_delay,late_aircraft_delay
DAY,3,42,6.071428571428571,3.5714285714285716,27,29.88888888888889,30.333333333333332,33,148.24242424242425,146.75757575757575,nas_delay,late_aircraft_delay,carrier_delay
DAY,4,54,6.092592592592593,-0.7777777777777778,40,34.125,30.775,43,162.65116279069767,158.2093023255814,nas_delay,late_aircraft_delay,carrier_delay
DAY,5,73,6.123287671232877,1.4383561643835616,55,34.27272727272727,36.48148148148148,74,159.6891891891892,160.06849315068493,nas_delay,late_aircraft_delay,carrier_delay
DAY,6,57,7.140350877192983,-0.39285714285714285,66,31.303030303030305,26.075757575757574,41,202.3658536585366,199.275,late_aircraft_delay,carrier_delay,nas_delay
DAY,7,59,5.864406779661017,1.1016949152542372,60,32.7,30.45762711864407,70,165.85714285714286,163.32857142857142,nas_delay,late_aircraft_delay,carrier_delay
DAY,8,48,6.354166666666667,5.354166666666667,50,32.9,27.28,54,154.74074074074073,149.55555555555554,late_aircraft_delay,nas_delay,carrier_delay
DAY,9,37,6.081081081081081,8.297297297297296,47,30.0,27.19148936170213,33,162.21212121212122,160.46875,nas_delay,late_aircraft_delay,carrier_delay
DAY,10,48,6.020833333333333,0.3125,26,34.03846153846154,23.4,24,179.29166666666666,169.16666666666666,carrier_delay,late_aircraft_delay,nas_delay
DAY,11,59,7.033898305084746,3.7796610169491527,34,29.294117647058822,21.545454545454547,22,172.95454545454547,164.5909090909091,nas_delay,carrier_delay,late_aircraft_delay
DAY,12,65,6.384615384615385,0.1076923076923077,66,33.27272727272727,24.484848484848484,54,149.1851851851852,143.56603773584905,late_aircraft_delay,carrier_delay,nas_delay
DCA,1,1448,6.1319060773480665,0.3946095369730477,1333,32.174043510877716,28.06706857573474,1104,146.0679347826087,153.24363636363637,nas_delay,late_aircraft_delay,carrier_delay
DCA,2,1384,5.997832369942197,-4.0398550724637685,1029,30.698736637512148,20.04377431906615,472,143.5,133.96178343949043,late_aircraft_delay,nas_delay,carrier_delay
DCA,3,1707,6.052138254247217,-2.763358778625954,1379,30.593183466279914,22.47238372093023,734,151.7465940054496,143.61475409836066,late_aircraft_delay,carrier_delay,nas_delay
DCA,4,1574,6.01715374841169,-0.23979591836734693,1311,31.79938977879481,26.322876817138486,816,147.3296568627451,143.71042944785276,late_aircraft_delay,nas_delay,carrier_delay
DCA,5,1742,6.270952927669345,4.2144092219020175,1753,32.056474614945806,30.693188322839152,1135,147.863436123348,148.4849557522124,nas_delay,late_aircraft_delay,carrier_delay
DCA,6,1810,6.211049723756906,-0.6409116175653141,1459,31.092529129540782,25.639558924879392,969,153.14654282765738,147.8362694300518,late_aircraft_delay,carrier_delay,nas_delay
DCA,7,1820,6.1983516483516485,2.935466078323221,1777,32.319639842431066,29.48720864127345,1535,155.02801302931596,154.0288713910761,late_aircraft_delay,nas_delay,carrier_delay
DCA,8,1603,6.2314410480349345,3.1072100313479623,1597,33.037570444583594,30.289937106918238,1215,157.88888888888889,154.72231404958677,late_aircraft_delay,nas_delay,carrier_delay
DCA,9,1353,5.794530672579453,0.05321507760532151,1030,30.61844660194175,26.0,524,148.01717557251908,143.26819923371647,nas_delay,late_aircraft_delay,carrier_delay
DCA,10,1552,5.929768041237113,-3.5713363460296965,1026,31.015594541910332,20.62768031189084,469,137.63326226012794,128.8755364806867,late_aircraft_delay,carrier_delay,nas_delay
DCA,11,1392,6.102729885057471,-1.9008620689655173,1044,31.363026819923373,22.757430488974112,501,142.00598802395209,133.79718875502007,late_aircraft_delay,carrier_delay,nas_delay
DCA,12,1883,6.264471587891662,-1.2884513038850451,1694,32.27213695395513,25.48456057007126,1045,136.36172248803828,130.89595375722544,late_aircraft_delay,carrier_delay,nas_delay
DDC,1,4,5.25,17.25,1,27.0,39.0,5,286.2,333.25,canc_B,nas_delay,late_aircraft_delay
DDC,2,1,13.0,12.0,1,31.0,24.0,3,244.0,243.33333333333334,carrier_delay,nas_delay,late_aircraft_delay
DDC,3,9,7.888888888888889,14.11111111111111,3,22.333333333333332,18.333333333333332,2,165.0,153.0,late_aircraft_delay,nas_delay,canc_B
DDC,4,4,9.5,11.75,0,"","",2,457.5,456.0,nas_delay,carrier_delay,late_aircraft_delay
DDC,5,5,6.6,4.0,4,31.75,24.25,7,379.85714285714283,379.42857142857144,late_aircraft_delay,nas_delay,carrier_delay
DDC,6,7,7.285714285714286,13.428571428571429,9,39.77777777777778,52.666666666666664,2,616.0,605.5,nas_delay,carrier_delay,late_aircraft_delay
DDC,7,4,9.25,2.5,4,24.0,23.333333333333332,4,146.25,83.0,carrier_delay,late_aircraft_delay,nas_delay
DDC,8,7,9.428571428571429,9.0,10,36.1,40.22222222222222,7,159.42857142857142,163.71428571428572,nas_delay,late_aircraft_delay,carrier_delay
DDC,9,2,8.0,7.5,4,41.0,36.25,3,602.0,594.3333333333334,carrier_delay,late_aircraft_delay,canc_B
DDC,10,4,5.5,3.5,4,31.0,19.75,8,314.75,309.5,carrier_delay,late_aircraft_delay,nas_delay
DDC,11,3,13.333333333333334,25.333333333333332,3,31.666666666666668,30.0,5,366.2,359.2,nas_delay,carrier_delay,late_aircraft_delay
DDC,12,3,6.333333333333333,4.333333333333333,3,24.0,31.333333333333332,7,149.57142857142858,134.42857142857142,late_aircraft_delay,nas_delay,weather_delay
DEC,1,5,4.8,-8.2,6,34.333333333333336,25.5,9,405.55555555555554,405.3333333333333,canc_B,late_aircraft_delay,nas_delay
DEC,2,1,11.0,-7.0,3,27.0,8.666666666666666,7,284.57142857142856,283.42857142857144,carrier_delay,late_aircraft_delay,nas_delay
DEC,3,1,13.0,0.0,4,27.0,18.75,8,331.625,327.125,late_aircraft_delay,nas_delay,carrier_delay
DEC,4,4,3.75,4.5,7,40.714285714285715,37.857142857142854,7,119.28571428571429,123.14285714285714,late_aircraft_delay,nas_delay,carrier_delay
DEC,5,7,6.428571428571429,5.285714285714286,5,37.4,36.0,20,332.0,330.05,late_aircraft_delay,nas_delay,carrier_delay
DEC,6,0,"","",2,39.0,37.0,11,174.27272727272728,182.0,late_aircraft_delay,nas_delay,weather_delay
DEC,7,3,8.333333333333334,14.0,5,40.0,44.8,8,233.75,232.625,nas_delay,late_aircraft_delay,carrier_delay
DEC,8,4,6.0,7.25,7,34.857142857142854,47.666666666666664,8,196.0,205.25,nas_delay,late_aircraft_delay,carrier_delay
DEC,9,1,9.0,-2.0,4,29.75,31.5,5,212.6,213.2,late_aircraft_delay,carrier_delay,nas_delay
DEC,10,1,7.0,18.0,2,19.0,42.0,0,"","",nas_delay,late_aircraft_delay,carrier_delay
DEC,11,4,6.5,10.25,5,35.6,34.2,4,172.75,180.75,late_aircraft_delay,nas_delay,carrier_delay
DEC,12,1,11.0,10.0,9,33.55555555555556,34.333333333333336,4,134.75,137.25,late_aircraft_delay,nas_delay,carrier_delay
DEN,1,5016,6.339912280701754,0.3664732946589318,4410,31.084580498866213,25.012744651797906,1884,132.01910828025478,126.18468950749465,carrier_delay,late_aircraft_delay,nas_delay
DEN,2,4790,6.207306889352818,2.839849466861802,3430,30.113411078717203,29.00351288056206,1570,136.15541401273885,141.08653846153845,nas_delay,carrier_delay,late_aircraft_delay
DEN,3,5477,6.0534964396567466,1.1903019213174748,3929,30.90531941969967,25.419173890872003,1497,126.54041416165664,122.11855324849297,carrier_delay,nas_delay,late_aircraft_delay
DEN,4,5545,6.11307484220018,0.6620278330019881,3966,30.833333333333332,26.349531764110353,1523,127.56401838476691,123.13720316622691,carrier_delay,late_aircraft_delay,nas_delay
DEN,5,5568,6.204561781609195,0.506587258617578,4867,31.795767413190877,26.123840923140325,2763,128.50054288816503,123.64042089985486,late_aircraft_delay,carrier_delay,nas_delay
DEN,6,6043,6.256991560483204,2.342975893599335,5366,31.442974282519568,27.091707134852445,2796,126.26645207439199,120.85590778097983,carrier_delay,late_aircraft_delay,nas_delay
DEN,7,6094,6.153593698720052,1.2587712073793444,5178,32.11181923522596,26.564904780411972,2931,129.5196178778574,123.54573590096287,carrier_delay,late_aircraft_delay,nas_delay
DEN,8,5748,6.0819415448851775,2.411312849162011,4602,32.19904389395915,28.07527820205106,2551,131.9141513132105,127.30647709320695,carrier_delay,late_aircraft_delay,nas_delay
DEN,9,4948,5.822756669361358,-0.19348310058692572,3079,30.245859045144527,23.115484710474952,1239,122.95883777239709,114.36282467532467,carrier_delay,late_aircraft_delay,nas_delay
DEN,10,4911,5.844634493993077,-0.46749541471367434,2779,30.218423893486865,22.698630136986303,1051,124.08468125594672,115.64649375600385,carrier_delay,late_aircraft_delay,nas_delay
DEN,11,5019,6.0874676230324765,3.484212629896083,3225,30.830387596899225,32.03919129082426,1365,130.1904761904762,131.49595885378397,nas_delay,carrier_delay,late_aircraft_delay
DEN,12,5442,5.949283351708931,-2.185355957211361,3389,30.040719976394218,21.050088915234145,1325,133.43547169811322,125.14851485148515,carrier_delay,late_aircraft_delay,nas_delay
DFW,1,3619,6.561204752694114,4.001941747572816,4111,32.15957188032109,29.454523227383863,2722,137.02387950036737,137.18599481289365,late_aircraft_delay,carrier_delay,nas_delay
DFW,2,3358,6.187313877307921,1.4643390032826022,2871,30.834552420759316,25.714335542378794,1001,126.48451548451548,120.4367469879518,carrier_delay,late_aircraft_delay,nas_delay
DFW,3,3799,6.411950513292972,1.8964879852125693,4510,32.67006651884701,28.162552812986437,2751,142.50236277717192,139.03319956220358,late_aircraft_delay,carrier_delay,nas_delay
DFW,4,3636,6.35973597359736,3.368218121729551,4008,32.415419161676645,29.467233616808404,2542,141.59047993705744,139.6494275562574,late_aircraft_delay,carrier_delay,nas_delay
DFW,5,4283,6.531403222040626,5.60609613130129,5401,33.20847991112757,31.974907063197026,4679,155.97200256465058,155.4167922497309,late_aircraft_delay,carrier_delay,nas_delay
DFW,6,4934,6.539724361572761,1.7673709874034944,5979,32.88576685064392,28.438717259905978,3864,138.4314182194617,135.19947848761407,carrier_delay,late_aircraft_delay,nas_delay
DFW,7,5080,6.538188976377953,2.734806629834254,6250,32.93984,29.253414751727462,4414,142.02061622111464,137.84601366742598,carrier_delay,late_aircraft_delay,nas_delay
DFW,8,4387,6.397766127193982,0.5192219679633867,4846,32.61886091621956,26.04852758191622,2758,145.21392313270485,137.57247170500182,carrier_delay,late_aircraft_delay,nas_delay
DFW,9,4099,6.268358136130764,1.2366878358573523,3665,31.414733969986358,25.65382513661202,1447,120.5535590877678,114.27272727272727,carrier_delay,late_aircraft_delay,nas_delay
DFW,10,4098,6.078330893118594,-0.5166096726917441,3499,31.28179479851386,23.112224448897795,1439,130.91243919388464,123.07670850767084,carrier_delay,late_aircraft_delay,nas_delay
DFW,11,3654,6.251505199781062,1.026344676180022,3428,31.700700116686114,27.319509345794394,1712,141.13142523364485,138.22882352941176,carrier_delay,late_aircraft_delay,nas_delay
DFW,12,4491,6.255845023380093,0.4359660865684962,4268,31.804592314901594,25.572705882352942,2458,164.97355573637103,161.7767784137367,carrier_delay,late_aircraft_delay,nas_delay
DHN,1,8,7.5,6.125,5,34.4,26.4,5,344.0,335.6,nas_delay,late_aircraft_delay,carrier_delay
DHN,2,3,3.0,-6.666666666666667,3,34.666666666666664,21.0,2,139.0,118.0,late_aircraft_delay,nas_delay,carrier_delay
DHN,3,9,4.444444444444445,11.222222222222221,5,38.4,31.2,1,115.0,123.0,nas_delay,late_aircraft_delay,carrier_delay
DHN,4,6,5.666666666666667,11.5,2,42.0,57.0,3,216.66666666666666,210.33333333333334,carrier_delay,nas_delay,weather_delay
DHN,5,0,"","",9,32.44444444444444,28.555555555555557,5,110.0,113.0,nas_delay,late_aircraft_delay,carrier_delay
DHN,6,5,5.2,-1.2,1,18.0,4.0,6,169.5,156.83333333333334,carrier_delay,weather_delay,nas_delay
DHN,7,4,3.25,-13.0,7,38.142857142857146,30.0,6,326.3333333333333,324.1666666666667,carrier_delay,nas_delay,weather_delay
DHN,8,2,8.0,7.5,3,37.333333333333336,25.333333333333332,1,198.0,190.0,carrier_delay,canc_B,nas_delay
DHN,9,1,1.0,-4.0,8,28.25,29.25,2,211.0,221.5,late_aircraft_delay,nas_delay,carrier_delay
DHN,10,1,10.0,-5.0,5,44.2,38.0,4,195.25,184.5,late_aircraft_delay,carrier_delay,nas_delay
DHN,11,1,7.0,-9.0,4,27.25,25.25,4,177.75,173.5,nas_delay,late_aircraft_delay,weather_delay
DHN,12,2,10.0,46.0,5,28.0,16.0,4,210.75,190.0,carrier_delay,late_aircraft_delay,nas_delay
DIK,1,0,"","",4,28.25,16.75,4,304.5,284.0,canc_B,carrier_delay,late_aircraft_delay
DIK,2,0,"","",4,36.75,20.5,2,131.5,108.0,canc_B,carrier_delay,nas_delay
DIK,3,2,12.5,-15.5,0,"","",3,352.6666666666667,342.6666666666667,canc_B,nas_delay,weather_delay
DIK,4,0,"","",2,28.0,13.0,3,322.3333333333333,303.3333333333333,late_aircraft_delay,carrier_delay,Nessuna
DIK,5,0,"","",2,28.0,36.0,5,229.4,225.2,nas_delay,carrier_delay,weather_delay
DIK,6,1,9.0,-5.0,4,43.0,45.0,2,642.5,639.5,nas_delay,carrier_delay,late_aircraft_delay
DIK,7,2,9.0,-1.0,1,41.0,27.0,3,285.0,271.0,carrier_delay,late_aircraft_delay,Nessuna
DIK,8,1,4.0,-10.0,0,"","",3,135.66666666666666,123.33333333333333,nas_delay,carrier_delay,late_aircraft_delay
DIK,9,3,4.666666666666667,-0.6666666666666666,1,32.0,16.0,2,287.5,294.5,carrier_delay,weather_delay,late_aircraft_delay
DIK,10,2,8.5,2.5,2,40.0,25.0,1,177.0,158.0,carrier_delay,weather_delay,late_aircraft_delay
DIK,11,2,12.0,8.5,3,46.0,31.0,7,390.85714285714283,377.0,carrier_delay,canc_B,late_aircraft_delay
DIK,12,2,7.0,3.5,2,36.0,23.0,7,214.85714285714286,204.14285714285714,late_aircraft_delay,carrier_delay,nas_delay
DLG,6,1,5.0,8.0,2,28.5,56.5,0,"","",carrier_delay,late_aircraft_delay,nas_delay
DLG,7,4,6.75,16.25,1,31.0,25.0,4,168.75,175.75,nas_delay,security_delay,late_aircraft_delay
DLG,8,2,9.5,12.0,0,"","",1,228.0,218.0,late_aircraft_delay,canc_B,nas_delay
DLG,9,2,5.0,3.0,3,22.666666666666668,26.333333333333332,2,180.5,184.0,late_aircraft_delay,carrier_delay,nas_delay
DLH,1,18,5.5,2.5,17,34.8235294117647,22.294117647058822,28,200.67857142857142,189.53571428571428,carrier_delay,nas_delay,weather_delay
DLH,2,12,5.083333333333333,-9.75,9,26.77777777777778,23.22222222222222,5,143.2,131.0,nas_delay,carrier_delay,late_aircraft_delay
DLH,3,12,7.916666666666667,2.75,5,34.8,24.6,8,214.75,232.875,nas_delay,carrier_delay,weather_delay
DLH,4,7,5.285714285714286,-4.285714285714286,9,29.88888888888889,20.0,4,150.25,148.5,carrier_delay,nas_delay,weather_delay
DLH,5,10,4.2,-1.2,11,26.09090909090909,20.0,21,150.47619047619048,151.76190476190476,nas_delay,weather_delay,carrier_delay
DLH,6,28,6.25,5.035714285714286,19,28.842105263157894,34.26315789473684,21,245.9047619047619,247.0952380952381,nas_delay,carrier_delay,late_aircraft_delay
DLH,7,31,6.32258064516129,2.7096774193548385,13,40.46153846153846,37.38461538461539,20,133.35,129.2,nas_delay,late_aircraft_delay,carrier_delay
DLH,8,32,7.15625,9.21875,28,26.964285714285715,29.142857142857142,17,119.82352941176471,121.82352941176471,nas_delay,late_aircraft_delay,carrier_delay
DLH,9,19,5.368421052631579,-3.8947368421052633,15,30.133333333333333,22.133333333333333,6,152.33333333333334,149.0,late_aircraft_delay,carrier_delay,nas_delay
DLH,10,16,5.375,-3.875,11,31.181818181818183,18.727272727272727,4,134.75,115.0,carrier_delay,nas_delay,weather_delay
DLH,11,22,8.181818181818182,0.18181818181818182,10,31.3,18.9,9,219.88888888888889,208.0,carrier_delay,nas_delay,weather_delay
DLH,12,19,5.421052631578948,-2.4210526315789473,22,32.90909090909091,24.136363636363637,24,154.75,156.75,carrier_delay,nas_delay,weather_delay
DRO,1,24,3.9166666666666665,9.125,21,35.333333333333336,41.76190476190476,33,189.12121212121212,188.87878787878788,nas_delay,carrier_delay,late_aircraft_delay
DRO,2,31,6.838709677419355,6.258064516129032,19,31.05263157894737,31.31578947368421,11,200.27272727272728,194.1818181818182,carrier_delay,nas_delay,weather_delay
DRO,3,36,6.888888888888889,6.722222222222222,25,30.08,29.32,7,147.42857142857142,153.42857142857142,carrier_delay,nas_delay,late_aircraft_delay
DRO,4,14,4.857142857142857,9.714285714285714,17,31.41176470588235,31.625,18,204.55555555555554,197.27777777777777,carrier_delay,nas_delay,late_aircraft_delay
DRO,5,25,7.16,5.96,26,29.653846153846153,23.807692307692307,23,162.56521739130434,161.91304347826087,nas_delay,carrier_delay,late_aircraft_delay
DRO,6,37,5.891891891891892,-0.5945945945945946,38,31.92105263157895,24.81578947368421,31,175.7741935483871,164.32258064516128,carrier_delay,nas_delay,late_aircraft_delay
DRO,7,38,5.7631578947368425,1.736842105263158,45,30.6,28.355555555555554,26,174.53846153846155,169.19230769230768,nas_delay,carrier_delay,late_aircraft_delay
DRO,8,38,6.868421052631579,2.8684210526315788,31,34.83870967741935,28.838709677419356,30,204.96666666666667,198.83333333333334,carrier_delay,nas_delay,late_aircraft_delay
DRO,9,37,4.891891891891892,-1.6486486486486487,24,34.791666666666664,23.833333333333332,19,104.15789473684211,92.89473684210526,carrier_delay,late_aircraft_delay,nas_delay
DRO,10,38,5.552631578947368,-2.289473684210526,26,28.576923076923077,19.307692307692307,25,205.76,198.12,carrier_delay,nas_delay,late_aircraft_delay
DRO,11,33,7.9393939393939394,0.48484848484848486,29,37.310344827586206,31.551724137931036,44,177.86363636363637,178.47619047619048,carrier_delay,nas_delay,late_aircraft_delay
DRO,12,33,6.393939393939394,-1.7272727272727273,28,35.42857142857143,22.62962962962963,24,123.75,123.54166666666667,carrier_delay,nas_delay,late_aircraft_delay
DSM,1,154,6.246753246753247,3.9805194805194803,161,32.82608695652174,35.67080745341615,166,206.9879518072289,211.24698795180723,nas_delay,carrier_delay,late_aircraft_delay
DSM,2,128,6.078125,-2.6953125,93,31.053763440860216,24.78494623655914,78,224.66666666666666,220.51282051282053,nas_delay,carrier_delay,late_aircraft_delay
DSM,3,137,6.145985401459854,-1.9705882352941178,124,31.983870967741936,23.75,71,244.49295774647888,238.66197183098592,nas_delay,late_aircraft_delay,carrier_delay
DSM,4,160,6.0,-1.125,106,28.99056603773585,25.169811320754718,54,190.46296296296296,186.4814814814815,carrier_delay,nas_delay,late_aircraft_delay
DSM,5,188,6.75,2.367021276595745,172,33.116279069767444,29.96511627906977,103,169.28155339805826,169.38834951456312,nas_delay,late_aircraft_delay,carrier_delay
DSM,6,190,6.189473684210526,2.0,181,33.5414364640884,28.386740331491712,113,173.69026548672565,167.30973451327435,carrier_delay,late_aircraft_delay,nas_delay
DSM,7,178,6.685393258426966,5.672316384180791,184,31.53804347826087,30.29891304347826,144,171.59027777777777,167.88194444444446,nas_delay,late_aircraft_delay,carrier_delay
DSM,8,172,6.1104651162790695,5.011627906976744,139,31.366906474820144,26.87769784172662,104,165.53846153846155,159.7403846153846,late_aircraft_delay,nas_delay,carrier_delay
DSM,9,129,6.387596899224806,0.3643410852713178,81,30.061728395061728,25.225,35,170.2,163.77142857142857,nas_delay,carrier_delay,late_aircraft_delay
DSM,10,121,5.8264462809917354,-1.1983471074380165,92,34.07608695652174,25.880434782608695,54,203.42592592592592,196.44444444444446,carrier_delay,nas_delay,late_aircraft_delay
DSM,11,122,5.754098360655738,0.9672131147540983,74,29.0,23.27777777777778,48,170.375,162.58333333333334,carrier_delay,nas_delay,late_aircraft_delay
DSM,12,172,6.063953488372093,-0.011627906976744186,142,30.95774647887324,22.577464788732396,110,193.87272727272727,197.60185185185185,nas_delay,carrier_delay,late_aircraft_delay
DTW,1,1441,6.1776544066620405,2.933240611961057,1286,31.44556765163297,28.8234375,1092,170.9532967032967,171.77113970588235,nas_delay,carrier_delay,late_aircraft_delay
DTW,2,1154,5.938474870017331,-6.291051259774109,711,30.0,17.959154929577466,313,138.5846645367412,125.98076923076923,carrier_delay,nas_delay,late_aircraft_delay
DTW,3,1407,6.077469793887705,-1.391304347826087,1143,30.825021872265967,23.058771929824562,622,134.92282958199357,128.7890499194847,carrier_delay,nas_delay,late_aircraft_delay
DTW,4,1288,6.071428571428571,0.20451010886469673,1060,31.61132075471698,26.55587121212121,574,144.3397212543554,140.4,carrier_delay,nas_delay,late_aircraft_delay
DTW,5,1497,6.162992651970608,3.493951612903226,1338,31.588938714499253,29.659879336349924,840,142.92142857142858,140.86674669867946,carrier_delay,nas_delay,late_aircraft_delay
DTW,6,1644,6.204379562043796,2.8684210526315788,1542,32.074578469520105,29.487646293888165,1024,150.849609375,148.52409046214356,carrier_delay,nas_delay,late_aircraft_delay
DTW,7,1674,6.271804062126643,2.7338129496402876,1613,31.859268443893367,27.68847352024922,1369,148.65230094959824,145.6573734409391,carrier_delay,nas_delay,late_aircraft_delay
DTW,8,1729,6.096587622903412,1.3312027890761184,1588,32.075566750629726,28.042405063291138,1086,140.53222836095765,137.1572617946346,carrier_delay,nas_delay,late_aircraft_delay
DTW,9,1301,6.015372790161415,-0.3858570330514988,922,31.670281995661604,25.42453854505972,409,131.37163814180929,125.92857142857143,carrier_delay,nas_delay,late_aircraft_delay
DTW,10,1399,5.929235167977127,-1.3564781675017896,1007,30.860973187686195,23.45328031809145,445,126.06966292134831,119.32134831460674,carrier_delay,nas_delay,late_aircraft_delay
DTW,11,1212,5.849009900990099,1.2440033085194375,906,31.17328918322296,27.229834254143647,490,129.0183673469388,125.43917525773196,nas_delay,carrier_delay,late_aircraft_delay
DTW,12,1924,6.183991683991684,-0.4830993239729589,1591,31.626649905719674,25.85669191919192,893,141.09070548712205,136.0033783783784,carrier_delay,nas_delay,late_aircraft_delay
DVL,1,2,2.0,-12.0,1,33.0,13.0,4,120.0,80.66666666666667,canc_B,weather_delay,carrier_delay
DVL,2,3,6.333333333333333,0.3333333333333333,3,32.0,25.666666666666668,6,605.0,639.5,canc_B,late_aircraft_delay,nas_delay
DVL,3,2,1.5,4.5,2,29.5,23.0,4,304.25,295.0,nas_delay,canc_B,weather_delay
DVL,4,4,10.25,6.25,0,"","",1,78.0,86.0,late_aircraft_delay,nas_delay,carrier_delay
DVL,5,4,7.5,5.75,0,"","",5,135.0,123.2,late_aircraft_delay,nas_delay,weather_delay
DVL,6,5,7.2,9.25,5,46.2,42.0,8,246.625,242.375,nas_delay,late_aircraft_delay,carrier_delay
DVL,7,4,2.75,-7.25,10,26.0,17.9,3,93.33333333333333,86.66666666666667,carrier_delay,nas_delay,late_aircraft_delay
DVL,8,1,10.0,-7.0,2,27.5,21.0,2,466.5,446.0,nas_delay,canc_C,late_aircraft_delay
DVL,9,4,7.0,-2.0,3,29.666666666666668,32.333333333333336,3,93.33333333333333,91.66666666666667,carrier_delay,late_aircraft_delay,nas_delay
DVL,10,2,3.5,3.0,5,25.2,25.0,2,570.0,565.0,carrier_delay,nas_delay,weather_delay
DVL,11,7,9.142857142857142,3.0,3,32.333333333333336,17.0,10,246.1,248.22222222222223,late_aircraft_delay,canc_B,carrier_delay
DVL,12,5,7.0,2.8,2,29.5,22.0,7,438.0,433.57142857142856,late_aircraft_delay,nas_delay,weather_delay
EAR,11,5,4.6,-5.4,2,35.5,35.5,2,539.0,540.0,carrier_delay,canc_B,nas_delay
EAR,12,6,3.5,-3.1666666666666665,4,22.75,11.25,6,269.1666666666667,267.6666666666667,carrier_delay,late_aircraft_delay,nas_delay
EAU,12,2,6.5,9.0,4,39.5,27.25,3,237.0,230.33333333333334,late_aircraft_delay,carrier_delay,nas_delay
ECP,1,48,6.0,0.3125,42,29.285714285714285,29.80952380952381,34,143.26470588235293,143.14705882352942,late_aircraft_delay,nas_delay,carrier_delay
ECP,2,42,7.023809523809524,1.0238095238095237,21,29.523809523809526,24.142857142857142,17,137.41176470588235,132.47058823529412,late_aircraft_delay,nas_delay,carrier_delay
ECP,3,112,5.964285714285714,2.0,93,30.731182795698924,27.537634408602152,47,166.48936170212767,161.27659574468086,late_aircraft_delay,carrier_delay,nas_delay
ECP,4,119,5.823529411764706,2.1260504201680672,77,30.12987012987013,29.0,43,198.74418604651163,196.7674418604651,late_aircraft_delay,nas_delay,carrier_delay
ECP,5,155,6.2064516129032254,5.882352941176471,155,32.4,34.13636363636363,84,139.60714285714286,144.3012048192771,late_aircraft_delay,nas_delay,carrier_delay
ECP,6,197,6.375634517766497,0.6989795918367347,208,32.21153846153846,26.154589371980677,91,122.25274725274726,118.65934065934066,late_aircraft_delay,carrier_delay,nas_delay
ECP,7,188,6.531914893617022,2.145945945945946,204,31.215686274509803,27.28358208955224,117,182.8803418803419,181.11206896551724,late_aircraft_delay,carrier_delay,nas_delay
ECP,8,146,5.726027397260274,-0.10273972602739725,111,30.28828828828829,24.51818181818182,50,175.76,173.3,late_aircraft_delay,carrier_delay,nas_delay
ECP,9,106,6.066037735849057,0.18867924528301888,71,29.014084507042252,27.32857142857143,32,135.90625,129.59375,late_aircraft_delay,carrier_delay,nas_delay
ECP,10,117,5.948717948717949,-1.017094017094017,68,30.205882352941178,20.647058823529413,14,210.35714285714286,208.85714285714286,late_aircraft_delay,carrier_delay,nas_delay
ECP,11,75,5.973333333333334,0.16,36,31.583333333333332,31.97222222222222,16,139.625,132.4375,carrier_delay,late_aircraft_delay,nas_delay
ECP,12,97,5.907216494845361,3.4948453608247423,58,32.86206896551724,28.275862068965516,30,160.06666666666666,161.53333333333333,nas_delay,carrier_delay,late_aircraft_delay
EGE,1,71,6.225352112676056,6.671428571428572,121,35.099173553719005,34.768595041322314,75,239.74666666666667,242.83333333333334,late_aircraft_delay,carrier_delay,nas_delay
EGE,2,62,7.096774193548387,2.4838709677419355,75,29.093333333333334,23.39189189189189,37,292.7027027027027,270.75,nas_delay,carrier_delay,late_aircraft_delay
EGE,3,75,6.546666666666667,7.56,79,31.962025316455698,31.666666666666668,69,229.4927536231884,233.62686567164178,nas_delay,late_aircraft_delay,carrier_delay
EGE,4,14,7.5,8.071428571428571,12,33.333333333333336,28.75,13,117.46153846153847,124.23076923076923,nas_delay,carrier_delay,late_aircraft_delay
EGE,5,9,6.888888888888889,-1.2222222222222223,11,37.63636363636363,27.636363636363637,15,140.93333333333334,138.85714285714286,carrier_delay,nas_delay,late_aircraft_delay
EGE,6,15,5.866666666666666,0.4666666666666667,19,32.473684210526315,20.894736842105264,24,136.16666666666666,139.47826086956522,carrier_delay,late_aircraft_delay,nas_delay
EGE,7,19,5.842105263157895,5.894736842105263,43,30.232558139534884,24.627906976744185,23,184.3913043478261,181.04347826086956,carrier_delay,late_aircraft_delay,nas_delay
EGE,8,20,5.9,-3.45,25,34.8,26.5,27,208.4814814814815,198.74074074074073,late_aircraft_delay,carrier_delay,nas_delay
EGE,9,8,7.875,4.625,15,34.4,25.6,3,76.33333333333333,67.0,carrier_delay,late_aircraft_delay,nas_delay
EGE,10,7,6.428571428571429,-4.0,11,31.181818181818183,16.272727272727273,4,147.25,135.0,carrier_delay,late_aircraft_delay,nas_delay
EGE,11,17,6.529411764705882,4.9411764705882355,9,34.22222222222222,32.0,10,160.6,151.9,carrier_delay,nas_delay,late_aircraft_delay
EGE,12,59,5.745762711864407,1.0,64,32.015625,25.46875,75,228.76,232.44594594594594,carrier_delay,nas_delay,late_aircraft_delay
EKO,1,0,"","",1,60.0,144.0,2,148.0,149.5,carrier_delay,nas_delay,weather_delay
EKO,2,1,5.0,-6.0,0,"","",1,125.0,110.0,weather_delay,Nessuna,Nessuna
EKO,3,3,8.0,28.666666666666668,1,60.0,49.0,0,"","",carrier_delay,nas_delay,weather_delay
EKO,4,0,"","",3,41.333333333333336,24.0,0,"","",carrier_delay,Nessuna,Nessuna
EKO,5,0,"","",0,"","",0,"","",Nessuna,Nessuna,Nessuna
EKO,6,0,"","",2,40.0,28.0,3,262.0,249.66666666666666,carrier_delay,Nessuna,Nessuna
EKO,7,2,1.0,-7.0,0,"","",2,566.0,557.0,carrier_delay,canc_C,Nessuna
EKO,8,0,"","",1,39.0,26.0,0,"","",carrier_delay,weather_delay,Nessuna
EKO,9,0,"","",0,"","",1,95.0,88.0,carrier_delay,Nessuna,Nessuna
EKO,10,0,"","",0,"","",0,"","",Nessuna,Nessuna,Nessuna
EKO,11,0,"","",0,"","",0,"","",Nessuna,Nessuna,Nessuna
EKO,12,0,"","",0,"","",0,"","",carrier_delay,Nessuna,Nessuna
ELM,1,5,8.6,-4.8,11,29.454545454545453,18.818181818181817,20,296.35,291.25,carrier_delay,nas_delay,weather_delay
ELM,2,8,7.25,-0.5,7,28.714285714285715,6.857142857142857,6,85.33333333333333,67.16666666666667,carrier_delay,nas_delay,weather_delay
ELM,3,9,6.333333333333333,0.2222222222222222,6,26.333333333333332,15.333333333333334,13,229.84615384615384,234.23076923076923,carrier_delay,nas_delay,late_aircraft_delay
ELM,4,1,1.0,-20.0,2,32.5,22.0,8,187.375,194.375,carrier_delay,weather_delay,nas_delay
ELM,5,12,7.75,1.9166666666666667,7,32.142857142857146,25.714285714285715,7,251.0,245.85714285714286,carrier_delay,late_aircraft_delay,nas_delay
ELM,6,9,4.666666666666667,7.444444444444445,6,40.0,36.833333333333336,16,177.375,177.75,carrier_delay,nas_delay,weather_delay
ELM,7,9,9.222222222222221,6.0,8,31.625,27.0,15,116.66666666666667,112.33333333333333,carrier_delay,nas_delay,late_aircraft_delay
ELM,8,11,6.363636363636363,1.5454545454545454,8,28.75,24.0,6,127.0,116.33333333333333,carrier_delay,nas_delay,late_aircraft_delay
ELM,9,5,6.8,0.4,9,34.111111111111114,23.77777777777778,3,190.0,183.0,carrier_delay,late_aircraft_delay,weather_delay
ELM,10,5,8.4,2.4,6,31.833333333333332,27.166666666666668,9,180.66666666666666,173.33333333333334,carrier_delay,late_aircraft_delay,weather_delay
ELM,11,6,5.833333333333333,-6.666666666666667,8,42.5,33.0,9,132.77777777777777,131.44444444444446,carrier_delay,nas_delay,late_aircraft_delay
ELM,12,14,5.214285714285714,-3.0,13,31.53846153846154,26.384615384615383,8,208.375,202.0,carrier_delay,nas_delay,late_aircraft_delay
ELP,1,191,6.115183246073299,1.4397905759162304,150,31.19333333333333,26.38,64,164.671875,164.890625,late_aircraft_delay,carrier_delay,nas_delay
ELP,2,184,5.5,0.5,111,30.25225225225225,25.827272727272728,39,175.51282051282053,175.10256410256412,late_aircraft_delay,nas_delay,carrier_delay
ELP,3,248,5.935483870967742,-0.1700404858299595,167,30.880239520958085,25.077844311377245,82,154.84146341463415,151.85185185185185,late_aircraft_delay,carrier_delay,nas_delay
ELP,4,220,5.863636363636363,-0.4383561643835616,178,30.134831460674157,24.436781609195403,83,150.9879518072289,149.9156626506024,late_aircraft_delay,carrier_delay,nas_delay
ELP,5,247,6.437246963562753,1.6213991769547325,236,31.194915254237287,26.612765957446808,153,150.98039215686273,149.40522875816993,late_aircraft_delay,carrier_delay,nas_delay
ELP,6,277,5.866425992779783,1.4528985507246377,209,30.803827751196174,28.401913875598087,114,149.640350877193,146.05357142857142,late_aircraft_delay,carrier_delay,nas_delay
ELP,7,243,6.004115226337449,2.0330578512396693,236,31.555084745762713,25.405982905982906,144,141.80555555555554,137.65972222222223,late_aircraft_delay,carrier_delay,nas_delay
ELP,8,166,5.704819277108434,0.9578313253012049,150,33.16,29.14864864864865,84,153.02380952380952,149.58333333333334,late_aircraft_delay,nas_delay,carrier_delay
ELP,9,151,5.867549668874172,-0.033112582781456956,133,32.30075187969925,26.30827067669173,57,130.80701754385964,127.15789473684211,late_aircraft_delay,carrier_delay,nas_delay
ELP,10,191,6.12041884816754,1.3298429319371727,114,31.289473684210527,26.719298245614034,51,156.45098039215685,153.2941176470588,late_aircraft_delay,carrier_delay,nas_delay
ELP,11,167,6.209580838323354,-0.6385542168674698,141,31.879432624113477,29.68794326241135,64,158.34375,158.91935483870967,late_aircraft_delay,carrier_delay,nas_delay
ELP,12,239,5.933054393305439,0.7857142857142857,159,32.38993710691824,26.854430379746834,105,156.45714285714286,155.9047619047619,late_aircraft_delay,carrier_delay,nas_delay
ESC,1,2,8.5,11.5,2,24.0,18.0,6,128.33333333333334,114.5,carrier_delay,nas_delay,canc_B
ESC,2,2,10.0,-2.5,1,20.0,-4.0,2,86.5,64.5,carrier_delay,Nessuna,Nessuna
ESC,3,1,3.0,-12.0,3,40.333333333333336,18.0,7,200.71428571428572,188.0,carrier_delay,weather_delay,nas_delay
ESC,4,4,9.25,2.5,1,57.0,60.0,4,137.75,129.5,carrier_delay,nas_delay,canc_A
ESC,5,3,2.0,1.6666666666666667,0,"","",3,101.66666666666667,95.0,carrier_delay,nas_delay,weather_delay
ESC,6,5,7.2,7.0,6,31.0,34.833333333333336,7,159.57142857142858,162.14285714285714,carrier_delay,nas_delay,weather_delay
ESC,7,3,5.333333333333333,13.666666666666666,5,30.4,29.2,5,388.6,411.2,carrier_delay,nas_delay,weather_delay
ESC,8,2,6.5,5.0,4,34.75,39.0,3,254.33333333333334,252.33333333333334,carrier_delay,nas_delay,weather_delay
ESC,9,0,"","",5,30.0,26.6,2,331.5,323.5,weather_delay,carrier_delay,nas_delay
ESC,10,1,5.0,9.0,2,43.5,38.0,5,107.4,96.4,carrier_delay,Nessuna,Nessuna
ESC,11,0,"","",8,34.25,21.625,3,190.33333333333334,179.66666666666666,carrier_delay,weather_delay,Nessuna
ESC,12,4,6.25,1.75,5,36.0,42.8,6,160.5,156.33333333333334,carrier_delay,nas_delay,canc_B
EUG,1,78,6.089743589743589,-0.6923076923076923,71,32.014084507042256,21.028169014084508,56,207.89285714285714,199.23214285714286,canc_B,carrier_delay,nas_delay
EUG,2,64,6.515625,-2.296875,35,35.82857142857143,28.714285714285715,37,182.35135135135135,180.48648648648648,nas_delay,late_aircraft_delay,carrier_delay
EUG,3,85,6.294117647058823,2.9647058823529413,61,33.18032786885246,36.40983606557377,40,125.05,121.39473684210526,nas_delay,carrier_delay,late_aircraft_delay
EUG,4,71,6.619718309859155,2.0140845070422535,56,30.892857142857142,26.339285714285715,28,128.82142857142858,123.85714285714286,carrier_delay,late_aircraft_delay,nas_delay
EUG,5,71,6.140845070422535,-2.4571428571428573,64,32.078125,26.984375,41,114.0,109.58536585365853,carrier_delay,nas_delay,late_aircraft_delay
EUG,6,119,5.630252100840337,-0.7796610169491526,77,30.350649350649352,24.584415584415584,32,108.25,105.5625,carrier_delay,late_aircraft_delay,nas_delay
EUG,7,104,6.384615384615385,0.9423076923076923,78,32.84615384615385,25.525641025641026,44,220.0909090909091,213.54545454545453,carrier_delay,late_aircraft_delay,nas_delay
EUG,8,75,5.253333333333333,-1.1756756756756757,56,27.767857142857142,27.410714285714285,31,178.3548387096774,177.41935483870967,carrier_delay,nas_delay,late_aircraft_delay
EUG,9,64,6.078125,0.7777777777777778,42,36.404761904761905,28.952380952380953,34,159.52941176470588,150.58823529411765,carrier_delay,late_aircraft_delay,nas_delay
EUG,10,85,6.105882352941176,-1.188235294117647,52,28.865384615384617,22.692307692307693,32,187.28125,183.125,carrier_delay,nas_delay,late_aircraft_delay
EUG,11,101,5.910891089108911,0.48514851485148514,61,30.65573770491803,22.327868852459016,33,205.8181818181818,205.875,carrier_delay,late_aircraft_delay,nas_delay
EUG,12,122,6.540983606557377,0.256198347107438,97,29.855670103092784,23.125,48,193.5,188.22916666666666,carrier_delay,late_aircraft_delay,nas_delay
EVV,1,16,7.3125,6.8125,15,30.266666666666666,24.866666666666667,20,149.5,149.5,nas_delay,late_aircraft_delay,carrier_delay
EVV,2,8,7.125,2.625,13,35.07692307692308,30.53846153846154,2,95.5,84.0,nas_delay,late_aircraft_delay,carrier_delay
EVV,3,10,6.2,-0.8,12,30.666666666666668,27.5,17,175.94117647058823,173.88235294117646,nas_delay,carrier_delay,late_aircraft_delay
EVV,4,10,6.9,8.2,13,32.76923076923077,31.923076923076923,12,180.25,182.08333333333334,nas_delay,carrier_delay,late_aircraft_delay
EVV,5,18,7.611111111111111,9.444444444444445,13,26.307692307692307,24.23076923076923,21,202.04761904761904,203.61904761904762,nas_delay,carrier_delay,weather_delay
EVV,6,22,6.7727272727272725,0.3181818181818182,20,32.95,30.15,14,117.35714285714286,107.6923076923077,late_aircraft_delay,nas_delay,carrier_delay
EVV,7,20,7.25,2.9,36,30.97222222222222,33.542857142857144,14,193.21428571428572,200.0,late_aircraft_delay,nas_delay,carrier_delay
EVV,8,19,5.0,-1.3157894736842106,13,40.53846153846154,33.15384615384615,10,122.2,116.1,late_aircraft_delay,nas_delay,carrier_delay
EVV,9,19,6.7368421052631575,17.0,13,34.15384615384615,33.92307692307692,12,134.08333333333334,133.0,nas_delay,carrier_delay,late_aircraft_delay
EVV,10,12,5.5,-2.8333333333333335,12,30.416666666666668,18.666666666666668,8,293.25,278.125,carrier_delay,late_aircraft_delay,nas_delay
EVV,11,13,7.076923076923077,0.23076923076923078,7,27.428571428571427,26.142857142857142,13,189.84615384615384,182.92307692307693,nas_delay,late_aircraft_delay,carrier_delay
EVV,12,22,6.909090909090909,-1.4545454545454546,19,35.21052631578947,24.526315789473685,19,165.73684210526315,151.6315789473684,nas_delay,carrier_delay,late_aircraft_delay
EWN,7,2,4.0,-15.0,6,35.0,19.0,5,302.4,288.0,late_aircraft_delay,canc_B,carrier_delay
EWN,8,5,10.0,3.8,3,47.0,43.333333333333336,4,325.25,314.25,late_aircraft_delay,carrier_delay,canc_B
EWN,9,0,"","",0,"","",1,163.0,159.0,nas_delay,late_aircraft_delay,Nessuna
EWR,1,1348,6.321958456973293,-2.1304996271439225,1193,32.043587594300085,22.76890756302521,746,139.34584450402144,134.9758064516129,carrier_delay,nas_delay,late_aircraft_delay
EWR,2,1197,6.1077694235588975,-6.079899074852817,932,31.38197424892704,19.47204301075269,413,129.8232445520581,118.31067961165049,carrier_delay,nas_delay,late_aircraft_delay
EWR,3,1368,6.475877192982456,-4.865737344093911,1322,31.940242057488653,19.684889901290813,803,134.50809464508094,123.46317103620474,carrier_delay,nas_delay,late_aircraft_delay
EWR,4,1361,6.501102130786187,-0.788659793814433,1342,32.3166915052161,25.669662921348316,834,142.23621103117506,136.5379061371841,carrier_delay,nas_delay,late_aircraft_delay
EWR,5,1517,6.453526697429137,0.6356435643564357,1584,33.31818181818182,28.82688649334179,1067,129.0215557638238,127.03951081843839,nas_delay,carrier_delay,late_aircraft_delay
EWR,6,1644,6.231143552311435,-0.10561660561660562,1472,32.29008152173913,28.79550102249489,1252,156.90814696485623,157.56570512820514,carrier_delay,nas_delay,late_aircraft_delay
EWR,7,1623,6.4497843499691925,4.7334978408389885,1692,33.304964539007095,34.54982206405694,1709,162.0702165008777,161.74191651969429,carrier_delay,nas_delay,late_aircraft_delay
EWR,8,1498,6.462616822429907,2.8056300268096517,1433,31.538032100488486,27.928823114869626,1199,170.93994995829857,168.92707460184408,nas_delay,carrier_delay,late_aircraft_delay
EWR,9,1170,6.105982905982906,0.8361921097770154,1016,31.590551181102363,26.59328726554788,489,146.28629856850716,146.0879345603272,nas_delay,carrier_delay,late_aircraft_delay
EWR,10,1266,6.138230647709321,-1.8189723320158102,1045,31.794258373205743,23.167464114832537,645,125.96434108527131,115.14573643410853,carrier_delay,nas_delay,late_aircraft_delay
EWR,11,1350,6.29925925925926,0.37509266123054114,1334,33.00374812593703,26.931527464258842,952,118.39075630252101,111.04535864978902,nas_delay,late_aircraft_delay,carrier_delay
EWR,12,1885,6.314058355437666,0.5901116427432217,1787,31.80022383883604,25.513468013468014,953,127.8405036726128,120.76029567053854,carrier_delay,nas_delay,late_aircraft_delay
EYW,1,128,6.6796875,3.543307086614173,149,30.389261744966444,24.899328859060404,100,177.61,175.09278350515464,late_aircraft_delay,carrier_delay,nas_delay
EYW,2,158,7.132911392405063,6.624203821656051,109,30.422018348623855,28.155963302752294,64,199.4375,198.33333333333334,nas_delay,carrier_delay,late_aircraft_delay
EYW,3,140,7.45,6.0071942446043165,171,32.005847953216374,29.52409638554217,114,206.78947368421052,205.80733944954127,late_aircraft_delay,carrier_delay,nas_delay
EYW,4,129,6.6434108527131785,4.503875968992248,140,29.678571428571427,25.940298507462686,76,182.53947368421052,182.86486486486487,carrier_delay,late_aircraft_delay,nas_delay
EYW,5,80,7.075,6.227848101265823,99,32.292929292929294,38.645161290322584,104,186.21153846153845,190.14851485148515,late_aircraft_delay,nas_delay,carrier_delay
EYW,6,75,6.013333333333334,0.7702702702702703,78,32.782051282051285,32.64473684210526,59,174.71186440677965,172.36206896551724,late_aircraft_delay,nas_delay,carrier_delay
EYW,7,70,7.614285714285714,7.671428571428572,82,34.0,33.21518987341772,79,180.0632911392405,175.2077922077922,late_aircraft_delay,carrier_delay,nas_delay
EYW,8,41,6.536585365853658,9.951219512195122,54,32.48148148148148,33.094339622641506,55,166.70909090909092,164.3846153846154,late_aircraft_delay,nas_delay,carrier_delay
EYW,9,45,6.066666666666666,2.977272727272727,44,31.34090909090909,27.272727272727273,16,195.625,196.6875,nas_delay,late_aircraft_delay,carrier_delay
EYW,10,51,6.117647058823529,-0.0784313725490196,42,30.476190476190474,24.738095238095237,15,219.93333333333334,204.71428571428572,late_aircraft_delay,carrier_delay,canc_B
EYW,11,104,5.9326923076923075,2.5728155339805827,76,27.86842105263158,26.460526315789473,35,175.25714285714287,172.58823529411765,late_aircraft_delay,nas_delay,carrier_delay
EYW,12,105,6.333333333333333,-0.4857142857142857,115,32.48695652173913,28.06140350877193,88,206.125,207.71264367816093,late_aircraft_delay,carrier_delay,nas_delay
FAI,1,28,5.214285714285714,0.4642857142857143,23,33.17391304347826,22.869565217391305,20,105.75,101.5,nas_delay,late_aircraft_delay,carrier_delay
FAI,2,28,5.357142857142857,6.75,10,29.1,22.8,7,85.0,90.0,nas_delay,carrier_delay,weather_delay
FAI,3,39,5.743589743589744,2.076923076923077,30,28.2,22.3,13,104.3076923076923,102.23076923076923,late_aircraft_delay,nas_delay,carrier_delay
FAI,4,33,6.818181818181818,1.393939393939394,32,35.9375,24.3125,6,217.66666666666666,217.66666666666666,late_aircraft_delay,nas_delay,carrier_delay
FAI,5,50,6.88,-1.32,43,28.930232558139537,18.333333333333332,11,134.8181818181818,120.0909090909091,late_aircraft_delay,carrier_delay,nas_delay
FAI,6,74,6.202702702702703,4.121621621621622,43,29.162790697674417,22.697674418604652,19,182.05263157894737,178.68421052631578,late_aircraft_delay,carrier_delay,nas_delay
FAI,7,77,6.428571428571429,3.7662337662337664,69,28.594202898550726,20.884057971014492,27,216.92592592592592,217.40740740740742,nas_delay,late_aircraft_delay,carrier_delay
FAI,8,77,6.337662337662338,-2.7532467532467533,66,30.545454545454547,20.363636363636363,15,125.26666666666667,116.6,late_aircraft_delay,carrier_delay,nas_delay
FAI,9,42,5.023809523809524,-5.857142857142857,49,26.408163265306122,7.142857142857143,10,149.5,134.7,late_aircraft_delay,carrier_delay,nas_delay
FAI,10,39,5.641025641025641,2.282051282051282,26,31.884615384615383,27.53846153846154,6,252.5,246.5,nas_delay,late_aircraft_delay,carrier_delay
FAI,11,45,5.866666666666666,-1.8888888888888888,16,25.0,11.875,9,186.11111111111111,178.33333333333334,nas_delay,carrier_delay,late_aircraft_delay
FAI,12,35,6.3428571428571425,-3.3142857142857145,21,28.428571428571427,25.047619047619047,14,149.92857142857142,147.28571428571428,nas_delay,carrier_delay,late_aircraft_delay
FAR,1,83,6.204819277108434,0.5662650602409639,52,34.53846153846154,30.076923076923077,54,184.85185185185185,180.42592592592592,late_aircraft_delay,nas_delay,carrier_delay
FAR,2,36,5.055555555555555,-3.8333333333333335,26,22.26923076923077,15.384615384615385,35,309.8,296.51428571428573,nas_delay,carrier_delay,late_aircraft_delay
FAR,3,52,6.634615384615385,-2.1346153846153846,37,31.216216216216218,16.7027027027027,27,148.40740740740742,142.96296296296296,nas_delay,carrier_delay,late_aircraft_delay
FAR,4,41,6.951219512195122,1.5365853658536586,32,27.03125,20.1875,21,138.71428571428572,133.68421052631578,carrier_delay,nas_delay,late_aircraft_delay
FAR,5,60,6.066666666666666,3.2333333333333334,51,33.8235294117647,34.2,42,146.71428571428572,140.64285714285714,carrier_delay,nas_delay,late_aircraft_delay
FAR,6,82,7.109756097560975,6.646341463414634,68,34.80882352941177,35.588235294117645,66,175.56060606060606,175.6818181818182,nas_delay,carrier_delay,late_aircraft_delay
FAR,7,78,6.987179487179487,3.628205128205128,72,30.23611111111111,28.069444444444443,57,159.8421052631579,156.5438596491228,carrier_delay,nas_delay,late_aircraft_delay
FAR,8,57,5.473684210526316,4.385964912280702,57,30.94736842105263,33.03508771929825,47,178.6595744680851,175.25531914893617,nas_delay,carrier_delay,late_aircraft_delay
FAR,9,45,6.711111111111111,0.5555555555555556,43,30.209302325581394,25.6046511627907,21,148.9047619047619,137.23809523809524,carrier_delay,nas_delay,late_aircraft_delay
FAR,10,38,4.7105263157894735,-4.578947368421052,42,31.285714285714285,21.170731707317074,28,112.39285714285714,104.96428571428571,carrier_delay,late_aircraft_delay,nas_delay
FAR,11,78,7.038461538461538,7.935897435897436,59,31.508474576271187,29.1864406779661,41,185.1219512195122,186.925,nas_delay,carrier_delay,late_aircraft_delay
FAR,12,82,6.158536585365853,6.7560975609756095,84,28.773809523809526,23.952380952380953,73,249.6986301369863,251.88732394366198,nas_delay,carrier_delay,late_aircraft_delay
FAT,1,115,5.895652173913043,1.2608695652173914,105,32.72380952380952,26.66346153846154,57,121.0701754385965,115.0701754385965,late_aircraft_delay,carrier_delay,nas_delay
FAT,2,110,6.5181818181818185,0.5321100917431193,93,31.440860215053764,25.462365591397848,44,152.5681818181818,144.6046511627907,nas_delay,carrier_delay,late_aircraft_delay
FAT,3,105,6.247619047619048,4.644230769230769,108,30.59259259259259,26.01851851851852,59,153.5084745762712,151.76271186440678,nas_delay,late_aircraft_delay,carrier_delay
FAT,4,120,6.166666666666667,1.975,95,31.673684210526314,28.389473684210525,61,178.63934426229508,179.18032786885246,carrier_delay,nas_delay,late_aircraft_delay
FAT,5,153,6.326797385620915,1.6405228758169934,141,31.361702127659573,26.611510791366907,75,225.68,227.13698630136986,carrier_delay,late_aircraft_delay,nas_delay
FAT,6,155,6.445161290322581,2.4740259740259742,141,30.858156028368793,27.77857142857143,59,159.05084745762713,155.5084745762712,carrier_delay,nas_delay,late_aircraft_delay
FAT,7,143,6.489510489510489,2.5492957746478875,140,32.18571428571428,29.41726618705036,87,165.95402298850576,164.93103448275863,carrier_delay,late_aircraft_delay,nas_delay
FAT,8,132,5.583333333333333,2.1908396946564888,101,30.95049504950495,26.217821782178216,65,127.84615384615384,128.12307692307692,carrier_delay,late_aircraft_delay,nas_delay
FAT,9,125,5.4,-0.472,95,31.757894736842104,25.51578947368421,48,132.6875,131.51063829787233,carrier_delay,late_aircraft_delay,nas_delay
FAT,10,138,6.405797101449275,0.10869565217391304,90,30.633333333333333,26.144444444444446,38,162.73684210526315,163.44736842105263,carrier_delay,nas_delay,late_aircraft_delay
FAT,11,158,5.525316455696203,-0.5949367088607594,109,30.073394495412845,25.944444444444443,55,192.96363636363637,194.1851851851852,carrier_delay,nas_delay,late_aircraft_delay
FAT,12,170,6.5058823529411764,1.3411764705882352,180,32.172222222222224,28.178770949720672,104,176.91346153846155,178.02884615384616,nas_delay,carrier_delay,late_aircraft_delay
FAY,1,9,6.111111111111111,0.2222222222222222,8,24.5,19.285714285714285,10,154.0,160.4,nas_delay,carrier_delay,weather_delay
FAY,2,13,5.076923076923077,-7.0,8,25.5,16.25,2,194.0,158.0,carrier_delay,nas_delay,late_aircraft_delay
FAY,3,11,6.2727272727272725,-5.454545454545454,11,30.09090909090909,31.727272727272727,5,141.8,130.6,late_aircraft_delay,carrier_delay,nas_delay
FAY,4,13,6.923076923076923,1.6923076923076923,9,23.555555555555557,13.333333333333334,2,456.5,466.0,late_aircraft_delay,nas_delay,carrier_delay
FAY,5,17,5.705882352941177,5.117647058823529,4,28.0,25.0,12,166.41666666666666,165.25,late_aircraft_delay,nas_delay,carrier_delay
FAY,6,11,4.818181818181818,-4.363636363636363,8,29.25,21.75,6,299.1666666666667,296.3333333333333,carrier_delay,weather_delay,nas_delay
FAY,7,10,4.6,-1.5,9,26.88888888888889,41.111111111111114,14,181.21428571428572,182.71428571428572,carrier_delay,nas_delay,weather_delay
FAY,8,12,8.083333333333334,5.75,6,26.166666666666668,28.0,10,165.6,176.88888888888889,carrier_delay,nas_delay,late_aircraft_delay
FAY,9,12,4.583333333333333,6.333333333333333,15,33.13333333333333,32.46666666666667,15,214.73333333333332,221.26666666666668,nas_delay,late_aircraft_delay,carrier_delay
FAY,10,26,5.1923076923076925,1.6923076923076923,16,29.0625,21.0625,13,232.46153846153845,221.69230769230768,nas_delay,carrier_delay,late_aircraft_delay
FAY,11,17,5.588235294117647,1.5294117647058822,7,24.857142857142858,15.0,6,246.16666666666666,235.33333333333334,late_aircraft_delay,nas_delay,carrier_delay
FAY,12,25,5.12,-2.36,15,34.93333333333333,25.6,9,166.77777777777777,154.66666666666666,late_aircraft_delay,carrier_delay,nas_delay
FCA,1,45,7.2444444444444445,7.2,28,33.035714285714285,34.107142857142854,28,192.78571428571428,185.57142857142858,nas_delay,carrier_delay,weather_delay
FCA,2,41,4.634146341463414,5.7317073170731705,14,37.92857142857143,45.785714285714285,9,226.55555555555554,231.22222222222223,nas_delay,carrier_delay,late_aircraft_delay
FCA,3,38,4.921052631578948,-0.5526315789473685,13,30.76923076923077,17.46153846153846,8,191.0,184.5,nas_delay,carrier_delay,late_aircraft_delay
FCA,4,15,5.866666666666666,-4.333333333333333,15,33.666666666666664,25.133333333333333,6,202.16666666666666,202.83333333333334,carrier_delay,nas_delay,late_aircraft_delay
FCA,5,17,6.352941176470588,1.9411764705882353,26,33.0,23.73076923076923,19,147.89473684210526,136.21052631578948,late_aircraft_delay,carrier_delay,nas_delay
FCA,6,72,6.361111111111111,-0.75,59,31.983050847457626,24.440677966101696,30,242.63333333333333,234.93333333333334,late_aircraft_delay,nas_delay,carrier_delay
FCA,7,97,6.11340206185567,1.422680412371134,73,29.493150684931507,23.52054794520548,50,177.12,175.79591836734693,carrier_delay,late_aircraft_delay,nas_delay
FCA,8,90,6.155555555555556,2.1444444444444444,74,30.16216216216216,29.60810810810811,37,244.16216216216216,241.63888888888889,late_aircraft_delay,carrier_delay,nas_delay
FCA,9,55,5.345454545454546,1.290909090909091,28,30.678571428571427,20.571428571428573,12,146.83333333333334,143.83333333333334,carrier_delay,nas_delay,late_aircraft_delay
FCA,10,26,5.461538461538462,-6.3076923076923075,16,30.5,18.75,7,188.28571428571428,177.14285714285714,carrier_delay,late_aircraft_delay,nas_delay
FCA,11,21,6.333333333333333,1.380952380952381,13,37.69230769230769,46.07692307692308,7,145.57142857142858,152.16666666666666,nas_delay,carrier_delay,late_aircraft_delay
FCA,12,31,5.645161290322581,-1.1612903225806452,21,33.476190476190474,25.714285714285715,17,177.52941176470588,167.23529411764707,carrier_delay,nas_delay,late_aircraft_delay
FLG,1,7,8.0,11.142857142857142,7,36.0,43.57142857142857,10,205.9,208.6,carrier_delay,nas_delay,weather_delay
FLG,2,4,7.5,9.0,9,35.0,31.666666666666668,13,260.38461538461536,263.15384615384613,carrier_delay,nas_delay,weather_delay
FLG,3,5,4.8,5.6,9,45.666666666666664,50.888888888888886,16,292.375,296.0625,carrier_delay,nas_delay,weather_delay
FLG,4,5,4.2,3.4,5,30.4,31.4,9,118.33333333333333,114.88888888888889,nas_delay,carrier_delay,late_aircraft_delay
FLG,5,5,6.0,-0.2,3,23.666666666666668,9.5,8,138.5,145.75,carrier_delay,nas_delay,weather_delay
FLG,6,6,5.5,2.1666666666666665,12,30.916666666666668,32.75,15,197.4,178.28571428571428,carrier_delay,nas_delay,weather_delay
FLG,7,5,9.2,11.0,6,38.833333333333336,32.833333333333336,4,181.5,183.0,nas_delay,carrier_delay,weather_delay
FLG,8,4,4.75,1.25,8,32.5,27.875,5,189.4,190.4,carrier_delay,nas_delay,late_aircraft_delay
FLG,9,3,5.0,15.666666666666666,5,36.6,40.8,4,248.5,243.25,carrier_delay,late_aircraft_delay,nas_delay
FLG,10,9,7.0,6.777777777777778,19,36.73684210526316,30.42105263157895,23,152.30434782608697,154.2608695652174,carrier_delay,nas_delay,late_aircraft_delay
FLG,11,10,5.6,2.0,26,34.03846153846154,32.61538461538461,22,165.1818181818182,151.9090909090909,carrier_delay,late_aircraft_delay,nas_delay
FLG,12,14,7.857142857142857,4.785714285714286,12,38.833333333333336,33.333333333333336,13,239.76923076923077,233.0,carrier_delay,late_aircraft_delay,nas_delay
FLL,1,1747,6.4979965655409275,0.42117376294591485,1860,31.3747311827957,25.447939262472886,848,132.50117924528303,127.95011876484561,carrier_delay,nas_delay,late_aircraft_delay
FLL,2,1614,6.325898389095415,2.8219602977667493,1401,30.740899357601712,26.014285714285716,667,139.05247376311843,132.61144578313252,nas_delay,carrier_delay,late_aircraft_delay
FLL,3,1690,6.423668639053254,2.3935981031416715,1873,32.736252002135615,29.7,1264,145.08306962025316,143.20557768924303,nas_delay,carrier_delay,late_aircraft_delay
FLL,4,1465,6.180887372013652,1.2594113620807665,1232,31.26298701298701,25.523654159869494,716,141.33938547486034,136.6451612903226,carrier_delay,nas_delay,late_aircraft_delay
FLL,5,1487,6.17350369872226,3.520974289580514,1379,31.660623640319074,30.290393013100438,826,140.64164648910412,140.52984165651645,nas_delay,carrier_delay,late_aircraft_delay
FLL,6,1378,6.36066763425254,1.452485380116959,1357,32.97052321296979,28.771618625277164,779,135.5147625160462,133.97671410090555,nas_delay,carrier_delay,late_aircraft_delay
FLL,7,1359,6.408388520971302,1.3884785819793206,1490,32.54228187919463,28.907868190988566,966,139.9399585921325,136.51348547717842,carrier_delay,nas_delay,late_aircraft_delay
FLL,8,1236,6.302588996763754,2.5686433793663688,1377,32.025417574437185,29.943231441048034,883,140.98187995469988,139.07272727272726,nas_delay,carrier_delay,late_aircraft_delay
FLL,9,1000,6.154,2.87,872,30.488532110091743,29.722988505747125,355,128.91267605633803,128.44350282485877,nas_delay,carrier_delay,late_aircraft_delay
FLL,10,1155,6.2623376623376625,0.15251299826689774,772,29.985751295336787,23.41796875,304,129.40131578947367,122.25082508250826,carrier_delay,nas_delay,late_aircraft_delay
FLL,11,1142,5.904553415061296,-2.6713409290096406,801,30.382022471910112,22.305764411027567,304,137.67434210526315,132.76897689768978,nas_delay,carrier_delay,late_aircraft_delay
FLL,12,1652,6.308111380145278,-0.5685679611650486,1456,31.563186813186814,25.326206896551724,780,129.0102564102564,125.49290322580646,carrier_delay,late_aircraft_delay,nas_delay
FNT,1,19,5.157894736842105,9.210526315789474,21,32.714285714285715,47.38095238095238,13,220.30769230769232,221.23076923076923,nas_delay,carrier_delay,late_aircraft_delay
FNT,2,28,5.214285714285714,-5.25,19,31.157894736842106,21.0,9,135.66666666666666,131.11111111111111,nas_delay,late_aircraft_delay,carrier_delay
FNT,3,30,6.233333333333333,-1.1,22,31.318181818181817,32.40909090909091,20,127.75,127.7,nas_delay,late_aircraft_delay,carrier_delay
FNT,4,18,6.722222222222222,-1.0555555555555556,15,32.4,23.0,11,225.9090909090909,217.9090909090909,carrier_delay,nas_delay,late_aircraft_delay
FNT,5,18,7.0,1.1111111111111112,19,31.157894736842106,27.263157894736842,20,184.8,182.05,nas_delay,carrier_delay,late_aircraft_delay
FNT,6,21,7.333333333333333,2.3333333333333335,14,27.428571428571427,18.357142857142858,15,170.26666666666668,161.53333333333333,carrier_delay,weather_delay,nas_delay
FNT,7,29,5.655172413793103,2.5517241379310347,12,34.333333333333336,37.083333333333336,21,221.76190476190476,218.57142857142858,carrier_delay,nas_delay,late_aircraft_delay
FNT,8,16,5.375,5.9375,19,35.1578947368421,32.473684210526315,21,161.66666666666666,168.61904761904762,nas_delay,late_aircraft_delay,carrier_delay
FNT,9,24,5.375,-1.4166666666666667,17,31.470588235294116,29.58823529411765,13,117.0,109.0,carrier_delay,late_aircraft_delay,nas_delay
FNT,10,31,5.870967741935484,-2.5806451612903225,17,30.470588235294116,27.764705882352942,11,168.72727272727272,164.45454545454547,carrier_delay,late_aircraft_delay,nas_delay
FNT,11,26,6.346153846153846,2.8846153846153846,13,28.153846153846153,27.692307692307693,18,145.83333333333334,150.83333333333334,carrier_delay,nas_delay,late_aircraft_delay
FNT,12,39,6.358974358974359,5.282051282051282,36,33.888888888888886,27.771428571428572,17,165.05882352941177,152.8235294117647,nas_delay,carrier_delay,late_aircraft_delay
FOD,1,6,5.0,9.0,7,32.0,19.166666666666668,6,160.33333333333334,145.16666666666666,late_aircraft_delay,canc_B,carrier_delay
FOD,2,1,4.0,-1.0,1,27.0,17.0,3,82.33333333333333,68.0,late_aircraft_delay,weather_delay,Nessuna
FOD,3,3,7.333333333333333,18.0,6,40.833333333333336,45.166666666666664,8,269.125,267.75,late_aircraft_delay,nas_delay,carrier_delay
FOD,4,6,6.0,5.666666666666667,3,26.0,19.5,3,142.0,140.66666666666666,late_aircraft_delay,nas_delay,Nessuna
FOD,5,4,4.75,-1.5,6,24.166666666666668,27.666666666666668,5,181.6,186.6,late_aircraft_delay,nas_delay,canc_B
FOD,6,1,1.0,-6.0,9,37.333333333333336,31.22222222222222,5,334.2,331.8,late_aircraft_delay,nas_delay,carrier_delay
FOD,7,0,"","",10,34.5,31.4,7,361.7142857142857,359.42857142857144,late_aircraft_delay,nas_delay,canc_B
FOD,8,1,2.0,1.0,10,40.0,36.3,10,158.9,158.3,late_aircraft_delay,nas_delay,canc_B
FOD,9,2,4.0,0.5,11,30.90909090909091,36.63636363636363,4,350.5,344.5,late_aircraft_delay,nas_delay,carrier_delay
FOD,10,4,7.5,11.75,5,55.2,51.4,3,463.6666666666667,460.6666666666667,carrier_delay,late_aircraft_delay,nas_delay
FOD,11,5,5.4,0.4,2,25.0,13.0,4,132.0,134.0,carrier_delay,late_aircraft_delay,nas_delay
FOD,12,2,9.0,17.5,5,33.6,23.6,3,154.0,166.66666666666666,late_aircraft_delay,nas_delay,carrier_delay
FSD,1,88,6.454545454545454,8.772727272727273,84,30.452380952380953,30.916666666666668,61,158.95081967213116,162.9016393442623,nas_delay,weather_delay,carrier_delay
FSD,2,68,5.867647058823529,-4.850746268656716,58,33.43103448275862,21.379310344827587,34,173.94117647058823,169.58823529411765,carrier_delay,nas_delay,late_aircraft_delay
FSD,3,65,5.476923076923077,-3.1384615384615384,49,32.734693877551024,24.428571428571427,21,182.85714285714286,183.57142857142858,nas_delay,late_aircraft_delay,carrier_delay
FSD,4,60,6.45,-2.2666666666666666,44,33.38636363636363,28.272727272727273,18,177.27777777777777,182.58823529411765,nas_delay,carrier_delay,late_aircraft_delay
FSD,5,82,5.926829268292683,0.5121951219512195,45,35.666666666666664,28.488888888888887,41,185.9268292682927,187.6829268292683,nas_delay,late_aircraft_delay,carrier_delay
FSD,6,88,6.034090909090909,3.1704545454545454,80,30.4875,29.4625,64,172.015625,173.71875,nas_delay,carrier_delay,late_aircraft_delay
FSD,7,72,5.944444444444445,8.208333333333334,85,31.305882352941175,28.49411764705882,56,173.19642857142858,170.14285714285714,carrier_delay,nas_delay,late_aircraft_delay
FSD,8,76,5.368421052631579,3.026315789473684,81,31.296296296296298,31.3375,32,182.15625,179.90625,nas_delay,carrier_delay,late_aircraft_delay
FSD,9,65,5.184615384615385,-0.4307692307692308,53,29.962264150943398,23.92452830188679,16,124.75,114.8125,carrier_delay,nas_delay,late_aircraft_delay
FSD,10,70,5.442857142857143,0.2571428571428571,55,28.363636363636363,18.87272727272727,18,116.83333333333333,106.83333333333333,carrier_delay,nas_delay,late_aircraft_delay
FSD,11,96,6.25,7.0625,60,29.283333333333335,24.266666666666666,41,178.34146341463415,174.53658536585365,nas_delay,carrier_delay,late_aircraft_delay
FSD,12,116,5.879310344827586,0.49137931034482757,78,31.987179487179485,26.243589743589745,67,200.02985074626866,198.92424242424244,nas_delay,carrier_delay,late_aircraft_delay
FSM,1,10,5.1,11.4,12,27.916666666666668,31.0,11,319.09090909090907,324.45454545454544,nas_delay,carrier_delay,canc_B
FSM,2,10,8.7,11.1,5,36.4,39.8,1,126.0,124.0,nas_delay,late_aircraft_delay,carrier_delay
FSM,3,12,5.75,5.583333333333333,11,28.727272727272727,21.818181818181817,5,144.4,138.2,nas_delay,late_aircraft_delay,carrier_delay
FSM,4,6,4.0,3.0,11,26.454545454545453,21.727272727272727,5,139.6,148.6,weather_delay,late_aircraft_delay,nas_delay
FSM,5,17,6.9411764705882355,10.588235294117647,20,27.35,28.95,13,132.07692307692307,134.3846153846154,nas_delay,late_aircraft_delay,carrier_delay
FSM,6,16,6.25,-2.375,22,32.68181818181818,24.5,19,131.52631578947367,122.73684210526316,late_aircraft_delay,nas_delay,carrier_delay
FSM,7,7,7.0,11.714285714285714,15,32.46666666666667,25.0,13,135.0,132.3846153846154,late_aircraft_delay,carrier_delay,nas_delay
FSM,8,11,8.181818181818182,-1.0,10,37.2,35.7,5,145.6,135.4,late_aircraft_delay,nas_delay,carrier_delay
FSM,9,9,6.111111111111111,6.444444444444445,8,31.875,22.75,4,135.5,114.75,late_aircraft_delay,nas_delay,carrier_delay
FSM,10,6,5.166666666666667,24.0,7,31.571428571428573,17.714285714285715,2,102.5,103.5,nas_delay,carrier_delay,late_aircraft_delay
FSM,11,16,5.6875,-11.1875,5,25.0,16.8,4,114.0,90.0,late_aircraft_delay,canc_B,carrier_delay
FSM,12,10,5.9,-3.1,7,42.0,29.714285714285715,5,295.8,301.4,late_aircraft_delay,nas_delay,carrier_delay
FWA,1,36,6.972222222222222,4.694444444444445,47,31.638297872340427,39.02127659574468,43,162.11627906976744,158.27906976744185,nas_delay,carrier_delay,late_aircraft_delay
FWA,2,43,7.1395348837209305,-0.4186046511627907,37,29.324324324324323,20.83783783783784,18,182.72222222222223,171.72222222222223,carrier_delay,nas_delay,late_aircraft_delay
FWA,3,57,6.7368421052631575,-0.875,44,30.431818181818183,21.863636363636363,30,150.7,149.2,nas_delay,carrier_delay,late_aircraft_delay
FWA,4,46,5.217391304347826,-2.6956521739130435,40,33.25,26.3,35,146.8,148.2941176470588,carrier_delay,nas_delay,late_aircraft_delay
FWA,5,34,5.5588235294117645,2.764705882352941,44,33.04545454545455,25.90909090909091,51,198.09803921568627,197.94,carrier_delay,nas_delay,late_aircraft_delay
FWA,6,55,7.181818181818182,-0.8545454545454545,53,33.679245283018865,30.264150943396228,51,162.19607843137254,154.62745098039215,carrier_delay,late_aircraft_delay,nas_delay
FWA,7,46,7.086956521739131,5.695652173913044,63,31.571428571428573,32.904761904761905,58,136.91379310344828,139.39655172413794,carrier_delay,nas_delay,late_aircraft_delay
FWA,8,42,7.4523809523809526,4.833333333333333,52,32.84615384615385,29.0,45,163.82222222222222,164.93333333333334,carrier_delay,nas_delay,late_aircraft_delay
FWA,9,46,4.934782608695652,-1.5434782608695652,39,31.897435897435898,30.487179487179485,32,164.59375,163.0625,carrier_delay,nas_delay,late_aircraft_delay
FWA,10,49,6.612244897959184,-0.5510204081632653,42,29.785714285714285,22.19047619047619,43,137.02325581395348,127.0,carrier_delay,late_aircraft_delay,nas_delay
FWA,11,58,6.758620689655173,0.29310344827586204,45,29.977777777777778,21.355555555555554,25,187.88,182.20833333333334,carrier_delay,nas_delay,late_aircraft_delay
FWA,12,61,6.295081967213115,-0.2459016393442623,60,32.61666666666667,26.35,60,175.45,174.74576271186442,carrier_delay,nas_delay,late_aircraft_delay
GCC,1,2,2.5,21.5,3,32.333333333333336,34.333333333333336,6,183.0,185.5,nas_delay,carrier_delay,canc_B
GCC,2,6,8.833333333333334,10.4,3,21.333333333333332,10.0,2,124.5,131.0,carrier_delay,nas_delay,canc_B
GCC,3,2,9.0,12.0,1,15.0,1.0,3,176.0,203.0,nas_delay,carrier_delay,canc_B
GCC,4,5,6.2,8.0,0,"","",4,297.75,296.5,carrier_delay,nas_delay,late_aircraft_delay
GCC,5,2,8.5,8.0,2,36.5,26.0,3,244.66666666666666,242.0,nas_delay,weather_delay,carrier_delay
GCC,6,5,7.8,6.2,4,34.25,29.75,4,165.25,170.75,carrier_delay,nas_delay,late_aircraft_delay
GCC,7,4,4.75,6.0,2,34.0,37.0,4,203.75,206.25,carrier_delay,nas_delay,late_aircraft_delay
GCC,8,8,5.625,0.5,3,17.333333333333332,43.333333333333336,6,265.3333333333333,301.6,nas_delay,late_aircraft_delay,carrier_delay
GCC,9,1,9.0,0.0,2,30.5,32.5,3,107.33333333333333,82.0,late_aircraft_delay,nas_delay,carrier_delay
GCC,10,4,7.75,2.25,3,26.666666666666668,18.666666666666668,5,266.8,263.6,weather_delay,nas_delay,carrier_delay
GCC,11,6,2.6666666666666665,11.666666666666666,5,24.8,14.4,6,91.16666666666667,100.0,carrier_delay,nas_delay,late_aircraft_delay
GCC,12,5,7.4,-0.8,4,37.75,28.75,4,437.0,430.25,carrier_delay,late_aircraft_delay,nas_delay
GCK,1,1,4.0,-8.0,5,28.4,42.4,6,295.8333333333333,299.6666666666667,carrier_delay,canc_B,nas_delay
GCK,2,3,4.0,-3.6666666666666665,6,27.666666666666668,33.5,1,207.0,210.0,nas_delay,carrier_delay,weather_delay
GCK,3,9,4.444444444444445,4.888888888888889,14,32.42857142857143,30.928571428571427,5,118.0,118.2,carrier_delay,nas_delay,late_aircraft_delay
GCK,4,7,8.285714285714286,8.0,6,28.833333333333332,37.166666666666664,7,230.71428571428572,226.85714285714286,carrier_delay,nas_delay,late_aircraft_delay
GCK,5,5,8.6,7.0,8,25.25,32.625,6,187.0,189.5,carrier_delay,nas_delay,late_aircraft_delay
GCK,6,8,6.0,8.375,1,59.0,61.0,7,107.0,107.57142857142857,nas_delay,late_aircraft_delay,carrier_delay
GCK,7,14,5.214285714285714,10.785714285714286,7,30.428571428571427,38.42857142857143,3,93.33333333333333,96.33333333333333,nas_delay,carrier_delay,late_aircraft_delay
GCK,8,11,4.2727272727272725,4.545454545454546,8,22.5,25.0,5,199.8,203.8,late_aircraft_delay,nas_delay,carrier_delay
GCK,9,10,6.9,6.2,3,32.0,24.0,1,117.0,129.0,carrier_delay,nas_delay,weather_delay
GCK,10,8,8.0,-1.0,2,32.0,22.0,7,157.28571428571428,155.28571428571428,carrier_delay,nas_delay,late_aircraft_delay
GCK,11,10,6.6,-1.2,6,29.333333333333332,20.666666666666668,4,185.5,177.0,carrier_delay,nas_delay,late_aircraft_delay
GCK,12,10,6.1,-4.7,6,31.0,33.833333333333336,7,173.71428571428572,179.71428571428572,carrier_delay,nas_delay,late_aircraft_delay
GEG,1,219,6.0091324200913245,0.8949771689497716,153,32.22875816993464,28.725490196078432,80,211.25,208.95,nas_delay,carrier_delay,late_aircraft_delay
GEG,2,132,5.840909090909091,1.8484848484848484,86,31.848837209302324,28.906976744186046,44,170.38636363636363,164.27906976744185,nas_delay,carrier_delay,late_aircraft_delay
GEG,3,171,5.695906432748538,0.6491228070175439,118,34.09322033898305,27.905982905982906,48,201.79166666666666,190.85416666666666,late_aircraft_delay,carrier_delay,nas_delay
GEG,4,172,5.877906976744186,0.7558139534883721,105,29.857142857142858,24.561904761904763,36,113.19444444444444,113.25,carrier_delay,late_aircraft_delay,nas_delay
GEG,5,210,5.9904761904761905,-0.11428571428571428,150,31.626666666666665,23.886666666666667,57,162.3859649122807,158.71929824561403,late_aircraft_delay,carrier_delay,nas_delay
GEG,6,258,6.848837209302325,0.0546875,178,29.06179775280899,21.03932584269663,83,121.50602409638554,114.72289156626506,late_aircraft_delay,carrier_delay,nas_delay
GEG,7,308,6.0064935064935066,0.13029315960912052,192,30.572916666666668,24.198952879581153,108,171.0462962962963,167.58333333333334,carrier_delay,late_aircraft_delay,nas_delay
GEG,8,267,6.415730337078652,3.7030075187969924,180,31.0,27.89325842696629,66,143.8181818181818,143.21212121212122,nas_delay,late_aircraft_delay,carrier_delay
GEG,9,206,5.728155339805825,2.3349514563106797,130,30.4,24.784615384615385,45,151.9111111111111,148.4,nas_delay,late_aircraft_delay,carrier_delay
GEG,10,196,5.821428571428571,0.6581632653061225,80,29.1375,23.9625,46,177.2608695652174,173.2173913043478,carrier_delay,nas_delay,late_aircraft_delay
GEG,11,194,6.149484536082475,0.22164948453608246,124,28.427419354838708,22.137096774193548,47,141.4468085106383,139.6888888888889,nas_delay,carrier_delay,late_aircraft_delay
GEG,12,258,6.329457364341085,2.050387596899225,181,30.07182320441989,24.455555555555556,78,145.56410256410257,141.57692307692307,carrier_delay,nas_delay,late_aircraft_delay
GFK,1,18,5.444444444444445,0.5555555555555556,9,31.77777777777778,26.666666666666668,14,150.85714285714286,144.21428571428572,carrier_delay,nas_delay,late_aircraft_delay
GFK,2,3,5.333333333333333,-3.3333333333333335,4,39.5,49.5,7,241.42857142857142,233.28571428571428,nas_delay,carrier_delay,canc_B
GFK,3,11,6.636363636363637,-4.090909090909091,6,34.833333333333336,40.666666666666664,4,78.25,71.0,carrier_delay,nas_delay,weather_delay
GFK,4,6,8.333333333333334,-7.666666666666667,3,39.0,29.333333333333332,5,98.8,87.8,carrier_delay,late_aircraft_delay,weather_delay
GFK,5,2,5.5,-1.5,8,32.625,24.75,3,160.0,153.33333333333334,carrier_delay,late_aircraft_delay,weather_delay
GFK,6,9,7.777777777777778,19.444444444444443,14,36.857142857142854,50.0,10,156.3,162.5,nas_delay,carrier_delay,weather_delay
GFK,7,5,5.4,2.2,11,33.0,31.727272727272727,11,152.36363636363637,148.54545454545453,carrier_delay,nas_delay,weather_delay
GFK,8,8,6.625,21.25,12,35.25,45.5,9,152.22222222222223,160.0,nas_delay,carrier_delay,weather_delay
GFK,9,6,5.833333333333333,-4.333333333333333,11,28.545454545454547,22.181818181818183,1,642.0,623.0,carrier_delay,nas_delay,weather_delay
GFK,10,6,4.0,-0.8333333333333334,1,52.0,33.0,5,102.2,96.0,carrier_delay,nas_delay,weather_delay
GFK,11,14,5.0,5.714285714285714,5,28.4,17.2,3,105.0,103.33333333333333,carrier_delay,nas_delay,weather_delay
GFK,12,17,5.764705882352941,2.0588235294117645,11,37.45454545454545,38.54545454545455,14,181.92857142857142,174.28571428571428,nas_delay,late_aircraft_delay,carrier_delay
GGG,1,3,7.333333333333333,16.0,4,34.0,40.5,6,133.66666666666666,142.0,carrier_delay,nas_delay,weather_delay
GGG,2,0,"","",2,22.5,21.0,7,169.57142857142858,169.42857142857142,carrier_delay,nas_delay,late_aircraft_delay
GGG,3,0,"","",4,37.0,35.25,4,227.5,232.5,weather_delay,nas_delay,carrier_delay
GGG,4,2,8.5,0.5,0,"","",10,150.2,149.0,nas_delay,weather_delay,carrier_delay
GGG,5,5,4.0,1.4,4,28.5,22.25,11,175.45454545454547,175.63636363636363,carrier_delay,late_aircraft_delay,nas_delay
GGG,6,3,4.666666666666667,1.6666666666666667,3,37.0,35.0,6,142.66666666666666,122.5,late_aircraft_delay,nas_delay,weather_delay
GGG,7,7,4.428571428571429,2.5714285714285716,8,35.25,31.375,5,98.4,86.4,carrier_delay,late_aircraft_delay,nas_delay
GGG,8,6,2.6666666666666665,0.16666666666666666,7,36.142857142857146,31.0,5,113.2,104.2,late_aircraft_delay,carrier_delay,nas_delay
GGG,9,9,4.666666666666667,0.3333333333333333,4,38.25,33.5,5,145.2,135.0,carrier_delay,late_aircraft_delay,nas_delay
GGG,10,2,2.5,30.5,9,34.22222222222222,31.0,3,164.66666666666666,153.0,carrier_delay,nas_delay,Nessuna
GGG,11,6,8.333333333333334,6.5,10,34.3,23.4,7,108.57142857142857,111.57142857142857,carrier_delay,nas_delay,late_aircraft_delay
GGG,12,5,5.8,-2.2,5,35.0,23.8,8,147.5,141.875,carrier_delay,canc_B,nas_delay
GJT,1,24,6.291666666666667,1.3333333333333333,28,31.714285714285715,23.607142857142858,19,228.57894736842104,223.31578947368422,carrier_delay,late_aircraft_delay,nas_delay
GJT,2,23,7.434782608695652,4.826086956521739,23,31.47826086956522,27.17391304347826,17,166.11764705882354,161.88235294117646,carrier_delay,nas_delay,late_aircraft_delay
GJT,3,27,6.814814814814815,14.481481481481481,30,30.7,35.827586206896555,7,383.0,381.57142857142856,nas_delay,late_aircraft_delay,carrier_delay
GJT,4,24,7.583333333333333,7.708333333333333,14,37.57142857142857,36.142857142857146,10,232.3,236.5,nas_delay,carrier_delay,late_aircraft_delay
GJT,5,29,7.068965517241379,3.7241379310344827,26,34.03846153846154,28.44,33,154.63636363636363,159.58064516129033,nas_delay,carrier_delay,late_aircraft_delay
GJT,6,36,7.305555555555555,9.277777777777779,33,34.09090909090909,25.96969696969697,28,247.32142857142858,246.10714285714286,carrier_delay,nas_delay,late_aircraft_delay
GJT,7,34,6.5,2.0294117647058822,43,29.6046511627907,25.232558139534884,24,249.04166666666666,246.45833333333334,late_aircraft_delay,carrier_delay,nas_delay
GJT,8,32,8.21875,7.625,34,31.88235294117647,31.029411764705884,17,217.94117647058823,215.2941176470588,nas_delay,carrier_delay,late_aircraft_delay
GJT,9,27,5.111111111111111,2.962962962962963,27,29.62962962962963,25.846153846153847,16,238.8125,230.9375,nas_delay,carrier_delay,late_aircraft_delay
GJT,10,33,6.151515151515151,-2.4545454545454546,20,30.05,19.4,25,197.92,185.84,carrier_delay,late_aircraft_delay,nas_delay
GJT,11,38,6.368421052631579,4.552631578947368,31,34.12903225806452,29.322580645161292,33,155.5151515151515,157.12121212121212,nas_delay,carrier_delay,late_aircraft_delay
GJT,12,50,5.94,1.84,28,35.642857142857146,28.714285714285715,13,173.15384615384616,162.76923076923077,carrier_delay,nas_delay,late_aircraft_delay
GNV,1,29,5.620689655172414,-5.586206896551724,24,30.958333333333332,22.166666666666668,9,99.77777777777777,102.33333333333333,late_aircraft_delay,carrier_delay,nas_delay
GNV,2,23,6.043478260869565,-1.6363636363636365,11,42.72727272727273,37.09090909090909,2,275.5,244.5,carrier_delay,late_aircraft_delay,nas_delay
GNV,3,27,6.37037037037037,1.2962962962962963,23,29.434782608695652,23.565217391304348,10,153.7,145.2,late_aircraft_delay,carrier_delay,nas_delay
GNV,4,34,5.705882352941177,2.4705882352941178,14,38.857142857142854,31.357142857142858,19,172.21052631578948,170.89473684210526,late_aircraft_delay,carrier_delay,nas_delay
GNV,5,29,7.448275862068965,4.0,15,29.8,27.133333333333333,25,297.56,257.1304347826087,carrier_delay,late_aircraft_delay,nas_delay
GNV,6,38,6.421052631578948,-1.0789473684210527,30,29.766666666666666,21.0,20,109.75,108.26315789473684,late_aircraft_delay,carrier_delay,weather_delay
GNV,7,29,5.862068965517241,3.2142857142857144,43,33.76744186046512,29.761904761904763,42,144.57142857142858,143.76190476190476,late_aircraft_delay,carrier_delay,nas_delay
GNV,8,36,5.027777777777778,2.9722222222222223,27,30.77777777777778,25.296296296296298,20,182.7,174.9,late_aircraft_delay,carrier_delay,nas_delay
GNV,9,26,7.038461538461538,-4.0,18,32.72222222222222,25.77777777777778,15,122.73333333333333,117.4,late_aircraft_delay,nas_delay,carrier_delay
GNV,10,16,6.8125,-2.5,10,32.5,23.6,7,147.85714285714286,140.28571428571428,late_aircraft_delay,canc_B,carrier_delay
GNV,11,19,7.0,-0.3157894736842105,23,34.17391304347826,24.869565217391305,9,263.55555555555554,260.77777777777777,carrier_delay,nas_delay,late_aircraft_delay
GNV,12,33,6.363636363636363,-0.45454545454545453,22,24.90909090909091,19.363636363636363,17,152.2941176470588,146.64705882352942,carrier_delay,nas_delay,late_aircraft_delay
GPT,1,16,6.0,4.8125,25,31.92,25.16,21,204.1904761904762,208.0,late_aircraft_delay,nas_delay,weather_delay
GPT,2,12,5.083333333333333,-2.4166666666666665,16,29.375,25.375,7,287.14285714285717,276.42857142857144,carrier_delay,nas_delay,late_aircraft_delay
GPT,3,25,6.8,3.1666666666666665,15,28.933333333333334,26.0,11,200.45454545454547,200.36363636363637,late_aircraft_delay,nas_delay,carrier_delay
GPT,4,30,6.466666666666667,6.433333333333334,18,31.5,30.61111111111111,16,234.125,238.5,nas_delay,late_aircraft_delay,carrier_delay
GPT,5,38,7.026315789473684,6.157894736842105,27,32.48148148148148,32.96296296296296,29,175.06896551724137,172.71428571428572,late_aircraft_delay,nas_delay,carrier_delay
GPT,6,25,6.44,4.24,42,30.523809523809526,25.404761904761905,20,207.65,197.95,late_aircraft_delay,carrier_delay,nas_delay
GPT,7,20,5.8,1.7,39,36.58974358974359,33.69230769230769,33,222.4848484848485,218.36363636363637,late_aircraft_delay,carrier_delay,nas_delay
GPT,8,18,6.666666666666667,2.388888888888889,21,31.142857142857142,26.25,17,198.2941176470588,189.52941176470588,late_aircraft_delay,nas_delay,carrier_delay
GPT,9,17,7.294117647058823,8.117647058823529,26,32.07692307692308,27.46153846153846,23,200.95652173913044,193.7391304347826,late_aircraft_delay,carrier_delay,nas_delay
GPT,10,22,5.863636363636363,2.8181818181818183,22,32.95454545454545,27.181818181818183,5,117.6,111.6,late_aircraft_delay,carrier_delay,nas_delay
GPT,11,21,6.428571428571429,4.476190476190476,18,32.22222222222222,27.27777777777778,7,232.71428571428572,250.71428571428572,nas_delay,carrier_delay,late_aircraft_delay
GPT,12,30,5.933333333333334,3.8666666666666667,29,33.206896551724135,32.206896551724135,24,173.0,180.79166666666666,nas_delay,late_aircraft_delay,carrier_delay
GRB,1,32,5.84375,4.8125,27,35.925925925925924,26.11111111111111,52,191.57692307692307,182.44230769230768,carrier_delay,nas_delay,canc_B
GRB,2,18,8.055555555555555,0.5,12,30.25,26.916666666666668,24,232.95833333333334,218.0,nas_delay,carrier_delay,weather_delay
GRB,3,23,5.956521739130435,-3.652173913043478,29,36.89655172413793,30.75862068965517,22,146.13636363636363,135.86363636363637,carrier_delay,nas_delay,late_aircraft_delay
GRB,4,31,7.193548387096774,6.967741935483871,20,30.95,30.2,29,198.93103448275863,195.6551724137931,carrier_delay,nas_delay,late_aircraft_delay
GRB,5,24,6.416666666666667,8.708333333333334,31,35.483870967741936,29.548387096774192,40,177.275,177.475,carrier_delay,nas_delay,late_aircraft_delay
GRB,6,30,5.833333333333333,7.6,45,31.622222222222224,38.15909090909091,36,187.0,189.05555555555554,carrier_delay,nas_delay,late_aircraft_delay
GRB,7,17,7.764705882352941,10.764705882352942,26,33.73076923076923,34.76923076923077,30,142.96666666666667,143.93333333333334,carrier_delay,nas_delay,late_aircraft_delay
GRB,8,29,8.03448275862069,7.620689655172414,47,33.53191489361702,31.74468085106383,25,122.0,121.96,nas_delay,carrier_delay,late_aircraft_delay
GRB,9,39,5.871794871794871,3.0,43,28.232558139534884,23.27906976744186,17,117.17647058823529,116.17647058823529,carrier_delay,nas_delay,late_aircraft_delay
GRB,10,32,6.15625,2.40625,20,35.0,30.2,12,102.66666666666667,90.66666666666667,carrier_delay,nas_delay,late_aircraft_delay
GRB,11,25,5.12,1.24,32,31.9375,24.78125,20,153.7,147.7,carrier_delay,nas_delay,weather_delay
GRB,12,25,6.84,3.68,27,30.333333333333332,23.40740740740741,36,211.08333333333334,201.63888888888889,carrier_delay,nas_delay,weather_delay
GRI,1,7,5.714285714285714,13.285714285714286,8,26.0,33.75,13,191.23076923076923,197.30769230769232,carrier_delay,nas_delay,canc_B
GRI,2,5,6.4,6.2,6,35.0,25.666666666666668,1,410.0,408.0,nas_delay,carrier_delay,late_aircraft_delay
GRI,3,10,5.8,2.1,6,36.5,27.333333333333332,4,133.25,155.0,nas_delay,carrier_delay,late_aircraft_delay
GRI,4,9,8.11111111111111,-3.5,4,28.75,23.25,8,216.875,223.875,carrier_delay,nas_delay,late_aircraft_delay
GRI,5,16,6.5625,-0.625,10,30.2,22.5,7,297.85714285714283,293.7142857142857,carrier_delay,weather_delay,nas_delay
GRI,6,7,4.142857142857143,-1.4285714285714286,6,24.5,17.2,15,132.86666666666667,131.73333333333332,carrier_delay,nas_delay,late_aircraft_delay
GRI,7,5,4.6,2.6,7,29.428571428571427,26.714285714285715,3,221.66666666666666,214.0,carrier_delay,nas_delay,late_aircraft_delay
GRI,8,8,5.125,3.375,14,28.571428571428573,29.285714285714285,5,238.0,236.4,nas_delay,carrier_delay,late_aircraft_delay
GRI,9,7,7.714285714285714,3.0,11,30.727272727272727,33.09090909090909,7,192.42857142857142,186.85714285714286,carrier_delay,nas_delay,weather_delay
GRI,10,18,6.777777777777778,-0.7777777777777778,12,36.416666666666664,30.0,5,159.2,161.2,carrier_delay,late_aircraft_delay,nas_delay
GRI,11,14,5.857142857142857,3.4285714285714284,4,33.5,43.0,16,274.6875,273.8125,carrier_delay,nas_delay,weather_delay
GRI,12,13,5.0,-3.8461538461538463,19,31.05263157894737,28.42105263157895,14,187.07142857142858,183.71428571428572,carrier_delay,nas_delay,late_aircraft_delay
GRK,1,9,6.555555555555555,3.3333333333333335,15,33.06666666666667,40.0,15,122.93333333333334,118.46666666666667,carrier_delay,nas_delay,late_aircraft_delay
GRK,2,10,7.4,2.6,6,21.333333333333332,22.833333333333332,2,89.0,86.5,nas_delay,carrier_delay,late_aircraft_delay
GRK,3,15,6.6,6.466666666666667,13,26.307692307692307,28.76923076923077,9,84.44444444444444,78.11111111111111,late_aircraft_delay,nas_delay,carrier_delay
GRK,4,15,7.6,0.26666666666666666,9,37.333333333333336,41.0,16,215.3125,222.625,nas_delay,carrier_delay,late_aircraft_delay
GRK,5,15,6.266666666666667,6.866666666666666,26,33.0,31.26923076923077,22,163.04545454545453,168.04545454545453,carrier_delay,nas_delay,late_aircraft_delay
GRK,6,24,6.333333333333333,4.666666666666667,28,32.892857142857146,32.82142857142857,22,151.6818181818182,146.5,late_aircraft_delay,carrier_delay,nas_delay
GRK,7,24,5.833333333333333,2.375,30,35.4,31.066666666666666,23,133.7391304347826,131.6086956521739,late_aircraft_delay,carrier_delay,nas_delay
GRK,8,26,6.769230769230769,2.423076923076923,21,31.714285714285715,28.80952380952381,7,244.57142857142858,237.71428571428572,late_aircraft_delay,carrier_delay,nas_delay
GRK,9,30,6.033333333333333,5.066666666666666,19,32.63157894736842,32.526315789473685,9,124.0,119.22222222222223,late_aircraft_delay,carrier_delay,nas_delay
GRK,10,18,7.388888888888889,3.9444444444444446,14,27.0,19.428571428571427,7,122.0,116.28571428571429,carrier_delay,nas_delay,late_aircraft_delay
GRK,11,15,7.6,2.6666666666666665,20,28.85,28.85,13,109.46153846153847,104.15384615384616,late_aircraft_delay,carrier_delay,nas_delay
GRK,12,21,6.428571428571429,12.333333333333334,17,31.058823529411764,28.941176470588236,5,137.4,136.8,late_aircraft_delay,nas_delay,carrier_delay
GRR,1,195,6.897435897435898,9.133333333333333,193,31.683937823834196,32.234375,179,199.0558659217877,207.3988764044944,nas_delay,late_aircraft_delay,carrier_delay
GRR,2,136,5.970588235294118,-4.536764705882353,111,30.54954954954955,20.89090909090909,70,179.65714285714284,175.71428571428572,nas_delay,late_aircraft_delay,carrier_delay
GRR,3,150,6.233333333333333,4.1,167,31.38323353293413,27.676646706586826,100,197.54,199.44,nas_delay,late_aircraft_delay,carrier_delay
GRR,4,134,5.813432835820896,-1.5970149253731343,123,32.447154471544714,26.016260162601625,66,154.5909090909091,148.21212121212122,late_aircraft_delay,nas_delay,carrier_delay
GRR,5,167,6.473053892215569,4.090361445783133,139,31.820143884892087,29.179856115107913,111,148.13513513513513,151.12612612612614,nas_delay,late_aircraft_delay,carrier_delay
GRR,6,215,6.669767441860465,4.241860465116279,207,31.719806763285025,27.825242718446603,128,149.984375,150.09375,late_aircraft_delay,nas_delay,carrier_delay
GRR,7,227,6.066079295154185,3.7224669603524227,200,33.745,32.89,151,159.6887417218543,158.62666666666667,late_aircraft_delay,nas_delay,carrier_delay
GRR,8,219,6.45662100456621,2.2511415525114153,201,31.213930348258707,31.019900497512438,95,160.03157894736842,162.32631578947368,nas_delay,late_aircraft_delay,carrier_delay
GRR,9,198,5.863636363636363,2.95959595959596,121,29.619834710743802,25.52892561983471,45,160.84444444444443,156.93333333333334,nas_delay,carrier_delay,late_aircraft_delay
GRR,10,162,5.944444444444445,0.0,105,31.01904761904762,25.295238095238094,47,173.91489361702128,168.5744680851064,carrier_delay,late_aircraft_delay,nas_delay
GRR,11,147,5.8979591836734695,4.020408163265306,126,30.896825396825395,29.904761904761905,74,159.04054054054055,160.0,nas_delay,carrier_delay,late_aircraft_delay
GRR,12,239,6.2133891213389125,6.819327731092437,194,31.701030927835053,31.067708333333332,124,187.4516129032258,186.33333333333334,nas_delay,carrier_delay,late_aircraft_delay
GSO,1,85,6.023529411764706,1.0,63,34.25396825396825,31.841269841269842,70,176.78571428571428,170.45714285714286,nas_delay,late_aircraft_delay,carrier_delay
GSO,2,62,6.080645161290323,-1.2419354838709677,47,29.893617021276597,22.382978723404257,31,191.58064516129033,184.8709677419355,nas_delay,carrier_delay,late_aircraft_delay
GSO,3,84,6.130952380952381,-0.16666666666666666,49,30.93877551020408,25.163265306122447,36,163.61111111111111,161.97222222222223,nas_delay,late_aircraft_delay,carrier_delay
GSO,4,106,6.754716981132075,5.180952380952381,54,27.48148148148148,27.14814814814815,41,178.6341463414634,177.73170731707316,nas_delay,carrier_delay,late_aircraft_delay
GSO,5,101,5.712871287128713,5.97029702970297,93,35.086021505376344,31.63736263736264,88,161.6590909090909,162.4431818181818,nas_delay,late_aircraft_delay,carrier_delay
GSO,6,103,5.679611650485437,1.9514563106796117,91,32.86813186813187,29.054945054945055,66,166.36363636363637,165.43939393939394,late_aircraft_delay,nas_delay,carrier_delay
GSO,7,100,6.85,4.36,140,34.67857142857143,34.05,132,160.75757575757575,163.8091603053435,late_aircraft_delay,nas_delay,carrier_delay
GSO,8,97,6.309278350515464,3.577319587628866,90,32.67777777777778,31.844444444444445,104,186.1346153846154,184.34615384615384,nas_delay,late_aircraft_delay,carrier_delay
GSO,9,109,6.018348623853211,2.4403669724770642,87,31.67816091954023,26.057471264367816,49,160.30612244897958,161.30612244897958,nas_delay,late_aircraft_delay,carrier_delay
GSO,10,116,5.181034482758621,1.1120689655172413,68,28.75,21.102941176470587,30,149.3,141.8,nas_delay,carrier_delay,late_aircraft_delay
GSO,11,123,5.747967479674797,2.894308943089431,55,31.254545454545454,30.444444444444443,28,208.60714285714286,210.85714285714286,nas_delay,carrier_delay,late_aircraft_delay
GSO,12,136,6.007352941176471,3.6691176470588234,103,31.660194174757283,26.75728155339806,61,132.81967213114754,128.73333333333332,nas_delay,carrier_delay,late_aircraft_delay
GSP,1,119,6.084033613445378,-1.8235294117647058,119,33.20168067226891,27.58823529411765,93,153.78494623655914,146.67741935483872,late_aircraft_delay,carrier_delay,nas_delay
GSP,2,88,6.170454545454546,0.7613636363636364,63,29.58730158730159,20.555555555555557,37,161.64864864864865,154.6216216216216,carrier_delay,nas_delay,late_aircraft_delay
GSP,3,138,5.340579710144928,-0.10869565217391304,100,30.11,23.707070707070706,45,164.93333333333334,159.17777777777778,nas_delay,late_aircraft_delay,carrier_delay
GSP,4,139,5.870503597122302,3.9784172661870505,114,30.12280701754386,28.05263157894737,54,139.12962962962962,137.07407407407408,late_aircraft_delay,nas_delay,carrier_delay
GSP,5,188,6.441489361702128,3.3882978723404253,173,32.50289017341041,28.560693641618496,149,149.91275167785236,148.77702702702703,late_aircraft_delay,nas_delay,carrier_delay
GSP,6,168,5.982142857142857,1.880952380952381,127,31.543307086614174,25.968503937007874,92,190.08695652173913,189.20224719101122,nas_delay,late_aircraft_delay,carrier_delay
GSP,7,183,6.415300546448087,4.434065934065934,178,35.60674157303371,36.06214689265537,183,157.04371584699453,154.13114754098362,late_aircraft_delay,nas_delay,carrier_delay
GSP,8,152,5.592105263157895,2.3178807947019866,145,32.53793103448276,29.917241379310344,102,153.12745098039215,152.9009900990099,nas_delay,late_aircraft_delay,carrier_delay
GSP,9,157,6.191082802547771,1.3694267515923566,111,32.21621621621622,26.36936936936937,76,168.31578947368422,164.03947368421052,late_aircraft_delay,nas_delay,carrier_delay
GSP,10,156,5.371794871794871,0.038461538461538464,99,30.07070707070707,23.484848484848484,54,157.55555555555554,153.16666666666666,nas_delay,carrier_delay,late_aircraft_delay
GSP,11,175,6.074285714285714,2.2914285714285714,98,29.346938775510203,23.428571428571427,30,126.16666666666667,123.10344827586206,nas_delay,carrier_delay,late_aircraft_delay
GSP,12,199,6.376884422110553,0.6582914572864321,166,31.09036144578313,23.204819277108435,92,147.17391304347825,141.60227272727272,carrier_delay,late_aircraft_delay,nas_delay
GST,6,1,5.0,-8.0,0,"","",0,"","",Nessuna,Nessuna,Nessuna
GST,7,12,5.5,5.333333333333333,4,33.0,24.75,3,123.33333333333333,120.0,late_aircraft_delay,nas_delay,security_delay
GST,8,2,4.0,-3.5,3,24.666666666666668,15.666666666666666,1,224.0,220.0,canc_B,carrier_delay,nas_delay
GTF,1,17,5.117647058823529,3.411764705882353,18,31.555555555555557,23.61111111111111,24,225.66666666666666,229.41666666666666,nas_delay,late_aircraft_delay,carrier_delay
GTF,2,22,6.636363636363637,12.681818181818182,11,33.18181818181818,32.27272727272727,17,291.94117647058823,296.11764705882354,carrier_delay,nas_delay,weather_delay
GTF,3,14,6.357142857142857,4.714285714285714,11,35.27272727272727,28.545454545454547,11,218.1818181818182,221.36363636363637,carrier_delay,nas_delay,late_aircraft_delay
GTF,4,19,5.684210526315789,4.315789473684211,10,38.8,29.7,9,263.77777777777777,259.44444444444446,carrier_delay,late_aircraft_delay,nas_delay
GTF,5,10,5.2,3.2,12,36.166666666666664,29.083333333333332,8,132.5,125.375,carrier_delay,nas_delay,late_aircraft_delay
GTF,6,23,6.173913043478261,-2.0434782608695654,12,32.416666666666664,25.0,6,185.83333333333334,174.33333333333334,carrier_delay,nas_delay,late_aircraft_delay
GTF,7,23,4.6521739130434785,-5.0,10,30.7,17.5,5,327.2,317.6,carrier_delay,nas_delay,late_aircraft_delay
GTF,8,17,4.764705882352941,0.47058823529411764,8,36.75,35.125,4,120.25,127.5,nas_delay,carrier_delay,late_aircraft_delay
GTF,9,14,5.428571428571429,-0.6428571428571429,9,29.22222222222222,16.88888888888889,3,123.66666666666667,109.66666666666667,carrier_delay,late_aircraft_delay,nas_delay
GTF,10,15,5.466666666666667,1.3333333333333333,10,30.5,18.2,7,153.14285714285714,137.14285714285714,carrier_delay,nas_delay,weather_delay
GTF,11,15,5.8,0.7333333333333333,12,33.25,35.5,5,84.8,86.0,carrier_delay,nas_delay,canc_B
GTF,12,18,5.111111111111111,-2.611111111111111,11,33.81818181818182,24.636363636363637,8,236.25,232.0,carrier_delay,late_aircraft_delay,nas_delay
GTR,1,3,4.666666666666667,-14.333333333333334,2,32.0,32.0,8,156.125,160.125,late_aircraft_delay,nas_delay,canc_C
GTR,2,2,6.0,-12.5,3,25.0,9.666666666666666,0,"","",carrier_delay,late_aircraft_delay,Nessuna
GTR,3,5,5.4,5.2,3,21.666666666666668,3.3333333333333335,1,384.0,381.0,late_aircraft_delay,nas_delay,carrier_delay
GTR,4,1,9.0,8.0,3,37.666666666666664,28.333333333333332,3,118.33333333333333,112.0,carrier_delay,nas_delay,late_aircraft_delay
GTR,5,4,7.75,1.5,3,40.0,43.333333333333336,2,163.5,163.0,late_aircraft_delay,nas_delay,carrier_delay
GTR,6,3,6.0,-6.0,3,42.0,42.333333333333336,1,126.0,127.0,nas_delay,late_aircraft_delay,carrier_delay
GTR,7,3,7.333333333333333,6.5,5,28.6,23.2,7,175.42857142857142,170.71428571428572,nas_delay,late_aircraft_delay,weather_delay
GTR,8,0,"","",1,23.0,21.0,1,99.0,95.0,late_aircraft_delay,Nessuna,Nessuna
GTR,9,2,7.0,-2.0,2,22.0,10.0,2,65.0,99.0,nas_delay,carrier_delay,late_aircraft_delay
GTR,10,1,7.0,-7.0,0,"","",0,"","",nas_delay,Nessuna,Nessuna
GTR,11,5,3.8,2.2,2,29.5,29.5,1,292.0,285.0,nas_delay,carrier_delay,late_aircraft_delay
GTR,12,5,7.8,-0.8,4,33.0,46.25,3,101.33333333333333,99.0,nas_delay,carrier_delay,late_aircraft_delay
GUC,1,4,6.5,4.5,10,34.3,27.4,17,181.05882352941177,186.11764705882354,late_aircraft_delay,nas_delay,carrier_delay
GUC,2,6,9.166666666666666,2.1666666666666665,5,33.2,27.6,8,101.75,93.875,carrier_delay,nas_delay,late_aircraft_delay
GUC,3,7,5.285714285714286,-2.5714285714285716,7,35.57142857142857,37.142857142857146,11,171.54545454545453,169.8181818181818,nas_delay,carrier_delay,late_aircraft_delay
GUC,4,2,5.5,21.5,2,24.0,6.5,0,"","",nas_delay,carrier_delay,Nessuna
GUC,5,1,8.0,9.0,1,20.0,16.0,5,112.4,109.0,nas_delay,weather_delay,carrier_delay
GUC,6,3,6.333333333333333,5.666666666666667,10,36.1,31.3,3,127.0,121.0,carrier_delay,nas_delay,late_aircraft_delay
GUC,7,5,6.6,16.0,4,28.75,20.75,3,115.66666666666667,104.0,carrier_delay,nas_delay,late_aircraft_delay
GUC,8,2,10.5,-11.5,7,40.57142857142857,27.428571428571427,6,142.66666666666666,136.33333333333334,carrier_delay,late_aircraft_delay,nas_delay
GUC,9,2,5.5,-2.0,0,"","",1,63.0,57.0,carrier_delay,nas_delay,Nessuna
GUC,10,0,"","",1,22.0,20.0,2,94.5,90.5,carrier_delay,weather_delay,nas_delay
GUC,11,3,5.333333333333333,-20.333333333333332,5,43.2,28.0,3,194.33333333333334,194.0,carrier_delay,canc_B,nas_delay
GUC,12,7,7.285714285714286,-2.2857142857142856,6,35.833333333333336,21.666666666666668,9,402.22222222222223,402.3333333333333,carrier_delay,late_aircraft_delay,nas_delay
GUM,1,8,8.875,-4.75,2,17.0,-8.5,1,374.0,344.0,carrier_delay,late_aircraft_delay,Nessuna
GUM,2,10,6.0,-12.3,2,28.5,12.5,0,"","",carrier_delay,nas_delay,Nessuna
GUM,3,14,6.428571428571429,-17.571428571428573,1,32.0,-6.0,0,"","",Nessuna,Nessuna,Nessuna
GUM,4,7,2.5714285714285716,-22.571428571428573,7,21.571428571428573,-9.142857142857142,0,"","",Nessuna,Nessuna,Nessuna
GUM,5,14,8.642857142857142,-14.928571428571429,5,30.6,2.4,1,829.0,795.0,canc_A,late_aircraft_delay,carrier_delay
GUM,6,19,7.315789473684211,-0.21052631578947367,9,27.77777777777778,19.77777777777778,3,93.66666666666667,77.66666666666667,carrier_delay,nas_delay,Nessuna
GUM,7,19,7.105263157894737,-9.052631578947368,7,29.285714285714285,11.142857142857142,0,"","",carrier_delay,Nessuna,Nessuna
GUM,8,22,4.454545454545454,-4.045454545454546,5,33.8,29.0,3,91.66666666666667,80.66666666666667,carrier_delay,nas_delay,Nessuna
GUM,9,6,5.5,-6.5,3,43.0,14.666666666666666,2,130.0,109.5,carrier_delay,canc_B,canc_C
GUM,10,12,5.0,-6.083333333333333,3,23.666666666666668,16.666666666666668,0,"","",carrier_delay,nas_delay,Nessuna
GUM,11,16,5.625,1.5625,2,32.5,16.5,1,112.0,111.0,carrier_delay,canc_C,Nessuna
GUM,12,13,6.230769230769231,-3.6153846153846154,2,31.0,15.0,1,95.0,82.0,nas_delay,carrier_delay,Nessuna
HDN,1,72,7.208333333333333,6.958333333333333,60,33.18333333333333,29.433333333333334,41,193.46341463414635,191.26829268292684,late_aircraft_delay,nas_delay,carrier_delay
HDN,2,58,7.310344827586207,-0.41379310344827586,83,31.14457831325301,30.83132530120482,33,155.1818181818182,160.66666666666666,nas_delay,late_aircraft_delay,carrier_delay
HDN,3,51,6.333333333333333,3.019607843137255,52,30.807692307692307,28.48076923076923,35,324.0285714285714,336.38235294117646,nas_delay,late_aircraft_delay,carrier_delay
HDN,4,15,6.8,2.6,10,31.7,22.3,2,99.5,93.0,late_aircraft_delay,carrier_delay,nas_delay
HDN,5,4,8.5,3.25,10,31.3,15.9,7,114.28571428571429,125.71428571428571,nas_delay,late_aircraft_delay,carrier_delay
HDN,6,17,3.176470588235294,0.058823529411764705,16,28.1875,17.1875,7,99.71428571428571,94.57142857142857,carrier_delay,nas_delay,late_aircraft_delay
HDN,7,16,4.25,-7.375,25,37.12,24.04,12,140.16666666666666,132.58333333333334,carrier_delay,late_aircraft_delay,nas_delay
HDN,8,29,6.551724137931035,-2.7586206896551726,20,34.4,28.35,11,188.72727272727272,176.54545454545453,carrier_delay,nas_delay,late_aircraft_delay
HDN,9,6,6.0,4.666666666666667,6,21.333333333333332,8.5,5,145.4,135.8,carrier_delay,nas_delay,late_aircraft_delay
HDN,10,8,7.875,-7.5,4,41.25,26.0,2,103.5,84.0,carrier_delay,late_aircraft_delay,nas_delay
HDN,11,13,4.153846153846154,3.3076923076923075,13,35.76923076923077,21.076923076923077,11,140.45454545454547,148.72727272727272,late_aircraft_delay,nas_delay,carrier_delay
HDN,12,30,8.2,10.366666666666667,48,32.083333333333336,25.875,28,177.60714285714286,176.85185185185185,late_aircraft_delay,nas_delay,carrier_delay
HGR,1,2,8.5,2.5,4,28.75,37.25,1,112.0,107.0,late_aircraft_delay,carrier_delay,nas_delay
HGR,2,3,3.3333333333333335,1.6666666666666667,2,36.5,37.5,3,298.3333333333333,303.0,nas_delay,late_aircraft_delay,carrier_delay
HGR,3,6,7.166666666666667,5.166666666666667,4,40.0,45.5,2,78.0,98.0,late_aircraft_delay,nas_delay,carrier_delay
HGR,4,1,3.0,-9.0,8,35.75,27.5,1,129.0,131.0,late_aircraft_delay,carrier_delay,nas_delay
HGR,5,2,2.5,-3.0,5,25.0,22.4,3,120.66666666666667,133.33333333333334,late_aircraft_delay,nas_delay,weather_delay
HGR,6,1,3.0,-5.0,15,38.13333333333333,31.933333333333334,4,97.75,91.5,late_aircraft_delay,carrier_delay,nas_delay
HGR,7,2,8.0,-8.0,14,32.214285714285715,26.857142857142858,10,283.7,283.6,late_aircraft_delay,nas_delay,carrier_delay
HGR,8,8,6.25,8.75,6,27.166666666666668,23.166666666666668,2,113.5,137.5,nas_delay,late_aircraft_delay,carrier_delay
HGR,9,2,9.5,5.5,1,52.0,76.0,0,"","",late_aircraft_delay,nas_delay,Nessuna
HGR,10,2,2.5,1.5,3,22.0,18.333333333333332,3,172.33333333333334,169.0,late_aircraft_delay,carrier_delay,nas_delay
HGR,11,3,4.333333333333333,-10.333333333333334,2,39.0,35.5,3,390.6666666666667,388.0,carrier_delay,late_aircraft_delay,nas_delay
HGR,12,4,7.5,-2.75,3,37.333333333333336,26.333333333333332,9,234.77777777777777,226.0,late_aircraft_delay,carrier_delay,nas_delay
HHH,1,5,5.8,6.6,5,38.0,35.4,3,101.0,100.33333333333333,late_aircraft_delay,nas_delay,canc_B
HHH,2,8,6.0,2.125,7,31.714285714285715,28.285714285714285,3,100.0,98.66666666666667,late_aircraft_delay,nas_delay,carrier_delay
HHH,3,13,4.230769230769231,-0.8461538461538461,14,38.285714285714285,31.5,3,112.66666666666667,103.0,late_aircraft_delay,nas_delay,carrier_delay
HHH,4,30,6.1,5.466666666666667,27,25.85185185185185,18.23076923076923,12,135.75,126.41666666666667,late_aircraft_delay,nas_delay,carrier_delay
HHH,5,26,7.230769230769231,8.115384615384615,39,30.41025641025641,28.794871794871796,46,144.91304347826087,142.0,late_aircraft_delay,nas_delay,carrier_delay
HHH,6,29,7.517241379310345,0.13793103448275862,29,29.24137931034483,22.607142857142858,16,119.8125,111.875,late_aircraft_delay,carrier_delay,nas_delay
HHH,7,24,6.666666666666667,5.565217391304348,35,30.02857142857143,29.294117647058822,23,183.7391304347826,196.04545454545453,nas_delay,late_aircraft_delay,carrier_delay
HHH,8,33,5.7272727272727275,5.75,29,33.89655172413793,26.74074074074074,13,281.84615384615387,301.1666666666667,late_aircraft_delay,nas_delay,carrier_delay
HHH,9,17,6.9411764705882355,10.647058823529411,17,33.64705882352941,33.625,21,121.33333333333333,120.9047619047619,nas_delay,late_aircraft_delay,carrier_delay
HHH,10,11,5.909090909090909,11.181818181818182,15,31.533333333333335,32.4,7,97.28571428571429,91.0,nas_delay,late_aircraft_delay,carrier_delay
HHH,11,15,5.866666666666666,2.0,12,31.083333333333332,21.666666666666668,1,166.0,146.0,nas_delay,late_aircraft_delay,carrier_delay
HHH,12,9,7.666666666666667,10.11111111111111,14,32.92857142857143,30.857142857142858,4,135.25,142.75,late_aircraft_delay,nas_delay,carrier_delay
HIB,1,4,6.5,-12.5,4,33.25,34.0,5,111.6,101.0,carrier_delay,nas_delay,weather_delay
HIB,2,2,8.0,7.5,4,33.0,20.25,3,224.33333333333334,232.33333333333334,carrier_delay,weather_delay,nas_delay
HIB,3,2,6.5,18.5,1,15.0,-6.0,5,78.8,72.8,carrier_delay,nas_delay,weather_delay
HIB,4,2,10.0,-4.5,4,38.75,23.0,1,92.0,75.0,carrier_delay,weather_delay,Nessuna
HIB,5,1,7.0,8.0,3,34.666666666666664,22.666666666666668,2,196.5,182.0,carrier_delay,weather_delay,Nessuna
HIB,6,6,7.833333333333333,10.333333333333334,3,29.666666666666668,46.666666666666664,8,366.375,373.375,nas_delay,carrier_delay,weather_delay
HIB,7,3,9.0,23.666666666666668,5,30.8,34.0,1,68.0,71.0,carrier_delay,nas_delay,weather_delay
HIB,8,5,4.6,6.0,4,45.5,68.5,4,346.0,350.5,carrier_delay,nas_delay,weather_delay
HIB,9,4,8.25,7.0,0,"","",3,137.33333333333334,145.33333333333334,nas_delay,carrier_delay,Nessuna
HIB,10,3,5.0,3.6666666666666665,2,45.5,32.5,4,166.75,151.5,carrier_delay,weather_delay,nas_delay
HIB,11,1,10.0,4.0,2,37.0,17.5,0,"","",carrier_delay,weather_delay,Nessuna
HIB,12,4,8.0,31.5,8,32.875,12.375,7,129.14285714285714,118.0,carrier_delay,nas_delay,weather_delay
HLN,1,13,6.3076923076923075,4.153846153846154,16,29.25,37.1875,21,266.23809523809524,273.57142857142856,nas_delay,carrier_delay,late_aircraft_delay
HLN,2,11,4.363636363636363,10.090909090909092,7,32.0,37.0,7,171.71428571428572,169.42857142857142,carrier_delay,nas_delay,weather_delay
HLN,3,10,6.7,16.2,4,17.25,22.5,4,172.25,175.0,carrier_delay,nas_delay,late_aircraft_delay
HLN,4,4,7.25,7.25,5,25.0,9.2,6,243.66666666666666,242.83333333333334,carrier_delay,late_aircraft_delay,weather_delay
HLN,5,7,5.285714285714286,6.285714285714286,4,22.0,11.75,11,179.36363636363637,174.8181818181818,nas_delay,carrier_delay,weather_delay
HLN,6,7,6.714285714285714,21.0,7,27.714285714285715,33.833333333333336,7,298.0,295.14285714285717,nas_delay,carrier_delay,late_aircraft_delay
HLN,7,9,5.555555555555555,7.666666666666667,3,29.0,24.0,11,205.27272727272728,207.54545454545453,carrier_delay,nas_delay,late_aircraft_delay
HLN,8,6,5.5,9.666666666666666,7,29.428571428571427,33.142857142857146,6,464.1666666666667,466.3333333333333,nas_delay,carrier_delay,weather_delay
HLN,9,8,4.75,-1.875,5,41.8,40.2,7,147.85714285714286,150.71428571428572,nas_delay,carrier_delay,weather_delay
HLN,10,4,9.0,-4.25,3,23.0,16.0,5,322.4,318.6,carrier_delay,late_aircraft_delay,weather_delay
HLN,11,11,6.636363636363637,8.454545454545455,8,31.25,28.125,5,279.2,283.8,carrier_delay,nas_delay,late_aircraft_delay
HLN,12,8,4.625,-7.875,7,28.714285714285715,21.428571428571427,7,199.14285714285714,193.42857142857142,carrier_delay,nas_delay,weather_delay
HNL,1,1313,6.2056359482102055,-1.419969512195122,911,29.71020856201976,20.71177117711771,276,121.52536231884058,107.59782608695652,late_aircraft_delay,carrier_delay,weather_delay
HNL,2,1194,5.876046901172529,-1.1974789915966386,598,29.103678929765888,15.850921273031826,215,150.72093023255815,132.3177570093458,carrier_delay,late_aircraft_delay,nas_delay
HNL,3,1341,5.445190156599552,1.3103964098728496,508,27.476377952755904,21.46230158730159,90,124.2,113.35555555555555,carrier_delay,late_aircraft_delay,nas_delay
HNL,4,1237,5.4211802748585285,0.977327935222672,484,28.729338842975206,23.53112033195021,172,136.08139534883722,128.0174418604651,carrier_delay,late_aircraft_delay,nas_delay
HNL,5,1302,5.631336405529954,4.149116064565718,599,30.11686143572621,28.764214046822744,210,126.8047619047619,125.39234449760765,carrier_delay,late_aircraft_delay,nas_delay
HNL,6,1258,5.641494435612083,3.3155802861685215,574,28.26306620209059,25.34494773519164,147,119.07482993197279,113.27397260273973,carrier_delay,late_aircraft_delay,nas_delay
HNL,7,1332,5.728978978978979,3.715251690458302,651,28.566820276497698,25.910493827160494,192,123.9375,119.43979057591623,carrier_delay,late_aircraft_delay,nas_delay
HNL,8,1240,5.502419354838709,-0.12016129032258065,465,29.49462365591398,20.58279569892473,141,149.31205673758865,136.53191489361703,carrier_delay,late_aircraft_delay,nas_delay
HNL,9,950,5.109473684210526,1.5810526315789473,327,27.99388379204893,21.767584097859327,68,147.52941176470588,143.23880597014926,carrier_delay,late_aircraft_delay,nas_delay
HNL,10,1151,5.178105994787142,1.3060869565217392,461,28.67462039045553,22.127982646420826,129,125.27906976744185,115.52713178294573,carrier_delay,late_aircraft_delay,nas_delay
HNL,11,910,5.1,2.360836083608361,329,28.969604863221885,21.814589665653497,112,117.91071428571429,107.98214285714286,carrier_delay,late_aircraft_delay,nas_delay
HNL,12,1140,5.309649122807017,1.5601404741000877,560,29.0375,22.933691756272403,153,139.26797385620915,129.60526315789474,carrier_delay,late_aircraft_delay,nas_delay
HOB,5,2,6.5,-3.0,5,21.8,26.75,4,200.25,189.5,carrier_delay,weather_delay,nas_delay
HOB,6,4,9.0,8.75,6,39.333333333333336,32.166666666666664,10,209.8,210.6,carrier_delay,nas_delay,weather_delay
HOB,7,7,8.142857142857142,-1.2857142857142858,3,37.333333333333336,33.333333333333336,7,157.85714285714286,156.85714285714286,carrier_delay,nas_delay,canc_B
HOB,8,3,4.666666666666667,7.333333333333333,15,34.266666666666666,29.8,7,218.85714285714286,202.28571428571428,carrier_delay,nas_delay,late_aircraft_delay
HOB,9,10,6.8,-4.8,3,29.333333333333332,20.666666666666668,2,467.5,450.0,carrier_delay,late_aircraft_delay,Nessuna
HOB,10,6,4.666666666666667,-5.333333333333333,3,33.0,20.333333333333332,2,473.5,458.0,carrier_delay,late_aircraft_delay,nas_delay
HOB,11,4,6.25,-4.0,11,27.454545454545453,10.0,7,200.0,191.0,carrier_delay,late_aircraft_delay,nas_delay
HOB,12,10,4.8,-1.1,9,33.0,15.88888888888889,6,278.0,263.6666666666667,carrier_delay,nas_delay,security_delay
HOU,1,1119,6.345844504021447,0.9327354260089686,844,29.438388625592417,26.655990510083036,315,127.12380952380953,134.05079365079365,late_aircraft_delay,nas_delay,carrier_delay
HOU,2,901,5.60377358490566,0.5866666666666667,478,27.956066945606693,22.08176100628931,82,105.57317073170732,100.25925925925925,carrier_delay,nas_delay,late_aircraft_delay
HOU,3,1098,6.010018214936248,-1.5824977210574294,814,29.713759213759214,22.971744471744472,265,119.16981132075472,113.04545454545455,late_aircraft_delay,carrier_delay,nas_delay
HOU,4,1107,6.112917795844625,-3.0416666666666665,841,30.09155766944114,22.264600715137068,263,134.2471482889734,128.50950570342206,late_aircraft_delay,carrier_delay,nas_delay
HOU,5,1190,6.2,-1.3398140321217245,1164,31.39003436426117,26.359173126614987,671,150.9612518628912,145.6676602086438,late_aircraft_delay,carrier_delay,nas_delay
HOU,6,1369,6.408327246165084,-1.5054945054945055,1197,30.644110275689222,22.845507976490346,455,128.16483516483515,121.82599118942731,late_aircraft_delay,carrier_delay,nas_delay
HOU,7,1260,6.192857142857143,-2.5349761526232113,1359,31.60927152317881,23.846607669616517,682,130.80645161290323,124.14411764705882,late_aircraft_delay,carrier_delay,nas_delay
HOU,8,1027,5.937682570593963,-4.95405669599218,675,30.041481481481483,19.001483679525222,216,129.09722222222223,119.98113207547169,late_aircraft_delay,carrier_delay,nas_delay
HOU,9,963,5.838006230529595,-4.5686070686070686,546,28.937728937728938,18.269724770642203,79,97.46835443037975,87.17721518987342,late_aircraft_delay,carrier_delay,nas_delay
HOU,10,1081,5.783533765032377,-5.0055555555555555,605,29.54214876033058,19.051324503311257,171,123.39766081871345,117.2046783625731,late_aircraft_delay,carrier_delay,nas_delay
HOU,11,949,5.793466807165437,-1.2939936775553214,506,29.675889328063242,22.631683168316833,133,109.3984962406015,107.08396946564885,late_aircraft_delay,carrier_delay,nas_delay
HOU,12,1089,5.869605142332415,-0.7490808823529411,746,30.37935656836461,25.181451612903224,353,137.69688385269123,139.0596590909091,late_aircraft_delay,carrier_delay,nas_delay
HPN,1,163,6.613496932515337,2.3664596273291925,153,33.77777777777778,34.11920529801324,118,186.9406779661017,185.48305084745763,nas_delay,carrier_delay,late_aircraft_delay
HPN,2,145,5.820689655172414,-4.855172413793103,111,31.126126126126128,24.18918918918919,51,160.2941176470588,152.86274509803923,carrier_delay,nas_delay,late_aircraft_delay
HPN,3,145,6.220689655172414,-2.7655172413793103,122,31.040983606557376,24.925619834710744,64,168.5,162.4920634920635,nas_delay,carrier_delay,late_aircraft_delay
HPN,4,131,6.473282442748092,-1.7251908396946565,96,33.333333333333336,31.88421052631579,87,190.29885057471265,193.58823529411765,carrier_delay,nas_delay,late_aircraft_delay
HPN,5,121,6.181818181818182,-1.0416666666666667,117,33.01709401709402,29.396551724137932,76,149.32894736842104,152.10666666666665,nas_delay,late_aircraft_delay,carrier_delay
HPN,6,115,6.6173913043478265,1.0260869565217392,89,33.28089887640449,30.764044943820224,74,201.1891891891892,200.24657534246575,carrier_delay,nas_delay,late_aircraft_delay
HPN,7,121,7.190082644628099,5.445378151260504,109,33.440366972477065,35.379629629629626,135,184.38518518518518,187.12686567164178,carrier_delay,nas_delay,late_aircraft_delay
HPN,8,119,5.73109243697479,1.7966101694915255,139,31.553956834532375,32.47826086956522,117,167.65811965811966,172.3760683760684,carrier_delay,nas_delay,late_aircraft_delay
HPN,9,85,6.152941176470589,2.4819277108433737,59,34.271186440677965,32.51724137931034,58,168.5344827586207,165.43859649122808,nas_delay,carrier_delay,late_aircraft_delay
HPN,10,108,6.074074074074074,-3.0,67,33.61194029850746,25.970149253731343,43,162.53488372093022,149.5952380952381,carrier_delay,nas_delay,late_aircraft_delay
HPN,11,100,6.29,-6.04,87,32.35632183908046,24.023255813953487,47,133.36170212765958,123.61702127659575,carrier_delay,late_aircraft_delay,nas_delay
HPN,12,140,6.442857142857143,1.9928571428571429,147,31.578231292517007,30.07482993197279,134,152.73134328358208,152.67164179104478,late_aircraft_delay,nas_delay,carrier_delay
HRL,1,51,5.431372549019608,0.3333333333333333,37,33.21621621621622,27.27027027027027,24,134.25,139.43478260869566,late_aircraft_delay,nas_delay,carrier_delay
HRL,2,35,7.114285714285714,2.1142857142857143,21,28.857142857142858,21.333333333333332,4,90.5,87.25,nas_delay,late_aircraft_delay,carrier_delay
HRL,3,53,5.962264150943396,-0.1320754716981132,36,31.083333333333332,22.34285714285714,22,131.1818181818182,126.63636363636364,late_aircraft_delay,nas_delay,carrier_delay
HRL,4,41,5.560975609756097,0.0,37,31.243243243243242,30.864864864864863,22,138.86363636363637,141.5,late_aircraft_delay,nas_delay,carrier_delay
HRL,5,56,6.839285714285714,8.910714285714286,67,31.432835820895523,33.1044776119403,31,175.93548387096774,180.2,late_aircraft_delay,nas_delay,carrier_delay
HRL,6,76,6.618421052631579,7.578947368421052,49,28.081632653061224,28.020408163265305,25,143.44,142.125,late_aircraft_delay,nas_delay,carrier_delay
HRL,7,60,6.55,6.083333333333333,70,31.485714285714284,33.142857142857146,29,133.6206896551724,138.48275862068965,late_aircraft_delay,nas_delay,carrier_delay
HRL,8,37,4.918918918918919,5.162162162162162,26,29.076923076923077,24.76,12,100.41666666666667,98.91666666666667,nas_delay,late_aircraft_delay,carrier_delay
HRL,9,45,7.666666666666667,4.177777777777778,33,27.393939393939394,25.87878787878788,11,140.1818181818182,138.27272727272728,late_aircraft_delay,nas_delay,carrier_delay
HRL,10,43,6.534883720930233,4.093023255813954,32,28.78125,24.21875,10,135.8,128.8,late_aircraft_delay,nas_delay,carrier_delay
HRL,11,50,5.94,0.72,23,30.695652173913043,27.0,10,142.9,144.3,carrier_delay,late_aircraft_delay,nas_delay
HRL,12,67,5.7611940298507465,-0.373134328358209,39,34.56410256410256,33.92307692307692,28,144.17857142857142,144.28571428571428,carrier_delay,late_aircraft_delay,nas_delay
HSV,1,73,6.712328767123288,3.0136986301369864,74,31.7027027027027,30.824324324324323,70,153.07142857142858,150.1,late_aircraft_delay,nas_delay,carrier_delay
HSV,2,60,7.1,0.11666666666666667,57,28.333333333333332,23.210526315789473,28,111.25,100.5,late_aircraft_delay,nas_delay,carrier_delay
HSV,3,82,7.524390243902439,0.5,84,30.11904761904762,23.13095238095238,44,178.9090909090909,177.20454545454547,carrier_delay,late_aircraft_delay,nas_delay
HSV,4,82,6.634146341463414,2.451219512195122,77,32.76623376623377,29.44736842105263,57,155.91228070175438,147.9298245614035,carrier_delay,late_aircraft_delay,nas_delay
HSV,5,107,6.981308411214953,6.867924528301887,113,30.442477876106196,29.486725663716815,81,141.4814814814815,143.7625,nas_delay,late_aircraft_delay,carrier_delay
HSV,6,85,7.294117647058823,4.011764705882353,107,31.093457943925234,25.88785046728972,58,149.72413793103448,143.73214285714286,carrier_delay,late_aircraft_delay,nas_delay
HSV,7,117,7.153846153846154,3.675213675213675,114,31.67543859649123,27.464285714285715,97,168.17525773195877,162.69072164948454,carrier_delay,late_aircraft_delay,nas_delay
HSV,8,93,7.376344086021505,1.956043956043956,88,32.43181818181818,27.511363636363637,56,147.0,141.54545454545453,carrier_delay,late_aircraft_delay,nas_delay
HSV,9,102,7.205882352941177,4.813725490196078,86,31.63953488372093,28.406976744186046,51,170.90196078431373,166.0,carrier_delay,nas_delay,late_aircraft_delay
HSV,10,81,7.061728395061729,1.123456790123457,100,29.17,19.12,41,126.1219512195122,115.17073170731707,carrier_delay,nas_delay,late_aircraft_delay
HSV,11,98,7.183673469387755,2.010204081632653,70,28.357142857142858,21.463768115942027,45,193.93333333333334,189.36363636363637,carrier_delay,nas_delay,late_aircraft_delay
HSV,12,107,7.672897196261682,-0.14953271028037382,122,30.934426229508198,24.65573770491803,57,141.78947368421052,146.1090909090909,carrier_delay,late_aircraft_delay,nas_delay
HTS,1,4,6.25,-3.0,5,33.6,28.0,0,"","",carrier_delay,nas_delay,late_aircraft_delay
HTS,2,4,7.25,6.0,6,21.166666666666668,24.833333333333332,3,65.0,56.333333333333336,carrier_delay,late_aircraft_delay,nas_delay
HTS,3,4,9.5,12.0,5,37.8,36.2,4,446.0,446.75,carrier_delay,late_aircraft_delay,nas_delay
HTS,4,5,9.6,4.2,4,22.25,14.25,3,109.66666666666667,114.0,late_aircraft_delay,carrier_delay,nas_delay
HTS,5,3,11.0,-1.0,7,28.428571428571427,28.142857142857142,12,173.75,173.0,late_aircraft_delay,carrier_delay,nas_delay
HTS,6,18,6.666666666666667,5.777777777777778,22,33.18181818181818,31.454545454545453,19,175.1578947368421,174.52631578947367,late_aircraft_delay,carrier_delay,nas_delay
HTS,7,11,4.7272727272727275,10.545454545454545,18,34.166666666666664,32.833333333333336,9,226.77777777777777,225.77777777777777,late_aircraft_delay,nas_delay,carrier_delay
HTS,8,5,7.0,2.2,11,37.54545454545455,37.0,11,254.63636363636363,263.1818181818182,nas_delay,late_aircraft_delay,carrier_delay
HTS,9,4,4.0,-3.0,3,32.333333333333336,23.333333333333332,5,167.4,160.6,carrier_delay,late_aircraft_delay,nas_delay
HTS,10,3,7.666666666666667,2.6666666666666665,5,33.6,29.8,1,63.0,63.0,carrier_delay,canc_B,late_aircraft_delay
HTS,11,6,8.5,1.3333333333333333,5,33.4,32.8,5,162.4,159.2,carrier_delay,late_aircraft_delay,nas_delay
HTS,12,7,7.857142857142857,1.0,8,30.25,26.75,7,121.71428571428571,115.71428571428571,late_aircraft_delay,nas_delay,weather_delay
HYA,5,0,"","",0,"","",3,216.33333333333334,216.0,late_aircraft_delay,nas_delay,carrier_delay
HYA,6,5,5.6,8.6,8,37.625,41.375,8,177.0,182.625,nas_delay,late_aircraft_delay,carrier_delay
HYA,7,12,5.916666666666667,12.333333333333334,11,34.45454545454545,37.09090909090909,12,161.16666666666666,167.27272727272728,nas_delay,late_aircraft_delay,carrier_delay
HYA,8,9,8.555555555555555,15.0,7,33.42857142857143,37.833333333333336,13,225.23076923076923,234.76923076923077,nas_delay,late_aircraft_delay,carrier_delay
HYA,9,0,"","",0,"","",1,64.0,61.0,nas_delay,carrier_delay,late_aircraft_delay
HYS,1,3,9.333333333333334,12.0,9,29.0,26.333333333333332,6,147.5,145.66666666666666,late_aircraft_delay,canc_B,nas_delay
HYS,2,1,8.0,32.0,3,38.0,46.0,2,122.5,128.0,nas_delay,late_aircraft_delay,carrier_delay
HYS,3,1,1.0,26.0,2,50.0,38.0,4,108.5,106.75,carrier_delay,nas_delay,canc_B
HYS,4,7,7.714285714285714,7.857142857142857,1,30.0,20.0,4,95.5,95.5,late_aircraft_delay,nas_delay,carrier_delay
HYS,5,7,7.714285714285714,5.714285714285714,6,34.833333333333336,31.166666666666668,12,323.5833333333333,318.3333333333333,late_aircraft_delay,nas_delay,weather_delay
HYS,6,6,8.333333333333334,3.8333333333333335,1,44.0,49.0,2,229.5,212.0,carrier_delay,late_aircraft_delay,nas_delay
HYS,7,3,6.666666666666667,22.333333333333332,0,"","",6,234.33333333333334,228.0,carrier_delay,nas_delay,late_aircraft_delay
HYS,8,4,6.0,2.75,2,21.5,7.0,4,182.5,169.0,nas_delay,late_aircraft_delay,carrier_delay
HYS,9,2,7.5,-5.5,0,"","",4,221.0,209.0,carrier_delay,Nessuna,Nessuna
HYS,10,1,7.0,-11.0,1,50.0,40.0,2,201.0,186.5,late_aircraft_delay,carrier_delay,Nessuna
HYS,11,1,8.0,2.0,2,50.5,37.5,3,125.66666666666667,121.33333333333333,carrier_delay,late_aircraft_delay,nas_delay
HYS,12,5,5.4,-1.8,1,27.0,18.0,2,168.0,159.5,carrier_delay,late_aircraft_delay,canc_B
IAD,1,614,6.058631921824104,4.161764705882353,427,29.89929742388759,30.704918032786885,254,152.2244094488189,153.59448818897638,nas_delay,carrier_delay,late_aircraft_delay
IAD,2,468,5.878205128205129,-2.0471092077087794,227,31.220264317180618,20.58149779735683,112,137.375,125.15315315315316,nas_delay,carrier_delay,late_aircraft_delay
IAD,3,584,5.8715753424657535,-4.111492281303602,424,31.43867924528302,21.011820330969268,235,135.2808510638298,125.73931623931624,nas_delay,carrier_delay,late_aircraft_delay
IAD,4,571,5.9562171628721545,0.47543859649122805,399,29.476190476190474,23.62155388471178,238,143.48319327731093,133.89406779661016,nas_delay,carrier_delay,late_aircraft_delay
IAD,5,733,5.742155525238745,4.624657534246575,475,30.705263157894738,26.74418604651163,344,151.87209302325581,147.0728862973761,nas_delay,carrier_delay,late_aircraft_delay
IAD,6,747,6.242302543507363,2.8659517426273458,493,31.198782961460445,25.29471544715447,313,162.80830670926517,155.9776357827476,carrier_delay,nas_delay,late_aircraft_delay
IAD,7,869,6.227848101265823,2.430219146482122,674,30.612759643916913,26.04179104477612,426,162.47652582159625,155.19103773584905,carrier_delay,nas_delay,late_aircraft_delay
IAD,8,768,6.08203125,1.2320730117340286,509,31.3811394891945,26.948616600790515,479,187.83089770354906,180.0041841004184,carrier_delay,nas_delay,late_aircraft_delay
IAD,9,613,5.8450244698205545,-1.3986928104575163,322,29.23913043478261,20.8944099378882,160,153.0,142.8125,nas_delay,carrier_delay,late_aircraft_delay
IAD,10,672,5.681547619047619,-3.1117734724292103,307,29.693811074918568,17.295081967213115,127,130.3228346456693,116.70866141732283,carrier_delay,nas_delay,late_aircraft_delay
IAD,11,607,5.924217462932455,-1.731023102310231,346,29.80635838150289,21.020289855072463,178,165.6685393258427,152.80790960451978,nas_delay,carrier_delay,late_aircraft_delay
IAD,12,892,5.90695067264574,-1.2342342342342343,565,29.994690265486724,22.379679144385026,304,150.49671052631578,140.27392739273927,carrier_delay,nas_delay,late_aircraft_delay
IAG,1,6,6.0,11.166666666666666,6,33.0,46.6,4,179.75,167.5,nas_delay,carrier_delay,late_aircraft_delay
IAG,2,8,5.25,-3.625,8,20.0,0.125,10,121.5,101.3,late_aircraft_delay,nas_delay,carrier_delay
IAG,3,8,6.375,-2.625,9,33.55555555555556,31.11111111111111,5,103.8,115.4,nas_delay,late_aircraft_delay,carrier_delay
IAG,4,13,8.615384615384615,-4.384615384615385,6,25.5,9.833333333333334,5,244.6,267.6,nas_delay,carrier_delay,late_aircraft_delay
IAG,5,5,4.2,-5.2,6,32.333333333333336,19.5,2,98.5,98.0,nas_delay,carrier_delay,late_aircraft_delay
IAG,6,5,5.4,-0.4,8,24.375,23.125,3,200.0,196.33333333333334,nas_delay,carrier_delay,late_aircraft_delay
IAG,7,5,9.0,9.2,14,34.57142857142857,33.357142857142854,4,142.5,148.5,late_aircraft_delay,nas_delay,carrier_delay
IAG,8,6,4.833333333333333,2.5,8,25.125,34.25,2,118.0,105.5,nas_delay,late_aircraft_delay,carrier_delay
IAG,9,5,3.4,-10.0,3,21.333333333333332,14.333333333333334,1,371.0,352.0,late_aircraft_delay,carrier_delay,nas_delay
IAG,10,3,9.0,1.6666666666666667,4,29.25,29.5,2,778.5,777.0,carrier_delay,nas_delay,late_aircraft_delay
IAG,11,5,7.2,-4.6,3,30.0,16.0,1,142.0,145.0,nas_delay,late_aircraft_delay,carrier_delay
IAG,12,3,4.0,4.666666666666667,4,26.0,27.0,4,106.25,97.75,nas_delay,late_aircraft_delay,carrier_delay
IAH,1,1687,5.98814463544754,0.14362017804154303,1253,31.250598563447724,25.606596942880127,889,162.40382452193475,160.8909090909091,carrier_delay,nas_delay,late_aircraft_delay
IAH,2,1309,5.651642475171887,1.0099616858237548,804,31.059701492537314,25.274875621890548,388,128.42268041237114,121.26041666666667,carrier_delay,nas_delay,late_aircraft_delay
IAH,3,1729,6.185078079814922,0.15865662999420962,1398,31.473533619456365,24.333572969086987,816,151.70098039215685,145.44581280788177,carrier_delay,nas_delay,late_aircraft_delay
IAH,4,1716,5.877039627039627,1.8458844133099825,1289,31.498836307214894,26.452844894777865,709,131.1607898448519,124.98148148148148,carrier_delay,nas_delay,late_aircraft_delay
IAH,5,1851,6.163155051323609,4.181226261530114,1694,32.57556080283353,30.29745712596097,1983,162.0811901159859,161.58020304568527,carrier_delay,nas_delay,late_aircraft_delay
IAH,6,2230,6.281165919282511,3.0153153153153154,1771,32.241106719367586,28.536182336182335,1327,145.07309721175585,141.55555555555554,carrier_delay,late_aircraft_delay,nas_delay
IAH,7,1932,6.418219461697722,3.1071800208116547,2066,33.45062923523717,29.787378640776698,1961,146.19785823559408,141.2135523613963,carrier_delay,late_aircraft_delay,nas_delay
IAH,8,1985,6.052392947103274,0.7853164556962026,1555,31.434726688102895,24.873139158576052,966,143.35507246376812,137.72460732984294,carrier_delay,late_aircraft_delay,nas_delay
IAH,9,1364,5.849706744868035,-0.23330887747615553,1037,31.69141755062681,24.089855072463767,540,121.17407407407407,110.57355679702049,carrier_delay,late_aircraft_delay,nas_delay
IAH,10,1655,5.957703927492447,-1.0078644888082275,975,30.655384615384616,22.896197327852004,487,138.17453798767968,128.46296296296296,carrier_delay,late_aircraft_delay,nas_delay
IAH,11,1651,6.113264688067837,0.6278787878787879,988,30.92914979757085,24.160081053698075,500,133.324,127.14629258517034,carrier_delay,nas_delay,late_aircraft_delay
IAH,12,2102,6.018553758325404,-1.0372670807453417,1435,31.415331010452963,24.948879551820728,862,154.04640371229698,153.2280701754386,carrier_delay,nas_delay,late_aircraft_delay
ICT,1,92,6.521739130434782,6.695652173913044,72,30.416666666666668,32.90277777777778,66,176.8181818181818,181.52307692307693,nas_delay,late_aircraft_delay,carrier_delay
ICT,2,59,6.305084745762712,1.1864406779661016,48,34.625,28.166666666666668,24,129.75,125.375,carrier_delay,nas_delay,late_aircraft_delay
ICT,3,94,7.074468085106383,3.4468085106382977,61,32.18032786885246,25.901639344262296,45,159.4,155.46666666666667,late_aircraft_delay,nas_delay,carrier_delay
ICT,4,103,6.048543689320389,1.7572815533980584,80,33.95,32.037974683544306,49,192.77551020408163,190.1875,carrier_delay,late_aircraft_delay,nas_delay
ICT,5,127,6.661417322834645,7.182539682539683,114,30.912280701754387,29.946428571428573,82,185.109756097561,188.65432098765433,nas_delay,carrier_delay,late_aircraft_delay
ICT,6,112,6.651785714285714,3.857142857142857,109,32.00917431192661,28.110091743119266,90,174.34444444444443,169.4111111111111,late_aircraft_delay,carrier_delay,nas_delay
ICT,7,124,7.040322580645161,6.225806451612903,116,33.01724137931034,31.114035087719298,69,135.7826086956522,131.6231884057971,late_aircraft_delay,carrier_delay,nas_delay
ICT,8,99,6.575757575757576,3.878787878787879,90,33.544444444444444,29.247191011235955,71,161.0281690140845,148.80281690140845,late_aircraft_delay,carrier_delay,nas_delay
ICT,9,72,6.375,3.4722222222222223,48,34.145833333333336,31.8125,31,203.80645161290323,200.90322580645162,nas_delay,carrier_delay,late_aircraft_delay
ICT,10,72,5.638888888888889,0.4722222222222222,69,32.31884057971015,26.985507246376812,35,152.34285714285716,145.25714285714287,carrier_delay,nas_delay,late_aircraft_delay
ICT,11,100,6.67,2.74,102,33.8235294117647,29.57843137254902,67,149.88059701492537,145.37878787878788,carrier_delay,nas_delay,late_aircraft_delay
ICT,12,125,5.32,-2.744,91,30.54945054945055,23.703296703296704,45,194.04444444444445,190.97727272727272,carrier_delay,nas_delay,late_aircraft_delay
IDA,1,23,6.043478260869565,2.652173913043478,24,30.375,25.291666666666668,13,370.53846153846155,363.7692307692308,nas_delay,weather_delay,carrier_delay
IDA,2,12,4.416666666666667,2.3333333333333335,9,31.88888888888889,20.11111111111111,16,311.9375,307.0625,nas_delay,carrier_delay,late_aircraft_delay
IDA,3,21,6.761904761904762,1.1904761904761905,17,30.11764705882353,34.64705882352941,16,218.0625,217.8125,carrier_delay,nas_delay,late_aircraft_delay
IDA,4,9,5.111111111111111,0.8888888888888888,14,25.285714285714285,20.714285714285715,13,161.53846153846155,151.23076923076923,carrier_delay,nas_delay,weather_delay
IDA,5,24,6.0,2.375,25,31.56,23.2,22,143.0,137.45454545454547,carrier_delay,nas_delay,weather_delay
IDA,6,26,6.8076923076923075,4.576923076923077,21,30.761904761904763,24.047619047619047,24,203.5,198.25,carrier_delay,nas_delay,late_aircraft_delay
IDA,7,26,8.0,3.769230769230769,27,34.592592592592595,28.962962962962962,29,117.03448275862068,112.44827586206897,carrier_delay,late_aircraft_delay,nas_delay
IDA,8,24,5.791666666666667,0.4166666666666667,35,34.6,33.371428571428574,10,102.6,98.8,carrier_delay,nas_delay,late_aircraft_delay
IDA,9,22,6.409090909090909,1.0,20,37.15,33.0,8,154.5,145.25,carrier_delay,nas_delay,late_aircraft_delay
IDA,10,26,6.461538461538462,-1.1538461538461537,28,35.607142857142854,29.814814814814813,21,187.76190476190476,181.38095238095238,carrier_delay,nas_delay,late_aircraft_delay
IDA,11,37,6.135135135135135,4.783783783783784,26,30.0,32.0,13,192.92307692307693,187.69230769230768,nas_delay,carrier_delay,late_aircraft_delay
IDA,12,36,6.361111111111111,2.942857142857143,24,29.375,16.333333333333332,29,399.9310344827586,402.0344827586207,carrier_delay,nas_delay,late_aircraft_delay
ILM,1,40,5.675,2.675,50,33.94,28.74,34,164.91176470588235,169.23529411764707,late_aircraft_delay,nas_delay,carrier_delay
ILM,2,46,6.0,-1.7826086956521738,31,35.32258064516129,25.129032258064516,12,171.83333333333334,172.91666666666666,late_aircraft_delay,nas_delay,carrier_delay
ILM,3,44,6.386363636363637,-0.8409090909090909,32,33.21875,26.5,28,159.82142857142858,153.57142857142858,late_aircraft_delay,nas_delay,carrier_delay
ILM,4,66,6.090909090909091,3.3181818181818183,66,30.0,29.318181818181817,37,125.91891891891892,129.55555555555554,nas_delay,late_aircraft_delay,carrier_delay
ILM,5,67,6.835820895522388,5.212121212121212,66,31.863636363636363,32.40909090909091,53,160.9811320754717,163.49056603773585,late_aircraft_delay,nas_delay,carrier_delay
ILM,6,77,6.0,0.1038961038961039,80,31.825,28.2625,59,187.33898305084745,183.52542372881356,late_aircraft_delay,nas_delay,carrier_delay
ILM,7,99,5.8686868686868685,3.282828282828283,114,33.166666666666664,33.584070796460175,110,173.5818181818182,179.6880733944954,late_aircraft_delay,nas_delay,carrier_delay
ILM,8,109,6.605504587155964,4.12962962962963,114,33.19298245614035,34.93805309734513,73,151.95890410958904,148.375,late_aircraft_delay,nas_delay,carrier_delay
ILM,9,72,4.972222222222222,0.4444444444444444,57,30.894736842105264,26.666666666666668,41,120.46341463414635,118.41463414634147,late_aircraft_delay,nas_delay,carrier_delay
ILM,10,82,5.682926829268292,1.7073170731707317,46,32.32608695652174,24.67391304347826,24,185.70833333333334,183.0,nas_delay,late_aircraft_delay,carrier_delay
ILM,11,65,6.292307692307692,0.6615384615384615,46,32.56521739130435,27.956521739130434,21,115.19047619047619,124.28571428571429,nas_delay,late_aircraft_delay,carrier_delay
ILM,12,82,5.817073170731708,1.7804878048780488,92,30.369565217391305,25.16304347826087,59,145.67796610169492,144.60344827586206,late_aircraft_delay,nas_delay,carrier_delay
IMT,1,3,5.0,2.6666666666666665,5,25.8,29.4,16,206.875,203.8125,carrier_delay,nas_delay,weather_delay
IMT,2,2,5.5,-10.0,2,28.0,21.5,1,409.0,409.0,carrier_delay,nas_delay,weather_delay
IMT,3,2,1.5,14.0,5,37.6,34.8,2,282.5,255.5,carrier_delay,weather_delay,nas_delay
IMT,4,1,6.0,-9.0,4,37.75,30.25,2,222.5,231.5,carrier_delay,weather_delay,nas_delay
IMT,5,2,9.5,8.0,4,36.25,31.0,3,183.66666666666666,173.0,carrier_delay,nas_delay,weather_delay
IMT,6,3,9.0,18.333333333333332,5,31.2,28.6,8,164.125,170.875,carrier_delay,nas_delay,weather_delay
IMT,7,3,5.333333333333333,7.0,5,29.8,23.2,6,208.16666666666666,200.0,carrier_delay,weather_delay,Nessuna
IMT,8,5,5.6,12.0,1,20.0,27.0,8,136.5,132.75,carrier_delay,nas_delay,canc_B
IMT,9,6,9.666666666666666,7.0,3,30.666666666666668,39.666666666666664,1,85.0,63.0,carrier_delay,nas_delay,weather_delay
IMT,10,1,12.0,13.0,1,38.0,26.0,6,151.0,143.83333333333334,carrier_delay,nas_delay,Nessuna
IMT,11,2,1.5,-5.0,2,27.5,7.5,5,209.0,196.4,carrier_delay,nas_delay,weather_delay
IMT,12,3,6.0,-1.6666666666666667,11,30.0,35.0,11,239.0,154.6,carrier_delay,nas_delay,weather_delay
IND,1,563,6.390763765541741,2.3072824156305507,424,31.88443396226415,29.602836879432623,235,140.22127659574468,139.3648068669528,nas_delay,carrier_delay,late_aircraft_delay
IND,2,485,6.061855670103093,-1.5443298969072166,291,30.281786941580755,26.186206896551724,127,170.5511811023622,171.16535433070865,nas_delay,carrier_delay,late_aircraft_delay
IND,3,624,6.376602564102564,-0.6099518459069021,459,29.986928104575163,24.355119825708062,280,133.44642857142858,129.7892857142857,nas_delay,late_aircraft_delay,carrier_delay
IND,4,579,5.81692573402418,-0.7443868739205527,348,29.68103448275862,23.544668587896254,198,149.84343434343435,146.81725888324874,nas_delay,late_aircraft_delay,carrier_delay
IND,5,708,5.853107344632768,1.95177304964539,521,30.276391554702496,25.8568665377176,323,149.6315789473684,149.12111801242236,nas_delay,late_aircraft_delay,carrier_delay
IND,6,762,5.981627296587926,1.8969616908850726,506,30.990118577075098,26.12375249500998,306,140.62418300653596,137.38888888888889,nas_delay,late_aircraft_delay,carrier_delay
IND,7,735,6.1034013605442174,1.7684931506849315,626,31.594249201277954,28.67628205128205,410,158.11463414634147,157.61481481481482,late_aircraft_delay,nas_delay,carrier_delay
IND,8,594,5.961279461279461,1.373942470389171,419,31.730310262529834,28.55263157894737,251,152.57370517928288,151.86345381526104,nas_delay,late_aircraft_delay,carrier_delay
IND,9,510,5.425490196078432,-0.707843137254902,319,31.08150470219436,25.29874213836478,133,135.18796992481202,130.593984962406,late_aircraft_delay,nas_delay,carrier_delay
IND,10,633,5.9684044233807265,-2.08716323296355,328,29.567073170731707,20.625,119,162.41176470588235,155.11864406779662,carrier_delay,nas_delay,late_aircraft_delay
IND,11,570,5.940350877192983,-0.3350877192982456,274,30.003649635036496,27.5,131,142.74809160305344,146.3923076923077,nas_delay,carrier_delay,late_aircraft_delay
IND,12,684,6.06140350877193,-1.669603524229075,426,30.76525821596244,26.00470588235294,241,145.551867219917,141.61087866108787,nas_delay,late_aircraft_delay,carrier_delay
INL,1,3,5.333333333333333,-16.0,3,32.333333333333336,25.0,2,120.5,106.0,carrier_delay,weather_delay,canc_B
INL,2,2,7.5,-11.0,3,22.666666666666668,17.0,3,104.0,84.66666666666667,weather_delay,canc_B,carrier_delay
INL,3,2,11.5,9.5,4,30.25,24.0,2,116.5,130.5,carrier_delay,nas_delay,weather_delay
INL,4,0,"","",1,54.0,37.0,2,501.5,493.5,carrier_delay,weather_delay,Nessuna
INL,5,1,13.0,7.0,2,31.0,30.0,3,170.0,161.33333333333334,carrier_delay,weather_delay,nas_delay
INL,6,5,5.8,10.8,10,33.7,37.9,6,176.16666666666666,186.83333333333334,nas_delay,carrier_delay,weather_delay
INL,7,10,4.3,2.9,9,28.77777777777778,26.11111111111111,6,283.3333333333333,284.0,carrier_delay,nas_delay,weather_delay
INL,8,5,5.2,21.4,5,35.8,44.4,5,254.4,252.8,nas_delay,carrier_delay,weather_delay
INL,9,0,"","",5,35.2,36.8,4,249.5,235.5,carrier_delay,nas_delay,weather_delay
INL,10,2,10.0,-0.5,2,22.0,5.5,6,226.0,217.16666666666666,carrier_delay,Nessuna,Nessuna
INL,11,3,7.333333333333333,-5.333333333333333,1,23.0,15.0,5,94.6,78.6,carrier_delay,weather_delay,Nessuna
INL,12,3,6.0,4.666666666666667,6,26.333333333333332,10.5,10,269.0,267.9,carrier_delay,nas_delay,weather_delay
ISP,1,81,6.049382716049383,2.5185185185185186,72,30.65277777777778,30.97222222222222,32,173.6875,173.25,nas_delay,late_aircraft_delay,carrier_delay
ISP,2,75,5.413333333333333,-6.266666666666667,45,33.111111111111114,27.488888888888887,20,226.75,211.35,nas_delay,late_aircraft_delay,carrier_delay
ISP,3,86,6.662790697674419,-4.186046511627907,70,35.15714285714286,26.928571428571427,58,115.3103448275862,109.98275862068965,late_aircraft_delay,nas_delay,carrier_delay
ISP,4,98,5.908163265306122,-7.530612244897959,56,32.75,23.589285714285715,38,163.71052631578948,161.3684210526316,late_aircraft_delay,carrier_delay,nas_delay
ISP,5,79,5.582278481012659,-6.531645569620253,63,29.6984126984127,19.85483870967742,38,125.07894736842105,117.71052631578948,late_aircraft_delay,carrier_delay,nas_delay
ISP,6,71,6.76056338028169,-6.71830985915493,57,29.964912280701753,18.54385964912281,35,138.97142857142856,129.02941176470588,late_aircraft_delay,carrier_delay,nas_delay
ISP,7,103,6.252427184466019,-4.902912621359223,86,29.74418604651163,20.023529411764706,39,140.92307692307693,129.71794871794873,late_aircraft_delay,carrier_delay,nas_delay
ISP,8,102,6.4411764705882355,2.607843137254902,57,28.31578947368421,25.24561403508772,55,138.01818181818183,132.21818181818182,late_aircraft_delay,nas_delay,carrier_delay
ISP,9,71,5.140845070422535,-2.028169014084507,31,29.258064516129032,19.29032258064516,10,163.7,152.6,late_aircraft_delay,nas_delay,carrier_delay
ISP,10,79,6.2025316455696204,-4.1645569620253164,35,24.257142857142856,12.742857142857142,9,119.33333333333333,103.66666666666667,carrier_delay,late_aircraft_delay,canc_B
ISP,11,89,5.426966292134831,-10.202247191011235,34,27.970588235294116,11.735294117647058,12,177.5,160.0,late_aircraft_delay,carrier_delay,nas_delay
ISP,12,86,6.383720930232558,-1.813953488372093,86,31.476744186046513,24.813953488372093,49,163.89795918367346,154.75510204081633,late_aircraft_delay,carrier_delay,nas_delay
ITH,1,2,8.5,24.0,2,40.0,24.5,5,212.0,192.0,late_aircraft_delay,canc_B,nas_delay
ITH,2,1,13.0,-18.0,3,52.666666666666664,36.0,1,216.0,225.0,late_aircraft_delay,weather_delay,canc_B
ITH,3,2,9.0,-20.0,3,26.333333333333332,3.0,7,139.28571428571428,121.42857142857143,late_aircraft_delay,carrier_delay,nas_delay
ITH,4,0,"","",0,"","",5,87.4,68.6,nas_delay,late_aircraft_delay,weather_delay
ITH,5,7,3.857142857142857,-7.571428571428571,6,30.0,15.333333333333334,6,157.66666666666666,136.66666666666666,nas_delay,carrier_delay,late_aircraft_delay
ITH,6,1,6.0,-10.0,6,36.666666666666664,38.833333333333336,4,112.25,101.0,late_aircraft_delay,nas_delay,canc_C
ITH,7,3,7.0,7.333333333333333,6,34.666666666666664,40.166666666666664,10,168.1,176.7,nas_delay,late_aircraft_delay,carrier_delay
ITH,8,5,5.6,-5.6,4,24.5,18.0,9,128.22222222222223,140.55555555555554,canc_C,late_aircraft_delay,nas_delay
ITH,9,1,6.0,-9.0,1,17.0,10.0,1,461.0,453.0,weather_delay,Nessuna,Nessuna
ITH,10,1,4.0,-7.0,1,55.0,48.0,2,148.0,140.5,late_aircraft_delay,carrier_delay,Nessuna
ITH,11,2,9.0,10.5,0,"","",1,73.0,126.0,nas_delay,carrier_delay,weather_delay
ITH,12,7,5.285714285714286,-3.2857142857142856,2,35.5,31.5,5,350.8,339.4,carrier_delay,late_aircraft_delay,nas_delay
ITO,1,98,6.142857142857143,10.408163265306122,77,28.83116883116883,33.09090909090909,20,95.5,99.05,late_aircraft_delay,carrier_delay,weather_delay
ITO,2,100,5.49,6.34,28,27.035714285714285,29.5,7,92.28571428571429,94.14285714285714,late_aircraft_delay,carrier_delay,weather_delay
ITO,3,138,5.27536231884058,3.079710144927536,53,23.264150943396228,20.60377358490566,6,135.16666666666666,134.66666666666666,late_aircraft_delay,carrier_delay,nas_delay
ITO,4,119,6.302521008403361,3.277310924369748,50,27.24,25.76,11,102.0909090909091,100.81818181818181,late_aircraft_delay,carrier_delay,nas_delay
ITO,5,116,6.146551724137931,7.301724137931035,70,31.87142857142857,32.18571428571428,27,98.88888888888889,103.44444444444444,late_aircraft_delay,carrier_delay,nas_delay
ITO,6,118,5.5,5.97457627118644,63,25.555555555555557,26.825396825396826,6,82.33333333333333,84.66666666666667,late_aircraft_delay,carrier_delay,nas_delay
ITO,7,120,5.575,3.9583333333333335,44,26.181818181818183,24.568181818181817,14,109.0,107.0,late_aircraft_delay,carrier_delay,nas_delay
ITO,8,104,6.230769230769231,3.2403846153846154,35,23.771428571428572,21.085714285714285,13,107.15384615384616,104.3076923076923,late_aircraft_delay,carrier_delay,canc_B
ITO,9,79,5.556962025316456,3.721518987341772,27,25.62962962962963,23.85185185185185,2,84.0,82.0,late_aircraft_delay,carrier_delay,canc_A
ITO,10,125,6.328,5.256,48,27.125,26.208333333333332,6,88.33333333333333,85.66666666666667,late_aircraft_delay,carrier_delay,nas_delay
ITO,11,119,6.470588235294118,4.201680672268908,37,29.16216216216216,26.35135135135135,2,81.5,83.0,late_aircraft_delay,carrier_delay,nas_delay
ITO,12,136,5.985294117647059,4.4411764705882355,40,23.9,22.675,7,94.14285714285714,95.42857142857143,late_aircraft_delay,carrier_delay,weather_delay
JAC,1,71,7.352112676056338,2.242857142857143,87,33.160919540229884,26.13953488372093,53,192.8490566037736,182.28301886792454,late_aircraft_delay,nas_delay,carrier_delay
JAC,2,71,7.323943661971831,2.161764705882353,92,32.08695652173913,30.98876404494382,59,234.74576271186442,245.82142857142858,nas_delay,carrier_delay,late_aircraft_delay
JAC,3,80,7.275,1.9,67,27.746268656716417,21.417910447761194,69,270.7826086956522,266.6376811594203,nas_delay,late_aircraft_delay,carrier_delay
JAC,4,28,6.857142857142857,5.535714285714286,19,24.42105263157895,19.57894736842105,12,348.0833333333333,348.0833333333333,nas_delay,carrier_delay,late_aircraft_delay
JAC,5,44,5.818181818181818,3.7954545454545454,21,36.76190476190476,32.4,28,164.85714285714286,165.14285714285714,nas_delay,late_aircraft_delay,carrier_delay
JAC,6,85,5.952941176470588,-0.3493975903614458,66,31.606060606060606,23.727272727272727,41,189.6829268292683,183.14634146341464,late_aircraft_delay,nas_delay,carrier_delay
JAC,7,86,6.558139534883721,2.3294117647058825,77,32.311688311688314,26.506666666666668,74,181.2972972972973,173.70833333333334,carrier_delay,nas_delay,late_aircraft_delay
JAC,8,99,6.616161616161616,1.9489795918367347,76,32.75,27.666666666666668,62,178.24193548387098,173.7704918032787,nas_delay,late_aircraft_delay,carrier_delay
JAC,9,68,6.75,3.485294117647059,59,31.35593220338983,28.189655172413794,33,227.93939393939394,220.6060606060606,late_aircraft_delay,nas_delay,carrier_delay
JAC,10,27,7.2592592592592595,6.153846153846154,16,30.25,22.25,11,312.72727272727275,305.8181818181818,carrier_delay,nas_delay,late_aircraft_delay
JAC,11,19,5.368421052631579,9.31578947368421,19,35.94736842105263,31.736842105263158,22,349.04545454545456,352.1818181818182,nas_delay,carrier_delay,late_aircraft_delay
JAC,12,47,5.957446808510638,0.3191489361702128,41,30.804878048780488,29.875,59,322.8813559322034,318.91525423728814,nas_delay,carrier_delay,late_aircraft_delay
JAN,1,66,7.484848484848484,1.0153846153846153,51,35.411764705882355,35.09803921568628,36,174.11111111111111,175.6,late_aircraft_delay,nas_delay,carrier_delay
JAN,2,54,5.796296296296297,-0.07407407407407407,39,31.564102564102566,26.763157894736842,11,113.18181818181819,104.0,late_aircraft_delay,carrier_delay,nas_delay
JAN,3,65,6.2,-0.5846153846153846,57,28.789473684210527,26.228070175438596,43,159.53488372093022,152.2093023255814,late_aircraft_delay,nas_delay,carrier_delay
JAN,4,54,6.851851851851852,0.5185185185185185,60,30.5,25.516666666666666,44,193.1818181818182,192.86363636363637,late_aircraft_delay,nas_delay,carrier_delay
JAN,5,104,6.269230769230769,5.903846153846154,101,31.801980198019802,29.18,72,176.36111111111111,179.16901408450704,late_aircraft_delay,nas_delay,carrier_delay
JAN,6,92,6.358695652173913,2.0543478260869565,84,32.05952380952381,27.726190476190474,39,152.15384615384616,149.17948717948718,late_aircraft_delay,carrier_delay,nas_delay
JAN,7,72,5.555555555555555,4.628571428571429,114,33.49122807017544,33.663716814159294,77,159.55844155844156,158.1818181818182,late_aircraft_delay,carrier_delay,nas_delay
JAN,8,67,6.835820895522388,2.343283582089552,58,32.241379310344826,24.603448275862068,30,173.73333333333332,167.5,late_aircraft_delay,carrier_delay,nas_delay
JAN,9,61,5.180327868852459,3.0327868852459017,43,32.325581395348834,27.790697674418606,16,162.5625,154.6875,nas_delay,carrier_delay,late_aircraft_delay
JAN,10,74,4.72972972972973,0.3108108108108108,38,26.0,19.18421052631579,19,184.10526315789474,178.89473684210526,carrier_delay,late_aircraft_delay,nas_delay
JAN,11,100,6.72,0.96,46,28.97826086956522,23.76086956521739,18,242.0,246.35294117647058,late_aircraft_delay,carrier_delay,nas_delay
JAN,12,91,6.043956043956044,2.5054945054945055,58,29.603448275862068,25.50877192982456,45,184.22222222222223,185.62222222222223,late_aircraft_delay,nas_delay,carrier_delay
JAX,1,336,5.842261904761905,-0.17313432835820897,283,32.66077738515901,27.50709219858156,167,153.10179640718562,148.62874251497007,late_aircraft_delay,carrier_delay,nas_delay
JAX,2,269,5.881040892193308,0.9626865671641791,188,31.3031914893617,26.28191489361702,98,165.3877551020408,159.46938775510205,late_aircraft_delay,carrier_delay,nas_delay
JAX,3,366,5.937158469945355,2.877049180327869,316,31.430379746835442,27.136507936507936,158,172.13924050632912,171.05095541401275,late_aircraft_delay,carrier_delay,nas_delay
JAX,4,380,6.15,3.418421052631579,281,31.797153024911033,29.658362989323845,137,164.05109489051094,160.77205882352942,late_aircraft_delay,nas_delay,carrier_delay
JAX,5,457,6.339168490153173,3.7158590308370045,390,32.4,30.43669250645995,261,160.81226053639847,162.55384615384617,late_aircraft_delay,nas_delay,carrier_delay
JAX,6,391,5.89769820971867,0.1636828644501279,327,33.03363914373089,27.35076923076923,253,167.70750988142294,164.9561752988048,late_aircraft_delay,carrier_delay,nas_delay
JAX,7,385,5.974025974025974,0.6770833333333334,395,34.4632911392405,32.10886075949367,387,184.0594315245478,184.49739583333334,late_aircraft_delay,nas_delay,carrier_delay
JAX,8,346,5.997109826589595,2.2005813953488373,335,31.629850746268655,30.356495468277945,211,183.5829383886256,180.4218009478673,late_aircraft_delay,nas_delay,carrier_delay
JAX,9,339,6.047197640117994,3.2271386430678466,207,31.106280193236714,27.120772946859905,91,159.42857142857142,155.3186813186813,late_aircraft_delay,carrier_delay,nas_delay
JAX,10,330,5.675757575757576,0.3696969696969697,206,30.024271844660195,23.432038834951456,76,171.18421052631578,165.5,carrier_delay,nas_delay,late_aircraft_delay
JAX,11,314,5.691082802547771,0.8980891719745223,206,30.597087378640776,25.04368932038835,103,147.0,145.1,nas_delay,late_aircraft_delay,carrier_delay
JAX,12,473,6.264270613107822,1.9745222929936306,379,30.514511873350923,25.485488126649077,152,159.48684210526315,157.15333333333334,late_aircraft_delay,nas_delay,carrier_delay
JFK,1,1351,6.044411547002221,-3.3323442136498516,1183,31.748943364327978,25.84915254237288,782,141.6010230179028,141.3128205128205,nas_delay,carrier_delay,late_aircraft_delay
JFK,2,1138,6.1493848857644995,-5.618165784832452,921,31.36156351791531,21.850924918389556,566,132.15371024734984,125.50267379679144,carrier_delay,nas_delay,late_aircraft_delay
JFK,3,1298,6.26040061633282,-6.343653250773994,1227,32.95436022819886,22.159574468085108,889,138.56130483689537,130.04960541149944,carrier_delay,nas_delay,late_aircraft_delay
JFK,4,1298,6.311248073959939,-2.337962962962963,1284,31.445482866043612,23.6783762685402,709,137.80818053596616,131.83309759547384,nas_delay,carrier_delay,late_aircraft_delay
JFK,5,1443,6.2217602217602215,-0.5260960334029228,1432,32.17039106145251,26.179146256123165,843,146.5658362989324,142.74285714285713,nas_delay,carrier_delay,late_aircraft_delay
JFK,6,1427,6.549404344779258,-1.1916842847075406,1451,32.96140592694693,27.94871794871795,1016,154.00492125984252,149.96633663366336,nas_delay,carrier_delay,late_aircraft_delay
JFK,7,1632,6.368872549019608,0.7269372693726938,1669,32.50569203115638,27.19024683925346,1390,163.0273381294964,157.87255611875452,carrier_delay,nas_delay,late_aircraft_delay
JFK,8,1494,6.404283801874163,4.516150740242261,1569,33.029318036966224,30.75897435897436,1196,152.46989966555185,152.32523051131602,nas_delay,carrier_delay,late_aircraft_delay
JFK,9,1218,6.301313628899836,-3.732128184059162,934,30.63169164882227,22.4983922829582,480,139.11041666666668,131.54791666666668,nas_delay,carrier_delay,late_aircraft_delay
JFK,10,1394,6.12338593974175,-6.458333333333333,875,29.542857142857144,15.831807780320366,331,140.81268882175226,128.52279635258358,carrier_delay,nas_delay,late_aircraft_delay
JFK,11,1098,6.179417122040073,-5.270566727605119,839,30.34088200238379,19.470728793309437,368,120.62228260869566,109.82016348773843,carrier_delay,nas_delay,late_aircraft_delay
JFK,12,1710,6.2216374269005845,-2.779472140762463,1557,31.773281952472704,24.186855670103093,934,132.62847965738757,126.35123523093448,carrier_delay,nas_delay,late_aircraft_delay
JLN,1,1,1.0,-9.0,4,21.75,22.75,5,337.6,328.6,carrier_delay,canc_B,nas_delay
JLN,2,3,2.0,-8.666666666666666,1,53.0,35.0,2,128.5,97.0,carrier_delay,canc_B,weather_delay
JLN,3,3,7.0,-6.0,3,37.0,32.666666666666664,5,228.2,220.2,carrier_delay,nas_delay,late_aircraft_delay
JLN,4,3,12.0,20.0,4,33.5,37.0,4,103.75,95.75,carrier_delay,nas_delay,weather_delay
JLN,5,3,4.666666666666667,4.333333333333333,2,29.0,33.5,9,185.77777777777777,180.88888888888889,carrier_delay,nas_delay,late_aircraft_delay
JLN,6,3,3.3333333333333335,-2.6666666666666665,2,52.0,44.0,9,207.77777777777777,206.77777777777777,nas_delay,late_aircraft_delay,weather_delay
JLN,7,5,7.0,-2.0,5,38.2,29.0,1,72.0,79.0,nas_delay,carrier_delay,canc_B
JLN,8,6,8.333333333333334,2.0,3,21.0,-2.0,4,370.25,371.25,carrier_delay,nas_delay,late_aircraft_delay
JLN,9,5,7.8,-1.6,5,25.4,13.2,7,168.85714285714286,163.57142857142858,late_aircraft_delay,nas_delay,carrier_delay
JLN,10,2,1.5,6.0,7,37.285714285714285,23.142857142857142,2,67.5,53.5,carrier_delay,late_aircraft_delay,nas_delay
JLN,11,1,13.0,29.0,3,28.666666666666668,13.666666666666666,6,355.3333333333333,348.0,carrier_delay,late_aircraft_delay,nas_delay
JLN,12,3,8.0,6.0,2,30.0,24.5,5,241.2,227.0,carrier_delay,late_aircraft_delay,nas_delay
JMS,1,3,3.0,-14.666666666666666,2,45.0,34.0,1,99.0,71.0,canc_B,late_aircraft_delay,nas_delay
JMS,2,2,2.0,4.5,5,32.8,28.8,4,651.75,649.0,canc_B,nas_delay,weather_delay
JMS,3,4,6.75,-3.0,2,43.0,35.0,5,290.8,291.0,carrier_delay,nas_delay,late_aircraft_delay
JMS,4,3,2.6666666666666665,4.0,1,15.0,14.0,1,111.0,101.0,late_aircraft_delay,carrier_delay,Nessuna
JMS,5,0,"","",0,"","",2,95.5,111.0,nas_delay,late_aircraft_delay,weather_delay
JMS,6,3,13.0,15.333333333333334,2,17.5,38.0,4,127.0,138.75,canc_C,nas_delay,late_aircraft_delay
JMS,7,7,8.714285714285714,9.285714285714286,7,31.571428571428573,25.285714285714285,2,167.0,169.0,carrier_delay,late_aircraft_delay,nas_delay
JMS,8,3,4.666666666666667,3.0,4,30.25,25.25,1,151.0,151.0,carrier_delay,late_aircraft_delay,canc_B
JMS,9,0,"","",5,30.8,24.8,2,113.5,127.0,carrier_delay,nas_delay,late_aircraft_delay
JMS,10,4,5.0,4.75,3,43.333333333333336,37.333333333333336,2,590.5,587.0,carrier_delay,nas_delay,late_aircraft_delay
JMS,11,5,7.2,3.2,4,22.75,22.25,8,249.25,246.125,late_aircraft_delay,canc_B,nas_delay
JMS,12,5,7.2,1.4,4,33.0,42.5,6,501.1666666666667,500.1666666666667,nas_delay,late_aircraft_delay,weather_delay
JNU,1,34,6.647058823529412,15.147058823529411,57,31.473684210526315,39.25454545454546,34,162.38235294117646,162.78125,nas_delay,late_aircraft_delay,carrier_delay
JNU,2,23,6.0,7.6521739130434785,20,35.85,31.842105263157894,12,143.5,146.0,nas_delay,late_aircraft_delay,carrier_delay
JNU,3,30,6.3,6.310344827586207,26,35.07692307692308,35.92,11,138.36363636363637,134.0,late_aircraft_delay,nas_delay,carrier_delay
JNU,4,27,6.148148148148148,2.925925925925926,27,29.925925925925927,25.5,11,104.0,100.54545454545455,late_aircraft_delay,nas_delay,carrier_delay
JNU,5,48,6.270833333333333,4.0,32,26.59375,26.46875,12,140.16666666666666,140.25,nas_delay,late_aircraft_delay,carrier_delay
JNU,6,68,6.132352941176471,4.073529411764706,45,29.466666666666665,27.866666666666667,17,159.11764705882354,156.41176470588235,late_aircraft_delay,nas_delay,carrier_delay
JNU,7,81,6.469135802469136,6.703703703703703,88,28.420454545454547,27.40909090909091,19,115.78947368421052,118.21052631578948,late_aircraft_delay,nas_delay,carrier_delay
JNU,8,73,6.821917808219178,3.888888888888889,64,30.5,30.09375,27,167.74074074074073,171.57692307692307,late_aircraft_delay,nas_delay,carrier_delay
JNU,9,35,5.542857142857143,3.6,26,28.73076923076923,23.653846153846153,17,160.76470588235293,157.05882352941177,nas_delay,late_aircraft_delay,carrier_delay
JNU,10,29,5.413793103448276,0.6551724137931034,19,35.21052631578947,34.78947368421053,16,156.0625,154.75,nas_delay,carrier_delay,late_aircraft_delay
JNU,11,22,6.318181818181818,7.681818181818182,21,27.571428571428573,32.61904761904762,7,117.28571428571429,120.14285714285714,nas_delay,late_aircraft_delay,carrier_delay
JNU,12,47,5.574468085106383,9.063829787234043,29,33.275862068965516,39.3448275862069,21,144.76190476190476,168.3,nas_delay,late_aircraft_delay,carrier_delay
JST,1,4,5.0,-3.5,6,30.833333333333332,25.333333333333332,10,150.6,144.0,late_aircraft_delay,canc_B,nas_delay
JST,2,4,4.0,-14.0,6,30.0,7.833333333333333,1,66.0,52.0,canc_B,carrier_delay,late_aircraft_delay
JST,3,0,"","",2,34.0,35.5,3,106.66666666666667,96.0,carrier_delay,nas_delay,late_aircraft_delay
JST,4,2,9.0,12.0,7,37.42857142857143,50.714285714285715,10,178.4,172.1,carrier_delay,late_aircraft_delay,nas_delay
JST,5,2,11.5,2.0,4,34.0,27.75,12,175.91666666666666,174.33333333333334,late_aircraft_delay,nas_delay,carrier_delay
JST,6,3,11.0,1.0,7,45.285714285714285,39.42857142857143,3,237.33333333333334,235.66666666666666,carrier_delay,late_aircraft_delay,nas_delay
JST,7,4,5.25,-1.25,7,31.428571428571427,27.0,3,233.33333333333334,230.33333333333334,carrier_delay,late_aircraft_delay,Nessuna
JST,8,6,8.5,12.5,4,36.5,37.75,4,97.25,92.5,nas_delay,carrier_delay,late_aircraft_delay
JST,9,5,9.2,6.6,3,33.666666666666664,31.0,6,284.0,282.1666666666667,carrier_delay,late_aircraft_delay,nas_delay
JST,10,3,2.3333333333333335,-9.333333333333334,4,36.5,43.5,6,135.33333333333334,134.33333333333334,nas_delay,late_aircraft_delay,carrier_delay
JST,11,1,5.0,-10.0,5,23.6,14.2,5,154.4,151.8,carrier_delay,late_aircraft_delay,nas_delay
JST,12,7,6.285714285714286,3.857142857142857,3,23.0,20.333333333333332,12,486.3333333333333,484.75,late_aircraft_delay,nas_delay,carrier_delay
KOA,1,287,6.02787456445993,5.097560975609756,176,29.261363636363637,26.619318181818183,60,218.18333333333334,201.91666666666666,late_aircraft_delay,carrier_delay,nas_delay
KOA,2,263,5.916349809885932,1.5893536121673004,132,26.931818181818183,17.85496183206107,58,181.43103448275863,173.39655172413794,late_aircraft_delay,carrier_delay,nas_delay
KOA,3,272,5.966911764705882,1.2941176470588236,79,28.746835443037973,25.075949367088608,28,192.75,184.67857142857142,carrier_delay,late_aircraft_delay,nas_delay
KOA,4,223,5.618834080717488,0.6036036036036037,96,29.510416666666668,23.395833333333332,46,161.58695652173913,157.8695652173913,late_aircraft_delay,carrier_delay,nas_delay
KOA,5,245,5.848979591836735,5.36734693877551,141,29.01418439716312,27.59285714285714,43,145.51162790697674,143.85714285714286,late_aircraft_delay,carrier_delay,nas_delay
KOA,6,230,5.369565217391305,3.4565217391304346,110,28.554545454545455,25.9,28,229.42857142857142,226.28571428571428,carrier_delay,late_aircraft_delay,nas_delay
KOA,7,283,5.826855123674911,3.198581560283688,129,27.06201550387597,24.031007751937985,43,256.1860465116279,240.97560975609755,late_aircraft_delay,carrier_delay,nas_delay
KOA,8,261,5.5440613026819925,0.5325670498084292,109,28.03669724770642,20.18348623853211,46,165.2391304347826,148.77777777777777,late_aircraft_delay,carrier_delay,nas_delay
KOA,9,168,5.208333333333333,1.625,72,29.84722222222222,24.194444444444443,26,116.96153846153847,109.11538461538461,late_aircraft_delay,carrier_delay,nas_delay
KOA,10,203,5.093596059113301,1.187192118226601,96,30.604166666666668,29.489583333333332,37,140.8108108108108,135.32432432432432,late_aircraft_delay,carrier_delay,nas_delay
KOA,11,177,5.813559322033898,1.0677966101694916,78,28.897435897435898,23.397435897435898,23,199.30434782608697,193.17391304347825,carrier_delay,late_aircraft_delay,nas_delay
KOA,12,236,5.88135593220339,0.711864406779661,129,27.25581395348837,19.2890625,29,143.3793103448276,135.0,late_aircraft_delay,carrier_delay,nas_delay
KTN,1,16,7.8125,3.5,26,32.69230769230769,30.541666666666668,13,127.46153846153847,127.25,late_aircraft_delay,nas_delay,canc_A
KTN,2,11,6.181818181818182,2.272727272727273,12,36.25,50.5,2,175.0,168.5,nas_delay,late_aircraft_delay,weather_delay
KTN,3,11,5.818181818181818,5.181818181818182,13,34.69230769230769,32.30769230769231,8,86.25,88.375,late_aircraft_delay,nas_delay,canc_A
KTN,4,17,6.411764705882353,1.411764705882353,13,24.923076923076923,21.846153846153847,8,78.25,74.375,late_aircraft_delay,carrier_delay,nas_delay
KTN,5,30,4.966666666666667,2.033333333333333,27,30.296296296296298,26.40740740740741,9,166.88888888888889,161.44444444444446,late_aircraft_delay,carrier_delay,nas_delay
KTN,6,35,5.828571428571428,4.057142857142857,31,27.0,24.258064516129032,10,124.9,125.0,late_aircraft_delay,carrier_delay,nas_delay
KTN,7,44,6.0227272727272725,4.909090909090909,40,32.05,32.7,15,131.8,128.53333333333333,late_aircraft_delay,nas_delay,carrier_delay
KTN,8,67,7.074626865671642,6.2272727272727275,49,26.408163265306122,25.791666666666668,20,161.8,158.1578947368421,late_aircraft_delay,nas_delay,carrier_delay
KTN,9,28,7.107142857142857,5.75,15,32.86666666666667,33.13333333333333,6,118.5,111.33333333333333,late_aircraft_delay,nas_delay,carrier_delay
KTN,10,25,5.52,0.92,12,33.0,32.25,6,112.83333333333333,114.66666666666667,late_aircraft_delay,nas_delay,carrier_delay
KTN,11,17,4.882352941176471,2.9411764705882355,19,30.0,28.473684210526315,4,78.25,85.25,late_aircraft_delay,nas_delay,carrier_delay
KTN,12,26,5.730769230769231,1.4615384615384615,22,26.454545454545453,22.863636363636363,11,143.9090909090909,134.63636363636363,late_aircraft_delay,nas_delay,carrier_delay
LAN,1,12,6.833333333333333,9.0,8,26.125,21.0,19,179.89473684210526,193.89473684210526,carrier_delay,nas_delay,late_aircraft_delay
LAN,2,7,5.0,5.571428571428571,7,34.714285714285715,29.142857142857142,4,86.5,79.5,nas_delay,carrier_delay,late_aircraft_delay
LAN,3,10,7.0,9.6,13,35.84615384615385,31.0,11,269.09090909090907,270.8181818181818,carrier_delay,late_aircraft_delay,nas_delay
LAN,4,6,5.833333333333333,0.8333333333333334,9,22.88888888888889,20.11111111111111,18,140.38888888888889,139.61111111111111,carrier_delay,nas_delay,late_aircraft_delay
LAN,5,9,6.222222222222222,1.3333333333333333,11,41.18181818181818,47.54545454545455,12,137.25,134.75,carrier_delay,nas_delay,late_aircraft_delay
LAN,6,8,7.0,3.625,18,34.44444444444444,33.5,21,142.47619047619048,139.23809523809524,carrier_delay,weather_delay,nas_delay
LAN,7,12,3.9166666666666665,1.6666666666666667,14,29.357142857142858,32.07142857142857,14,131.71428571428572,134.21428571428572,late_aircraft_delay,carrier_delay,nas_delay
LAN,8,9,5.777777777777778,-0.8888888888888888,14,35.57142857142857,37.57142857142857,14,213.21428571428572,217.85714285714286,carrier_delay,nas_delay,late_aircraft_delay
LAN,9,11,7.0,-4.545454545454546,11,39.81818181818182,32.0,5,116.6,129.4,carrier_delay,weather_delay,late_aircraft_delay
LAN,10,15,6.533333333333333,0.9333333333333333,15,36.8,32.333333333333336,5,102.6,105.8,carrier_delay,nas_delay,late_aircraft_delay
LAN,11,12,5.583333333333333,10.833333333333334,12,26.0,22.416666666666668,8,146.5,155.375,carrier_delay,nas_delay,weather_delay
LAN,12,4,9.25,25.0,11,42.45454545454545,41.54545454545455,6,146.0,148.66666666666666,carrier_delay,nas_delay,weather_delay
LAR,1,1,2.0,-7.0,3,42.0,58.0,1,118.0,112.0,canc_B,late_aircraft_delay,nas_delay
LAR,2,3,8.666666666666666,3.6666666666666665,2,24.0,36.0,3,108.66666666666667,97.66666666666667,carrier_delay,nas_delay,canc_B
LAR,3,0,"","",4,31.5,40.25,4,328.75,318.5,nas_delay,weather_delay,carrier_delay
LAR,4,2,9.5,9.0,1,15.0,18.0,1,65.0,69.0,carrier_delay,nas_delay,canc_B
LAR,5,3,9.666666666666666,37.0,2,44.5,40.5,3,102.0,95.33333333333333,weather_delay,nas_delay,late_aircraft_delay
LAR,6,6,5.166666666666667,19.166666666666668,2,26.5,21.0,7,290.2857142857143,285.2857142857143,carrier_delay,nas_delay,late_aircraft_delay
LAR,7,5,5.6,-2.6,1,18.0,5.0,4,124.0,119.25,canc_C,weather_delay,nas_delay
LAR,8,2,1.0,-4.0,9,36.22222222222222,32.44444444444444,5,275.8,269.4,late_aircraft_delay,nas_delay,carrier_delay
LAR,9,4,6.25,9.75,4,40.75,34.25,4,93.5,77.0,late_aircraft_delay,carrier_delay,nas_delay
LAR,10,2,5.5,6.0,4,35.25,18.75,4,375.5,371.75,carrier_delay,weather_delay,nas_delay
LAR,11,4,7.25,-8.5,4,33.75,21.75,6,125.0,108.83333333333333,carrier_delay,late_aircraft_delay,canc_B
LAR,12,5,8.2,2.4,2,28.0,13.5,3,104.66666666666667,82.0,carrier_delay,late_aircraft_delay,nas_delay
LAS,1,2931,6.2316615489594,0.7909681833732467,2323,31.226861816616445,25.401897369555844,898,127.99443207126949,122.29608938547486,late_aircraft_delay,carrier_delay,nas_delay
LAS,2,2791,6.188821211035471,-0.9249281609195402,2084,30.92898272552783,23.94460500963391,873,123.30584192439862,118.1036866359447,late_aircraft_delay,carrier_delay,nas_delay
LAS,3,3114,6.31470777135517,1.372347266881029,2743,31.711629602624864,26.91374269005848,1566,132.8927203065134,129.0684580934101,late_aircraft_delay,carrier_delay,nas_delay
LAS,4,3116,6.198973042362002,-1.3995499839279975,2544,30.98624213836478,23.779353821907012,954,127.90461215932915,120.6042105263158,late_aircraft_delay,carrier_delay,nas_delay
LAS,5,3602,6.189339255968906,-2.0348577802565533,3084,31.55739299610895,23.803513337670786,1247,135.8468323977546,129.62834008097167,late_aircraft_delay,carrier_delay,nas_delay
LAS,6,3610,6.481717451523545,0.6511303377058331,3229,30.91452462062558,24.94294670846395,1294,138.53323029366305,132.52631578947367,carrier_delay,late_aircraft_delay,nas_delay
LAS,7,3465,6.625108225108225,1.3049853372434017,3666,32.119203491543914,27.46407927332783,1950,140.25794871794872,136.68565510098395,carrier_delay,late_aircraft_delay,nas_delay
LAS,8,3069,6.208536982730531,0.44681549573210766,2587,31.20834943950522,25.82254290171607,1352,128.32248520710058,122.8538404175988,carrier_delay,late_aircraft_delay,nas_delay
LAS,9,2878,6.06636553161918,-1.4416579588993381,2181,30.723979825767998,23.418658088235293,985,118.67817258883248,111.36874361593463,late_aircraft_delay,carrier_delay,nas_delay
LAS,10,3467,6.020190366310931,-1.572006940427993,2261,29.77001326846528,23.79080053073861,713,127.41374474053296,123.66760563380282,nas_delay,carrier_delay,late_aircraft_delay
LAS,11,3033,6.021760633036598,-4.0813492063492065,1932,29.59679089026915,19.156201349247535,620,124.6241935483871,117.59223300970874,carrier_delay,late_aircraft_delay,nas_delay
LAS,12,3227,6.259993802293152,-2.904628766697732,2213,30.27519204699503,21.62318181818182,856,133.5268691588785,127.17840375586854,carrier_delay,late_aircraft_delay,nas_delay
LAW,1,3,10.666666666666666,10.333333333333334,5,41.0,33.6,12,218.5,219.16666666666666,carrier_delay,weather_delay,nas_delay
LAW,2,4,7.5,5.25,2,34.5,38.0,3,220.33333333333334,220.33333333333334,nas_delay,weather_delay,carrier_delay
LAW,3,10,8.3,2.3,4,31.25,25.0,10,276.6,268.3,carrier_delay,late_aircraft_delay,nas_delay
LAW,4,7,4.428571428571429,8.857142857142858,11,38.81818181818182,42.72727272727273,7,212.42857142857142,208.85714285714286,carrier_delay,nas_delay,late_aircraft_delay
LAW,5,3,6.333333333333333,8.666666666666666,11,37.63636363636363,37.0,8,144.375,139.5,carrier_delay,canc_B,nas_delay
LAW,6,1,1.0,3.0,3,44.333333333333336,48.0,11,110.54545454545455,109.54545454545455,carrier_delay,nas_delay,weather_delay
LAW,7,10,5.9,9.3,7,25.571428571428573,30.285714285714285,12,263.3333333333333,270.5833333333333,nas_delay,carrier_delay,weather_delay
LAW,8,3,9.666666666666666,17.0,5,27.2,24.8,3,108.66666666666667,108.66666666666667,carrier_delay,nas_delay,late_aircraft_delay
LAW,9,7,7.857142857142857,13.571428571428571,4,44.0,51.0,4,178.0,179.5,nas_delay,carrier_delay,weather_delay
LAW,10,9,6.888888888888889,1.5555555555555556,8,36.5,34.0,5,291.2,282.8,carrier_delay,late_aircraft_delay,nas_delay
LAW,11,9,7.777777777777778,9.88888888888889,8,43.25,54.25,5,126.8,124.2,carrier_delay,nas_delay,weather_delay
LAW,12,6,5.833333333333333,4.833333333333333,14,29.928571428571427,28.642857142857142,6,195.16666666666666,220.33333333333334,nas_delay,carrier_delay,weather_delay
LAX,1,2338,5.899914456800684,1.8068669527896997,1631,31.589209074187615,25.90221402214022,827,154.4147521160822,147.80269607843138,carrier_delay,nas_delay,late_aircraft_delay
LAX,2,2266,6.133274492497794,-1.254087494476359,1731,30.86250722125939,23.57779063042221,786,147.03944020356235,141.31417624521072,carrier_delay,nas_delay,late_aircraft_delay
LAX,3,2700,6.157037037037037,2.026384243775548,2160,31.529166666666665,27.319702602230482,1075,142.9906976744186,139.2443820224719,nas_delay,carrier_delay,late_aircraft_delay
LAX,4,2439,5.9831898318983185,0.2352455633512175,1789,31.658468418110676,26.94627867935087,957,150.5287356321839,146.5157894736842,nas_delay,carrier_delay,late_aircraft_delay
LAX,5,2875,6.103304347826087,0.438288920056101,2400,31.8275,26.75241698192518,1296,145.20756172839506,140.03178294573644,carrier_delay,nas_delay,late_aircraft_delay
LAX,6,2996,6.119158878504673,1.909456740442656,2470,31.091093117408906,26.49531568228106,1244,135.49035369774919,131.3548387096774,carrier_delay,nas_delay,late_aircraft_delay
LAX,7,2946,6.093686354378819,0.5028941096356827,2570,31.311284046692606,26.385367762128325,1478,150.7449255751015,145.46766507828454,carrier_delay,nas_delay,late_aircraft_delay
LAX,8,2608,5.985429447852761,-0.1581986143187067,1940,31.377319587628865,26.353790613718413,1035,147.7111111111111,144.5578231292517,carrier_delay,nas_delay,late_aircraft_delay
LAX,9,2187,5.858710562414266,-2.6556776556776556,1389,30.778977681785456,23.093073593073594,681,153.66519823788545,146.11487481590575,carrier_delay,nas_delay,late_aircraft_delay
LAX,10,2194,5.7169553327256155,-0.9119525547445255,1473,29.896809232858114,24.22674813306178,655,141.90381679389313,136.25574272588054,carrier_delay,nas_delay,late_aircraft_delay
LAX,11,2327,5.9149119037387194,-5.2265288544358315,1461,30.940451745379878,19.86529209621993,705,137.8241134751773,130.5099715099715,carrier_delay,nas_delay,late_aircraft_delay
LAX,12,2645,5.880907372400756,-1.6418023475956076,1945,31.38508997429306,23.06333676622039,1006,140.90854870775348,134.564,carrier_delay,nas_delay,late_aircraft_delay
LBB,1,41,5.560975609756097,2.4878048780487805,51,31.745098039215687,23.980392156862745,48,166.95833333333334,162.9375,late_aircraft_delay,nas_delay,carrier_delay
LBB,2,45,6.155555555555556,8.28888888888889,33,30.96969696969697,26.363636363636363,18,115.61111111111111,115.66666666666667,nas_delay,carrier_delay,late_aircraft_delay
LBB,3,38,6.2894736842105265,4.7105263157894735,54,31.833333333333332,29.943396226415093,28,266.2857142857143,264.2857142857143,nas_delay,late_aircraft_delay,carrier_delay
LBB,4,54,6.185185185185185,2.1481481481481484,62,33.32258064516129,28.806451612903224,25,166.6,165.84,late_aircraft_delay,nas_delay,carrier_delay
LBB,5,72,5.791666666666667,-0.4507042253521127,69,36.507246376811594,34.43283582089552,56,200.625,197.85714285714286,late_aircraft_delay,nas_delay,carrier_delay
LBB,6,66,5.818181818181818,3.787878787878788,54,31.537037037037038,27.64814814814815,37,186.6216216216216,183.75675675675674,late_aircraft_delay,carrier_delay,nas_delay
LBB,7,68,6.205882352941177,2.9411764705882355,59,31.338983050847457,27.76271186440678,31,151.61290322580646,150.61290322580646,late_aircraft_delay,nas_delay,carrier_delay
LBB,8,48,7.020833333333333,1.5625,36,34.27777777777778,27.77777777777778,21,178.52380952380952,178.95238095238096,late_aircraft_delay,carrier_delay,nas_delay
LBB,9,48,6.3125,3.9791666666666665,47,33.255319148936174,32.97872340425532,12,97.75,92.08333333333333,nas_delay,late_aircraft_delay,carrier_delay
LBB,10,51,6.549019607843137,1.3529411764705883,36,33.25,25.916666666666668,20,191.8,189.45,late_aircraft_delay,nas_delay,carrier_delay
LBB,11,77,5.87012987012987,1.5324675324675325,57,32.21052631578947,29.140350877192983,37,149.94594594594594,150.43243243243242,late_aircraft_delay,nas_delay,carrier_delay
LBB,12,77,5.545454545454546,-0.2857142857142857,63,32.80952380952381,25.06451612903226,50,146.96,148.89795918367346,late_aircraft_delay,carrier_delay,nas_delay
LBE,1,4,3.75,-1.75,2,28.5,36.0,3,133.0,129.66666666666666,late_aircraft_delay,nas_delay,weather_delay
LBE,2,5,5.6,-8.4,8,31.375,24.375,2,77.0,61.0,late_aircraft_delay,nas_delay,weather_delay
LBE,3,5,4.6,-9.0,8,27.5,40.75,1,86.0,93.0,nas_delay,late_aircraft_delay,canc_B
LBE,4,1,2.0,-21.0,6,32.5,25.166666666666668,2,429.0,416.0,nas_delay,late_aircraft_delay,carrier_delay
LBE,5,5,9.4,-1.2,8,33.25,21.125,4,123.75,113.75,nas_delay,late_aircraft_delay,carrier_delay
LBE,6,5,5.0,-4.4,6,25.5,17.333333333333332,2,125.0,116.0,late_aircraft_delay,nas_delay,carrier_delay
LBE,7,4,8.0,4.5,10,35.0,27.0,7,92.28571428571429,80.57142857142857,carrier_delay,late_aircraft_delay,nas_delay
LBE,8,1,8.0,-11.0,3,31.0,17.333333333333332,3,102.33333333333333,98.0,canc_B,carrier_delay,late_aircraft_delay
LBE,9,1,1.0,-10.0,1,25.0,13.0,5,128.2,120.8,late_aircraft_delay,nas_delay,canc_A
LBE,10,4,5.25,1.75,2,36.5,31.5,0,"","",canc_B,carrier_delay,late_aircraft_delay
LBE,11,5,6.8,-0.2,1,34.0,54.0,3,152.66666666666666,136.33333333333334,nas_delay,late_aircraft_delay,carrier_delay
LBE,12,6,5.666666666666667,-18.5,2,33.0,11.5,3,102.0,98.0,nas_delay,weather_delay,carrier_delay
LBF,1,5,8.4,3.6,4,29.0,23.0,5,346.0,352.2,nas_delay,late_aircraft_delay,carrier_delay
LBF,2,4,8.75,12.25,2,47.5,37.0,1,62.0,116.0,nas_delay,late_aircraft_delay,carrier_delay
LBF,3,0,"","",4,24.5,18.5,2,693.5,688.5,canc_B,weather_delay,nas_delay
LBF,4,1,4.0,16.0,5,20.4,23.6,2,68.0,67.0,carrier_delay,late_aircraft_delay,nas_delay
LBF,5,2,6.0,4.0,1,43.0,41.0,1,815.0,821.0,nas_delay,canc_B,carrier_delay
LBF,6,2,3.0,2.5,5,29.2,27.8,4,142.75,143.0,nas_delay,late_aircraft_delay,carrier_delay
LBF,7,4,1.0,1.5,2,27.5,24.5,3,92.0,109.33333333333333,carrier_delay,nas_delay,late_aircraft_delay
LBF,8,7,6.0,10.571428571428571,3,39.0,46.666666666666664,4,87.0,81.75,nas_delay,late_aircraft_delay,carrier_delay
LBF,9,2,8.5,15.5,5,35.8,34.6,4,320.0,318.25,late_aircraft_delay,nas_delay,carrier_delay
LBF,10,3,6.0,-1.6666666666666667,3,31.666666666666668,29.0,0,"","",late_aircraft_delay,carrier_delay,nas_delay
LBF,11,3,6.666666666666667,-2.0,3,32.666666666666664,28.333333333333332,4,172.75,165.0,late_aircraft_delay,carrier_delay,canc_B
LBF,12,2,6.5,-7.5,3,24.0,14.666666666666666,3,183.0,166.66666666666666,carrier_delay,late_aircraft_delay,Nessuna
LBL,1,1,10.0,-2.0,1,26.0,34.0,0,"","",canc_B,carrier_delay,nas_delay
LBL,2,2,3.5,-2.0,3,40.0,38.666666666666664,2,317.0,309.5,late_aircraft_delay,nas_delay,carrier_delay
LBL,3,5,8.2,8.8,5,21.4,24.8,1,195.0,212.0,nas_delay,late_aircraft_delay,canc_B
LBL,4,3,7.0,1.3333333333333333,3,22.666666666666668,20.0,2,281.5,279.0,carrier_delay,weather_delay,late_aircraft_delay
LBL,5,2,2.5,1.0,3,32.0,26.333333333333332,9,212.88888888888889,211.88888888888889,late_aircraft_delay,nas_delay,carrier_delay
LBL,6,7,5.857142857142857,1.2857142857142858,4,27.0,22.25,3,458.6666666666667,487.0,carrier_delay,nas_delay,late_aircraft_delay
LBL,7,3,3.0,0.6666666666666666,6,26.333333333333332,20.166666666666668,2,106.0,107.0,canc_C,carrier_delay,nas_delay
LBL,8,6,6.833333333333333,5.666666666666667,10,36.6,31.9,8,169.0,167.375,carrier_delay,late_aircraft_delay,nas_delay
LBL,9,2,4.0,1.5,7,27.571428571428573,21.714285714285715,3,137.0,128.0,late_aircraft_delay,nas_delay,carrier_delay
LBL,10,2,7.5,3.0,6,37.166666666666664,36.5,2,113.5,101.5,late_aircraft_delay,nas_delay,weather_delay
LBL,11,5,6.6,7.0,5,39.4,47.2,3,80.66666666666667,79.0,late_aircraft_delay,nas_delay,canc_B
LBL,12,3,11.0,10.666666666666666,1,50.0,45.0,3,133.33333333333334,122.66666666666667,carrier_delay,late_aircraft_delay,weather_delay
LCH,1,6,4.5,-1.1666666666666667,4,28.75,25.25,11,326.27272727272725,327.27272727272725,carrier_delay,nas_delay,canc_B
LCH,2,1,13.0,17.0,6,33.0,30.666666666666668,7,231.71428571428572,224.28571428571428,carrier_delay,late_aircraft_delay,nas_delay
LCH,3,5,8.6,1.6,3,34.666666666666664,26.0,6,274.8333333333333,273.1666666666667,carrier_delay,nas_delay,weather_delay
LCH,4,5,6.0,13.4,3,29.333333333333332,25.0,10,186.3,187.7,nas_delay,weather_delay,carrier_delay
LCH,5,8,5.875,5.75,8,31.0,27.75,17,304.88235294117646,310.2352941176471,nas_delay,late_aircraft_delay,weather_delay
LCH,6,4,6.25,2.0,5,39.8,29.6,11,166.72727272727272,171.72727272727272,carrier_delay,weather_delay,nas_delay
LCH,7,11,8.363636363636363,2.8181818181818183,10,33.5,27.3,9,156.66666666666666,159.0,nas_delay,late_aircraft_delay,carrier_delay
LCH,8,5,3.8,-3.6,6,45.666666666666664,35.833333333333336,7,199.42857142857142,192.85714285714286,carrier_delay,late_aircraft_delay,weather_delay
LCH,9,6,7.833333333333333,7.833333333333333,10,26.8,22.7,9,233.22222222222223,225.88888888888889,carrier_delay,nas_delay,late_aircraft_delay
LCH,10,5,9.2,3.2,10,34.8,25.8,9,203.11111111111111,192.11111111111111,carrier_delay,late_aircraft_delay,weather_delay
LCH,11,6,7.0,-1.5,6,37.166666666666664,27.666666666666668,11,178.8181818181818,169.63636363636363,carrier_delay,canc_B,weather_delay
LCH,12,6,5.166666666666667,6.666666666666667,9,34.55555555555556,33.55555555555556,8,160.5,162.75,nas_delay,carrier_delay,late_aircraft_delay
LCK,1,10,8.2,2.2,7,36.0,30.142857142857142,3,84.0,93.33333333333333,late_aircraft_delay,nas_delay,carrier_delay
LCK,2,9,6.222222222222222,-8.25,6,23.666666666666668,13.5,4,84.0,76.25,carrier_delay,nas_delay,late_aircraft_delay
LCK,3,7,6.142857142857143,2.7142857142857144,15,27.6,20.866666666666667,11,113.45454545454545,116.9090909090909,late_aircraft_delay,nas_delay,carrier_delay
LCK,4,8,6.125,-6.375,7,29.714285714285715,19.285714285714285,6,164.83333333333334,168.0,late_aircraft_delay,nas_delay,carrier_delay
LCK,5,11,7.181818181818182,5.636363636363637,9,28.11111111111111,23.77777777777778,9,304.6666666666667,300.22222222222223,late_aircraft_delay,nas_delay,carrier_delay
LCK,6,19,6.2631578947368425,4.684210526315789,22,35.81818181818182,38.45454545454545,9,126.66666666666667,126.33333333333333,late_aircraft_delay,nas_delay,carrier_delay
LCK,7,11,5.636363636363637,10.636363636363637,17,33.1764705882353,35.94117647058823,16,175.75,178.875,late_aircraft_delay,nas_delay,carrier_delay
LCK,8,14,7.142857142857143,5.785714285714286,14,34.42857142857143,33.714285714285715,14,115.35714285714286,117.0,late_aircraft_delay,nas_delay,carrier_delay
LCK,9,8,8.875,7.25,10,31.6,33.7,8,138.875,135.625,late_aircraft_delay,carrier_delay,nas_delay
LCK,10,9,6.888888888888889,2.5555555555555554,4,35.0,33.0,2,107.5,107.5,late_aircraft_delay,nas_delay,carrier_delay
LCK,11,8,8.5,-0.125,7,41.42857142857143,27.714285714285715,3,86.66666666666667,77.33333333333333,late_aircraft_delay,carrier_delay,nas_delay
LCK,12,10,7.5,0.0,12,31.666666666666668,32.09090909090909,17,204.76470588235293,204.2941176470588,late_aircraft_delay,carrier_delay,nas_delay
LEX,1,70,6.442857142857143,7.428571428571429,67,32.71641791044776,32.59701492537314,64,185.40625,182.453125,nas_delay,late_aircraft_delay,carrier_delay
LEX,2,74,5.905405405405405,1.0405405405405406,59,32.220338983050844,22.694915254237287,22,194.3181818181818,183.0909090909091,carrier_delay,nas_delay,late_aircraft_delay
LEX,3,70,7.385714285714286,1.4857142857142858,70,31.8,23.585714285714285,42,183.21428571428572,175.85714285714286,late_aircraft_delay,nas_delay,carrier_delay
LEX,4,96,6.625,1.6842105263157894,56,28.25,26.142857142857142,41,154.3658536585366,149.25,nas_delay,late_aircraft_delay,carrier_delay
LEX,5,104,6.894230769230769,3.6310679611650487,89,34.03370786516854,29.089887640449437,83,151.97590361445782,157.73170731707316,late_aircraft_delay,nas_delay,carrier_delay
LEX,6,114,6.552631578947368,1.280701754385965,100,30.2,23.98,67,221.44776119402985,220.75757575757575,late_aircraft_delay,carrier_delay,nas_delay
LEX,7,96,5.958333333333333,5.819148936170213,111,31.27927927927928,29.20909090909091,117,171.94871794871796,169.72649572649573,late_aircraft_delay,nas_delay,carrier_delay
LEX,8,69,6.840579710144928,5.449275362318841,86,32.76744186046512,31.44705882352941,61,167.04918032786884,160.7377049180328,late_aircraft_delay,nas_delay,carrier_delay
LEX,9,85,7.105882352941176,5.352941176470588,91,31.164835164835164,25.043956043956044,35,149.42857142857142,150.11428571428573,carrier_delay,late_aircraft_delay,nas_delay
LEX,10,88,5.204545454545454,1.9090909090909092,69,30.202898550724637,21.405797101449274,29,150.86206896551724,142.20689655172413,nas_delay,carrier_delay,late_aircraft_delay
LEX,11,71,5.802816901408451,2.211267605633803,48,32.25,24.645833333333332,29,153.9655172413793,160.32142857142858,nas_delay,carrier_delay,late_aircraft_delay
LEX,12,93,6.129032258064516,-1.043010752688172,86,31.976744186046513,27.773809523809526,53,211.49056603773585,203.8490566037736,late_aircraft_delay,nas_delay,carrier_delay
LFT,1,18,6.055555555555555,10.055555555555555,24,32.333333333333336,28.083333333333332,28,185.42857142857142,191.5,late_aircraft_delay,weather_delay,nas_delay
LFT,2,27,6.518518518518518,6.666666666666667,24,30.625,23.25,9,133.0,129.88888888888889,weather_delay,carrier_delay,late_aircraft_delay
LFT,3,32,5.96875,-0.7741935483870968,27,32.629629629629626,26.925925925925927,22,174.6818181818182,172.27272727272728,nas_delay,carrier_delay,late_aircraft_delay
LFT,4,28,6.714285714285714,6.962962962962963,14,34.857142857142854,39.357142857142854,23,166.1304347826087,176.47826086956522,nas_delay,late_aircraft_delay,weather_delay
LFT,5,27,5.888888888888889,1.8846153846153846,26,28.346153846153847,28.115384615384617,31,186.83870967741936,190.6206896551724,late_aircraft_delay,nas_delay,weather_delay
LFT,6,36,6.694444444444445,1.8333333333333333,28,30.25,27.0,31,207.32258064516128,204.56666666666666,carrier_delay,late_aircraft_delay,nas_delay
LFT,7,39,6.9743589743589745,4.487179487179487,43,32.04651162790697,27.953488372093023,45,196.44444444444446,195.77777777777777,carrier_delay,late_aircraft_delay,nas_delay
LFT,8,25,7.12,4.28,28,33.892857142857146,28.0,20,194.35,188.1,carrier_delay,nas_delay,late_aircraft_delay
LFT,9,24,5.708333333333333,-2.25,25,28.56,26.36,14,269.85714285714283,266.42857142857144,carrier_delay,late_aircraft_delay,nas_delay
LFT,10,27,7.148148148148148,-2.1481481481481484,18,28.555555555555557,18.38888888888889,19,151.8421052631579,142.73684210526315,carrier_delay,late_aircraft_delay,nas_delay
LFT,11,31,6.451612903225806,1.2903225806451613,21,33.714285714285715,25.61904761904762,23,194.3913043478261,191.77272727272728,late_aircraft_delay,carrier_delay,nas_delay
LFT,12,42,4.738095238095238,3.619047619047619,19,29.473684210526315,23.105263157894736,23,181.34782608695653,188.08695652173913,nas_delay,late_aircraft_delay,weather_delay
LGA,1,1526,6.150720838794233,-2.4369250985545334,1449,32.668046928916496,27.387275242047025,1120,144.33660714285713,147.5202156334232,nas_delay,late_aircraft_delay,carrier_delay
LGA,2,1463,5.943267259056733,-7.2835616438356166,1097,31.07383773928897,17.23674588665448,674,148.76557863501483,135.97155688622755,late_aircraft_delay,carrier_delay,nas_delay
LGA,3,1504,6.3251329787234045,-5.520319786808794,1424,32.53300561797753,20.815808045165845,834,133.32254196642685,123.6978417266187,late_aircraft_delay,carrier_delay,nas_delay
LGA,4,1561,5.9916720051249195,-2.8944658944658945,1270,31.707086614173228,23.072612470402525,823,153.03280680437425,146.15712545676004,carrier_delay,nas_delay,late_aircraft_delay
LGA,5,1619,6.351451513279803,-0.2736318407960199,1576,31.79060913705584,27.065384615384616,1268,143.52129337539432,142.45995241871532,nas_delay,late_aircraft_delay,carrier_delay
LGA,6,1578,6.226235741444867,-1.239795918367347,1582,32.87420986093552,27.986040609137056,1238,157.4184168012924,153.25790754257906,nas_delay,carrier_delay,late_aircraft_delay
LGA,7,1715,6.274052478134111,2.3594847775175642,1892,32.9122621564482,31.122405534858967,1752,154.9549086757991,152.1524741081703,nas_delay,late_aircraft_delay,carrier_delay
LGA,8,1771,6.1518915866741954,1.404991491775383,1632,32.1390931372549,30.665636588380718,1432,160.3344972067039,157.87350667603656,nas_delay,carrier_delay,late_aircraft_delay
LGA,9,1372,5.94533527696793,-3.304093567251462,986,30.917849898580123,23.008130081300813,468,134.18376068376068,126.11158798283262,nas_delay,carrier_delay,late_aircraft_delay
LGA,10,1510,5.911920529801325,-4.9105367793240555,1066,30.52908067542214,21.048918156161808,499,148.12825651302606,139.87726358148893,carrier_delay,nas_delay,late_aircraft_delay
LGA,11,1455,5.952577319587629,-5.369580178940124,1054,31.05787476280835,19.780834914611006,503,121.37773359840955,109.2874251497006,late_aircraft_delay,carrier_delay,nas_delay
LGA,12,1905,6.203674540682415,-1.88145416227608,1848,32.23106060606061,25.257994579945798,1002,131.40419161676647,125.92384769539078,late_aircraft_delay,carrier_delay,nas_delay
LGB,1,276,5.771739130434782,1.602189781021898,179,29.324022346368714,24.977653631284916,69,104.33333333333333,102.42028985507247,late_aircraft_delay,carrier_delay,nas_delay
LGB,2,320,5.665625,-2.4875,175,28.662857142857142,20.913793103448278,58,103.34482758620689,94.62068965517241,late_aircraft_delay,carrier_delay,nas_delay
LGB,3,363,5.402203856749312,-0.9393939393939394,198,29.757575757575758,25.050761421319798,68,111.25,104.68181818181819,late_aircraft_delay,carrier_delay,nas_delay
LGB,4,319,5.918495297805642,-1.5660377358490567,181,29.4585635359116,21.461111111111112,55,113.27272727272727,103.85454545454546,late_aircraft_delay,carrier_delay,nas_delay
LGB,5,391,5.595907928388747,-3.335897435897436,233,30.6480686695279,22.637931034482758,75,122.90666666666667,117.50666666666666,late_aircraft_delay,carrier_delay,nas_delay
LGB,6,414,5.908212560386473,-1.910411622276029,200,30.745,23.295,57,121.42105263157895,113.71929824561404,late_aircraft_delay,carrier_delay,nas_delay
LGB,7,370,5.591891891891892,-1.013550135501355,272,30.09926470588235,23.653136531365313,79,112.83544303797468,105.50632911392405,late_aircraft_delay,carrier_delay,nas_delay
LGB,8,284,5.443661971830986,0.4416961130742049,122,30.770491803278688,26.92622950819672,40,109.7,104.175,late_aircraft_delay,carrier_delay,nas_delay
LGB,9,278,5.302158273381295,-2.8050541516245486,126,28.53968253968254,21.952380952380953,46,131.8695652173913,125.82608695652173,late_aircraft_delay,carrier_delay,nas_delay
LGB,10,259,5.482625482625482,-1.3474903474903475,150,31.28,23.886666666666667,74,115.48648648648648,107.41891891891892,late_aircraft_delay,carrier_delay,nas_delay
LGB,11,241,5.763485477178423,-4.730290456431535,117,31.11965811965812,21.663793103448278,37,112.08108108108108,102.29729729729729,late_aircraft_delay,carrier_delay,nas_delay
LGB,12,272,6.272058823529412,0.1992619926199262,203,31.24137931034483,25.128712871287128,119,132.23529411764707,124.7983193277311,late_aircraft_delay,carrier_delay,nas_delay
LIH,1,278,6.309352517985611,5.733812949640288,215,29.804651162790698,27.665116279069768,69,172.7826086956522,158.83333333333334,late_aircraft_delay,carrier_delay,nas_delay
LIH,2,291,6.491408934707904,2.429553264604811,130,29.576923076923077,18.661538461538463,26,197.03846153846155,181.76923076923077,late_aircraft_delay,carrier_delay,nas_delay
LIH,3,294,5.8061224489795915,1.8197278911564625,110,25.845454545454544,21.154545454545456,15,164.86666666666667,154.66666666666666,carrier_delay,late_aircraft_delay,nas_delay
LIH,4,218,5.31651376146789,1.5091743119266054,115,29.88695652173913,25.12280701754386,33,166.15151515151516,163.33333333333334,late_aircraft_delay,carrier_delay,nas_delay
LIH,5,255,5.450980392156863,3.6431372549019607,140,29.178571428571427,27.978571428571428,47,128.25531914893617,124.65957446808511,late_aircraft_delay,carrier_delay,nas_delay
LIH,6,275,5.909090909090909,4.007299270072993,114,27.464912280701753,26.105263157894736,39,112.97435897435898,109.64102564102564,late_aircraft_delay,carrier_delay,nas_delay
LIH,7,285,5.505263157894737,3.8943661971830985,140,31.72142857142857,29.55,33,154.0,151.54545454545453,late_aircraft_delay,carrier_delay,nas_delay
LIH,8,241,5.842323651452282,0.27385892116182575,88,31.261363636363637,22.829545454545453,24,188.29166666666666,185.6086956521739,late_aircraft_delay,carrier_delay,canc_A
LIH,9,188,5.425531914893617,1.5212765957446808,82,29.0609756097561,23.80246913580247,17,233.11764705882354,238.3125,late_aircraft_delay,carrier_delay,nas_delay
LIH,10,225,6.0088888888888885,2.0044444444444443,89,26.10112359550562,22.370786516853933,17,110.11764705882354,104.6470588235294,late_aircraft_delay,carrier_delay,nas_delay
LIH,11,171,5.8654970760233915,0.6666666666666666,70,32.67142857142857,24.185714285714287,22,103.4090909090909,96.33333333333333,late_aircraft_delay,carrier_delay,nas_delay
LIH,12,260,5.657692307692308,1.193050193050193,112,29.348214285714285,23.756756756756758,34,156.47058823529412,147.47058823529412,late_aircraft_delay,carrier_delay,nas_delay
LIT,1,111,6.900900900900901,3.3513513513513513,120,33.125,28.266666666666666,86,149.17441860465115,154.13953488372093,nas_delay,late_aircraft_delay,carrier_delay
LIT,2,89,5.640449438202247,2.1363636363636362,62,31.225806451612904,26.032258064516128,26,185.5,176.76923076923077,nas_delay,late_aircraft_delay,carrier_delay
LIT,3,110,6.209090909090909,2.0727272727272728,89,31.786516853932586,26.46067415730337,66,131.92424242424244,129.0,late_aircraft_delay,nas_delay,carrier_delay
LIT,4,157,6.630573248407643,0.8910256410256411,117,28.29059829059829,23.413793103448278,77,184.5194805194805,186.89333333333335,carrier_delay,nas_delay,late_aircraft_delay
LIT,5,205,6.009756097560976,1.0738916256157636,193,31.248704663212436,28.335078534031414,141,148.46099290780143,157.35507246376812,nas_delay,late_aircraft_delay,carrier_delay
LIT,6,189,5.915343915343915,3.1117021276595747,166,31.13855421686747,27.433734939759034,107,161.34579439252337,161.42990654205607,late_aircraft_delay,carrier_delay,nas_delay
LIT,7,230,6.595652173913043,4.6695652173913045,218,32.03211009174312,31.931192660550458,128,158.9609375,158.5078125,nas_delay,late_aircraft_delay,carrier_delay
LIT,8,158,6.082278481012659,0.2229299363057325,120,30.983333333333334,27.058333333333334,63,160.3015873015873,156.44444444444446,late_aircraft_delay,nas_delay,carrier_delay
LIT,9,129,6.348837209302325,2.007751937984496,111,30.74774774774775,24.65765765765766,56,160.64285714285714,156.375,late_aircraft_delay,nas_delay,carrier_delay
LIT,10,190,6.41578947368421,1.0894736842105264,91,30.52747252747253,24.208791208791208,46,201.7608695652174,195.65217391304347,carrier_delay,nas_delay,late_aircraft_delay
LIT,11,120,6.333333333333333,1.05,90,32.87777777777778,30.22222222222222,37,166.43243243243242,168.08333333333334,nas_delay,carrier_delay,late_aircraft_delay
LIT,12,166,6.493975903614458,0.5903614457831325,133,30.593984962406015,26.022556390977442,70,137.11428571428573,138.17142857142858,late_aircraft_delay,carrier_delay,nas_delay
LNK,1,11,7.090909090909091,3.272727272727273,9,23.88888888888889,26.444444444444443,9,160.44444444444446,172.66666666666666,late_aircraft_delay,nas_delay,canc_B
LNK,2,3,7.666666666666667,-2.3333333333333335,6,20.333333333333332,9.5,2,71.5,62.0,carrier_delay,Nessuna,Nessuna
LNK,3,6,5.833333333333333,3.8333333333333335,3,36.666666666666664,22.333333333333332,2,282.5,265.5,carrier_delay,late_aircraft_delay,nas_delay
LNK,4,7,5.857142857142857,2.142857142857143,8,42.5,36.875,10,350.4,342.9,carrier_delay,late_aircraft_delay,nas_delay
LNK,5,12,6.416666666666667,0.9,21,33.714285714285715,34.95238095238095,21,191.52380952380952,192.95,nas_delay,carrier_delay,late_aircraft_delay
LNK,6,21,6.0,-0.25,19,34.05263157894737,26.157894736842106,15,162.06666666666666,158.06666666666666,carrier_delay,nas_delay,late_aircraft_delay
LNK,7,15,4.733333333333333,7.066666666666666,20,32.7,27.65,23,153.6086956521739,147.47826086956522,carrier_delay,late_aircraft_delay,nas_delay
LNK,8,21,5.9523809523809526,-0.5714285714285714,33,36.21212121212121,28.666666666666668,18,205.77777777777777,204.44444444444446,carrier_delay,nas_delay,late_aircraft_delay
LNK,9,19,7.631578947368421,-3.1578947368421053,14,36.142857142857146,21.428571428571427,15,217.4,203.0,carrier_delay,late_aircraft_delay,nas_delay
LNK,10,13,6.0,-1.2307692307692308,10,37.6,27.7,10,133.2,113.1,carrier_delay,weather_delay,late_aircraft_delay
LNK,11,23,5.913043478260869,-2.4347826086956523,16,31.625,20.875,11,126.54545454545455,115.0909090909091,carrier_delay,late_aircraft_delay,nas_delay
LNK,12,15,5.666666666666667,4.066666666666666,15,33.13333333333333,22.866666666666667,15,155.73333333333332,137.26666666666668,carrier_delay,late_aircraft_delay,nas_delay
LRD,1,15,6.533333333333333,2.6,15,22.866666666666667,24.133333333333333,16,152.875,145.5,late_aircraft_delay,nas_delay,carrier_delay
LRD,2,7,3.7142857142857144,6.0,12,32.416666666666664,34.166666666666664,2,150.0,150.5,late_aircraft_delay,nas_delay,carrier_delay
LRD,3,13,8.23076923076923,10.846153846153847,12,30.083333333333332,30.5,11,129.63636363636363,128.0909090909091,late_aircraft_delay,nas_delay,carrier_delay
LRD,4,14,5.5,-2.7857142857142856,9,37.111111111111114,30.666666666666668,18,142.5,143.5,late_aircraft_delay,nas_delay,carrier_delay
LRD,5,24,7.125,5.375,19,35.421052631578945,33.0,26,219.69230769230768,231.2,late_aircraft_delay,nas_delay,carrier_delay
LRD,6,29,7.586206896551724,5.862068965517241,31,30.870967741935484,29.677419354838708,11,109.9090909090909,105.0909090909091,late_aircraft_delay,nas_delay,carrier_delay
LRD,7,31,7.903225806451613,9.566666666666666,24,33.333333333333336,32.666666666666664,20,209.1,207.0,late_aircraft_delay,nas_delay,carrier_delay
LRD,8,11,6.2727272727272725,4.0,15,32.06666666666667,30.933333333333334,5,156.8,153.6,late_aircraft_delay,nas_delay,carrier_delay
LRD,9,24,6.208333333333333,3.4166666666666665,10,35.4,30.3,5,388.2,383.0,late_aircraft_delay,nas_delay,carrier_delay
LRD,10,12,7.833333333333333,0.5,8,28.375,24.125,8,136.25,132.875,late_aircraft_delay,carrier_delay,nas_delay
LRD,11,9,4.888888888888889,-1.2222222222222223,9,25.22222222222222,17.555555555555557,13,131.3846153846154,126.66666666666667,late_aircraft_delay,nas_delay,carrier_delay
LRD,12,16,7.8125,7.75,15,24.8,19.333333333333332,12,197.33333333333334,201.16666666666666,late_aircraft_delay,nas_delay,carrier_delay
LSE,1,1,1.0,1.0,2,28.5,5.5,1,113.0,99.0,carrier_delay,canc_B,Nessuna
LSE,2,1,1.0,-21.0,0,"","",0,"","",Nessuna,Nessuna,Nessuna
LSE,5,6,8.166666666666666,4.5,4,37.5,35.25,7,137.28571428571428,149.16666666666666,late_aircraft_delay,nas_delay,carrier_delay
LSE,6,1,13.0,12.0,1,15.0,16.0,0,"","",late_aircraft_delay,nas_delay,Nessuna
LSE,7,5,4.0,-0.6,7,25.0,21.428571428571427,4,158.0,150.75,carrier_delay,late_aircraft_delay,nas_delay
LSE,8,7,6.0,4.428571428571429,2,30.5,23.5,2,227.5,221.0,nas_delay,carrier_delay,late_aircraft_delay
LSE,9,7,5.0,4.857142857142857,6,36.833333333333336,47.5,3,81.33333333333333,86.33333333333333,nas_delay,carrier_delay,late_aircraft_delay
LSE,10,1,3.0,-4.0,1,17.0,17.0,2,95.5,88.0,carrier_delay,nas_delay,late_aircraft_delay
LSE,11,3,8.666666666666666,-5.333333333333333,2,24.0,19.5,2,581.5,584.5,late_aircraft_delay,carrier_delay,nas_delay
LSE,12,0,"","",1,15.0,26.0,0,"","",nas_delay,late_aircraft_delay,Nessuna
LWS,1,7,7.428571428571429,16.0,11,33.81818181818182,21.363636363636363,14,233.42857142857142,231.0,carrier_delay,nas_delay,late_aircraft_delay
LWS,2,7,5.428571428571429,-3.0,4,27.0,26.0,8,231.875,225.625,carrier_delay,nas_delay,late_aircraft_delay
LWS,3,5,6.8,1.6,3,39.333333333333336,31.0,3,220.66666666666666,221.33333333333334,carrier_delay,late_aircraft_delay,nas_delay
LWS,4,6,5.0,-5.333333333333333,3,24.666666666666668,14.666666666666666,4,120.25,108.5,carrier_delay,weather_delay,Nessuna
LWS,5,9,7.111111111111111,1.2222222222222223,6,27.5,26.0,2,376.5,365.0,carrier_delay,nas_delay,weather_delay
LWS,6,10,6.3,-3.8,4,18.75,1.75,5,243.2,224.2,carrier_delay,Nessuna,Nessuna
LWS,7,11,6.636363636363637,0.7272727272727273,7,34.142857142857146,23.285714285714285,3,447.0,437.6666666666667,carrier_delay,weather_delay,Nessuna
LWS,8,10,5.8,-0.8,6,25.166666666666668,19.166666666666668,3,104.33333333333333,100.33333333333333,carrier_delay,nas_delay,weather_delay
LWS,9,4,9.5,10.0,5,35.6,33.2,4,351.0,342.5,carrier_delay,nas_delay,late_aircraft_delay
LWS,10,8,3.0,-3.375,8,26.125,20.5,2,269.0,258.0,carrier_delay,nas_delay,security_delay
LWS,11,5,4.2,-3.0,6,27.333333333333332,16.5,0,"","",carrier_delay,weather_delay,Nessuna
LWS,12,8,8.25,0.875,1,57.0,89.0,8,290.75,283.125,carrier_delay,weather_delay,nas_delay
MAF,1,69,6.7101449275362315,2.6470588235294117,66,34.166666666666664,30.757575757575758,46,139.84782608695653,140.58695652173913,late_aircraft_delay,nas_delay,carrier_delay
MAF,2,59,5.322033898305085,0.05084745762711865,39,31.025641025641026,26.28205128205128,16,169.25,162.8125,nas_delay,carrier_delay,late_aircraft_delay
MAF,3,89,5.089887640449438,-0.011235955056179775,58,31.689655172413794,28.25862068965517,37,148.1891891891892,142.45945945945945,late_aircraft_delay,nas_delay,carrier_delay
MAF,4,73,6.1506849315068495,4.082191780821918,70,35.41428571428571,31.420289855072465,55,150.92727272727274,148.27272727272728,late_aircraft_delay,nas_delay,carrier_delay
MAF,5,146,6.7465753424657535,5.7172413793103445,135,33.05185185185185,31.895522388059703,111,176.35135135135135,176.1,nas_delay,carrier_delay,late_aircraft_delay
MAF,6,113,6.168141592920354,1.4107142857142858,137,31.248175182481752,30.918518518518518,85,135.69411764705882,134.44578313253012,carrier_delay,late_aircraft_delay,nas_delay
MAF,7,127,6.653543307086614,5.2204724409448815,129,31.155038759689923,28.434108527131784,74,140.25675675675674,136.63513513513513,late_aircraft_delay,carrier_delay,nas_delay
MAF,8,86,5.709302325581396,3.255813953488372,75,29.786666666666665,27.10810810810811,45,154.35555555555555,149.9318181818182,late_aircraft_delay,carrier_delay,nas_delay
MAF,9,89,6.022471910112359,2.50561797752809,74,32.54054054054054,26.91891891891892,25,157.16,149.6,carrier_delay,late_aircraft_delay,nas_delay
MAF,10,80,5.5625,3.0125,54,31.35185185185185,24.944444444444443,27,161.4814814814815,154.4814814814815,carrier_delay,nas_delay,late_aircraft_delay
MAF,11,89,6.51685393258427,2.0919540229885056,59,32.20338983050848,28.728813559322035,36,136.41666666666666,128.33333333333334,late_aircraft_delay,carrier_delay,nas_delay
MAF,12,104,6.509615384615385,2.3398058252427183,75,29.626666666666665,24.945945945945947,54,161.75925925925927,158.59259259259258,nas_delay,carrier_delay,late_aircraft_delay
MBS,1,16,5.375,10.333333333333334,22,36.95454545454545,43.45454545454545,38,146.60526315789474,145.10526315789474,nas_delay,carrier_delay,canc_B
MBS,2,11,6.2727272727272725,-4.909090909090909,6,34.333333333333336,39.166666666666664,9,231.11111111111111,223.0,carrier_delay,late_aircraft_delay,nas_delay
MBS,3,14,5.928571428571429,3.4285714285714284,7,26.857142857142858,33.42857142857143,9,210.77777777777777,199.66666666666666,carrier_delay,nas_delay,late_aircraft_delay
MBS,4,10,5.3,-4.4,9,37.0,34.77777777777778,11,134.45454545454547,134.63636363636363,carrier_delay,nas_delay,late_aircraft_delay
MBS,5,4,4.25,3.0,17,36.529411764705884,33.11764705882353,22,127.68181818181819,127.0909090909091,nas_delay,late_aircraft_delay,carrier_delay
MBS,6,18,6.833333333333333,5.055555555555555,13,31.846153846153847,32.23076923076923,22,176.22727272727272,173.45454545454547,carrier_delay,nas_delay,weather_delay
MBS,7,17,6.588235294117647,1.0,23,34.26086956521739,28.91304347826087,21,121.14285714285714,121.52380952380952,carrier_delay,nas_delay,late_aircraft_delay
MBS,8,25,7.6,0.72,17,33.94117647058823,30.176470588235293,20,176.35,174.9,carrier_delay,nas_delay,late_aircraft_delay
MBS,9,10,7.3,10.7,13,36.69230769230769,29.153846153846153,8,124.625,122.375,carrier_delay,late_aircraft_delay,nas_delay
MBS,10,21,7.523809523809524,3.5238095238095237,18,28.38888888888889,25.22222222222222,16,183.0625,177.375,carrier_delay,nas_delay,late_aircraft_delay
MBS,11,21,6.666666666666667,7.571428571428571,14,32.214285714285715,24.142857142857142,18,145.27777777777777,141.77777777777777,carrier_delay,nas_delay,weather_delay
MBS,12,28,7.285714285714286,10.642857142857142,32,32.125,31.225806451612904,25,148.92,149.0,carrier_delay,nas_delay,late_aircraft_delay
MCI,1,663,6.16289592760181,5.5604229607250755,558,30.88888888888889,31.84864864864865,293,158.63481228668942,167.80344827586208,nas_delay,carrier_delay,late_aircraft_delay
MCI,2,545,5.61651376146789,-0.3798165137614679,294,28.727891156462587,23.252559726962456,124,179.69354838709677,176.4471544715447,nas_delay,late_aircraft_delay,carrier_delay
MCI,3,713,5.981767180925666,-1.8366197183098592,467,30.319057815845824,24.111587982832617,174,139.72988505747125,137.94827586206895,late_aircraft_delay,nas_delay,carrier_delay
MCI,4,757,5.940554821664465,-0.5687830687830688,504,30.553571428571427,24.089463220675945,211,156.2654028436019,152.8436018957346,late_aircraft_delay,carrier_delay,nas_delay
MCI,5,911,5.620197585071351,1.4547461368653423,599,31.263772954924875,27.685092127303182,368,150.5679347826087,149.37883008356545,late_aircraft_delay,nas_delay,carrier_delay
MCI,6,899,6.196885428253615,1.6421404682274248,631,30.91917591125198,27.205741626794257,290,161.47241379310344,158.82926829268294,late_aircraft_delay,nas_delay,carrier_delay
MCI,7,832,6.094951923076923,2.353437876960193,698,31.41977077363897,28.47041847041847,405,154.99012345679012,152.95037220843673,late_aircraft_delay,carrier_delay,nas_delay
MCI,8,666,5.8108108108108105,1.8048048048048049,480,30.397916666666667,26.49895178197065,247,141.87044534412956,138.44489795918366,late_aircraft_delay,nas_delay,carrier_delay
MCI,9,629,5.771065182829889,0.8306709265175719,323,29.953560371517028,23.826625386996906,120,142.36666666666667,136.03333333333333,nas_delay,late_aircraft_delay,carrier_delay
MCI,10,699,5.663805436337626,-0.9083094555873925,323,29.188854489164086,22.386996904024766,117,170.11111111111111,163.65811965811966,late_aircraft_delay,nas_delay,carrier_delay
MCI,11,628,5.455414012738854,-0.85828025477707,338,29.825443786982248,22.183431952662723,153,143.0392156862745,139.62091503267973,nas_delay,late_aircraft_delay,carrier_delay
MCI,12,731,5.9138166894664845,-3.1904109589041094,519,29.01926782273603,19.283236994219653,194,152.840206185567,144.81675392670158,late_aircraft_delay,carrier_delay,nas_delay
MCO,1,2987,6.330097087378641,1.5710932260228034,2549,30.770498234601806,26.32166732206056,1231,147.77822908204712,145.11673469387756,carrier_delay,nas_delay,late_aircraft_delay
MCO,2,2543,6.079040503342509,2.1813880126182967,1778,30.525871766029248,26.173618940248026,800,126.46875,120.16145181476845,nas_delay,carrier_delay,late_aircraft_delay
MCO,3,2960,6.4246621621621625,3.9475110057568576,2786,31.97666905958363,29.82818116462976,1830,141.09344262295082,140.63949671772428,nas_delay,carrier_delay,late_aircraft_delay
MCO,4,2666,6.055138784696174,0.4477443609022556,1900,30.94684210526316,24.42457805907173,1030,143.39611650485438,137.70731707317074,carrier_delay,late_aircraft_delay,nas_delay
MCO,5,2733,6.100256128796195,2.8993733873940286,2395,31.955323590814196,30.301799916282963,1506,138.80146082337316,138.27655310621242,nas_delay,carrier_delay,late_aircraft_delay
MCO,6,2518,6.141779189833201,-0.3942652329749104,2278,32.4108867427568,26.746919014084508,1695,147.55870206489675,142.7909199522103,late_aircraft_delay,carrier_delay,nas_delay
MCO,7,2570,6.41011673151751,1.8801717408274785,2605,32.59040307101728,28.322928709055876,1999,150.68984492246122,146.44399596367305,late_aircraft_delay,carrier_delay,nas_delay
MCO,8,2215,6.203611738148984,1.4075249320036265,2191,32.52350524874487,29.157653528872594,1516,136.43139841688654,132.477858559154,late_aircraft_delay,nas_delay,carrier_delay
MCO,9,1912,5.879707112970712,1.3953854221289985,1232,29.97077922077922,25.929268292682927,459,127.06753812636165,122.03930131004367,nas_delay,carrier_delay,late_aircraft_delay
MCO,10,2070,5.877777777777778,-1.7868535524407927,1209,29.231596360628618,20.597510373443985,427,127.50819672131148,117.20657276995306,carrier_delay,canc_B,late_aircraft_delay
MCO,11,2192,5.853558394160584,-2.3379058070416097,1353,30.052475979305246,22.92524056254626,514,122.84241245136187,117.228515625,carrier_delay,nas_delay,late_aircraft_delay
MCO,12,2791,6.269079183088499,-1.0832735104091888,2035,30.845700245700247,22.96646942800789,1133,132.07413945278023,126.37477797513321,late_aircraft_delay,carrier_delay,nas_delay
MCW,1,5,7.4,6.4,7,35.42857142857143,22.333333333333332,7,178.85714285714286,171.57142857142858,late_aircraft_delay,canc_B,nas_delay
MCW,2,3,5.0,-21.0,0,"","",3,127.0,122.0,carrier_delay,canc_B,late_aircraft_delay
MCW,3,0,"","",5,39.2,44.6,7,312.7142857142857,300.57142857142856,late_aircraft_delay,nas_delay,carrier_delay
MCW,4,2,9.5,17.0,3,39.333333333333336,32.666666666666664,4,303.75,295.5,late_aircraft_delay,carrier_delay,nas_delay
MCW,5,4,6.0,8.25,4,32.0,33.0,5,172.4,169.2,nas_delay,late_aircraft_delay,carrier_delay
MCW,6,5,4.2,3.4,6,21.0,19.0,7,251.28571428571428,250.71428571428572,late_aircraft_delay,nas_delay,Nessuna
MCW,7,7,7.428571428571429,15.142857142857142,6,45.833333333333336,50.833333333333336,7,358.7142857142857,361.2857142857143,late_aircraft_delay,nas_delay,carrier_delay
MCW,8,5,8.0,8.2,10,34.6,39.9,8,169.625,171.75,late_aircraft_delay,nas_delay,carrier_delay
MCW,9,3,10.333333333333334,3.6666666666666665,2,41.5,28.5,5,279.0,264.2,late_aircraft_delay,carrier_delay,nas_delay
MCW,10,0,"","",3,41.666666666666664,26.0,2,68.5,45.5,carrier_delay,late_aircraft_delay,Nessuna
MCW,11,3,7.0,13.333333333333334,4,46.75,43.75,9,397.8888888888889,394.55555555555554,late_aircraft_delay,nas_delay,carrier_delay
MCW,12,2,10.0,-1.0,3,22.333333333333332,24.666666666666668,4,130.5,136.75,canc_B,late_aircraft_delay,nas_delay
MDT,1,39,6.230769230769231,4.7105263157894735,31,31.774193548387096,34.806451612903224,31,187.7741935483871,186.74193548387098,nas_delay,late_aircraft_delay,carrier_delay
MDT,2,35,4.2,-9.885714285714286,27,30.88888888888889,21.74074074074074,17,204.05882352941177,198.76470588235293,carrier_delay,nas_delay,late_aircraft_delay
MDT,3,54,6.703703703703703,0.25925925925925924,38,32.10526315789474,27.973684210526315,17,176.64705882352942,176.47058823529412,nas_delay,late_aircraft_delay,carrier_delay
MDT,4,68,6.147058823529412,-3.014925373134328,42,33.666666666666664,26.595238095238095,15,144.66666666666666,144.26666666666668,late_aircraft_delay,carrier_delay,nas_delay
MDT,5,72,6.944444444444445,2.111111111111111,58,32.98275862068966,30.120689655172413,44,137.6590909090909,137.20454545454547,nas_delay,late_aircraft_delay,carrier_delay
MDT,6,71,6.47887323943662,0.9577464788732394,67,30.28358208955224,25.761194029850746,41,195.390243902439,192.29268292682926,carrier_delay,late_aircraft_delay,nas_delay
MDT,7,70,5.585714285714285,2.0428571428571427,74,33.932432432432435,32.32432432432432,64,161.625,163.5,carrier_delay,late_aircraft_delay,nas_delay
MDT,8,87,6.505747126436781,4.402298850574713,63,30.952380952380953,33.903225806451616,48,248.52083333333334,245.97916666666666,carrier_delay,nas_delay,late_aircraft_delay
MDT,9,55,6.636363636363637,1.5636363636363637,48,30.479166666666668,25.395833333333332,30,189.53333333333333,183.5,carrier_delay,late_aircraft_delay,nas_delay
MDT,10,79,5.569620253164557,-3.2278481012658227,36,29.0,18.5,20,234.95,227.85,carrier_delay,late_aircraft_delay,nas_delay
MDT,11,71,5.943661971830986,-2.8309859154929575,42,31.69047619047619,22.952380952380953,28,143.92857142857142,129.92857142857142,carrier_delay,late_aircraft_delay,nas_delay
MDT,12,86,5.790697674418604,0.046511627906976744,55,28.490909090909092,22.145454545454545,46,146.91304347826087,140.93478260869566,carrier_delay,nas_delay,late_aircraft_delay
MDW,1,1342,6.139344262295082,1.6080476900149032,1026,30.562378167641327,26.310176125244617,411,137.2603406326034,135.25862068965517,carrier_delay,nas_delay,late_aircraft_delay
MDW,2,1162,5.923407917383821,-2.9707401032702236,559,28.767441860465116,20.77101967799642,144,121.78472222222223,112.68055555555556,carrier_delay,nas_delay,late_aircraft_delay
MDW,3,1552,5.936855670103093,-1.6795865633074936,1198,30.47829716193656,22.862646566164155,407,118.58968058968058,112.51351351351352,late_aircraft_delay,carrier_delay,nas_delay
MDW,4,1648,6.016383495145631,-0.2291793313069909,1137,30.3183817062445,24.133802816901408,353,128.07082152974505,122.25212464589235,late_aircraft_delay,carrier_delay,nas_delay
MDW,5,1663,6.262778111846061,2.1830815709969786,1635,31.417737003058104,28.833642547928264,770,118.37142857142857,117.16057441253264,late_aircraft_delay,carrier_delay,nas_delay
MDW,6,2036,6.539292730844794,1.2461690558576373,1824,30.552083333333332,26.688741721854306,706,129.17988668555242,128.17045454545453,carrier_delay,late_aircraft_delay,nas_delay
MDW,7,2149,6.550953932061424,1.3813757604117922,1929,30.846552617936755,26.604590505998956,808,120.3490099009901,116.07970112079701,late_aircraft_delay,carrier_delay,nas_delay
MDW,8,1847,6.086626962642122,0.2359002169197397,1358,30.27098674521355,26.7960088691796,490,113.02857142857142,109.75664621676891,late_aircraft_delay,carrier_delay,nas_delay
MDW,9,1771,5.882552230378318,-1.11092246745897,964,28.355809128630707,21.454261954261955,179,113.29608938547486,107.03954802259886,carrier_delay,late_aircraft_delay,nas_delay
MDW,10,1567,5.989151244416082,-3.505121638924456,830,28.632530120481928,18.717391304347824,182,111.93956043956044,101.31318681318682,carrier_delay,late_aircraft_delay,nas_delay
MDW,11,1208,6.062913907284768,-2.6172328086164045,640,29.384375,20.9,233,140.79828326180257,133.23605150214593,carrier_delay,late_aircraft_delay,nas_delay
MDW,12,1524,6.148950131233596,-3.3289473684210527,1118,29.924865831842578,21.894973070017954,337,116.42136498516321,108.94311377245509,carrier_delay,late_aircraft_delay,nas_delay
MEI,1,3,7.666666666666667,-12.666666666666666,3,22.666666666666668,-0.6666666666666666,4,93.25,59.75,canc_B,late_aircraft_delay,carrier_delay
MEI,2,0,"","",3,40.333333333333336,17.0,5,160.8,140.0,late_aircraft_delay,carrier_delay,weather_delay
MEI,3,2,10.5,-1.0,2,30.5,38.5,4,338.25,330.5,nas_delay,weather_delay,carrier_delay
MEI,4,1,12.0,12.0,3,30.0,25.0,4,358.75,358.25,carrier_delay,nas_delay,late_aircraft_delay
MEI,5,5,4.6,12.0,5,30.0,36.4,10,217.9,245.3,nas_delay,late_aircraft_delay,weather_delay
MEI,6,6,5.166666666666667,13.0,1,21.0,31.0,4,465.0,466.0,carrier_delay,nas_delay,late_aircraft_delay
MEI,7,4,6.0,2.75,4,42.5,58.5,9,126.77777777777777,124.22222222222223,nas_delay,carrier_delay,late_aircraft_delay
MEI,8,5,6.4,6.8,7,25.571428571428573,21.285714285714285,0,"","",late_aircraft_delay,nas_delay,carrier_delay
MEI,9,1,14.0,24.0,2,20.5,18.0,3,237.0,237.0,carrier_delay,nas_delay,late_aircraft_delay
MEI,10,5,6.2,2.6,3,33.0,24.333333333333332,2,87.0,88.5,carrier_delay,nas_delay,Nessuna
MEI,11,3,3.0,29.666666666666668,4,30.0,29.75,1,61.0,73.0,carrier_delay,nas_delay,Nessuna
MEI,12,6,6.833333333333333,5.833333333333333,7,29.857142857142858,32.57142857142857,1,164.0,193.0,nas_delay,carrier_delay,late_aircraft_delay
MEM,1,206,5.650485436893204,4.305825242718447,213,32.244131455399064,29.530516431924884,117,194.15384615384616,197.36521739130436,nas_delay,late_aircraft_delay,carrier_delay
MEM,2,156,6.282051282051282,-0.47435897435897434,110,30.663636363636364,25.5,46,164.93478260869566,157.69565217391303,nas_delay,carrier_delay,late_aircraft_delay
MEM,3,231,5.904761904761905,-0.7434782608695653,192,31.15625,23.354166666666668,90,148.87777777777777,144.63333333333333,late_aircraft_delay,nas_delay,carrier_delay
MEM,4,247,5.866396761133603,-0.044534412955465584,152,30.75,24.276315789473685,99,226.08080808080808,222.24242424242425,carrier_delay,late_aircraft_delay,nas_delay
MEM,5,324,6.410493827160494,1.4733542319749215,306,31.133986928104576,26.301324503311257,184,172.8641304347826,175.53591160220995,carrier_delay,late_aircraft_delay,nas_delay
MEM,6,327,6.162079510703364,-0.2,267,31.131086142322097,25.909774436090224,161,171.91304347826087,168.22012578616352,carrier_delay,late_aircraft_delay,nas_delay
MEM,7,331,6.401812688821752,2.280966767371601,293,31.573378839590443,26.795221843003414,243,163.6172839506173,160.38429752066116,carrier_delay,late_aircraft_delay,nas_delay
MEM,8,255,6.0,1.763779527559055,189,32.84126984126984,28.8994708994709,107,184.0467289719626,182.29245283018867,nas_delay,late_aircraft_delay,carrier_delay
MEM,9,241,6.224066390041494,2.012448132780083,169,30.562130177514792,26.34319526627219,72,155.26388888888889,151.70422535211267,nas_delay,late_aircraft_delay,carrier_delay
MEM,10,281,5.637010676156583,-1.782918149466192,151,29.112582781456954,19.165562913907284,71,169.26760563380282,160.7605633802817,carrier_delay,nas_delay,late_aircraft_delay
MEM,11,256,6.05859375,-0.7450980392156863,138,32.14492753623188,26.268115942028984,76,119.17105263157895,116.72368421052632,nas_delay,carrier_delay,late_aircraft_delay
MEM,12,320,6.165625,-0.509375,226,31.411504424778762,23.125,98,172.74489795918367,170.0,carrier_delay,nas_delay,late_aircraft_delay
MFE,1,28,6.357142857142857,1.4642857142857142,32,32.5,29.5,22,288.72727272727275,286.3636363636364,late_aircraft_delay,nas_delay,carrier_delay
MFE,2,24,5.458333333333333,5.333333333333333,22,33.72727272727273,29.681818181818183,12,134.75,141.41666666666666,nas_delay,late_aircraft_delay,carrier_delay
MFE,3,27,5.814814814814815,2.7037037037037037,26,33.07692307692308,31.576923076923077,26,133.96153846153845,136.96153846153845,nas_delay,late_aircraft_delay,carrier_delay
MFE,4,28,8.214285714285714,9.428571428571429,30,30.833333333333332,30.655172413793103,30,155.06666666666666,157.16666666666666,nas_delay,late_aircraft_delay,carrier_delay
MFE,5,37,7.378378378378378,13.027027027027026,39,33.58974358974359,29.743589743589745,76,177.0921052631579,178.71621621621622,carrier_delay,nas_delay,late_aircraft_delay
MFE,6,61,5.934426229508197,6.327868852459017,53,32.35849056603774,27.849056603773583,57,183.6140350877193,184.9298245614035,carrier_delay,nas_delay,late_aircraft_delay
MFE,7,50,6.84,5.68,64,32.046875,34.28125,66,158.33333333333334,158.57575757575756,carrier_delay,late_aircraft_delay,nas_delay
MFE,8,44,5.5,2.627906976744186,38,31.57894736842105,29.842105263157894,46,156.91304347826087,155.5,late_aircraft_delay,carrier_delay,nas_delay
MFE,9,39,7.230769230769231,4.9743589743589745,33,31.424242424242426,27.484848484848484,23,126.82608695652173,117.65217391304348,late_aircraft_delay,carrier_delay,nas_delay
MFE,10,32,6.5,2.125,34,33.911764705882355,30.205882352941178,13,248.0,244.69230769230768,nas_delay,late_aircraft_delay,carrier_delay
MFE,11,25,7.04,3.44,40,33.425,28.35,31,146.80645161290323,150.74193548387098,late_aircraft_delay,nas_delay,carrier_delay
MFE,12,40,6.475,-1.1,38,32.10526315789474,25.94736842105263,36,143.44444444444446,156.33333333333334,carrier_delay,nas_delay,late_aircraft_delay
MFR,1,32,6.8125,-1.8125,25,30.2,19.44,29,207.06896551724137,198.68965517241378,carrier_delay,late_aircraft_delay,nas_delay
MFR,2,23,5.565217391304348,-2.739130434782609,26,32.11538461538461,23.03846153846154,28,131.25,131.64285714285714,nas_delay,carrier_delay,late_aircraft_delay
MFR,3,35,7.4,-0.5428571428571428,36,33.05555555555556,25.36111111111111,22,152.5909090909091,154.04545454545453,nas_delay,carrier_delay,late_aircraft_delay
MFR,4,26,6.115384615384615,3.4615384615384617,23,32.0,29.391304347826086,19,204.94736842105263,202.3684210526316,carrier_delay,nas_delay,late_aircraft_delay
MFR,5,34,5.205882352941177,2.0588235294117645,36,32.25,28.63888888888889,21,209.33333333333334,203.28571428571428,carrier_delay,nas_delay,late_aircraft_delay
MFR,6,63,6.4603174603174605,1.8253968253968254,46,30.32608695652174,25.652173913043477,24,106.66666666666667,101.20833333333333,carrier_delay,nas_delay,late_aircraft_delay
MFR,7,52,6.8076923076923075,0.3269230769230769,42,31.523809523809526,26.047619047619047,36,147.38888888888889,143.61111111111111,carrier_delay,late_aircraft_delay,nas_delay
MFR,8,41,6.341463414634147,2.926829268292683,32,29.65625,23.387096774193548,23,237.56521739130434,235.91304347826087,carrier_delay,nas_delay,late_aircraft_delay
MFR,9,39,6.205128205128205,4.282051282051282,32,27.625,20.25,18,159.11111111111111,153.33333333333334,carrier_delay,nas_delay,late_aircraft_delay
MFR,10,30,5.4,1.9666666666666666,30,26.3,23.666666666666668,11,124.18181818181819,119.81818181818181,carrier_delay,nas_delay,late_aircraft_delay
MFR,11,33,5.96969696969697,3.3636363636363638,27,32.851851851851855,28.925925925925927,21,316.42857142857144,312.57142857142856,carrier_delay,nas_delay,weather_delay
MFR,12,57,5.824561403508772,-3.263157894736842,34,34.6764705882353,26.176470588235293,27,211.03703703703704,195.23076923076923,carrier_delay,late_aircraft_delay,nas_delay
MGM,1,30,6.066666666666666,2.3,31,32.16129032258065,28.29032258064516,21,202.38095238095238,194.66666666666666,carrier_delay,late_aircraft_delay,nas_delay
MGM,2,19,6.157894736842105,0.5263157894736842,23,32.869565217391305,27.652173913043477,8,153.875,152.25,carrier_delay,nas_delay,late_aircraft_delay
MGM,3,29,4.827586206896552,-1.6206896551724137,24,31.291666666666668,25.791666666666668,11,209.8181818181818,200.9090909090909,late_aircraft_delay,nas_delay,carrier_delay
MGM,4,28,5.464285714285714,-0.42857142857142855,15,26.333333333333332,27.533333333333335,12,136.16666666666666,130.41666666666666,nas_delay,late_aircraft_delay,carrier_delay
MGM,5,28,6.107142857142857,7.107142857142857,18,31.0,29.055555555555557,26,236.30769230769232,233.1153846153846,carrier_delay,nas_delay,weather_delay
MGM,6,22,6.045454545454546,-2.272727272727273,32,31.28125,21.322580645161292,16,185.375,178.9375,late_aircraft_delay,carrier_delay,nas_delay
MGM,7,35,7.9714285714285715,5.142857142857143,27,30.14814814814815,33.333333333333336,38,155.1578947368421,155.31578947368422,carrier_delay,nas_delay,late_aircraft_delay
MGM,8,24,5.583333333333333,3.5833333333333335,25,29.72,23.48,8,282.5,281.125,carrier_delay,late_aircraft_delay,nas_delay
MGM,9,33,6.0,1.393939393939394,18,30.944444444444443,29.11111111111111,16,138.8125,112.33333333333333,late_aircraft_delay,nas_delay,carrier_delay
MGM,10,27,5.333333333333333,-5.423076923076923,17,32.294117647058826,26.88235294117647,8,136.875,132.375,late_aircraft_delay,carrier_delay,nas_delay
MGM,11,32,5.59375,-1.84375,30,31.466666666666665,27.4,10,155.4,153.66666666666666,carrier_delay,nas_delay,late_aircraft_delay
MGM,12,31,6.0,-1.3333333333333333,44,35.15909090909091,32.36363636363637,26,201.80769230769232,199.23076923076923,carrier_delay,nas_delay,late_aircraft_delay
MGW,12,3,10.0,8.666666666666666,4,27.75,34.5,11,244.63636363636363,230.72727272727272,carrier_delay,late_aircraft_delay,nas_delay
MHK,1,9,9.0,4.555555555555555,11,31.454545454545453,25.636363636363637,8,167.375,168.875,late_aircraft_delay,nas_delay,weather_delay
MHK,2,8,5.75,3.375,1,15.0,-11.0,2,126.5,108.0,carrier_delay,nas_delay,Nessuna
MHK,3,6,8.5,-2.5,4,24.75,12.75,2,401.0,393.5,carrier_delay,late_aircraft_delay,canc_B
MHK,4,6,5.0,-11.166666666666666,5,30.8,20.2,4,120.0,82.33333333333333,late_aircraft_delay,carrier_delay,nas_delay
MHK,5,7,3.857142857142857,2.0,7,27.142857142857142,20.142857142857142,9,120.55555555555556,129.66666666666666,late_aircraft_delay,carrier_delay,nas_delay
MHK,6,9,5.555555555555555,-3.6666666666666665,10,31.9,38.5,6,250.83333333333334,275.4,late_aircraft_delay,nas_delay,carrier_delay
MHK,7,15,7.266666666666667,-5.266666666666667,9,27.333333333333332,16.0,5,128.4,118.6,late_aircraft_delay,nas_delay,carrier_delay
MHK,8,7,8.142857142857142,3.0,9,35.111111111111114,23.77777777777778,3,125.0,113.0,late_aircraft_delay,nas_delay,carrier_delay
MHK,9,11,3.909090909090909,-11.090909090909092,5,29.0,12.8,2,78.0,63.0,nas_delay,late_aircraft_delay,carrier_delay
MHK,10,16,5.75,-12.0,5,23.6,4.4,4,91.5,75.5,late_aircraft_delay,carrier_delay,nas_delay
MHK,11,15,6.0,-9.2,4,23.25,19.5,4,157.75,175.25,late_aircraft_delay,nas_delay,canc_B
MHK,12,12,5.416666666666667,-10.166666666666666,8,20.5,7.0,4,193.25,177.75,canc_B,carrier_delay,nas_delay
MHT,1,53,4.90566037735849,-2.2452830188679247,41,29.29268292682927,26.609756097560975,33,138.57575757575756,150.75757575757575,nas_delay,late_aircraft_delay,carrier_delay
MHT,2,41,5.609756097560975,-6.780487804878049,28,29.285714285714285,18.142857142857142,12,123.91666666666667,121.66666666666667,nas_delay,late_aircraft_delay,carrier_delay
MHT,3,58,7.189655172413793,-3.7241379310344827,53,32.490566037735846,28.057692307692307,30,162.3,161.86666666666667,nas_delay,late_aircraft_delay,carrier_delay
MHT,4,68,5.4411764705882355,-2.073529411764706,52,34.57692307692308,29.03846153846154,23,167.7826086956522,177.34782608695653,late_aircraft_delay,nas_delay,carrier_delay
MHT,5,74,5.27027027027027,1.2465753424657535,66,32.27272727272727,29.727272727272727,37,177.2972972972973,180.2972972972973,late_aircraft_delay,nas_delay,carrier_delay
MHT,6,89,5.921348314606742,-2.247191011235955,51,30.941176470588236,28.96078431372549,24,191.16666666666666,186.25,late_aircraft_delay,nas_delay,carrier_delay
MHT,7,67,6.985074626865671,0.8484848484848485,94,30.329787234042552,26.0,53,151.35849056603774,152.26415094339623,late_aircraft_delay,carrier_delay,nas_delay
MHT,8,101,5.9504950495049505,1.4,63,32.73015873015873,30.428571428571427,45,206.48888888888888,208.26666666666668,nas_delay,late_aircraft_delay,carrier_delay
MHT,9,63,6.698412698412699,-2.3492063492063493,36,31.0,23.916666666666668,19,175.6315789473684,164.89473684210526,late_aircraft_delay,nas_delay,carrier_delay
MHT,10,86,6.104651162790698,-4.3604651162790695,63,28.063492063492063,17.825396825396826,25,124.32,112.28,carrier_delay,late_aircraft_delay,nas_delay
MHT,11,56,5.571428571428571,-6.714285714285714,22,28.454545454545453,13.772727272727273,13,145.3846153846154,134.30769230769232,late_aircraft_delay,nas_delay,carrier_delay
MHT,12,52,5.173076923076923,-4.6923076923076925,52,31.173076923076923,23.627450980392158,24,185.41666666666666,166.52173913043478,late_aircraft_delay,nas_delay,carrier_delay
MIA,1,2056,6.278696498054475,2.2290748898678414,2083,31.85981757081133,29.66055930568949,985,145.9472081218274,143.70618556701032,carrier_delay,nas_delay,late_aircraft_delay
MIA,2,1777,6.014068655036579,4.220281690140845,1405,30.83914590747331,28.995010691375622,679,145.56995581737849,142.61447562776956,nas_delay,carrier_delay,late_aircraft_delay
MIA,3,1914,6.212121212121212,3.075955997904662,1899,32.67719852553976,31.39683377308707,1360,162.99338235294118,163.8929889298893,nas_delay,late_aircraft_delay,carrier_delay
MIA,4,1655,6.032628398791541,0.6014536644457904,1371,31.681983953318746,26.504761904761907,760,153.0013157894737,148.00132802124833,carrier_delay,nas_delay,late_aircraft_delay
MIA,5,1831,6.2850901146914255,3.328579264947888,1836,32.775054466230934,30.64277899343545,1228,145.03745928338762,144.62908496732027,carrier_delay,late_aircraft_delay,nas_delay
MIA,6,1465,6.4382252559726965,-0.03906785469499657,1708,33.1943793911007,29.09747504403993,1339,162.1023151605676,157.05155420773312,late_aircraft_delay,carrier_delay,nas_delay
MIA,7,1539,6.187134502923977,0.8434839554682384,1736,32.82027649769585,27.782028985507246,1328,158.53614457831324,152.78349735049204,carrier_delay,late_aircraft_delay,nas_delay
MIA,8,1436,6.243036211699164,1.0781032078103208,1627,33.24585125998771,28.82828906732551,1393,144.30653266331657,139.2478323699422,late_aircraft_delay,carrier_delay,nas_delay
MIA,9,1127,5.898846495119787,1.491103202846975,903,31.410852713178294,27.470588235294116,430,136.46046511627907,133.6056338028169,nas_delay,carrier_delay,late_aircraft_delay
MIA,10,1185,5.886075949367089,-2.492814877430262,823,31.48359659781288,22.347560975609756,394,134.08629441624365,124.64030612244898,carrier_delay,late_aircraft_delay,nas_delay
MIA,11,1433,5.515701325889742,-4.102869139258223,971,30.925849639546858,21.223711340206187,469,129.6950959488273,120.38841201716738,carrier_delay,late_aircraft_delay,nas_delay
MIA,12,1851,6.191247974068071,-1.265836491608013,1713,32.19964973730298,26.221700879765397,864,131.92013888888889,125.91142191142191,carrier_delay,late_aircraft_delay,nas_delay
MKE,1,383,5.953002610966058,3.3743455497382198,265,33.70943396226415,31.674242424242426,196,198.99489795918367,200.34358974358975,nas_delay,carrier_delay,late_aircraft_delay
MKE,2,258,5.546511627906977,-2.11284046692607,186,31.763440860215052,19.881720430107528,64,186.75,178.09375,nas_delay,late_aircraft_delay,carrier_delay
MKE,3,405,6.283950617283951,1.8024691358024691,302,32.397350993377486,28.488372093023255,187,137.33155080213905,133.58288770053477,late_aircraft_delay,nas_delay,carrier_delay
MKE,4,325,6.218461538461538,0.6111111111111112,199,30.65326633165829,24.171717171717173,139,171.37410071942446,169.80575539568346,late_aircraft_delay,nas_delay,carrier_delay
MKE,5,366,6.073770491803279,1.4986301369863013,273,32.282051282051285,27.967032967032967,219,170.95890410958904,171.86301369863014,late_aircraft_delay,nas_delay,carrier_delay
MKE,6,369,5.856368563685637,1.1141304347826086,292,31.013698630136986,27.57191780821918,169,154.23076923076923,148.289156626506,late_aircraft_delay,nas_delay,carrier_delay
MKE,7,428,5.614485981308412,0.9088785046728972,361,32.51523545706371,30.93854748603352,255,158.83529411764707,158.80876494023903,late_aircraft_delay,carrier_delay,nas_delay
MKE,8,395,6.291139240506329,2.9489795918367347,256,32.21875,28.388235294117646,168,129.6904761904762,128.49404761904762,nas_delay,late_aircraft_delay,carrier_delay
MKE,9,336,5.958333333333333,-0.4226190476190476,202,29.905940594059405,24.415841584158414,91,167.82417582417582,164.3846153846154,nas_delay,carrier_delay,late_aircraft_delay
MKE,10,373,5.7479892761394105,-3.045576407506702,198,29.95959595959596,22.04040404040404,94,189.30851063829786,179.5,carrier_delay,late_aircraft_delay,nas_delay
MKE,11,302,5.5364238410596025,-1.5264900662251655,192,31.473958333333332,24.03125,89,159.97752808988764,152.79545454545453,carrier_delay,nas_delay,late_aircraft_delay
MKE,12,353,6.186968838526912,-1.8238636363636365,279,30.559139784946236,25.108303249097474,160,161.70625,161.18867924528303,carrier_delay,nas_delay,late_aircraft_delay
MLB,1,17,5.0,-1.8823529411764706,23,34.08695652173913,23.272727272727273,19,159.31578947368422,156.94736842105263,late_aircraft_delay,carrier_delay,nas_delay
MLB,2,14,4.714285714285714,-1.1428571428571428,21,34.19047619047619,31.428571428571427,3,130.0,123.33333333333333,late_aircraft_delay,nas_delay,carrier_delay
MLB,3,26,6.230769230769231,4.68,37,28.89189189189189,25.37837837837838,10,131.1,122.1,late_aircraft_delay,carrier_delay,nas_delay
MLB,4,22,6.363636363636363,-1.2272727272727273,19,29.0,21.63157894736842,14,183.14285714285714,179.5,late_aircraft_delay,carrier_delay,nas_delay
MLB,5,24,6.5,4.5,22,36.77272727272727,36.95454545454545,21,201.0952380952381,201.28571428571428,late_aircraft_delay,nas_delay,carrier_delay
MLB,6,26,6.1923076923076925,-1.0384615384615385,16,32.375,21.5625,14,134.35714285714286,125.76923076923077,late_aircraft_delay,carrier_delay,nas_delay
MLB,7,39,6.3076923076923075,6.128205128205129,24,36.25,33.125,27,122.07407407407408,133.66666666666666,late_aircraft_delay,nas_delay,carrier_delay
MLB,8,25,6.32,1.2083333333333333,23,36.82608695652174,28.52173913043478,20,117.8,129.35,late_aircraft_delay,carrier_delay,nas_delay
MLB,9,28,5.75,3.607142857142857,12,25.5,32.916666666666664,8,118.625,126.75,nas_delay,late_aircraft_delay,carrier_delay
MLB,10,13,5.384615384615385,4.6923076923076925,7,26.285714285714285,20.857142857142858,7,120.28571428571429,110.28571428571429,canc_B,nas_delay,late_aircraft_delay
MLB,11,17,5.117647058823529,4.294117647058823,17,29.764705882352942,23.235294117647058,5,131.2,135.8,late_aircraft_delay,carrier_delay,nas_delay
MLB,12,38,6.868421052631579,2.5135135135135136,33,31.545454545454547,25.515151515151516,14,197.64285714285714,201.57142857142858,late_aircraft_delay,carrier_delay,nas_delay
MLI,1,40,5.35,6.675,41,30.317073170731707,37.0,44,212.1590909090909,217.04545454545453,nas_delay,canc_B,late_aircraft_delay
MLI,2,32,6.25,-2.0,21,29.714285714285715,21.333333333333332,16,209.25,196.625,nas_delay,carrier_delay,late_aircraft_delay
MLI,3,28,5.821428571428571,1.25,32,32.0,25.25,22,137.1818181818182,135.04545454545453,nas_delay,late_aircraft_delay,carrier_delay
MLI,4,31,6.387096774193548,0.8064516129032258,36,33.638888888888886,30.694444444444443,15,276.8666666666667,282.92857142857144,nas_delay,late_aircraft_delay,carrier_delay
MLI,5,48,6.354166666666667,1.3541666666666667,42,32.904761904761905,31.095238095238095,52,203.55769230769232,206.78846153846155,nas_delay,late_aircraft_delay,carrier_delay
MLI,6,35,6.4,2.7714285714285714,36,36.083333333333336,32.416666666666664,31,167.25806451612902,165.8709677419355,late_aircraft_delay,nas_delay,carrier_delay
MLI,7,41,6.902439024390244,5.45,56,30.821428571428573,30.660714285714285,46,132.82608695652175,130.17391304347825,late_aircraft_delay,carrier_delay,nas_delay
MLI,8,37,5.891891891891892,3.72972972972973,35,31.857142857142858,35.22857142857143,29,126.3103448275862,122.58620689655173,nas_delay,late_aircraft_delay,carrier_delay
MLI,9,35,4.914285714285715,1.1428571428571428,30,35.833333333333336,28.8,16,153.6875,155.5,nas_delay,carrier_delay,late_aircraft_delay
MLI,10,26,7.115384615384615,-0.6538461538461539,22,35.22727272727273,30.363636363636363,9,145.66666666666666,138.0,carrier_delay,late_aircraft_delay,nas_delay
MLI,11,29,5.586206896551724,-0.896551724137931,31,31.612903225806452,26.548387096774192,20,139.2,140.55,carrier_delay,nas_delay,late_aircraft_delay
MLI,12,56,5.660714285714286,-3.690909090909091,31,35.483870967741936,22.5,34,261.88235294117646,256.24242424242425,carrier_delay,nas_delay,late_aircraft_delay
MLU,1,10,5.0,8.4,21,28.61904761904762,27.952380952380953,20,177.15,183.65,nas_delay,late_aircraft_delay,carrier_delay
MLU,2,9,6.888888888888889,5.555555555555555,8,33.5,30.125,5,124.2,119.0,late_aircraft_delay,nas_delay,carrier_delay
MLU,3,13,6.6923076923076925,4.076923076923077,21,33.38095238095238,27.142857142857142,5,160.6,157.8,late_aircraft_delay,nas_delay,carrier_delay
MLU,4,16,8.0625,5.6875,17,32.05882352941177,26.41176470588235,10,126.5,123.9,late_aircraft_delay,nas_delay,carrier_delay
MLU,5,24,6.375,2.2083333333333335,10,27.1,21.6,24,175.0,172.91666666666666,late_aircraft_delay,nas_delay,carrier_delay
MLU,6,21,6.571428571428571,0.5714285714285714,16,30.125,17.875,15,117.33333333333333,115.0,late_aircraft_delay,carrier_delay,nas_delay
MLU,7,26,6.615384615384615,-0.6923076923076923,19,35.31578947368421,38.68421052631579,26,144.96153846153845,141.34615384615384,late_aircraft_delay,nas_delay,carrier_delay
MLU,8,16,7.0,3.0,8,26.625,23.5,11,214.0909090909091,202.1818181818182,carrier_delay,late_aircraft_delay,nas_delay
MLU,9,20,8.15,11.75,24,31.833333333333332,31.458333333333332,14,153.57142857142858,150.85714285714286,nas_delay,carrier_delay,late_aircraft_delay
MLU,10,17,4.9411764705882355,-1.9411764705882353,7,40.0,30.714285714285715,3,203.0,191.66666666666666,carrier_delay,late_aircraft_delay,nas_delay
MLU,11,24,6.125,2.6666666666666665,11,32.90909090909091,23.818181818181817,18,181.16666666666666,175.72222222222223,late_aircraft_delay,carrier_delay,nas_delay
MLU,12,15,7.333333333333333,2.6,12,35.666666666666664,31.166666666666668,13,124.0,114.76923076923077,carrier_delay,nas_delay,late_aircraft_delay
MOB,1,25,3.72,0.88,21,31.666666666666668,30.85,16,187.5,185.875,nas_delay,late_aircraft_delay,carrier_delay
MOB,2,22,5.5,1.1818181818181819,17,30.0,25.11764705882353,9,291.77777777777777,291.55555555555554,carrier_delay,nas_delay,late_aircraft_delay
MOB,3,16,7.8125,5.75,20,32.15,26.45,14,118.64285714285714,117.76923076923077,late_aircraft_delay,nas_delay,carrier_delay
MOB,4,23,6.086956521739131,-0.782608695652174,20,25.0,30.9,3,150.33333333333334,200.33333333333334,nas_delay,late_aircraft_delay,carrier_delay
MOB,5,31,6.548387096774194,11.161290322580646,24,37.458333333333336,38.291666666666664,16,219.25,240.4375,nas_delay,late_aircraft_delay,carrier_delay
MOB,6,25,5.32,4.44,28,34.25,27.785714285714285,15,123.4,117.66666666666667,late_aircraft_delay,carrier_delay,nas_delay
MOB,7,22,5.363636363636363,0.2727272727272727,25,36.0,32.708333333333336,27,117.62962962962963,114.77777777777777,late_aircraft_delay,nas_delay,carrier_delay
MOB,8,30,6.333333333333333,1.6333333333333333,11,24.636363636363637,18.727272727272727,7,137.57142857142858,127.0,late_aircraft_delay,nas_delay,carrier_delay
MOB,9,22,6.409090909090909,1.6818181818181819,16,29.25,24.6875,10,228.9,226.2,nas_delay,late_aircraft_delay,carrier_delay
MOB,10,21,7.0,-1.3333333333333333,9,27.666666666666668,29.11111111111111,3,72.66666666666667,67.33333333333333,nas_delay,carrier_delay,late_aircraft_delay
MOB,11,28,5.607142857142857,-1.7142857142857142,18,30.11111111111111,26.38888888888889,9,127.44444444444444,130.5,nas_delay,late_aircraft_delay,carrier_delay
MOB,12,25,6.24,2.0,24,31.083333333333332,30.875,20,248.0,251.6,nas_delay,late_aircraft_delay,carrier_delay
MOT,1,27,7.148148148148148,2.8518518518518516,15,39.06666666666667,38.84615384615385,31,257.80645161290323,257.41379310344826,nas_delay,carrier_delay,canc_B
MOT,2,18,4.777777777777778,-3.611111111111111,12,31.75,23.916666666666668,11,227.72727272727272,227.63636363636363,nas_delay,carrier_delay,weather_delay
MOT,3,21,6.285714285714286,-3.9523809523809526,9,27.77777777777778,27.444444444444443,7,201.28571428571428,205.0,nas_delay,carrier_delay,canc_B
MOT,4,11,5.818181818181818,3.090909090909091,9,28.88888888888889,17.11111111111111,9,164.22222222222223,153.11111111111111,carrier_delay,nas_delay,late_aircraft_delay
MOT,5,19,5.2631578947368425,3.263157894736842,17,30.941176470588236,18.647058823529413,7,127.14285714285714,123.28571428571429,carrier_delay,nas_delay,late_aircraft_delay
MOT,6,32,5.9375,13.625,31,34.483870967741936,34.46666666666667,21,239.52380952380952,243.52380952380952,nas_delay,carrier_delay,weather_delay
MOT,7,37,5.756756756756757,2.7027027027027026,23,37.869565217391305,38.26086956521739,17,173.47058823529412,169.52941176470588,carrier_delay,nas_delay,weather_delay
MOT,8,16,5.8125,12.625,30,31.866666666666667,30.96551724137931,13,199.92307692307693,199.76923076923077,carrier_delay,nas_delay,weather_delay
MOT,9,12,6.666666666666667,3.75,19,34.89473684210526,30.63157894736842,4,321.25,320.75,carrier_delay,nas_delay,late_aircraft_delay
MOT,10,19,5.157894736842105,0.6842105263157895,17,26.058823529411764,23.58823529411765,4,204.0,202.0,carrier_delay,nas_delay,late_aircraft_delay
MOT,11,34,5.764705882352941,5.235294117647059,13,36.84615384615385,46.38461538461539,17,181.47058823529412,184.8235294117647,carrier_delay,nas_delay,weather_delay
MOT,12,30,5.566666666666666,6.766666666666667,28,35.464285714285715,29.928571428571427,27,205.74074074074073,201.7037037037037,carrier_delay,nas_delay,weather_delay
MQT,1,5,7.4,-3.6,1,31.0,14.0,1,65.0,44.0,canc_B,late_aircraft_delay,nas_delay
MQT,2,7,3.5714285714285716,-13.285714285714286,4,33.0,10.75,6,155.0,123.66666666666667,carrier_delay,late_aircraft_delay,weather_delay
MQT,3,4,5.75,24.25,2,21.0,4.5,2,101.5,73.0,late_aircraft_delay,nas_delay,weather_delay
MQT,4,1,2.0,-7.0,5,36.0,29.6,10,209.0,205.5,carrier_delay,nas_delay,weather_delay
MQT,5,6,9.166666666666666,6.5,10,41.4,46.5,5,133.0,135.2,nas_delay,late_aircraft_delay,weather_delay
MQT,6,9,9.222222222222221,3.125,10,37.0,48.4,6,152.5,161.66666666666666,carrier_delay,nas_delay,late_aircraft_delay
MQT,7,14,5.071428571428571,9.857142857142858,15,30.266666666666666,27.6,9,143.22222222222223,142.11111111111111,carrier_delay,late_aircraft_delay,nas_delay
MQT,8,9,6.333333333333333,8.0,18,28.0,28.61111111111111,6,181.33333333333334,189.33333333333334,nas_delay,carrier_delay,late_aircraft_delay
MQT,9,7,7.142857142857143,3.5714285714285716,6,24.833333333333332,23.0,3,115.66666666666667,111.0,carrier_delay,nas_delay,late_aircraft_delay
MQT,10,5,7.4,2.2,2,42.5,37.5,4,133.5,124.0,carrier_delay,nas_delay,late_aircraft_delay
MQT,11,5,10.2,1.8,7,41.714285714285715,36.142857142857146,1,97.0,79.0,carrier_delay,weather_delay,nas_delay
MQT,12,9,7.666666666666667,-5.666666666666667,13,27.23076923076923,14.076923076923077,10,190.9,183.4,carrier_delay,weather_delay,nas_delay
MRY,1,34,6.676470588235294,2.0294117647058822,25,26.8,22.64,20,134.8,129.5,late_aircraft_delay,nas_delay,carrier_delay
MRY,2,26,7.115384615384615,6.153846153846154,20,30.85,30.4,20,270.3,263.95,carrier_delay,nas_delay,late_aircraft_delay
MRY,3,33,6.181818181818182,0.06060606060606061,33,32.878787878787875,32.09090909090909,10,464.8,465.6,nas_delay,carrier_delay,late_aircraft_delay
MRY,4,37,6.72972972972973,7.0,25,31.92,30.04,19,181.1578947368421,179.68421052631578,nas_delay,carrier_delay,late_aircraft_delay
MRY,5,34,5.352941176470588,3.735294117647059,43,36.325581395348834,33.83720930232558,26,142.3846153846154,156.5,late_aircraft_delay,nas_delay,carrier_delay
MRY,6,47,5.829787234042553,4.319148936170213,48,30.875,31.130434782608695,34,147.23529411764707,144.5,carrier_delay,late_aircraft_delay,nas_delay
MRY,7,57,6.842105263157895,5.732142857142857,58,31.482758620689655,30.879310344827587,38,241.81578947368422,247.97297297297297,late_aircraft_delay,carrier_delay,nas_delay
MRY,8,48,6.395833333333333,5.5,35,33.142857142857146,31.514285714285716,32,130.5625,128.125,nas_delay,carrier_delay,late_aircraft_delay
MRY,9,44,6.931818181818182,5.295454545454546,35,37.25714285714286,36.02857142857143,22,182.22727272727272,184.33333333333334,carrier_delay,late_aircraft_delay,nas_delay
MRY,10,49,5.755102040816326,3.9591836734693877,33,33.54545454545455,31.78787878787879,26,144.3846153846154,144.42307692307693,carrier_delay,nas_delay,late_aircraft_delay
MRY,11,41,6.414634146341464,5.634146341463414,45,32.75555555555555,28.91111111111111,24,175.83333333333334,175.5,late_aircraft_delay,carrier_delay,nas_delay
MRY,12,42,7.380952380952381,-0.047619047619047616,44,36.52272727272727,33.06818181818182,38,214.47368421052633,210.07894736842104,carrier_delay,nas_delay,late_aircraft_delay
MSN,1,91,6.5054945054945055,5.010989010989011,83,34.602409638554214,33.91566265060241,110,178.0090909090909,178.58715596330276,nas_delay,carrier_delay,late_aircraft_delay
MSN,2,69,5.492753623188406,-6.246376811594203,49,34.16326530612245,27.714285714285715,38,165.3684210526316,150.0,carrier_delay,nas_delay,late_aircraft_delay
MSN,3,82,5.963414634146342,2.8292682926829267,85,34.05882352941177,26.2,54,230.88888888888889,222.46296296296296,nas_delay,carrier_delay,late_aircraft_delay
MSN,4,71,5.957746478873239,6.042857142857143,80,30.025,25.088607594936708,76,207.8421052631579,209.93421052631578,carrier_delay,nas_delay,late_aircraft_delay
MSN,5,92,6.858695652173913,5.706521739130435,109,33.79816513761468,35.07339449541284,117,207.51282051282053,205.23076923076923,carrier_delay,nas_delay,late_aircraft_delay
MSN,6,114,5.833333333333333,4.745614035087719,114,33.48245614035088,31.309734513274336,106,184.04716981132074,185.5,nas_delay,carrier_delay,late_aircraft_delay
MSN,7,112,7.223214285714286,5.232142857142857,110,35.43636363636364,35.054545454545455,94,157.7127659574468,156.98936170212767,carrier_delay,nas_delay,late_aircraft_delay
MSN,8,99,6.03030303030303,5.424242424242424,105,32.06666666666667,30.60952380952381,93,160.4516129032258,159.29032258064515,nas_delay,carrier_delay,late_aircraft_delay
MSN,9,65,5.7846153846153845,4.609375,76,30.42105263157895,27.236842105263158,49,173.81632653061226,167.12244897959184,carrier_delay,nas_delay,late_aircraft_delay
MSN,10,80,6.2875,0.9625,58,30.448275862068964,22.06896551724138,31,143.61290322580646,136.51612903225808,carrier_delay,nas_delay,late_aircraft_delay
MSN,11,76,6.2368421052631575,1.605263157894737,66,32.34848484848485,26.818181818181817,39,137.43589743589743,138.87179487179486,nas_delay,carrier_delay,late_aircraft_delay
MSN,12,109,6.486238532110092,5.256880733944954,119,31.54621848739496,24.73109243697479,83,170.3734939759036,169.4268292682927,carrier_delay,nas_delay,late_aircraft_delay
MSO,1,38,6.894736842105263,3.972972972972973,28,29.75,26.642857142857142,30,231.06666666666666,236.36666666666667,nas_delay,carrier_delay,weather_delay
MSO,2,19,3.6315789473684212,-1.105263157894737,16,29.1875,22.9375,10,126.9,127.7,nas_delay,carrier_delay,late_aircraft_delay
MSO,3,20,6.15,2.1,16,26.625,25.0625,11,139.36363636363637,136.9090909090909,nas_delay,carrier_delay,late_aircraft_delay
MSO,4,19,5.7894736842105265,4.421052631578948,21,33.57142857142857,25.285714285714285,11,215.9090909090909,210.36363636363637,carrier_delay,nas_delay,late_aircraft_delay
MSO,5,62,6.370967741935484,3.5,36,34.47222222222222,30.4,21,122.9047619047619,122.42857142857143,nas_delay,late_aircraft_delay,carrier_delay
MSO,6,81,6.172839506172839,-0.9753086419753086,65,31.676923076923078,23.46875,43,179.32558139534885,174.02380952380952,carrier_delay,late_aircraft_delay,nas_delay
MSO,7,117,6.213675213675214,2.6120689655172415,81,32.358024691358025,28.691358024691358,54,191.62962962962962,187.33962264150944,carrier_delay,late_aircraft_delay,nas_delay
MSO,8,96,5.989583333333333,1.8333333333333333,73,31.643835616438356,26.08219178082192,32,130.34375,126.19354838709677,carrier_delay,nas_delay,late_aircraft_delay
MSO,9,61,6.19672131147541,0.9344262295081968,35,29.82857142857143,21.0,18,122.27777777777777,117.77777777777777,late_aircraft_delay,carrier_delay,nas_delay
MSO,10,39,5.435897435897436,3.282051282051282,27,32.370370370370374,32.0,12,198.08333333333334,194.25,nas_delay,carrier_delay,late_aircraft_delay
MSO,11,30,6.866666666666666,3.8333333333333335,13,34.23076923076923,30.23076923076923,15,162.66666666666666,159.0,carrier_delay,nas_delay,late_aircraft_delay
MSO,12,37,5.297297297297297,3.972972972972973,28,24.571428571428573,18.428571428571427,20,225.05,224.6,carrier_delay,nas_delay,late_aircraft_delay
MSP,1,1296,5.986882716049383,-2.2892498066511986,1032,31.631782945736433,23.544303797468356,679,172.41531664212076,164.12314540059347,carrier_delay,nas_delay,late_aircraft_delay
MSP,2,1025,6.04390243902439,-4.001956947162427,679,30.883652430044183,18.787923416789397,322,148.0248447204969,134.75862068965517,carrier_delay,nas_delay,late_aircraft_delay
MSP,3,1264,6.117088607594937,0.620744259699129,1006,31.100397614314115,27.397602397602398,544,145.96323529411765,145.12615955473098,nas_delay,carrier_delay,late_aircraft_delay
MSP,4,1219,6.051681706316653,0.19490131578947367,896,31.177455357142858,24.60290827740492,416,136.65144230769232,132.22650602409638,carrier_delay,nas_delay,late_aircraft_delay
MSP,5,1479,6.226504394861393,3.7308474576271187,1188,31.21969696969697,29.05223251895535,701,135.39942938659058,134.35479256080114,nas_delay,carrier_delay,late_aircraft_delay
MSP,6,1914,6.499477533960293,4.827315541601256,2132,32.69559099437148,31.81625939849624,1140,135.15877192982455,134.53439153439155,nas_delay,carrier_delay,late_aircraft_delay
MSP,7,1896,6.355485232067511,2.2572789835892006,2003,32.73689465801298,27.750752256770312,1396,148.40472779369628,143.67245119305858,carrier_delay,nas_delay,late_aircraft_delay
MSP,8,1964,6.192973523421589,2.347427407030056,1791,32.402010050251256,29.220662549129703,818,134.9437652811736,132.1941031941032,carrier_delay,nas_delay,late_aircraft_delay
MSP,9,1196,5.839464882943144,-1.505439330543933,854,30.843091334894613,22.388235294117646,295,121.64745762711864,113.5513698630137,carrier_delay,nas_delay,late_aircraft_delay
MSP,10,1058,5.9886578449905485,-0.6209829867674859,711,31.67369901547117,23.974647887323943,291,132.30584192439864,122.92682926829268,carrier_delay,nas_delay,late_aircraft_delay
MSP,11,1156,5.650519031141869,0.32493483927019984,721,30.930651872399444,25.334722222222222,333,133.6936936936937,131.74018126888217,nas_delay,carrier_delay,late_aircraft_delay
MSP,12,1734,6.143598615916955,1.3358381502890173,1307,31.881407804131598,26.698461538461537,774,151.61627906976744,147.72881355932202,carrier_delay,nas_delay,late_aircraft_delay
MSY,1,756,6.211640211640212,1.970899470899471,653,31.551301684532923,25.502304147465438,347,158.85590778097983,156.6184971098266,late_aircraft_delay,carrier_delay,nas_delay
MSY,2,758,5.953825857519789,0.5072655217965654,440,30.23181818181818,24.364464692482915,153,129.359477124183,123.7124183006536,late_aircraft_delay,nas_delay,carrier_delay
MSY,3,830,6.243373493975904,0.3474065138721351,718,31.34401114206128,26.09344490934449,334,158.2994011976048,154.51807228915663,late_aircraft_delay,nas_delay,carrier_delay
MSY,4,789,5.9569074778200255,0.9021601016518425,538,30.62267657992565,25.970204841713223,301,180.4983388704319,178.9700996677741,late_aircraft_delay,nas_delay,carrier_delay
MSY,5,927,6.021574973031283,3.617551462621885,798,30.974937343358395,28.86180904522613,531,156.4990583804143,157.80188679245282,late_aircraft_delay,nas_delay,carrier_delay
MSY,6,781,6.137003841229193,1.4967824967824968,717,30.95536959553696,27.30672268907563,332,166.960843373494,166.10942249240122,late_aircraft_delay,nas_delay,carrier_delay
MSY,7,809,6.210135970333745,1.1339950372208436,840,32.647619047619045,29.577430972388957,583,149.5917667238422,146.65576592082616,late_aircraft_delay,carrier_delay,nas_delay
MSY,8,623,6.285714285714286,-0.1996779388083736,542,31.418819188191883,26.194444444444443,297,155.67003367003366,148.839590443686,late_aircraft_delay,carrier_delay,nas_delay
MSY,9,603,5.885572139303482,1.2308970099667773,429,30.804195804195803,25.151869158878505,136,142.4264705882353,133.71851851851852,late_aircraft_delay,carrier_delay,nas_delay
MSY,10,892,6.173766816143497,0.12331838565022421,446,28.556053811659194,21.591928251121075,168,139.32142857142858,131.54166666666666,carrier_delay,late_aircraft_delay,nas_delay
MSY,11,807,5.991325898389095,-0.2531017369727047,466,30.23175965665236,24.375809935205183,183,143.9398907103825,140.40883977900552,late_aircraft_delay,carrier_delay,nas_delay
MSY,12,755,5.943046357615894,-0.026490066225165563,613,30.822185970636216,24.81967213114754,294,147.2721088435374,146.1541095890411,late_aircraft_delay,carrier_delay,nas_delay
MTJ,1,54,7.5,4.444444444444445,52,30.98076923076923,25.46153846153846,34,159.2941176470588,160.58823529411765,late_aircraft_delay,nas_delay,carrier_delay
MTJ,2,60,6.566666666666666,-0.9,58,30.79310344827586,23.086206896551722,28,128.5,134.71428571428572,late_aircraft_delay,nas_delay,carrier_delay
MTJ,3,46,5.978260869565218,4.065217391304348,54,32.833333333333336,28.807692307692307,19,168.42105263157896,162.31578947368422,nas_delay,late_aircraft_delay,carrier_delay
MTJ,4,12,7.666666666666667,2.0,13,32.69230769230769,23.923076923076923,5,164.0,161.0,late_aircraft_delay,carrier_delay,nas_delay
MTJ,5,15,6.533333333333333,-0.9333333333333333,19,28.736842105263158,25.263157894736842,17,117.29411764705883,127.76470588235294,nas_delay,late_aircraft_delay,carrier_delay
MTJ,6,27,5.444444444444445,3.3461538461538463,32,36.03125,27.71875,22,280.59090909090907,280.9047619047619,nas_delay,late_aircraft_delay,carrier_delay
MTJ,7,26,6.153846153846154,-0.92,31,28.225806451612904,23.633333333333333,31,138.1290322580645,128.63333333333333,late_aircraft_delay,nas_delay,carrier_delay
MTJ,8,32,5.25,1.3125,18,35.27777777777778,34.22222222222222,13,143.84615384615384,140.92307692307693,nas_delay,late_aircraft_delay,carrier_delay
MTJ,9,21,6.333333333333333,0.47619047619047616,13,29.76923076923077,14.615384615384615,9,253.11111111111111,242.33333333333334,late_aircraft_delay,carrier_delay,nas_delay
MTJ,10,11,5.363636363636363,-2.727272727272727,8,26.25,10.75,1,119.0,115.0,late_aircraft_delay,nas_delay,carrier_delay
MTJ,11,17,5.529411764705882,2.7058823529411766,14,30.857142857142858,18.642857142857142,11,130.0,133.45454545454547,late_aircraft_delay,carrier_delay,nas_delay
MTJ,12,32,6.53125,-5.59375,38,29.894736842105264,29.763157894736842,25,145.8,152.12,late_aircraft_delay,nas_delay,carrier_delay
MVY,5,4,6.75,3.25,1,52.0,47.0,4,216.0,223.5,nas_delay,late_aircraft_delay,canc_A
MVY,6,25,7.0,8.4,21,33.476190476190474,44.57142857142857,25,225.68,228.56,nas_delay,late_aircraft_delay,carrier_delay
MVY,7,37,7.027027027027027,4.722222222222222,39,31.692307692307693,31.358974358974358,39,203.69230769230768,201.97435897435898,nas_delay,late_aircraft_delay,carrier_delay
MVY,8,49,6.979591836734694,11.122448979591837,51,31.294117647058822,32.98039215686274,36,191.86111111111111,196.33333333333334,nas_delay,late_aircraft_delay,carrier_delay
MVY,9,3,6.0,18.333333333333332,3,27.333333333333332,31.0,4,136.75,158.0,nas_delay,carrier_delay,late_aircraft_delay
MVY,10,3,7.0,4.0,3,40.0,40.333333333333336,1,290.0,274.0,late_aircraft_delay,nas_delay,Nessuna
MYR,1,60,6.3,-0.7333333333333333,66,31.803030303030305,20.393939393939394,54,146.24074074074073,143.7962962962963,late_aircraft_delay,nas_delay,carrier_delay
MYR,2,63,5.571428571428571,-1.253968253968254,48,30.666666666666668,20.25,39,222.28205128205127,216.7948717948718,late_aircraft_delay,nas_delay,carrier_delay
MYR,3,121,6.421487603305785,1.0909090909090908,109,32.15596330275229,26.477064220183486,56,142.91071428571428,138.6727272727273,late_aircraft_delay,nas_delay,carrier_delay
MYR,4,128,6.484375,2.640625,124,30.81451612903226,26.764227642276424,80,134.4,130.2051282051282,late_aircraft_delay,nas_delay,carrier_delay
MYR,5,193,7.0932642487046635,4.7927461139896375,211,31.075829383886255,28.587677725118482,114,143.67543859649123,142.16964285714286,nas_delay,late_aircraft_delay,carrier_delay
MYR,6,246,6.504065040650406,2.2804878048780486,241,32.07883817427386,29.112033195020746,187,172.80213903743316,169.47027027027028,late_aircraft_delay,nas_delay,carrier_delay
MYR,7,237,6.531645569620253,1.6101694915254237,323,31.743034055727556,27.599378881987576,233,167.82403433476395,163.98275862068965,late_aircraft_delay,nas_delay,carrier_delay
MYR,8,241,6.713692946058091,3.3875,228,31.644736842105264,30.05286343612335,160,137.075,137.0314465408805,late_aircraft_delay,nas_delay,carrier_delay
MYR,9,158,6.284810126582278,0.6075949367088608,111,29.7027027027027,24.48181818181818,67,132.11940298507463,127.2089552238806,late_aircraft_delay,nas_delay,carrier_delay
MYR,10,152,6.065789473684211,1.8486842105263157,88,30.5,24.329545454545453,57,142.6140350877193,135.7719298245614,late_aircraft_delay,nas_delay,carrier_delay
MYR,11,92,6.119565217391305,-0.6956521739130435,90,29.877777777777776,27.022222222222222,39,132.23076923076923,127.74358974358974,nas_delay,late_aircraft_delay,carrier_delay
MYR,12,112,6.803571428571429,-0.6576576576576577,97,32.48453608247423,27.835051546391753,67,138.77611940298507,134.42424242424244,late_aircraft_delay,nas_delay,carrier_delay
OAJ,1,6,7.166666666666667,1.8333333333333333,2,23.5,28.5,6,317.0,305.8333333333333,late_aircraft_delay,nas_delay,carrier_delay
OAJ,2,7,4.857142857142857,-1.8571428571428572,3,33.0,18.0,2,208.0,196.5,carrier_delay,late_aircraft_delay,Nessuna
OAJ,3,15,5.4,-4.066666666666666,6,20.166666666666668,14.0,4,140.25,141.0,carrier_delay,nas_delay,late_aircraft_delay
OAJ,4,15,4.8,3.066666666666667,9,29.333333333333332,15.777777777777779,3,83.0,73.66666666666667,late_aircraft_delay,nas_delay,carrier_delay
OAJ,5,9,6.666666666666667,4.222222222222222,11,31.0,27.818181818181817,12,136.91666666666666,136.41666666666666,late_aircraft_delay,nas_delay,carrier_delay
OAJ,6,13,5.384615384615385,-5.769230769230769,1,19.0,7.0,4,95.75,83.5,nas_delay,late_aircraft_delay,carrier_delay
OAJ,7,23,8.304347826086957,4.826086956521739,22,34.90909090909091,32.95454545454545,33,152.93939393939394,156.0,carrier_delay,late_aircraft_delay,nas_delay
OAJ,8,28,6.214285714285714,-0.5714285714285714,18,31.5,21.61111111111111,16,236.5,235.625,carrier_delay,late_aircraft_delay,nas_delay
OAJ,9,26,8.0,5.115384615384615,17,31.294117647058822,32.1764705882353,16,195.4375,188.625,late_aircraft_delay,nas_delay,carrier_delay
OAJ,10,19,7.315789473684211,6.7368421052631575,15,24.866666666666667,21.133333333333333,11,98.63636363636364,94.0,nas_delay,late_aircraft_delay,carrier_delay
OAJ,11,7,3.142857142857143,-1.7142857142857142,8,26.125,10.25,8,203.25,190.75,nas_delay,carrier_delay,late_aircraft_delay
OAJ,12,17,7.705882352941177,-1.5294117647058822,14,30.071428571428573,26.142857142857142,13,184.46153846153845,177.46153846153845,nas_delay,carrier_delay,late_aircraft_delay
OAK,1,753,6.140770252324037,0.4627659574468085,535,29.57196261682243,22.782771535580526,146,110.18493150684931,103.8082191780822,late_aircraft_delay,carrier_delay,nas_delay
OAK,2,758,5.963060686015831,-1.0580474934036939,456,29.223684210526315,22.175824175824175,141,113.9645390070922,109.1418439716312,late_aircraft_delay,carrier_delay,nas_delay
OAK,3,752,6.0438829787234045,0.5300400534045394,521,30.46641074856046,25.621153846153845,173,113.35838150289017,110.00578034682081,late_aircraft_delay,carrier_delay,nas_delay
OAK,4,800,5.63875,-0.5919899874843555,439,28.838268792710707,22.378132118451024,127,101.25984251968504,94.96850393700787,late_aircraft_delay,carrier_delay,nas_delay
OAK,5,917,5.797164667393675,-0.6564885496183206,553,29.428571428571427,22.309782608695652,186,113.35483870967742,106.25405405405405,late_aircraft_delay,carrier_delay,nas_delay
OAK,6,850,6.075294117647059,-0.4016489988221437,705,30.540425531914895,23.62215909090909,197,105.37055837563452,98.8730964467005,late_aircraft_delay,carrier_delay,nas_delay
OAK,7,881,6.146424517593643,1.2443181818181819,642,30.102803738317757,25.162246489859594,245,110.07755102040817,107.08979591836734,carrier_delay,late_aircraft_delay,nas_delay
OAK,8,742,5.749326145552561,-1.1037735849056605,491,30.78818737270876,24.329938900203665,175,110.70285714285714,104.93142857142857,late_aircraft_delay,carrier_delay,nas_delay
OAK,9,708,5.892655367231638,-1.0084745762711864,423,29.05673758865248,22.075829383886255,161,112.3913043478261,107.32298136645963,late_aircraft_delay,carrier_delay,nas_delay
OAK,10,698,5.808022922636103,-0.7079136690647482,402,29.865671641791046,24.05223880597015,137,120.48905109489051,116.72262773722628,late_aircraft_delay,carrier_delay,nas_delay
OAK,11,627,6.15311004784689,-2.549520766773163,343,29.25655976676385,20.497076023391813,78,96.25641025641026,90.43589743589743,late_aircraft_delay,carrier_delay,nas_delay
OAK,12,705,5.939007092198581,-2.2489331436699858,513,30.066276803118907,21.613725490196078,180,117.50555555555556,112.41340782122904,late_aircraft_delay,carrier_delay,nas_delay
OGG,1,485,6.02680412371134,0.7012448132780082,329,29.574468085106382,25.969325153374232,100,134.08,122.91489361702128,late_aircraft_delay,carrier_delay,nas_delay
OGG,2,423,6.026004728132388,0.24881516587677724,236,29.233050847457626,17.97872340425532,66,139.3030303030303,125.42424242424242,late_aircraft_delay,carrier_delay,nas_delay
OGG,3,440,5.415909090909091,1.0227790432801822,211,28.644549763033176,22.118483412322274,51,151.47058823529412,143.32,carrier_delay,late_aircraft_delay,nas_delay
OGG,4,372,5.68010752688172,0.7661290322580645,175,31.234285714285715,27.857142857142858,59,156.0,149.79661016949152,carrier_delay,late_aircraft_delay,nas_delay
OGG,5,451,5.651884700665189,5.2727272727272725,253,29.83399209486166,29.130434782608695,64,122.21875,122.40625,carrier_delay,late_aircraft_delay,nas_delay
OGG,6,458,5.873362445414847,4.050328227571116,159,28.39622641509434,25.333333333333332,48,168.20833333333334,157.25531914893617,carrier_delay,late_aircraft_delay,nas_delay
OGG,7,478,5.7468619246861925,3.3807531380753137,235,29.72340425531915,25.557446808510637,67,184.62686567164178,179.11940298507463,late_aircraft_delay,carrier_delay,nas_delay
OGG,8,458,5.329694323144105,-1.8908296943231442,189,28.687830687830687,20.952380952380953,55,166.2,156.25454545454545,late_aircraft_delay,carrier_delay,nas_delay
OGG,9,335,5.614925373134328,1.8477611940298508,122,27.450819672131146,23.172131147540984,33,136.54545454545453,125.84848484848484,late_aircraft_delay,carrier_delay,nas_delay
OGG,10,410,5.685365853658537,1.6219512195121952,174,28.333333333333332,23.902298850574713,38,118.42105263157895,109.97368421052632,late_aircraft_delay,carrier_delay,nas_delay
OGG,11,328,5.7560975609756095,2.143730886850153,115,28.47826086956522,22.63478260869565,39,137.23076923076923,129.15384615384616,carrier_delay,late_aircraft_delay,nas_delay
OGG,12,388,5.762886597938144,1.4355670103092784,197,28.83248730964467,21.974358974358974,59,151.67796610169492,143.1551724137931,late_aircraft_delay,carrier_delay,nas_delay
OKC,1,197,6.101522842639594,5.505102040816326,166,32.34939759036145,30.666666666666668,112,187.91071428571428,187.48214285714286,nas_delay,late_aircraft_delay,carrier_delay
OKC,2,152,5.671052631578948,3.9139072847682117,99,31.8989898989899,28.97979797979798,62,148.90322580645162,145.79032258064515,nas_delay,carrier_delay,late_aircraft_delay
OKC,3,192,5.817708333333333,0.4583333333333333,177,30.70056497175141,25.033898305084747,75,133.04,127.12162162162163,late_aircraft_delay,nas_delay,carrier_delay
OKC,4,253,6.229249011857707,0.5776892430278885,177,30.47457627118644,26.073863636363637,79,160.32911392405063,152.62025316455697,late_aircraft_delay,carrier_delay,nas_delay
OKC,5,350,6.3428571428571425,2.824712643678161,275,31.265454545454546,28.083941605839417,162,151.30246913580248,150.9320987654321,late_aircraft_delay,nas_delay,carrier_delay
OKC,6,292,5.767123287671233,2.058219178082192,274,29.653284671532848,25.106227106227106,126,175.73015873015873,173.61904761904762,carrier_delay,late_aircraft_delay,nas_delay
OKC,7,283,6.045936395759718,2.282142857142857,284,30.985915492957748,27.918149466192173,183,140.98360655737704,136.17222222222222,late_aircraft_delay,carrier_delay,nas_delay
OKC,8,239,6.2594142259414225,2.409282700421941,203,31.74384236453202,28.247524752475247,138,174.52173913043478,168.24087591240877,nas_delay,carrier_delay,late_aircraft_delay
OKC,9,220,5.5181818181818185,1.3744292237442923,177,29.610169491525422,24.259887005649716,75,207.85333333333332,201.94666666666666,carrier_delay,late_aircraft_delay,nas_delay
OKC,10,232,5.418103448275862,-0.38362068965517243,144,31.77777777777778,26.479166666666668,86,146.96511627906978,142.3372093023256,carrier_delay,nas_delay,late_aircraft_delay
OKC,11,218,6.0,0.42201834862385323,175,30.94857142857143,26.222857142857144,81,140.55555555555554,137.34567901234567,carrier_delay,late_aircraft_delay,nas_delay
OKC,12,232,6.232758620689655,-0.46551724137931033,181,31.558011049723756,25.917127071823206,101,156.52475247524754,155.64,carrier_delay,late_aircraft_delay,nas_delay
OMA,1,310,6.422580645161291,4.883495145631068,232,32.74568965517241,34.62770562770563,199,175.17587939698493,185.10050251256283,nas_delay,carrier_delay,late_aircraft_delay
OMA,2,202,5.876237623762377,-1.4653465346534653,138,32.02173913043478,23.63768115942029,69,155.17391304347825,148.63768115942028,nas_delay,late_aircraft_delay,carrier_delay
OMA,3,298,6.010067114093959,0.32094594594594594,235,30.83404255319149,23.927350427350426,117,143.01709401709402,137.9059829059829,late_aircraft_delay,carrier_delay,nas_delay
OMA,4,279,6.10752688172043,1.6630824372759856,181,29.486187845303867,22.65745856353591,104,163.16346153846155,160.125,late_aircraft_delay,nas_delay,carrier_delay
OMA,5,334,6.167664670658683,2.4011976047904193,355,31.929577464788732,28.776203966005667,227,176.66519823788545,175.35111111111112,late_aircraft_delay,nas_delay,carrier_delay
OMA,6,399,6.12531328320802,2.386934673366834,332,31.246987951807228,27.34036144578313,175,161.58285714285714,159.28735632183907,carrier_delay,late_aircraft_delay,nas_delay
OMA,7,397,5.952141057934509,1.8071065989847717,315,31.044444444444444,28.71794871794872,191,162.64921465968587,156.9206349206349,late_aircraft_delay,carrier_delay,nas_delay
OMA,8,289,5.8477508650519034,1.3598615916955017,229,30.899563318777293,28.07079646017699,119,128.43697478991598,128.10169491525423,nas_delay,late_aircraft_delay,carrier_delay
OMA,9,267,6.0411985018726595,0.30711610486891383,134,31.12686567164179,24.71641791044776,55,144.74545454545455,142.1090909090909,carrier_delay,nas_delay,late_aircraft_delay
OMA,10,298,5.352348993288591,-2.9832214765100673,159,28.962264150943398,22.22012578616352,62,163.79032258064515,157.32258064516128,carrier_delay,nas_delay,late_aircraft_delay
OMA,11,302,5.271523178807947,-1.5548172757475083,157,29.50955414012739,22.296774193548387,61,195.4262295081967,189.68852459016392,nas_delay,carrier_delay,late_aircraft_delay
OMA,12,311,6.289389067524116,-3.2765273311897105,247,29.68825910931174,19.898373983739837,112,160.1875,155.64545454545456,carrier_delay,late_aircraft_delay,nas_delay
OME,1,2,3.0,-1.0,5,31.2,26.25,2,79.5,81.5,late_aircraft_delay,nas_delay,canc_B
OME,2,2,5.5,8.5,5,40.2,38.8,0,"","",late_aircraft_delay,nas_delay,canc_A
OME,3,4,3.25,3.25,7,26.428571428571427,30.428571428571427,1,172.0,171.0,carrier_delay,nas_delay,late_aircraft_delay
OME,4,1,1.0,11.0,3,48.666666666666664,51.333333333333336,2,144.5,157.0,nas_delay,late_aircraft_delay,carrier_delay
OME,5,3,7.666666666666667,13.666666666666666,1,31.0,30.0,0,"","",nas_delay,carrier_delay,late_aircraft_delay
OME,6,3,8.666666666666666,15.666666666666666,4,30.5,36.75,1,132.0,139.0,nas_delay,late_aircraft_delay,carrier_delay
OME,7,5,4.8,9.2,6,28.333333333333332,36.833333333333336,0,"","",late_aircraft_delay,nas_delay,carrier_delay
OME,8,9,8.0,13.333333333333334,8,31.25,36.0,2,94.5,112.5,late_aircraft_delay,nas_delay,carrier_delay
OME,9,2,6.5,6.5,2,20.0,25.0,0,"","",late_aircraft_delay,nas_delay,carrier_delay
OME,10,3,3.0,4.0,4,31.25,34.0,2,83.5,91.5,late_aircraft_delay,nas_delay,canc_B
OME,11,2,7.5,8.5,0,"","",2,69.5,68.0,nas_delay,late_aircraft_delay,Nessuna
OME,12,4,5.0,10.25,5,28.6,31.2,0,"","",late_aircraft_delay,nas_delay,carrier_delay
ONT,1,291,5.865979381443299,-1.5051546391752577,189,32.28042328042328,25.142857142857142,109,173.1559633027523,167.44036697247705,late_aircraft_delay,carrier_delay,nas_delay
ONT,2,286,5.4825174825174825,-4.143356643356643,190,30.889473684210525,24.46031746031746,87,173.20689655172413,166.77011494252875,late_aircraft_delay,carrier_delay,nas_delay
ONT,3,357,6.056022408963585,-1.330532212885154,261,32.49808429118774,28.382239382239383,119,166.71428571428572,166.41176470588235,late_aircraft_delay,nas_delay,carrier_delay
ONT,4,375,5.917333333333334,-0.7406417112299465,272,30.378676470588236,26.71323529411765,96,158.59375,153.90625,late_aircraft_delay,nas_delay,carrier_delay
ONT,5,445,5.898876404494382,-0.006772009029345372,326,30.8159509202454,26.916923076923077,148,159.3918918918919,155.1891891891892,late_aircraft_delay,nas_delay,carrier_delay
ONT,6,463,5.978401727861771,-0.06060606060606061,302,30.496688741721854,25.029900332225914,131,166.9083969465649,163.73643410852713,late_aircraft_delay,carrier_delay,nas_delay
ONT,7,447,6.085011185682327,0.2825112107623318,316,32.265822784810126,27.556962025316455,138,145.20289855072463,138.73529411764707,late_aircraft_delay,carrier_delay,nas_delay
ONT,8,379,5.675461741424802,0.5092838196286472,221,31.334841628959275,27.529411764705884,120,130.45,127.64166666666667,late_aircraft_delay,nas_delay,carrier_delay
ONT,9,351,5.666666666666667,-1.3542857142857143,221,30.1131221719457,22.615384615384617,107,144.26168224299064,139.54205607476635,late_aircraft_delay,nas_delay,carrier_delay
ONT,10,402,5.532338308457711,-1.8029925187032418,193,29.761658031088082,23.82383419689119,83,148.2289156626506,136.95180722891567,carrier_delay,late_aircraft_delay,nas_delay
ONT,11,378,5.507936507936508,-2.201058201058201,206,31.533980582524272,23.88118811881188,77,155.1038961038961,149.8181818181818,late_aircraft_delay,carrier_delay,nas_delay
ONT,12,416,5.461538461538462,-1.314769975786925,220,30.181818181818183,23.94090909090909,104,148.35576923076923,144.93203883495147,late_aircraft_delay,carrier_delay,nas_delay
ORD,1,3242,6.082356570018507,3.1405137728257504,2933,32.19740879645414,30.500858221764503,2472,151.8252427184466,150.67347772783,nas_delay,carrier_delay,late_aircraft_delay
ORD,2,2542,5.73682140047207,-2.1702127659574466,1662,30.935619735258726,23.009090909090908,849,138.64782096584216,132.19454329774615,carrier_delay,nas_delay,late_aircraft_delay
ORD,3,3285,6.039573820395738,-0.3652439024390244,2523,31.67340467697186,25.232270916334663,1365,128.03956043956043,121.92862398822663,nas_delay,carrier_delay,late_aircraft_delay
ORD,4,3828,6.113636363636363,1.007843137254902,2856,31.377450980392158,27.06966924700915,1483,142.08968307484827,138.0189445196211,nas_delay,carrier_delay,late_aircraft_delay
ORD,5,4185,6.203823178016727,5.149543927028325,3901,33.02922327608306,33.37477477477478,3577,159.6021805982667,160.34787503518154,nas_delay,late_aircraft_delay,carrier_delay
ORD,6,4415,6.199093997734995,2.8675902793549852,3981,32.65887967847274,29.449015648662293,2989,143.56774841083976,140.8908723475918,carrier_delay,nas_delay,late_aircraft_delay
ORD,7,4537,6.23694070972008,2.6866829160203856,4267,32.61612374033279,30.160084626234134,3296,147.98452669902912,143.77294981640148,carrier_delay,nas_delay,late_aircraft_delay
ORD,8,4604,6.222415291051259,2.8245690595679687,4305,32.74401858304297,30.69936930623686,2978,137.3619879113499,133.87495775599865,nas_delay,carrier_delay,late_aircraft_delay
ORD,9,3872,5.837035123966942,0.21205068528575122,2740,31.412408759124087,24.533284564740306,1234,131.7876823338736,123.206672091131,carrier_delay,nas_delay,late_aircraft_delay
ORD,10,4033,5.874287131167865,-1.2603726708074534,2518,30.7077045274027,21.571315057608263,1014,127.33037475345168,118.13649851632047,carrier_delay,nas_delay,late_aircraft_delay
ORD,11,3346,5.842498505678422,1.6461262339216274,2181,31.696011004126547,29.00919963201472,1150,135.88695652173914,134.70731707317074,nas_delay,carrier_delay,late_aircraft_delay
ORD,12,4651,6.021715760051602,-0.5043122035360069,3125,31.47776,25.12091084028223,1806,141.47895902547066,135.3247624371157,carrier_delay,nas_delay,late_aircraft_delay
ORF,1,172,6.226744186046512,0.3081395348837209,143,33.80419580419581,29.90909090909091,95,166.29473684210527,162.2842105263158,late_aircraft_delay,nas_delay,carrier_delay
ORF,2,172,6.354651162790698,-0.1686046511627907,99,30.08080808080808,22.275510204081634,47,150.59574468085106,145.46808510638297,nas_delay,late_aircraft_delay,carrier_delay
ORF,3,253,6.126482213438735,-2.205533596837945,157,32.210191082802545,24.70063694267516,108,169.2685185185185,164.86915887850466,nas_delay,late_aircraft_delay,carrier_delay
ORF,4,239,6.2133891213389125,1.819327731092437,185,31.92972972972973,25.994565217391305,104,156.90384615384616,152.24271844660194,late_aircraft_delay,nas_delay,carrier_delay
ORF,5,290,6.462068965517242,0.9895833333333334,250,30.1,26.221774193548388,169,158.698224852071,155.30357142857142,late_aircraft_delay,nas_delay,carrier_delay
ORF,6,339,6.271386430678466,1.168141592920354,298,31.20469798657718,24.5993265993266,158,186.4240506329114,183.60509554140128,carrier_delay,late_aircraft_delay,nas_delay
ORF,7,352,6.448863636363637,2.146551724137931,348,32.9051724137931,30.392441860465116,265,174.0566037735849,174.08333333333334,late_aircraft_delay,carrier_delay,nas_delay
ORF,8,337,6.12759643916914,2.244047619047619,267,32.059925093632955,28.68679245283019,177,173.80225988700565,171.6193181818182,late_aircraft_delay,nas_delay,carrier_delay
ORF,9,265,5.584905660377358,2.2452830188679247,156,30.69871794871795,28.019354838709678,91,127.46153846153847,129.14285714285714,nas_delay,late_aircraft_delay,carrier_delay
ORF,10,256,6.40625,-0.18359375,184,30.07608695652174,22.16393442622951,58,193.22413793103448,191.1206896551724,nas_delay,late_aircraft_delay,carrier_delay
ORF,11,240,5.9125,-0.2833333333333333,150,29.14666666666667,21.373333333333335,70,139.5,133.7246376811594,nas_delay,carrier_delay,late_aircraft_delay
ORF,12,342,5.815789473684211,-1.956140350877193,229,30.554585152838428,23.46288209606987,121,163.80165289256198,156.33333333333334,carrier_delay,nas_delay,late_aircraft_delay
ORH,1,12,9.5,6.083333333333333,15,29.666666666666668,29.0,7,219.71428571428572,222.14285714285714,nas_delay,carrier_delay,late_aircraft_delay
ORH,2,18,6.777777777777778,-9.777777777777779,26,32.46153846153846,14.423076923076923,12,112.58333333333333,119.83333333333333,late_aircraft_delay,nas_delay,carrier_delay
ORH,3,16,5.75,-3.25,33,33.45454545454545,30.125,22,120.13636363636364,118.63636363636364,late_aircraft_delay,nas_delay,carrier_delay
ORH,4,12,4.916666666666667,2.272727272727273,9,32.888888888888886,30.22222222222222,7,111.57142857142857,123.28571428571429,nas_delay,late_aircraft_delay,carrier_delay
ORH,5,18,6.333333333333333,-12.666666666666666,14,28.142857142857142,29.214285714285715,14,254.0,250.42857142857142,late_aircraft_delay,nas_delay,carrier_delay
ORH,6,14,6.571428571428571,-15.785714285714286,13,36.0,22.333333333333332,10,252.5,243.4,nas_delay,late_aircraft_delay,carrier_delay
ORH,7,16,6.5625,-1.75,16,34.8125,24.125,21,167.1904761904762,172.35,late_aircraft_delay,nas_delay,carrier_delay
ORH,8,10,9.2,7.0,13,34.30769230769231,30.384615384615383,18,139.83333333333334,140.72222222222223,late_aircraft_delay,nas_delay,carrier_delay
ORH,9,7,6.714285714285714,8.571428571428571,4,25.75,29.0,3,181.33333333333334,172.5,nas_delay,carrier_delay,late_aircraft_delay
ORH,10,9,6.444444444444445,-8.666666666666666,8,34.75,29.0,3,115.33333333333333,106.0,late_aircraft_delay,nas_delay,carrier_delay
ORH,11,15,8.533333333333333,-2.4,7,34.285714285714285,12.285714285714286,6,181.33333333333334,174.33333333333334,late_aircraft_delay,carrier_delay,nas_delay
ORH,12,16,6.125,1.25,15,34.4,26.866666666666667,11,207.36363636363637,203.36363636363637,late_aircraft_delay,nas_delay,carrier_delay
OTH,1,4,5.5,-5.25,1,19.0,19.0,2,132.0,127.5,carrier_delay,weather_delay,canc_B
OTH,2,2,13.5,19.5,4,42.75,41.75,3,149.0,153.0,nas_delay,late_aircraft_delay,canc_B
OTH,3,2,12.0,5.0,5,31.4,33.6,2,120.0,132.5,nas_delay,late_aircraft_delay,canc_B
OTH,4,5,4.6,6.0,13,36.07692307692308,42.15384615384615,3,89.0,93.0,nas_delay,carrier_delay,late_aircraft_delay
OTH,5,3,9.666666666666666,15.666666666666666,7,39.714285714285715,41.857142857142854,4,572.0,558.25,nas_delay,carrier_delay,weather_delay
OTH,6,5,6.4,-10.0,2,25.0,10.0,3,89.33333333333333,86.33333333333333,nas_delay,late_aircraft_delay,Nessuna
OTH,7,5,7.4,-2.4,4,43.5,30.75,7,280.14285714285717,271.57142857142856,late_aircraft_delay,carrier_delay,nas_delay
OTH,8,4,5.5,6.75,10,28.7,21.11111111111111,7,118.14285714285714,106.57142857142857,late_aircraft_delay,nas_delay,carrier_delay
OTH,9,7,5.0,-1.6666666666666667,16,27.5,18.375,3,435.3333333333333,424.6666666666667,late_aircraft_delay,carrier_delay,nas_delay
OTH,10,5,4.8,-4.8,3,39.333333333333336,32.333333333333336,5,403.2,397.4,carrier_delay,nas_delay,late_aircraft_delay
OTH,11,2,10.5,16.5,5,33.2,32.4,0,"","",nas_delay,late_aircraft_delay,carrier_delay
OTH,12,3,5.333333333333333,-11.333333333333334,4,33.5,25.5,2,140.5,135.0,late_aircraft_delay,nas_delay,carrier_delay
OTZ,1,4,4.0,5.0,2,43.0,43.0,1,82.0,98.0,canc_B,nas_delay,late_aircraft_delay
OTZ,2,1,2.0,8.0,4,28.25,29.25,0,"","",late_aircraft_delay,canc_A,nas_delay
OTZ,3,4,8.75,5.5,0,"","",2,235.5,231.5,canc_B,late_aircraft_delay,carrier_delay
OTZ,4,3,6.0,9.333333333333334,3,30.666666666666668,26.0,2,142.5,144.0,canc_B,late_aircraft_delay,nas_delay
OTZ,5,1,2.0,1.0,1,34.0,31.0,0,"","",late_aircraft_delay,Nessuna,Nessuna
OTZ,6,1,11.0,11.0,2,23.5,24.5,2,157.0,164.0,late_aircraft_delay,nas_delay,Nessuna
OTZ,7,0,"","",3,37.0,40.0,1,421.0,412.0,late_aircraft_delay,nas_delay,carrier_delay
OTZ,8,6,9.166666666666666,6.5,0,"","",0,"","",nas_delay,Nessuna,Nessuna
OTZ,9,0,"","",2,39.5,49.0,0,"","",nas_delay,carrier_delay,late_aircraft_delay
OTZ,10,0,"","",3,34.666666666666664,34.0,0,"","",canc_B,late_aircraft_delay,security_delay
OTZ,11,1,5.0,-3.0,2,38.0,39.0,0,"","",canc_B,late_aircraft_delay,nas_delay
OTZ,12,2,12.0,12.5,4,35.5,37.5,1,105.0,105.0,late_aircraft_delay,carrier_delay,nas_delay
PAE,1,15,5.466666666666667,3.3076923076923075,14,30.142857142857142,35.36363636363637,2,83.0,72.0,canc_A,nas_delay,carrier_delay
PAE,2,16,7.125,5.875,11,28.272727272727273,41.63636363636363,1,231.0,266.0,nas_delay,carrier_delay,late_aircraft_delay
PAE,3,19,6.0,2.3684210526315788,11,35.45454545454545,37.0,5,194.8,209.2,nas_delay,carrier_delay,late_aircraft_delay
PAE,4,20,5.0,5.55,8,39.25,39.0,4,134.25,131.0,nas_delay,carrier_delay,late_aircraft_delay
PAE,5,10,3.8,-0.8,6,33.0,29.833333333333332,2,135.0,115.5,nas_delay,late_aircraft_delay,carrier_delay
PAE,6,11,7.2727272727272725,-5.909090909090909,2,40.0,35.0,4,87.5,68.0,late_aircraft_delay,carrier_delay,nas_delay
PAE,7,12,5.75,-11.75,12,34.416666666666664,24.666666666666668,0,"","",late_aircraft_delay,nas_delay,carrier_delay
PAE,8,10,5.5,-5.0,7,28.857142857142858,16.142857142857142,2,69.5,52.5,nas_delay,carrier_delay,late_aircraft_delay
PAE,9,5,4.6,-9.8,2,38.0,25.0,4,73.75,62.75,late_aircraft_delay,carrier_delay,Nessuna
PAE,10,12,5.25,5.833333333333333,4,25.0,23.25,1,71.0,68.0,nas_delay,late_aircraft_delay,carrier_delay
PAE,11,19,5.894736842105263,-1.0,7,33.0,31.285714285714285,3,106.66666666666667,116.0,late_aircraft_delay,nas_delay,carrier_delay
PAE,12,26,5.423076923076923,-6.1923076923076925,13,27.46153846153846,14.76923076923077,5,93.2,90.4,nas_delay,late_aircraft_delay,carrier_delay
PBG,1,4,10.0,1.25,8,37.125,23.875,6,178.33333333333334,185.5,late_aircraft_delay,nas_delay,weather_delay
PBG,2,12,8.5,-7.333333333333333,11,37.0,24.09090909090909,6,111.0,125.5,nas_delay,late_aircraft_delay,carrier_delay
PBG,3,13,6.6923076923076925,9.76923076923077,12,27.333333333333332,17.25,6,139.33333333333334,132.5,nas_delay,late_aircraft_delay,carrier_delay
PBG,4,10,5.2,-16.2,9,26.77777777777778,13.333333333333334,3,146.0,151.66666666666666,nas_delay,carrier_delay,late_aircraft_delay
PBG,5,1,1.0,9.0,6,35.666666666666664,35.333333333333336,3,507.6666666666667,515.6666666666666,nas_delay,late_aircraft_delay,carrier_delay
PBG,6,7,5.571428571428571,-7.285714285714286,5,39.6,39.8,5,324.4,330.4,nas_delay,late_aircraft_delay,carrier_delay
PBG,7,7,8.857142857142858,5.571428571428571,9,30.88888888888889,26.88888888888889,4,138.5,144.0,nas_delay,carrier_delay,late_aircraft_delay
PBG,8,6,7.0,8.166666666666666,8,36.5,31.142857142857142,7,181.0,186.42857142857142,late_aircraft_delay,nas_delay,carrier_delay
PBG,9,2,4.0,9.5,3,33.666666666666664,32.333333333333336,0,"","",nas_delay,late_aircraft_delay,carrier_delay
PBG,10,6,5.166666666666667,-8.333333333333334,2,23.0,23.0,2,103.5,78.5,canc_B,carrier_delay,late_aircraft_delay
PBG,11,5,7.0,-11.6,2,16.5,15.0,2,118.5,91.5,nas_delay,carrier_delay,weather_delay
PBG,12,6,10.5,5.333333333333333,17,32.88235294117647,38.625,10,417.2,421.1,nas_delay,late_aircraft_delay,weather_delay
PBI,1,454,6.332599118942731,-3.7827050997782705,449,31.56347438752784,25.242761692650333,281,170.81494661921707,166.0863309352518,late_aircraft_delay,carrier_delay,nas_delay
PBI,2,411,6.45985401459854,1.1508515815085159,321,30.838006230529594,22.894080996884735,183,167.31147540983608,159.27322404371586,late_aircraft_delay,carrier_delay,nas_delay
PBI,3,529,6.2835538752362945,0.6496212121212122,505,32.34455445544555,25.717131474103585,359,151.76044568245126,146.974930362117,late_aircraft_delay,carrier_delay,nas_delay
PBI,4,425,5.9811764705882355,-0.12529550827423167,331,32.003021148036254,26.03647416413374,250,163.088,155.085020242915,late_aircraft_delay,carrier_delay,nas_delay
PBI,5,444,6.245495495495495,3.1013513513513513,328,32.28658536585366,30.024615384615384,280,164.1392857142857,164.06071428571428,late_aircraft_delay,nas_delay,carrier_delay
PBI,6,301,5.913621262458472,1.7491638795986622,262,32.083969465648856,27.505791505791507,238,167.10084033613447,160.2770562770563,late_aircraft_delay,carrier_delay,nas_delay
PBI,7,304,6.2105263157894735,4.398671096345515,310,31.106451612903225,30.807817589576548,283,163.3922261484099,164.46975088967972,late_aircraft_delay,nas_delay,carrier_delay
PBI,8,303,6.303630363036303,5.003300330033003,310,34.064516129032256,33.49185667752443,248,157.0040322580645,154.6829268292683,late_aircraft_delay,nas_delay,carrier_delay
PBI,9,259,6.096525096525096,0.3127413127413127,209,31.593301435406698,25.6555023923445,83,175.50602409638554,169.78313253012047,late_aircraft_delay,carrier_delay,nas_delay
PBI,10,286,5.828671328671328,-1.0804195804195804,193,29.735751295336787,20.82901554404145,94,149.2659574468085,141.0215053763441,late_aircraft_delay,carrier_delay,nas_delay
PBI,11,352,5.8835227272727275,-0.6761363636363636,258,30.988372093023255,24.686046511627907,121,130.4793388429752,126.34710743801652,nas_delay,late_aircraft_delay,carrier_delay
PBI,12,468,6.222222222222222,2.7558886509635974,523,32.814531548757174,28.63984674329502,359,145.40389972144845,141.82584269662922,late_aircraft_delay,carrier_delay,nas_delay
PDX,1,740,6.22027027027027,1.8084239130434783,520,31.638461538461538,28.263969171483623,331,157.33534743202418,155.04242424242423,nas_delay,carrier_delay,late_aircraft_delay
PDX,2,572,5.881118881118881,2.007017543859649,356,32.10674157303371,29.690140845070424,176,136.8806818181818,136.6818181818182,nas_delay,carrier_delay,late_aircraft_delay
PDX,3,705,5.821276595744681,1.5832147937411096,484,31.793388429752067,29.80745341614907,204,140.16666666666666,138.98522167487684,nas_delay,late_aircraft_delay,carrier_delay
PDX,4,595,5.927731092436975,1.5564924114671164,493,32.48073022312373,28.512244897959185,227,153.0660792951542,150.29955947136563,nas_delay,carrier_delay,late_aircraft_delay
PDX,5,738,5.894308943089431,0.24489795918367346,620,31.088709677419356,24.909531502423263,306,146.1764705882353,142.75986842105263,nas_delay,late_aircraft_delay,carrier_delay
PDX,6,1024,6.390625,-0.8408203125,807,30.573729863692687,22.82608695652174,341,137.65982404692082,131.0235294117647,late_aircraft_delay,carrier_delay,nas_delay
PDX,7,982,6.089613034623218,1.0346938775510204,756,31.174603174603174,26.23474801061008,356,147.39606741573033,143.12359550561797,late_aircraft_delay,carrier_delay,nas_delay
PDX,8,971,5.868177136972194,1.8810754912099277,620,30.824193548387097,27.170967741935485,294,146.9795918367347,144.48464163822527,nas_delay,late_aircraft_delay,carrier_delay
PDX,9,774,5.660206718346253,1.0595084087968951,447,30.064876957494405,26.317673378076062,195,136.84102564102565,134.42487046632124,nas_delay,carrier_delay,late_aircraft_delay
PDX,10,816,5.306372549019608,0.8329238329238329,405,30.66172839506173,26.70864197530864,143,140.75524475524475,135.91608391608392,nas_delay,carrier_delay,late_aircraft_delay
PDX,11,769,5.854356306892067,0.19401041666666666,410,29.3,24.946341463414633,143,144.45454545454547,145.67832167832168,nas_delay,carrier_delay,late_aircraft_delay
PDX,12,1074,5.818435754189944,1.0326797385620916,625,29.5616,22.3184,261,143.35632183908046,135.67307692307693,nas_delay,carrier_delay,late_aircraft_delay
PGD,1,72,6.458333333333333,-3.5,84,33.76190476190476,25.93975903614458,44,134.5909090909091,133.65116279069767,late_aircraft_delay,carrier_delay,nas_delay
PGD,2,80,6.5875,6.475,68,32.5735294117647,31.220588235294116,25,195.52,204.04,nas_delay,carrier_delay,late_aircraft_delay
PGD,3,96,6.552083333333333,3.53125,109,34.00917431192661,33.018348623853214,68,155.52941176470588,153.80882352941177,late_aircraft_delay,carrier_delay,nas_delay
PGD,4,69,6.188405797101449,3.0434782608695654,34,34.911764705882355,31.939393939393938,38,163.76315789473685,160.05263157894737,carrier_delay,nas_delay,late_aircraft_delay
PGD,5,50,7.42,5.6,57,29.24561403508772,29.5,36,170.88888888888889,178.41666666666666,nas_delay,late_aircraft_delay,carrier_delay
PGD,6,64,7.234375,5.046875,58,29.517241379310345,27.224137931034484,49,141.3469387755102,146.0,nas_delay,late_aircraft_delay,carrier_delay
PGD,7,72,7.625,8.152777777777779,74,32.310810810810814,36.054054054054056,49,145.3469387755102,146.69387755102042,nas_delay,late_aircraft_delay,carrier_delay
PGD,8,39,5.333333333333333,3.4871794871794872,51,32.411764705882355,28.96,47,165.82978723404256,166.06382978723406,carrier_delay,nas_delay,late_aircraft_delay
PGD,9,28,6.5,-2.857142857142857,32,31.0,27.21875,20,133.05,131.15,carrier_delay,late_aircraft_delay,nas_delay
PGD,10,56,7.125,-1.1964285714285714,59,28.915254237288135,22.864406779661017,30,161.53333333333333,154.63333333333333,canc_B,carrier_delay,late_aircraft_delay
PGD,11,83,7.289156626506024,2.4578313253012047,54,26.51851851851852,23.814814814814813,14,126.64285714285714,123.85714285714286,carrier_delay,nas_delay,late_aircraft_delay
PGD,12,95,7.126315789473685,3.0,108,32.51851851851852,28.74074074074074,89,161.58426966292134,159.77272727272728,late_aircraft_delay,nas_delay,carrier_delay
PHL,1,952,6.1533613445378155,5.287974683544304,885,32.438418079096046,35.15340909090909,641,161.5616224648986,172.30612244897958,nas_delay,late_aircraft_delay,carrier_delay
PHL,2,884,6.222850678733032,-3.560588901472254,582,30.518900343642613,21.628227194492254,327,142.41896024464833,130.95705521472394,nas_delay,late_aircraft_delay,carrier_delay
PHL,3,1081,6.1017576318223865,-4.0148423005565865,961,30.81789802289282,21.03537981269511,572,146.01048951048952,138.03671328671328,late_aircraft_delay,carrier_delay,nas_delay
PHL,4,1128,5.995567375886525,-0.955595026642984,832,30.32451923076923,22.169675090252706,549,155.0928961748634,149.18943533697632,nas_delay,carrier_delay,late_aircraft_delay
PHL,5,1389,6.370050395968322,2.007953723788865,1191,32.21998320738875,27.826160337552743,844,147.80805687203792,143.04534606205252,nas_delay,late_aircraft_delay,carrier_delay
PHL,6,1543,6.121840570317564,-1.4067576348278104,1433,32.46336357292394,25.795087719298245,1005,160.518407960199,153.916,carrier_delay,late_aircraft_delay,nas_delay
PHL,7,1555,6.178778135048232,1.6987718164188752,1768,32.81221719457014,28.515358361774744,1487,153.82649630127773,148.2052667116813,carrier_delay,late_aircraft_delay,nas_delay
PHL,8,1732,6.2702078521939955,3.761046511627907,1752,32.4263698630137,33.25558739255014,1312,163.81631097560975,165.8415007656968,carrier_delay,nas_delay,late_aircraft_delay
PHL,9,1125,6.173333333333333,1.001779359430605,933,31.356913183279744,27.11063372717508,501,135.00798403193613,125.78842315369262,nas_delay,carrier_delay,late_aircraft_delay
PHL,10,1257,6.026252983293556,-2.194908512330947,826,30.02784503631961,21.719660194174757,408,163.7549019607843,154.11793611793613,carrier_delay,nas_delay,late_aircraft_delay
PHL,11,931,5.904403866809882,-4.1,642,32.10436137071651,21.985959438377535,357,146.18207282913164,135.44225352112676,carrier_delay,late_aircraft_delay,nas_delay
PHL,12,1319,5.996209249431387,-1.5984790874524715,1046,31.08317399617591,24.779270633397314,630,152.8111111111111,146.19551282051282,carrier_delay,nas_delay,late_aircraft_delay
PHX,1,2753,6.148928441699963,1.6774781341107872,2179,31.19458467186783,25.697513812154696,908,148.30947136563876,142.83222958057394,late_aircraft_delay,carrier_delay,nas_delay
PHX,2,2840,5.880985915492958,-0.9580098800282286,1780,29.956741573033707,23.026434195725535,549,127.72859744990893,122.77247706422018,carrier_delay,late_aircraft_delay,nas_delay
PHX,3,3500,6.007142857142857,0.49041487839771103,2588,31.48531684698609,25.693261037955075,1102,137.71869328493648,133.09636363636363,late_aircraft_delay,carrier_delay,nas_delay
PHX,4,3479,6.081920091980455,-0.8767676767676768,2340,30.616239316239316,23.306769494430164,902,131.56541019955654,123.95982142857143,carrier_delay,late_aircraft_delay,nas_delay
PHX,5,3508,6.043899657924744,-0.23875035826884494,2796,31.82331902718169,25.2268635217861,1391,131.16822429906543,124.59480894015861,late_aircraft_delay,carrier_delay,nas_delay
PHX,6,3150,6.191428571428571,1.9968152866242037,2631,31.09045990117826,26.702857142857145,1173,127.70673486786019,122.95209580838323,carrier_delay,late_aircraft_delay,nas_delay
PHX,7,2977,6.201545179711118,1.9355817875210792,2714,31.83198231392778,27.04225352112676,1562,149.47951344430217,145.34565499351493,late_aircraft_delay,carrier_delay,nas_delay
PHX,8,2720,5.94889705882353,1.4246119733924612,2053,31.555284948855334,28.19755501222494,1086,136.32872928176795,135.30475302889096,late_aircraft_delay,carrier_delay,nas_delay
PHX,9,2573,5.933151962689467,-1.0536964980544747,1638,30.721611721611723,23.087622549019606,602,130.24584717607974,123.61166666666666,carrier_delay,late_aircraft_delay,nas_delay
PHX,10,3075,5.660162601626016,0.047200520833333336,1936,30.612086776859503,24.72567287784679,771,127.39948119325551,122.82704811443433,carrier_delay,late_aircraft_delay,nas_delay
PHX,11,3032,5.880936675461742,-2.9101123595505616,1933,30.256078634247284,21.281639004149376,691,124.29811866859623,117.07871720116619,carrier_delay,late_aircraft_delay,nas_delay
PHX,12,3294,5.927747419550698,-0.8743535138424094,2294,30.83435047951177,23.841346153846153,998,130.20140280561122,123.97575757575757,carrier_delay,late_aircraft_delay,nas_delay
PIA,1,43,6.1395348837209305,-0.046511627906976744,40,30.05,29.375,37,176.72972972972974,174.55555555555554,nas_delay,late_aircraft_delay,canc_B
PIA,2,40,5.975,-2.075,12,29.916666666666668,27.916666666666668,17,157.0,144.76470588235293,carrier_delay,nas_delay,late_aircraft_delay
PIA,3,46,7.3478260869565215,-1.6956521739130435,31,30.225806451612904,27.129032258064516,30,157.33333333333334,155.66666666666666,late_aircraft_delay,nas_delay,carrier_delay
PIA,4,37,5.5675675675675675,4.45945945945946,30,31.233333333333334,29.4,19,187.94736842105263,184.57894736842104,nas_delay,late_aircraft_delay,carrier_delay
PIA,5,37,7.0,7.378378378378378,37,35.270270270270274,35.91891891891892,40,152.5,157.175,nas_delay,late_aircraft_delay,carrier_delay
PIA,6,50,7.12,2.92,53,28.471698113207548,24.943396226415093,34,185.0,180.64705882352942,late_aircraft_delay,carrier_delay,nas_delay
PIA,7,46,7.043478260869565,6.195652173913044,50,33.56,35.9,22,222.6818181818182,224.77272727272728,late_aircraft_delay,nas_delay,carrier_delay
PIA,8,41,6.073170731707317,1.146341463414634,37,31.0,27.216216216216218,25,196.12,195.2,late_aircraft_delay,nas_delay,carrier_delay
PIA,9,33,5.0,2.909090909090909,26,29.153846153846153,28.23076923076923,26,192.65384615384616,193.19230769230768,nas_delay,carrier_delay,late_aircraft_delay
PIA,10,40,6.775,2.975,31,33.064516129032256,26.903225806451612,13,169.23076923076923,153.23076923076923,carrier_delay,late_aircraft_delay,nas_delay
PIA,11,31,5.096774193548387,-5.838709677419355,31,30.870967741935484,27.70967741935484,25,158.32,153.48,late_aircraft_delay,carrier_delay,nas_delay
PIA,12,50,6.68,0.44,53,30.433962264150942,32.38461538461539,37,164.05405405405406,163.08333333333334,nas_delay,late_aircraft_delay,carrier_delay
PIB,1,6,6.666666666666667,-12.166666666666666,4,40.0,18.5,4,441.25,164.66666666666666,canc_B,late_aircraft_delay,carrier_delay
PIB,2,0,"","",4,44.5,34.25,4,141.25,130.5,late_aircraft_delay,nas_delay,carrier_delay
PIB,3,3,7.666666666666667,15.333333333333334,7,32.714285714285715,33.0,5,317.2,313.4,nas_delay,late_aircraft_delay,carrier_delay
PIB,4,3,4.666666666666667,6.333333333333333,6,29.666666666666668,26.5,2,160.5,188.5,late_aircraft_delay,nas_delay,carrier_delay
PIB,5,5,4.0,14.2,7,32.57142857142857,32.142857142857146,6,278.5,281.8333333333333,late_aircraft_delay,nas_delay,canc_B
PIB,6,6,6.0,0.8333333333333334,3,29.666666666666668,28.0,2,183.5,187.0,late_aircraft_delay,carrier_delay,nas_delay
PIB,7,2,5.5,37.5,4,25.75,27.0,7,139.57142857142858,140.71428571428572,late_aircraft_delay,carrier_delay,nas_delay
PIB,8,4,6.0,7.5,7,38.142857142857146,33.285714285714285,3,424.3333333333333,417.6666666666667,carrier_delay,late_aircraft_delay,nas_delay
PIB,9,0,"","",4,24.25,16.25,3,214.66666666666666,210.0,late_aircraft_delay,nas_delay,carrier_delay
PIB,10,6,8.166666666666666,5.5,4,33.0,26.25,4,142.0,131.5,late_aircraft_delay,nas_delay,carrier_delay
PIB,11,4,6.0,-9.25,3,38.333333333333336,43.333333333333336,2,95.5,90.5,carrier_delay,nas_delay,weather_delay
PIB,12,8,5.125,4.25,2,25.5,23.0,3,76.33333333333333,71.33333333333333,carrier_delay,late_aircraft_delay,canc_B
PIE,1,58,6.482758620689655,-1.103448275862069,66,34.015151515151516,29.484848484848484,41,181.29268292682926,175.5121951219512,late_aircraft_delay,nas_delay,carrier_delay
PIE,2,48,6.770833333333333,5.083333333333333,63,30.80952380952381,29.919354838709676,33,139.6060606060606,143.12121212121212,nas_delay,late_aircraft_delay,carrier_delay
PIE,3,74,6.3108108108108105,4.945945945945946,100,32.08,32.47,40,141.3,137.2,late_aircraft_delay,nas_delay,carrier_delay
PIE,4,52,6.019230769230769,3.269230769230769,51,33.372549019607845,30.352941176470587,24,152.0,149.625,nas_delay,carrier_delay,late_aircraft_delay
PIE,5,83,6.180722891566265,3.9518072289156625,93,30.333333333333332,27.666666666666668,53,190.49056603773585,189.0943396226415,nas_delay,late_aircraft_delay,carrier_delay
PIE,6,117,6.82051282051282,6.085470085470085,132,33.11363636363637,32.75757575757576,86,149.17441860465115,153.1529411764706,nas_delay,late_aircraft_delay,carrier_delay
PIE,7,140,6.307142857142857,4.764285714285714,176,34.19886363636363,34.05113636363637,116,132.67241379310346,133.4695652173913,nas_delay,weather_delay,late_aircraft_delay
PIE,8,71,8.112676056338028,3.8857142857142857,83,32.433734939759034,31.27710843373494,71,163.32394366197184,164.7,nas_delay,weather_delay,carrier_delay
PIE,9,44,7.045454545454546,5.613636363636363,60,28.8,25.45,29,183.75862068965517,183.3448275862069,carrier_delay,nas_delay,late_aircraft_delay
PIE,10,54,6.148148148148148,1.528301886792453,47,31.53191489361702,26.23404255319149,22,143.4090909090909,138.54545454545453,canc_B,nas_delay,carrier_delay
PIE,11,59,5.796610169491525,6.9491525423728815,58,27.82758620689655,28.56896551724138,28,123.96428571428571,125.21428571428571,nas_delay,carrier_delay,late_aircraft_delay
PIE,12,87,6.7011494252873565,5.069767441860465,108,30.36111111111111,30.14814814814815,77,135.80519480519482,139.57142857142858,late_aircraft_delay,nas_delay,carrier_delay
PIH,1,3,1.6666666666666667,24.333333333333332,2,32.5,31.5,2,101.5,105.0,weather_delay,nas_delay,carrier_delay
PIH,2,1,3.0,10.0,0,"","",1,240.0,230.0,carrier_delay,Nessuna,Nessuna
PIH,3,2,4.5,10.5,0,"","",3,133.0,130.33333333333334,weather_delay,carrier_delay,nas_delay
PIH,4,0,"","",0,"","",4,136.0,122.5,carrier_delay,weather_delay,Nessuna
PIH,5,5,4.6,-4.2,1,43.0,29.0,4,103.25,96.0,carrier_delay,weather_delay,Nessuna
PIH,6,3,5.333333333333333,-2.3333333333333335,2,24.5,21.5,4,137.0,133.0,carrier_delay,Nessuna,Nessuna
PIH,7,1,1.0,-2.0,1,53.0,50.0,2,97.0,89.5,carrier_delay,Nessuna,Nessuna
PIH,8,1,3.0,0.0,0,"","",2,71.0,62.0,weather_delay,carrier_delay,Nessuna
PIH,9,1,8.0,-1.0,0,"","",1,255.0,247.0,carrier_delay,Nessuna,Nessuna
PIH,10,0,"","",1,18.0,5.0,0,"","",carrier_delay,Nessuna,Nessuna
PIH,11,1,7.0,10.0,0,"","",0,"","",carrier_delay,Nessuna,Nessuna
PIH,12,1,1.0,-24.0,3,29.333333333333332,25.0,0,"","",carrier_delay,nas_delay,weather_delay
PIT,1,453,5.821192052980132,3.0022075055187636,310,31.358064516129033,27.954692556634303,184,175.34782608695653,174.70108695652175,nas_delay,late_aircraft_delay,carrier_delay
PIT,2,336,5.294642857142857,-3.5952380952380953,250,30.648,20.28,106,147.5943396226415,143.78301886792454,nas_delay,late_aircraft_delay,carrier_delay
PIT,3,448,5.84375,-0.9910514541387024,364,30.195054945054945,24.0633608815427,212,151.17924528301887,147.78301886792454,nas_delay,late_aircraft_delay,carrier_delay
PIT,4,448,6.058035714285714,1.9865771812080537,342,31.0906432748538,25.01466275659824,163,177.19018404907976,174.88819875776397,nas_delay,late_aircraft_delay,carrier_delay
PIT,5,545,6.271559633027523,4.080733944954129,475,31.749473684210525,29.076271186440678,294,145.13945578231292,147.08532423208192,nas_delay,late_aircraft_delay,carrier_delay
PIT,6,575,5.886956521739131,1.7486910994764397,521,32.45873320537428,28.848076923076924,306,140.27777777777777,136.95081967213116,late_aircraft_delay,nas_delay,carrier_delay
PIT,7,585,6.225641025641026,2.6821305841924397,568,31.7693661971831,29.40989399293286,399,150.04010025062658,150.27638190954775,late_aircraft_delay,nas_delay,carrier_delay
PIT,8,576,6.265625,2.947735191637631,475,33.23157894736842,31.503171247357294,333,163.0900900900901,162.99698795180723,nas_delay,late_aircraft_delay,carrier_delay
PIT,9,419,5.677804295942721,0.15035799522673032,275,30.607272727272726,26.766423357664234,129,174.015503875969,167.7906976744186,nas_delay,carrier_delay,late_aircraft_delay
PIT,10,560,5.678571428571429,-4.371428571428571,275,28.28727272727273,18.727272727272727,114,158.16666666666666,151.5,nas_delay,carrier_delay,late_aircraft_delay
PIT,11,441,5.526077097505669,-2.3560090702947845,239,29.761506276150627,23.373949579831933,112,110.13392857142857,107.5625,nas_delay,carrier_delay,late_aircraft_delay
PIT,12,659,5.921092564491654,0.624048706240487,418,30.916267942583733,25.968824940047963,211,141.3222748815166,139.31578947368422,nas_delay,carrier_delay,late_aircraft_delay
PLN,1,1,8.0,-12.0,5,34.0,26.0,8,277.375,271.375,canc_B,carrier_delay,weather_delay
PLN,2,0,"","",1,28.0,1.0,5,149.6,135.0,carrier_delay,weather_delay,nas_delay
PLN,3,2,4.5,-0.5,4,32.5,26.0,3,157.66666666666666,144.33333333333334,carrier_delay,weather_delay,nas_delay
PLN,4,3,8.333333333333334,-0.3333333333333333,3,22.333333333333332,27.666666666666668,10,133.6,136.1,carrier_delay,nas_delay,weather_delay
PLN,5,2,7.0,-5.5,7,39.57142857142857,31.142857142857142,8,174.25,171.25,carrier_delay,weather_delay,nas_delay
PLN,6,4,5.75,2.5,10,38.2,33.6,10,134.2,130.9,carrier_delay,weather_delay,nas_delay
PLN,7,5,4.2,-6.8,13,31.384615384615383,25.384615384615383,14,103.92857142857143,98.35714285714286,carrier_delay,nas_delay,weather_delay
PLN,8,12,5.583333333333333,4.083333333333333,7,36.714285714285715,33.0,11,116.9090909090909,108.27272727272727,carrier_delay,weather_delay,nas_delay
PLN,9,4,5.25,0.75,4,38.5,32.5,5,246.2,242.6,carrier_delay,nas_delay,weather_delay
PLN,10,3,4.666666666666667,2.0,4,38.75,28.25,3,228.0,225.0,carrier_delay,nas_delay,weather_delay
PLN,11,4,6.5,14.0,3,27.666666666666668,23.0,7,167.85714285714286,166.85714285714286,carrier_delay,nas_delay,security_delay
PLN,12,4,7.75,-5.75,7,36.714285714285715,32.0,5,218.6,213.0,carrier_delay,nas_delay,canc_B
PNS,1,118,6.762711864406779,3.0762711864406778,99,30.585858585858585,27.11111111111111,77,170.2207792207792,166.8,late_aircraft_delay,nas_delay,carrier_delay
PNS,2,89,6.325842696629214,2.146067415730337,74,29.594594594594593,23.027027027027028,41,247.0487804878049,247.0,late_aircraft_delay,nas_delay,carrier_delay
PNS,3,140,6.692857142857143,2.0575539568345325,163,32.90184049079755,26.33128834355828,87,158.98850574712642,158.816091954023,late_aircraft_delay,nas_delay,carrier_delay
PNS,4,167,6.191616766467066,3.783132530120482,121,32.396694214876035,26.375,70,206.4,204.5,late_aircraft_delay,nas_delay,carrier_delay
PNS,5,188,6.335106382978723,5.074866310160428,198,32.45454545454545,30.62121212121212,159,197.0251572327044,198.79746835443038,late_aircraft_delay,nas_delay,carrier_delay
PNS,6,212,6.44811320754717,2.4056603773584904,205,31.98048780487805,27.04433497536946,115,176.12173913043478,172.52631578947367,late_aircraft_delay,nas_delay,carrier_delay
PNS,7,198,6.888888888888889,4.005050505050505,243,31.925925925925927,26.673553719008265,187,174.46524064171123,175.13513513513513,late_aircraft_delay,nas_delay,carrier_delay
PNS,8,151,7.039735099337748,3.2550335570469797,133,33.03007518796993,30.19083969465649,74,182.77027027027026,182.02702702702703,late_aircraft_delay,nas_delay,carrier_delay
PNS,9,134,5.850746268656716,0.8208955223880597,92,29.92391304347826,26.369565217391305,37,147.35135135135135,141.13513513513513,late_aircraft_delay,nas_delay,carrier_delay
PNS,10,165,5.4363636363636365,-0.28484848484848485,92,28.391304347826086,22.934782608695652,31,175.96774193548387,172.29032258064515,carrier_delay,late_aircraft_delay,nas_delay
PNS,11,125,5.84,-0.384,67,28.970149253731343,22.70149253731343,27,167.14814814814815,174.22222222222223,late_aircraft_delay,nas_delay,carrier_delay
PNS,12,157,5.929936305732484,-0.6730769230769231,135,33.74074074074074,30.548148148148147,75,182.53333333333333,182.17567567567568,late_aircraft_delay,carrier_delay,nas_delay
PPG,1,2,9.0,6.0,2,32.5,32.5,0,"","",late_aircraft_delay,carrier_delay,Nessuna
PPG,2,1,4.0,-7.0,4,26.0,28.25,0,"","",carrier_delay,late_aircraft_delay,Nessuna
PPG,3,4,2.0,-10.25,0,"","",0,"","",carrier_delay,Nessuna,Nessuna
PPG,4,3,4.666666666666667,21.0,2,42.0,37.5,0,"","",carrier_delay,late_aircraft_delay,Nessuna
PPG,5,7,7.0,8.285714285714286,1,50.0,42.0,0,"","",carrier_delay,late_aircraft_delay,Nessuna
PPG,6,1,7.0,4.0,2,31.0,32.0,1,70.0,66.0,carrier_delay,late_aircraft_delay,Nessuna
PPG,7,6,9.5,5.666666666666667,3,23.0,16.0,1,1087.0,1088.0,carrier_delay,late_aircraft_delay,Nessuna
PPG,8,3,3.3333333333333335,-14.0,0,"","",3,248.66666666666666,236.66666666666666,late_aircraft_delay,carrier_delay,Nessuna
PPG,9,4,7.5,-5.5,1,21.0,9.0,1,123.0,127.0,carrier_delay,Nessuna,Nessuna
PPG,10,6,8.5,-2.6666666666666665,0,"","",0,"","",Nessuna,Nessuna,Nessuna
PPG,11,3,10.333333333333334,-2.0,3,15.666666666666666,8.333333333333334,0,"","",Nessuna,Nessuna,Nessuna
PPG,12,1,9.0,-3.0,0,"","",0,"","",Nessuna,Nessuna,Nessuna
PQI,9,4,4.75,-3.25,3,28.0,15.333333333333334,1,575.0,564.0,carrier_delay,Nessuna,Nessuna
PQI,10,6,5.0,-1.3333333333333333,4,18.0,12.25,0,"","",carrier_delay,nas_delay,Nessuna
PQI,11,3,5.666666666666667,16.333333333333332,4,23.0,9.5,0,"","",nas_delay,carrier_delay,Nessuna
PQI,12,5,4.8,9.0,1,16.0,20.0,2,138.5,130.5,nas_delay,carrier_delay,security_delay
PRC,1,6,6.333333333333333,0.6666666666666666,5,29.4,18.8,5,187.6,184.2,nas_delay,late_aircraft_delay,carrier_delay
PRC,2,3,5.0,-4.333333333333333,6,28.833333333333332,23.5,6,432.1666666666667,422.8333333333333,carrier_delay,nas_delay,late_aircraft_delay
PRC,3,6,9.5,6.5,3,32.666666666666664,28.333333333333332,6,145.5,134.0,carrier_delay,nas_delay,late_aircraft_delay
PRC,4,4,6.75,29.5,6,31.666666666666668,34.666666666666664,7,362.57142857142856,356.42857142857144,carrier_delay,nas_delay,late_aircraft_delay
PRC,5,3,5.0,1.3333333333333333,10,29.8,31.8,7,244.0,241.14285714285714,nas_delay,weather_delay,carrier_delay
PRC,6,9,6.444444444444445,1.3333333333333333,6,35.166666666666664,31.333333333333332,9,104.22222222222223,110.88888888888889,nas_delay,carrier_delay,late_aircraft_delay
PRC,7,9,6.555555555555555,-8.777777777777779,7,35.142857142857146,28.142857142857142,7,127.28571428571429,125.71428571428571,carrier_delay,late_aircraft_delay,nas_delay
PRC,8,2,9.0,6.0,9,28.666666666666668,29.444444444444443,17,276.6470588235294,271.70588235294116,nas_delay,carrier_delay,late_aircraft_delay
PRC,9,7,6.142857142857143,0.8333333333333334,4,27.25,19.5,1,179.0,177.0,carrier_delay,late_aircraft_delay,nas_delay
PRC,10,3,8.666666666666666,7.0,3,37.0,33.0,4,442.25,444.75,carrier_delay,nas_delay,late_aircraft_delay
PRC,11,3,4.666666666666667,-2.0,6,46.666666666666664,45.0,4,118.75,107.5,carrier_delay,late_aircraft_delay,nas_delay
PRC,12,4,4.75,-4.75,4,44.75,32.5,7,136.42857142857142,132.71428571428572,carrier_delay,late_aircraft_delay,nas_delay
PSC,1,37,6.027027027027027,6.162162162162162,40,29.175,32.075,51,177.11764705882354,174.27450980392157,nas_delay,weather_delay,carrier_delay
PSC,2,22,6.090909090909091,-1.3333333333333333,27,32.666666666666664,30.333333333333332,14,169.92857142857142,159.57142857142858,carrier_delay,nas_delay,late_aircraft_delay
PSC,3,20,4.8,-2.6,21,35.04761904761905,30.38095238095238,10,110.9,113.7,carrier_delay,nas_delay,late_aircraft_delay
PSC,4,21,7.238095238095238,2.0952380952380953,34,28.441176470588236,25.529411764705884,9,107.55555555555556,103.77777777777777,nas_delay,carrier_delay,late_aircraft_delay
PSC,5,37,6.108108108108108,0.08108108108108109,30,28.9,24.4,15,117.6,115.06666666666666,nas_delay,carrier_delay,late_aircraft_delay
PSC,6,39,6.333333333333333,5.897435897435898,39,29.205128205128204,27.846153846153847,18,154.88888888888889,147.44444444444446,carrier_delay,nas_delay,late_aircraft_delay
PSC,7,60,5.283333333333333,2.966666666666667,49,30.3265306122449,27.755102040816325,18,300.6666666666667,300.6111111111111,carrier_delay,nas_delay,late_aircraft_delay
PSC,8,52,5.884615384615385,6.8076923076923075,39,30.743589743589745,32.84615384615385,16,121.8125,122.5,nas_delay,carrier_delay,late_aircraft_delay
PSC,9,36,5.583333333333333,0.1388888888888889,28,33.107142857142854,27.071428571428573,20,160.05,157.3,carrier_delay,nas_delay,weather_delay
PSC,10,45,6.155555555555556,1.9555555555555555,25,30.84,23.8,22,95.18181818181819,85.04545454545455,carrier_delay,nas_delay,late_aircraft_delay
PSC,11,58,5.827586206896552,0.7413793103448276,44,30.15909090909091,22.431818181818183,16,132.9375,132.93333333333334,carrier_delay,nas_delay,late_aircraft_delay
PSC,12,59,6.305084745762712,1.3620689655172413,47,30.893617021276597,24.27659574468085,38,184.44736842105263,174.31578947368422,carrier_delay,nas_delay,weather_delay
PSE,1,13,5.923076923076923,7.615384615384615,7,31.285714285714285,29.857142857142858,9,189.77777777777777,194.66666666666666,nas_delay,carrier_delay,late_aircraft_delay
PSE,2,5,7.2,4.0,12,40.666666666666664,38.416666666666664,0,"","",late_aircraft_delay,nas_delay,carrier_delay
PSE,3,7,3.5714285714285716,0.8571428571428571,13,26.923076923076923,23.384615384615383,9,133.88888888888889,133.11111111111111,late_aircraft_delay,nas_delay,carrier_delay
PSE,4,13,5.615384615384615,1.9230769230769231,7,39.57142857142857,28.857142857142858,8,107.125,91.71428571428571,late_aircraft_delay,nas_delay,carrier_delay
PSE,5,9,6.111111111111111,-2.0,14,33.214285714285715,26.357142857142858,6,98.83333333333333,87.0,late_aircraft_delay,nas_delay,carrier_delay
PSE,6,7,5.142857142857143,3.4285714285714284,12,38.75,31.666666666666668,10,158.0,144.9,late_aircraft_delay,carrier_delay,nas_delay
PSE,7,11,9.090909090909092,0.6363636363636364,11,33.54545454545455,25.818181818181817,12,107.91666666666667,97.0,late_aircraft_delay,carrier_delay,nas_delay
PSE,8,13,5.0,-2.3076923076923075,9,32.666666666666664,28.22222222222222,15,117.46666666666667,111.46666666666667,late_aircraft_delay,nas_delay,carrier_delay
PSE,9,1,6.0,28.0,2,30.0,16.5,1,75.0,69.0,late_aircraft_delay,nas_delay,carrier_delay
PSE,10,3,6.0,-0.3333333333333333,2,18.5,21.5,1,79.0,58.0,canc_B,late_aircraft_delay,nas_delay
PSE,11,4,8.25,2.0,1,36.0,27.0,1,71.0,69.0,late_aircraft_delay,carrier_delay,Nessuna
PSE,12,12,7.916666666666667,6.083333333333333,11,28.0,23.454545454545453,6,203.5,198.16666666666666,late_aircraft_delay,nas_delay,carrier_delay
PSG,1,8,6.625,8.428571428571429,10,37.0,47.2,2,88.0,86.0,late_aircraft_delay,nas_delay,weather_delay
PSG,2,5,6.2,3.6,5,31.2,29.5,1,211.0,211.0,late_aircraft_delay,canc_B,nas_delay
PSG,3,4,8.5,12.75,3,36.0,39.0,2,120.0,116.5,late_aircraft_delay,nas_delay,Nessuna
PSG,4,7,6.714285714285714,5.857142857142857,6,33.666666666666664,39.833333333333336,2,214.0,75.0,late_aircraft_delay,nas_delay,Nessuna
PSG,5,13,4.076923076923077,3.3076923076923075,11,27.90909090909091,29.181818181818183,3,186.66666666666666,183.0,late_aircraft_delay,nas_delay,carrier_delay
PSG,6,14,5.5,4.071428571428571,7,30.285714285714285,27.714285714285715,2,94.5,97.0,late_aircraft_delay,nas_delay,carrier_delay
PSG,7,15,7.0,5.333333333333333,6,34.166666666666664,32.0,0,"","",late_aircraft_delay,carrier_delay,nas_delay
PSG,8,8,3.625,1.0,10,30.0,28.4,3,137.66666666666666,147.0,late_aircraft_delay,nas_delay,canc_B
PSG,9,3,8.666666666666666,22.333333333333332,5,22.4,18.0,1,209.0,207.0,late_aircraft_delay,nas_delay,security_delay
PSG,10,2,5.0,2.5,3,42.333333333333336,48.666666666666664,2,117.5,117.0,late_aircraft_delay,nas_delay,canc_B
PSG,11,5,8.8,8.2,2,39.5,49.5,2,153.0,231.0,carrier_delay,late_aircraft_delay,nas_delay
PSG,12,5,8.0,10.6,1,36.0,30.0,6,99.83333333333333,111.0,late_aircraft_delay,nas_delay,canc_B
PSM,1,3,7.0,-6.333333333333333,4,28.75,15.5,4,296.5,312.25,nas_delay,carrier_delay,late_aircraft_delay
PSM,2,4,9.75,-4.5,4,24.5,1.0,1,1075.0,1048.0,nas_delay,carrier_delay,late_aircraft_delay
PSM,3,5,3.6,2.6,2,38.0,45.0,4,170.0,164.0,late_aircraft_delay,nas_delay,carrier_delay
PSM,4,8,4.625,-13.125,5,24.0,16.8,3,122.66666666666667,154.33333333333334,nas_delay,late_aircraft_delay,carrier_delay
PSM,5,9,7.0,-1.7777777777777777,2,43.0,39.5,3,164.0,172.66666666666666,nas_delay,carrier_delay,late_aircraft_delay
PSM,6,2,5.5,5.5,3,45.0,56.0,3,134.0,127.33333333333333,late_aircraft_delay,nas_delay,carrier_delay
PSM,7,4,6.25,31.0,4,47.25,43.75,4,155.0,144.5,late_aircraft_delay,nas_delay,carrier_delay
PSM,8,4,3.0,-10.25,1,35.0,18.0,5,375.0,371.2,carrier_delay,late_aircraft_delay,weather_delay
PSM,9,2,9.0,2.5,3,28.333333333333332,7.666666666666667,2,138.0,126.5,late_aircraft_delay,nas_delay,weather_delay
PSM,10,6,4.5,-1.6666666666666667,1,46.0,35.0,1,110.0,105.0,carrier_delay,nas_delay,canc_B
PSM,11,4,3.75,-3.5,2,28.5,11.0,0,"","",late_aircraft_delay,Nessuna,Nessuna
PSM,12,5,4.8,-11.2,4,41.25,21.0,3,114.66666666666667,105.33333333333333,late_aircraft_delay,nas_delay,carrier_delay
PSP,1,161,5.838509316770186,1.2111801242236024,144,32.625,30.03472222222222,98,130.8877551020408,126.18367346938776,nas_delay,late_aircraft_delay,carrier_delay
PSP,2,200,6.06,-0.6633165829145728,190,31.278947368421054,24.675531914893618,100,156.35,155.49,nas_delay,carrier_delay,late_aircraft_delay
PSP,3,296,6.726351351351352,1.7118644067796611,268,31.690298507462686,28.775280898876403,122,155.672131147541,152.1,nas_delay,late_aircraft_delay,carrier_delay
PSP,4,248,6.44758064516129,3.2448979591836733,198,31.085858585858585,30.370558375634516,100,154.77,149.05050505050505,nas_delay,late_aircraft_delay,carrier_delay
PSP,5,160,5.98125,1.6540880503144655,148,33.439189189189186,30.020408163265305,75,151.74666666666667,148.77027027027026,nas_delay,late_aircraft_delay,carrier_delay
PSP,6,82,5.878048780487805,2.814814814814815,69,33.7536231884058,29.782608695652176,37,120.78378378378379,121.48648648648648,carrier_delay,nas_delay,late_aircraft_delay
PSP,7,76,7.052631578947368,4.2894736842105265,69,33.36231884057971,32.411764705882355,39,139.97435897435898,138.46153846153845,nas_delay,carrier_delay,late_aircraft_delay
PSP,8,64,6.421875,4.5625,73,33.78082191780822,32.054794520547944,33,136.06060606060606,140.21875,nas_delay,carrier_delay,late_aircraft_delay
PSP,9,64,6.3125,1.828125,69,32.91304347826087,32.20289855072464,29,103.82758620689656,98.93103448275862,nas_delay,carrier_delay,late_aircraft_delay
PSP,10,126,6.0476190476190474,2.4047619047619047,77,33.90909090909091,29.86842105263158,42,167.64285714285714,166.4047619047619,nas_delay,carrier_delay,late_aircraft_delay
PSP,11,169,5.863905325443787,2.7218934911242605,114,30.75438596491228,27.464912280701753,46,145.5,149.62222222222223,nas_delay,carrier_delay,late_aircraft_delay
PSP,12,189,6.571428571428571,2.7195767195767195,150,30.753333333333334,26.892617449664428,68,176.2941176470588,171.97058823529412,carrier_delay,nas_delay,late_aircraft_delay
PVD,1,135,6.222222222222222,0.849624060150376,121,30.429752066115704,27.316666666666666,91,161.6153846153846,166.21978021978023,nas_delay,late_aircraft_delay,carrier_delay
PVD,2,127,5.590551181102362,-5.874015748031496,74,26.66216216216216,19.405405405405407,26,164.57692307692307,156.15384615384616,nas_delay,late_aircraft_delay,carrier_delay
PVD,3,154,5.5064935064935066,-2.3398692810457518,105,31.761904761904763,27.133333333333333,63,159.73015873015873,157.33333333333334,late_aircraft_delay,nas_delay,carrier_delay
PVD,4,186,5.672043010752688,-4.43010752688172,103,30.961165048543688,24.88118811881188,62,168.5483870967742,167.38709677419354,late_aircraft_delay,carrier_delay,nas_delay
PVD,5,195,5.9282051282051285,-1.3435897435897435,163,32.24539877300614,25.487654320987655,116,169.30172413793105,167.00862068965517,late_aircraft_delay,carrier_delay,nas_delay
PVD,6,188,6.25531914893617,-0.6470588235294118,157,30.280254777070063,24.69871794871795,105,203.88571428571427,200.71428571428572,late_aircraft_delay,nas_delay,carrier_delay
PVD,7,221,6.126696832579186,1.3772727272727272,188,31.97340425531915,29.845744680851062,168,187.16666666666666,185.64457831325302,late_aircraft_delay,nas_delay,carrier_delay
PVD,8,239,5.510460251046025,1.7669491525423728,175,31.885714285714286,32.367816091954026,119,176.92436974789916,179.05882352941177,nas_delay,late_aircraft_delay,carrier_delay
PVD,9,153,5.790849673202614,0.5228758169934641,97,26.7319587628866,22.989583333333332,50,170.0,164.68,nas_delay,carrier_delay,late_aircraft_delay
PVD,10,209,5.746411483253588,-3.3076923076923075,113,29.646017699115045,22.43362831858407,42,186.07142857142858,176.23809523809524,carrier_delay,late_aircraft_delay,nas_delay
PVD,11,192,5.921875,-5.604166666666667,90,30.533333333333335,17.818181818181817,38,136.57894736842104,122.21052631578948,late_aircraft_delay,carrier_delay,nas_delay
PVD,12,231,6.6147186147186146,1.12987012987013,154,32.5,27.947712418300654,73,174.78082191780823,169.04109589041096,nas_delay,late_aircraft_delay,carrier_delay
PVU,1,20,8.75,-1.2,17,33.529411764705884,21.235294117647058,10,173.8,173.1,carrier_delay,nas_delay,weather_delay
PVU,2,16,6.125,-3.3125,8,33.125,21.25,3,178.66666666666666,163.33333333333334,carrier_delay,nas_delay,late_aircraft_delay
PVU,3,22,6.181818181818182,-2.6363636363636362,14,37.785714285714285,35.357142857142854,13,283.46153846153845,286.38461538461536,nas_delay,carrier_delay,late_aircraft_delay
PVU,4,9,3.888888888888889,-1.3333333333333333,8,34.5,33.75,8,188.875,186.5,carrier_delay,nas_delay,late_aircraft_delay
PVU,5,20,7.15,9.0,14,28.071428571428573,20.857142857142858,6,134.83333333333334,134.0,nas_delay,carrier_delay,late_aircraft_delay
PVU,6,19,4.894736842105263,1.7894736842105263,14,32.0,32.214285714285715,9,196.11111111111111,196.44444444444446,carrier_delay,nas_delay,late_aircraft_delay
PVU,7,18,5.222222222222222,4.055555555555555,18,35.0,32.333333333333336,20,248.1,246.4,carrier_delay,nas_delay,late_aircraft_delay
PVU,8,12,6.166666666666667,6.416666666666667,9,33.888888888888886,33.888888888888886,3,115.66666666666667,126.33333333333333,nas_delay,carrier_delay,late_aircraft_delay
PVU,9,14,8.0,6.0,10,32.4,30.6,11,113.36363636363636,115.54545454545455,carrier_delay,nas_delay,late_aircraft_delay
PVU,10,23,6.3478260869565215,6.260869565217392,20,31.85,27.15,23,170.7826086956522,176.52173913043478,carrier_delay,nas_delay,late_aircraft_delay
PVU,11,37,7.648648648648648,1.6216216216216217,35,35.2,28.457142857142856,29,191.89655172413794,193.53571428571428,carrier_delay,nas_delay,late_aircraft_delay
PVU,12,38,4.815789473684211,-3.710526315789474,29,34.827586206896555,23.88888888888889,22,263.90909090909093,250.6818181818182,carrier_delay,nas_delay,late_aircraft_delay
PWM,1,85,6.023529411764706,-1.9047619047619047,61,31.524590163934427,28.540983606557376,49,251.75510204081633,256.61224489795916,nas_delay,late_aircraft_delay,carrier_delay
PWM,2,78,6.705128205128205,-7.0256410256410255,46,26.456521739130434,9.065217391304348,17,238.23529411764707,226.05882352941177,late_aircraft_delay,carrier_delay,nas_delay
PWM,3,71,6.23943661971831,-4.704225352112676,45,29.22222222222222,20.386363636363637,40,174.575,166.25641025641025,late_aircraft_delay,nas_delay,carrier_delay
PWM,4,72,6.5,1.4027777777777777,50,33.5,27.08,30,230.66666666666666,234.23333333333332,nas_delay,late_aircraft_delay,carrier_delay
PWM,5,95,6.410526315789474,1.0105263157894737,84,33.44047619047619,28.476190476190474,54,197.40740740740742,190.59259259259258,late_aircraft_delay,carrier_delay,nas_delay
PWM,6,160,6.8875,5.725,151,34.12582781456954,33.16,117,172.89743589743588,171.31623931623932,late_aircraft_delay,nas_delay,carrier_delay
PWM,7,212,6.09433962264151,3.444976076555024,188,32.06382978723404,33.96808510638298,130,166.63846153846154,167.0390625,late_aircraft_delay,nas_delay,carrier_delay
PWM,8,223,6.331838565022421,3.665158371040724,201,29.895522388059703,31.54228855721393,115,167.5304347826087,170.37719298245614,nas_delay,late_aircraft_delay,carrier_delay
PWM,9,174,6.086206896551724,0.735632183908046,108,31.5,24.981308411214954,55,232.4909090909091,226.14545454545456,nas_delay,late_aircraft_delay,carrier_delay
PWM,10,213,6.295774647887324,-2.511737089201878,135,31.68888888888889,22.696296296296296,71,203.25352112676057,192.74285714285713,carrier_delay,late_aircraft_delay,nas_delay
PWM,11,81,5.419753086419753,-2.345679012345679,77,29.584415584415584,18.16883116883117,37,146.16216216216216,134.32432432432432,carrier_delay,nas_delay,late_aircraft_delay
PWM,12,96,6.291666666666667,-0.34375,82,28.9390243902439,18.804878048780488,51,247.45098039215685,242.76470588235293,nas_delay,late_aircraft_delay,carrier_delay
RAP,1,30,6.0,0.8,26,37.30769230769231,34.61538461538461,25,181.84,169.64,carrier_delay,nas_delay,weather_delay
RAP,2,29,6.0344827586206895,6.896551724137931,14,33.357142857142854,31.071428571428573,24,396.6666666666667,388.25,nas_delay,carrier_delay,late_aircraft_delay
RAP,3,26,4.884615384615385,-3.0,22,31.136363636363637,25.954545454545453,19,167.31578947368422,162.31578947368422,nas_delay,carrier_delay,late_aircraft_delay
RAP,4,32,4.71875,2.71875,27,30.59259259259259,24.77777777777778,16,155.375,153.0,nas_delay,carrier_delay,weather_delay
RAP,5,44,5.795454545454546,-2.5,28,32.107142857142854,26.571428571428573,37,150.21621621621622,145.7027027027027,nas_delay,carrier_delay,late_aircraft_delay
RAP,6,71,6.126760563380282,0.8732394366197183,81,31.54320987654321,26.825,50,173.78,171.72,carrier_delay,late_aircraft_delay,nas_delay
RAP,7,113,5.725663716814159,5.1946902654867255,101,33.24752475247525,32.09,53,169.67924528301887,166.37254901960785,nas_delay,carrier_delay,late_aircraft_delay
RAP,8,102,6.470588235294118,4.568627450980392,72,31.73611111111111,29.314285714285713,31,178.51612903225808,178.16129032258064,nas_delay,carrier_delay,late_aircraft_delay
RAP,9,65,5.461538461538462,0.3076923076923077,54,28.685185185185187,25.0,16,276.25,270.9375,carrier_delay,nas_delay,late_aircraft_delay
RAP,10,58,6.017241379310345,-1.4137931034482758,28,28.75,18.357142857142858,18,135.33333333333334,130.1764705882353,nas_delay,carrier_delay,late_aircraft_delay
RAP,11,49,6.551020408163265,3.306122448979592,30,30.366666666666667,20.9,32,134.46875,131.28125,nas_delay,carrier_delay,late_aircraft_delay
RAP,12,84,5.988095238095238,3.9285714285714284,26,29.076923076923077,20.384615384615383,33,174.0909090909091,165.06060606060606,carrier_delay,nas_delay,late_aircraft_delay
RDD,1,4,6.5,-5.0,4,19.75,4.0,5,207.8,204.4,late_aircraft_delay,nas_delay,carrier_delay
RDD,2,7,6.142857142857143,-0.42857142857142855,7,38.0,31.714285714285715,3,143.33333333333334,140.0,carrier_delay,nas_delay,late_aircraft_delay
RDD,3,13,5.076923076923077,2.5384615384615383,3,32.333333333333336,25.333333333333332,2,246.0,238.5,carrier_delay,nas_delay,canc_B
RDD,4,7,6.714285714285714,6.285714285714286,6,35.5,33.0,2,109.0,105.0,nas_delay,carrier_delay,late_aircraft_delay
RDD,5,13,5.3076923076923075,9.846153846153847,12,28.25,35.416666666666664,5,245.6,243.8,nas_delay,late_aircraft_delay,carrier_delay
RDD,6,22,5.954545454545454,2.409090909090909,16,30.125,24.375,7,206.85714285714286,203.28571428571428,late_aircraft_delay,nas_delay,carrier_delay
RDD,7,14,6.571428571428571,9.214285714285714,12,38.083333333333336,30.666666666666668,8,143.25,135.875,late_aircraft_delay,nas_delay,carrier_delay
RDD,8,11,8.181818181818182,4.454545454545454,12,33.333333333333336,38.5,9,146.55555555555554,137.44444444444446,nas_delay,late_aircraft_delay,carrier_delay
RDD,9,11,5.0,0.36363636363636365,15,28.4,33.06666666666667,7,216.0,210.14285714285714,nas_delay,late_aircraft_delay,carrier_delay
RDD,10,8,4.375,2.125,13,34.61538461538461,31.76923076923077,11,300.45454545454544,290.3636363636364,carrier_delay,nas_delay,late_aircraft_delay
RDD,11,19,7.0,3.5789473684210527,12,33.833333333333336,35.0,9,276.1111111111111,276.3333333333333,nas_delay,late_aircraft_delay,carrier_delay
RDD,12,12,5.083333333333333,1.5833333333333333,13,25.615384615384617,26.692307692307693,11,157.36363636363637,151.54545454545453,carrier_delay,nas_delay,late_aircraft_delay
RDM,1,66,6.7727272727272725,1.893939393939394,52,30.326923076923077,39.80769230769231,67,298.5970149253731,303.07575757575756,nas_delay,weather_delay,carrier_delay
RDM,2,59,6.0508474576271185,4.915254237288136,56,31.0,40.07142857142857,48,258.3958333333333,260.8125,nas_delay,carrier_delay,weather_delay
RDM,3,64,6.046875,5.71875,65,32.753846153846155,28.815384615384616,39,177.87179487179486,175.02564102564102,nas_delay,carrier_delay,late_aircraft_delay
RDM,4,40,5.975,2.625,35,35.457142857142856,36.94285714285714,32,212.65625,212.90625,nas_delay,carrier_delay,late_aircraft_delay
RDM,5,39,6.897435897435898,0.6578947368421053,53,33.301886792452834,28.923076923076923,22,239.4090909090909,233.6818181818182,nas_delay,carrier_delay,late_aircraft_delay
RDM,6,69,6.927536231884058,1.681159420289855,56,28.678571428571427,24.892857142857142,31,131.51612903225808,129.51612903225808,carrier_delay,nas_delay,late_aircraft_delay
RDM,7,83,5.481927710843373,0.37349397590361444,84,31.023809523809526,27.16867469879518,45,167.88888888888889,165.5681818181818,carrier_delay,nas_delay,late_aircraft_delay
RDM,8,70,6.214285714285714,6.028985507246377,51,32.372549019607845,32.01960784313726,32,250.78125,249.75,nas_delay,carrier_delay,late_aircraft_delay
RDM,9,83,6.783132530120482,7.096385542168675,43,30.41860465116279,31.511627906976745,30,156.13333333333333,158.2,nas_delay,carrier_delay,late_aircraft_delay
RDM,10,62,5.709677419354839,4.564516129032258,36,35.72222222222222,32.02777777777778,29,129.89655172413794,130.72413793103448,carrier_delay,nas_delay,late_aircraft_delay
RDM,11,50,5.94,1.68,28,33.357142857142854,33.964285714285715,14,126.78571428571429,126.42857142857143,nas_delay,carrier_delay,late_aircraft_delay
RDM,12,79,6.468354430379747,-1.1645569620253164,51,32.490196078431374,24.58823529411765,39,206.0,201.48717948717947,carrier_delay,nas_delay,canc_B
RDU,1,603,6.266998341625207,1.812603648424544,528,32.44318181818182,27.55977229601518,334,162.75149700598803,160.3063063063063,nas_delay,late_aircraft_delay,carrier_delay
RDU,2,568,6.049295774647887,-2.2680776014109347,362,29.38121546961326,22.58839779005525,156,155.92948717948718,148.5897435897436,nas_delay,late_aircraft_delay,carrier_delay
RDU,3,778,5.947300771208226,-1.5708762886597938,604,30.50662251655629,23.137645107794363,305,178.78360655737706,175.69078947368422,late_aircraft_delay,carrier_delay,nas_delay
RDU,4,827,5.5840386940749696,1.0242718446601942,545,31.03119266055046,28.210332103321033,333,161.39339339339338,158.94848484848484,late_aircraft_delay,nas_delay,carrier_delay
RDU,5,879,6.364050056882822,3.2525714285714287,742,32.22371967654986,29.742895805142084,541,150.7264325323475,150.85528756957328,nas_delay,late_aircraft_delay,carrier_delay
RDU,6,969,5.996904024767802,0.4708939708939709,801,32.41323345817728,28.1325,469,158.60767590618337,154.0581896551724,late_aircraft_delay,carrier_delay,nas_delay
RDU,7,803,6.460772104607721,1.5405742821473158,938,32.68976545842217,30.51127819548872,717,153.77405857740587,152.03076923076924,late_aircraft_delay,nas_delay,carrier_delay
RDU,8,884,6.409502262443439,0.32690124858115777,772,32.25259067357513,28.102730819245775,585,183.9059829059829,180.0360205831904,late_aircraft_delay,nas_delay,carrier_delay
RDU,9,688,6.0145348837209305,1.227405247813411,473,30.646934460887948,24.515923566878982,282,170.51418439716312,164.76868327402136,nas_delay,late_aircraft_delay,carrier_delay
RDU,10,875,5.845714285714286,-1.414187643020595,474,29.968354430379748,22.421940928270043,193,172.49740932642487,165.8082901554404,nas_delay,carrier_delay,late_aircraft_delay
RDU,11,662,5.8700906344410875,-0.11178247734138973,426,31.046948356807512,23.330985915492956,212,142.6509433962264,136.59241706161137,nas_delay,late_aircraft_delay,carrier_delay
RDU,12,900,6.0377777777777775,-1.917686318131257,650,30.863076923076925,22.45846153846154,305,130.69508196721313,124.63245033112582,nas_delay,late_aircraft_delay,carrier_delay
RFD,1,10,5.0,-6.3,8,32.0,24.625,2,664.0,654.5,nas_delay,carrier_delay,late_aircraft_delay
RFD,2,14,7.5,-7.5,9,31.555555555555557,19.0,4,73.75,73.5,nas_delay,late_aircraft_delay,carrier_delay
RFD,3,11,6.636363636363637,-5.818181818181818,15,38.6,41.06666666666667,8,262.75,294.2857142857143,nas_delay,late_aircraft_delay,weather_delay
RFD,4,5,7.0,1.6,3,39.333333333333336,30.0,7,300.7142857142857,294.57142857142856,late_aircraft_delay,nas_delay,carrier_delay
RFD,5,10,4.0,-4.6,12,31.916666666666668,30.5,5,110.2,114.8,late_aircraft_delay,nas_delay,carrier_delay
RFD,6,11,7.7272727272727275,6.454545454545454,11,28.09090909090909,26.818181818181817,5,209.4,206.6,late_aircraft_delay,nas_delay,carrier_delay
RFD,7,20,7.4,5.8,12,32.75,27.833333333333332,13,134.92307692307693,137.84615384615384,nas_delay,late_aircraft_delay,carrier_delay
RFD,8,8,6.0,0.0,8,35.0,28.75,10,116.9,117.1,late_aircraft_delay,carrier_delay,nas_delay
RFD,9,7,5.714285714285714,-1.5714285714285714,3,27.0,15.333333333333334,6,565.0,565.6666666666666,carrier_delay,nas_delay,late_aircraft_delay
RFD,10,12,8.416666666666666,2.0,12,32.75,34.083333333333336,6,132.33333333333334,129.66666666666666,late_aircraft_delay,carrier_delay,nas_delay
RFD,11,9,5.111111111111111,0.3333333333333333,10,26.9,26.0,2,213.0,208.0,late_aircraft_delay,carrier_delay,nas_delay
RFD,12,23,6.913043478260869,-4.681818181818182,9,30.666666666666668,21.555555555555557,8,285.75,281.875,late_aircraft_delay,carrier_delay,nas_delay
RHI,1,6,7.166666666666667,-0.3333333333333333,5,28.4,12.0,4,133.0,115.75,carrier_delay,weather_delay,nas_delay
RHI,2,3,5.0,-1.3333333333333333,2,25.0,28.0,3,172.0,149.0,carrier_delay,weather_delay,nas_delay
RHI,3,3,6.666666666666667,-13.666666666666666,2,26.0,-2.5,3,83.66666666666667,61.666666666666664,carrier_delay,canc_B,nas_delay
RHI,4,0,"","",4,30.5,12.5,1,234.0,224.0,weather_delay,carrier_delay,Nessuna
RHI,5,0,"","",2,45.0,32.5,3,117.66666666666667,105.33333333333333,carrier_delay,nas_delay,weather_delay
RHI,6,6,7.166666666666667,22.333333333333332,12,34.833333333333336,49.25,12,152.25,153.16666666666666,carrier_delay,nas_delay,weather_delay
RHI,7,17,5.647058823529412,5.647058823529412,20,36.5,43.95,11,119.72727272727273,116.81818181818181,nas_delay,carrier_delay,weather_delay
RHI,8,11,3.909090909090909,5.909090909090909,19,33.94736842105263,34.89473684210526,3,145.33333333333334,144.66666666666666,carrier_delay,nas_delay,weather_delay
RHI,9,2,4.0,16.5,4,20.75,21.75,2,266.0,259.0,nas_delay,weather_delay,carrier_delay
RHI,10,1,8.0,-9.0,3,31.333333333333332,18.666666666666668,4,118.0,95.0,carrier_delay,Nessuna,Nessuna
RHI,11,2,8.0,-6.0,4,36.5,23.75,3,83.33333333333333,69.0,carrier_delay,weather_delay,Nessuna
RHI,12,4,3.75,1.25,6,30.833333333333332,20.5,10,233.1,231.4,carrier_delay,nas_delay,canc_B
RIC,1,160,5.91875,2.8125,162,32.21604938271605,30.025,93,209.27956989247312,208.05376344086022,nas_delay,late_aircraft_delay,carrier_delay
RIC,2,182,5.972527472527473,-2.1758241758241756,127,29.637795275590552,22.365079365079364,58,178.81034482758622,170.63793103448276,nas_delay,carrier_delay,late_aircraft_delay
RIC,3,208,5.639423076923077,-0.125,180,33.172222222222224,27.983333333333334,104,159.34615384615384,157.35922330097088,nas_delay,late_aircraft_delay,carrier_delay
RIC,4,216,6.356481481481482,2.1348837209302327,190,31.810526315789474,25.173684210526314,102,155.9313725490196,152.71,nas_delay,carrier_delay,late_aircraft_delay
RIC,5,283,6.102473498233215,-0.4326241134751773,244,32.8155737704918,27.2880658436214,159,177.125786163522,177.58490566037736,nas_delay,late_aircraft_delay,carrier_delay
RIC,6,269,6.5092936802973975,-0.6654275092936803,216,31.319444444444443,23.572093023255814,148,176.67567567567568,173.18493150684932,carrier_delay,late_aircraft_delay,nas_delay
RIC,7,269,6.24907063197026,-0.5355805243445693,274,33.36131386861314,29.518382352941178,198,171.2070707070707,167.73979591836735,late_aircraft_delay,carrier_delay,nas_delay
RIC,8,236,5.766949152542373,2.2245762711864407,216,31.324074074074073,26.490654205607477,120,162.35,157.86666666666667,late_aircraft_delay,nas_delay,carrier_delay
RIC,9,205,5.931707317073171,0.7463414634146341,120,31.066666666666666,26.166666666666668,53,141.18867924528303,140.9056603773585,nas_delay,carrier_delay,late_aircraft_delay
RIC,10,203,6.044334975369458,-4.315270935960591,125,31.024,23.32,36,187.27777777777777,178.77777777777777,nas_delay,late_aircraft_delay,carrier_delay
RIC,11,192,5.916666666666667,-2.7708333333333335,130,29.9,19.914728682170544,51,128.13725490196077,120.11764705882354,carrier_delay,nas_delay,late_aircraft_delay
RIC,12,288,6.059027777777778,-2.2334494773519165,245,30.616326530612245,23.46530612244898,97,129.68041237113403,123.62886597938144,carrier_delay,nas_delay,late_aircraft_delay
RIW,1,2,2.0,10.0,0,"","",3,199.0,184.0,nas_delay,carrier_delay,late_aircraft_delay
RIW,2,1,3.0,"",5,29.6,19.4,1,321.0,317.0,carrier_delay,canc_B,nas_delay
RIW,3,0,"","",1,21.0,-3.0,1,529.0,514.0,canc_B,carrier_delay,Nessuna
RIW,4,0,"","",1,54.0,46.0,4,244.5,247.75,carrier_delay,nas_delay,late_aircraft_delay
RIW,5,2,4.0,16.5,1,28.0,6.0,2,584.0,584.0,nas_delay,late_aircraft_delay,carrier_delay
RIW,6,0,"","",3,31.333333333333332,36.0,2,214.0,217.5,carrier_delay,nas_delay,late_aircraft_delay
RIW,7,2,7.5,16.0,2,44.0,45.5,4,148.5,150.5,nas_delay,carrier_delay,late_aircraft_delay
RIW,8,5,9.0,11.2,4,42.75,53.0,7,319.14285714285717,324.7142857142857,nas_delay,late_aircraft_delay,carrier_delay
RIW,9,7,7.142857142857143,10.0,2,25.0,20.5,5,162.8,169.8,nas_delay,late_aircraft_delay,carrier_delay
RIW,10,2,2.0,3.0,4,22.75,28.0,3,325.6666666666667,326.3333333333333,carrier_delay,late_aircraft_delay,nas_delay
RIW,11,7,7.571428571428571,10.285714285714286,4,22.5,10.75,4,317.25,314.25,carrier_delay,late_aircraft_delay,nas_delay
RIW,12,6,6.666666666666667,-6.5,3,21.0,7.333333333333333,1,124.0,111.0,carrier_delay,late_aircraft_delay,Nessuna
RKS,1,2,7.0,30.5,1,26.0,11.0,2,176.0,176.0,nas_delay,late_aircraft_delay,carrier_delay
RKS,2,6,5.0,1.4,1,16.0,7.0,2,136.0,128.5,weather_delay,nas_delay,late_aircraft_delay
RKS,3,3,4.666666666666667,-7.333333333333333,0,"","",3,321.0,303.0,canc_B,weather_delay,late_aircraft_delay
RKS,4,3,6.333333333333333,18.666666666666668,3,23.666666666666668,22.0,2,188.0,188.0,nas_delay,late_aircraft_delay,carrier_delay
RKS,5,2,3.5,1.0,1,57.0,55.0,5,369.2,364.2,carrier_delay,nas_delay,late_aircraft_delay
RKS,6,2,5.5,-1.5,0,"","",1,149.0,154.0,carrier_delay,nas_delay,Nessuna
RKS,7,4,8.0,6.25,1,37.0,30.0,6,217.5,218.83333333333334,carrier_delay,nas_delay,late_aircraft_delay
RKS,8,3,9.666666666666666,5.666666666666667,1,37.0,39.0,6,314.0,334.8333333333333,carrier_delay,nas_delay,Nessuna
RKS,9,5,5.4,-0.6,3,26.666666666666668,24.666666666666668,3,128.33333333333334,135.33333333333334,nas_delay,carrier_delay,late_aircraft_delay
RKS,10,8,4.5,2.25,2,33.5,20.0,7,454.0,462.0,carrier_delay,nas_delay,late_aircraft_delay
RKS,11,5,7.2,-8.6,3,38.666666666666664,44.0,5,121.2,132.2,nas_delay,carrier_delay,canc_B
RKS,12,6,8.0,-14.666666666666666,6,21.833333333333332,11.166666666666666,3,378.0,369.3333333333333,late_aircraft_delay,nas_delay,weather_delay
RNO,1,228,6.2105263157894735,-0.9955947136563876,179,29.821229050279328,24.16759776536313,107,159.7196261682243,157.55140186915887,nas_delay,late_aircraft_delay,carrier_delay
RNO,2,232,5.6594827586206895,-0.13852813852813853,151,31.589403973509935,28.913333333333334,112,169.75,174.48648648648648,nas_delay,late_aircraft_delay,carrier_delay
RNO,3,240,5.9125,4.497907949790795,213,32.201877934272304,33.160377358490564,124,169.8790322580645,172.77868852459017,nas_delay,late_aircraft_delay,carrier_delay
RNO,4,186,6.048387096774194,3.075268817204301,186,31.376344086021504,28.618279569892472,86,191.32558139534885,193.40697674418604,nas_delay,late_aircraft_delay,carrier_delay
RNO,5,245,5.608163265306122,-0.5371900826446281,173,32.15028901734104,27.55491329479769,107,165.73831775700936,165.1214953271028,late_aircraft_delay,nas_delay,carrier_delay
RNO,6,292,6.085616438356165,0.9484536082474226,245,31.485714285714284,24.28688524590164,102,183.23529411764707,177.27450980392157,late_aircraft_delay,carrier_delay,nas_delay
RNO,7,299,6.464882943143813,2.9899665551839463,258,31.310077519379846,26.797665369649806,170,168.21764705882353,165.23529411764707,late_aircraft_delay,carrier_delay,nas_delay
RNO,8,308,5.954545454545454,1.4234527687296417,245,30.228571428571428,24.778688524590162,128,138.5,134.2890625,late_aircraft_delay,carrier_delay,nas_delay
RNO,9,301,5.764119601328904,1.495016611295681,189,31.402116402116402,27.5,88,135.22727272727272,130.8181818181818,late_aircraft_delay,nas_delay,carrier_delay
RNO,10,262,5.870229007633588,2.545801526717557,179,31.966480446927374,29.324022346368714,64,125.0625,124.390625,nas_delay,late_aircraft_delay,carrier_delay
RNO,11,227,5.916299559471366,2.947136563876652,136,31.301470588235293,29.029850746268657,75,175.2,172.1891891891892,nas_delay,carrier_delay,late_aircraft_delay
RNO,12,258,5.686046511627907,-1.3346303501945525,205,29.75121951219512,23.284313725490197,103,134.2233009708738,128.59803921568627,carrier_delay,late_aircraft_delay,nas_delay
ROA,1,30,6.233333333333333,4.266666666666667,29,36.241379310344826,38.241379310344826,31,202.41935483870967,203.29032258064515,late_aircraft_delay,carrier_delay,nas_delay
ROA,2,26,6.115384615384615,6.076923076923077,21,28.523809523809526,21.952380952380953,4,281.0,275.75,nas_delay,carrier_delay,late_aircraft_delay
ROA,3,38,6.2368421052631575,4.0,23,28.347826086956523,27.08695652173913,7,193.42857142857142,184.14285714285714,carrier_delay,nas_delay,late_aircraft_delay
ROA,4,23,6.0,0.5217391304347826,26,29.923076923076923,28.53846153846154,10,302.1,292.6,late_aircraft_delay,nas_delay,carrier_delay
ROA,5,41,6.560975609756097,0.9024390243902439,31,30.612903225806452,29.032258064516128,18,189.11111111111111,195.83333333333334,nas_delay,carrier_delay,late_aircraft_delay
ROA,6,32,6.5625,3.40625,33,31.939393939393938,27.181818181818183,27,250.1851851851852,246.66666666666666,carrier_delay,late_aircraft_delay,nas_delay
ROA,7,36,5.805555555555555,1.3888888888888888,32,36.8125,40.46875,29,154.41379310344828,145.79310344827587,carrier_delay,nas_delay,late_aircraft_delay
ROA,8,32,5.90625,3.375,22,27.90909090909091,27.5,20,190.25,182.8,nas_delay,carrier_delay,late_aircraft_delay
ROA,9,26,5.846153846153846,4.461538461538462,15,30.2,26.866666666666667,10,206.0,199.4,carrier_delay,late_aircraft_delay,nas_delay
ROA,10,30,6.066666666666666,2.466666666666667,35,30.228571428571428,27.735294117647058,9,254.77777777777777,251.44444444444446,carrier_delay,late_aircraft_delay,nas_delay
ROA,11,37,5.972972972972973,0.972972972972973,25,28.32,22.28,19,124.73684210526316,119.63157894736842,carrier_delay,nas_delay,late_aircraft_delay
ROA,12,48,6.625,-2.2083333333333335,52,30.384615384615383,28.365384615384617,30,185.76666666666668,175.73333333333332,late_aircraft_delay,carrier_delay,nas_delay
ROC,1,164,5.945121951219512,0.9329268292682927,129,31.085271317829456,30.078740157480315,83,163.6867469879518,169.47560975609755,nas_delay,late_aircraft_delay,carrier_delay
ROC,2,151,6.172185430463577,-2.384105960264901,76,29.5,21.36842105263158,46,200.02173913043478,196.35555555555555,carrier_delay,nas_delay,late_aircraft_delay
ROC,3,142,6.161971830985915,-2.2535211267605635,75,29.226666666666667,22.826666666666668,45,149.24444444444444,149.61363636363637,nas_delay,late_aircraft_delay,carrier_delay
ROC,4,129,5.984496124031008,-2.612403100775194,93,29.032258064516128,21.0752688172043,49,176.26530612244898,172.3877551020408,late_aircraft_delay,carrier_delay,nas_delay
ROC,5,148,6.425675675675675,0.3310810810810811,127,31.52755905511811,26.409448818897637,75,154.28,153.04109589041096,late_aircraft_delay,nas_delay,carrier_delay
ROC,6,154,6.3311688311688314,0.3355263157894737,125,30.504,23.496,75,144.36,138.54666666666665,late_aircraft_delay,carrier_delay,nas_delay
ROC,7,223,5.865470852017937,0.06306306306306306,156,30.69871794871795,24.72258064516129,130,167.92307692307693,166.2325581395349,late_aircraft_delay,nas_delay,carrier_delay
ROC,8,198,6.378787878787879,1.2878787878787878,163,28.63803680981595,23.614906832298136,110,155.4909090909091,154.84545454545454,nas_delay,late_aircraft_delay,carrier_delay
ROC,9,151,5.622516556291391,0.0728476821192053,83,29.03614457831325,23.734939759036145,37,176.0810810810811,171.7027027027027,nas_delay,carrier_delay,late_aircraft_delay
ROC,10,164,5.9817073170731705,-0.07317073170731707,100,27.21,22.23,25,152.32,150.88,carrier_delay,late_aircraft_delay,nas_delay
ROC,11,131,5.6183206106870225,-1.8931297709923665,88,30.306818181818183,22.431818181818183,32,113.875,106.09375,carrier_delay,late_aircraft_delay,nas_delay
ROC,12,212,6.518867924528302,1.4622641509433962,167,30.15568862275449,24.760479041916167,82,153.97560975609755,151.5609756097561,nas_delay,carrier_delay,late_aircraft_delay
ROW,1,3,3.6666666666666665,-1.3333333333333333,4,34.25,27.5,9,201.88888888888889,198.33333333333334,carrier_delay,nas_delay,canc_B
ROW,2,14,6.928571428571429,-0.9285714285714286,0,"","",6,229.66666666666666,227.16666666666666,carrier_delay,nas_delay,weather_delay
ROW,3,10,5.3,-3.6,8,24.25,16.0,5,152.2,147.0,nas_delay,carrier_delay,weather_delay
ROW,4,7,7.428571428571429,1.7142857142857142,9,28.444444444444443,24.77777777777778,3,274.6666666666667,276.0,nas_delay,carrier_delay,late_aircraft_delay
ROW,5,8,6.5,7.5,7,39.714285714285715,33.714285714285715,11,181.45454545454547,174.54545454545453,carrier_delay,canc_B,weather_delay
ROW,6,8,9.5,14.375,11,38.72727272727273,38.54545454545455,14,263.2857142857143,267.84615384615387,carrier_delay,nas_delay,weather_delay
ROW,7,11,6.818181818181818,2.8181818181818183,8,28.125,20.375,15,205.13333333333333,201.0,carrier_delay,nas_delay,late_aircraft_delay
ROW,8,6,3.8333333333333335,2.8333333333333335,6,33.166666666666664,27.333333333333332,10,304.2,300.9,carrier_delay,nas_delay,weather_delay
ROW,9,12,6.666666666666667,6.916666666666667,9,30.11111111111111,31.666666666666668,7,167.42857142857142,167.0,nas_delay,carrier_delay,weather_delay
ROW,10,12,6.5,3.25,13,34.92307692307692,32.84615384615385,8,222.125,215.75,carrier_delay,nas_delay,canc_B
ROW,11,13,3.6923076923076925,3.6923076923076925,16,29.4375,31.875,8,125.125,126.375,carrier_delay,nas_delay,weather_delay
ROW,12,10,4.8,0.6,9,33.888888888888886,28.22222222222222,8,106.0,102.875,carrier_delay,canc_B,late_aircraft_delay
RST,1,8,5.875,-2.25,2,36.0,23.0,9,133.44444444444446,121.11111111111111,canc_B,carrier_delay,late_aircraft_delay
RST,2,5,4.4,-11.2,5,27.0,7.4,3,80.33333333333333,66.33333333333333,carrier_delay,nas_delay,late_aircraft_delay
RST,3,9,7.222222222222222,2.6666666666666665,13,27.76923076923077,23.692307692307693,10,160.9,156.9,carrier_delay,nas_delay,weather_delay
RST,4,15,7.4,3.2666666666666666,15,27.6,21.866666666666667,9,187.0,190.55555555555554,carrier_delay,nas_delay,late_aircraft_delay
RST,5,12,5.583333333333333,4.666666666666667,16,34.4375,32.0625,18,134.5,136.16666666666666,carrier_delay,nas_delay,weather_delay
RST,6,6,6.0,10.0,15,32.0,35.93333333333333,15,159.66666666666666,159.0,nas_delay,carrier_delay,late_aircraft_delay
RST,7,8,6.625,11.375,12,27.25,31.583333333333332,15,205.2,211.73333333333332,nas_delay,late_aircraft_delay,carrier_delay
RST,8,14,7.928571428571429,13.928571428571429,14,30.5,33.714285714285715,5,85.4,88.5,nas_delay,late_aircraft_delay,carrier_delay
RST,9,7,3.4285714285714284,-0.7142857142857143,13,34.15384615384615,35.69230769230769,5,265.4,258.8,carrier_delay,nas_delay,late_aircraft_delay
RST,10,10,8.5,0.7,10,27.6,26.0,2,116.0,105.0,carrier_delay,nas_delay,late_aircraft_delay
RST,11,7,6.0,3.2857142857142856,6,33.666666666666664,34.166666666666664,4,155.25,154.25,carrier_delay,nas_delay,weather_delay
RST,12,8,6.0,6.25,11,31.818181818181817,22.454545454545453,15,182.2,174.0,carrier_delay,weather_delay,nas_delay
RSW,1,530,6.622641509433962,0.2339622641509434,535,32.26728971962617,25.334586466165412,338,143.1301775147929,138.53012048192772,late_aircraft_delay,nas_delay,carrier_delay
RSW,2,524,6.240458015267175,3.3051823416506716,400,31.4425,28.5775,186,160.4516129032258,151.8108108108108,nas_delay,late_aircraft_delay,carrier_delay
RSW,3,683,6.46705710102489,3.4222873900293256,719,31.630041724617524,29.813370473537603,476,153.3781512605042,151.41894736842104,late_aircraft_delay,nas_delay,carrier_delay
RSW,4,466,5.626609442060086,0.1010752688172043,346,30.794797687861273,26.139130434782608,252,165.70238095238096,160.11553784860558,late_aircraft_delay,nas_delay,carrier_delay
RSW,5,385,5.987012987012987,4.6587926509186355,353,33.22379603399433,33.13636363636363,268,133.40298507462686,135.7348484848485,late_aircraft_delay,nas_delay,carrier_delay
RSW,6,294,6.282312925170068,1.8762886597938144,243,32.39506172839506,29.850622406639005,199,199.41708542713567,195.0,late_aircraft_delay,nas_delay,carrier_delay
RSW,7,267,6.089887640449438,3.842696629213483,354,33.23163841807909,30.427350427350426,272,159.5110294117647,158.54981549815497,late_aircraft_delay,nas_delay,carrier_delay
RSW,8,254,6.019685039370079,3.9563492063492065,265,32.33584905660377,30.50763358778626,193,191.60621761658032,188.9578947368421,late_aircraft_delay,nas_delay,carrier_delay
RSW,9,201,5.9054726368159205,2.1393034825870645,149,28.77181208053691,25.16778523489933,66,155.3181818181818,148.4,late_aircraft_delay,nas_delay,carrier_delay
RSW,10,243,6.189300411522634,-2.1358024691358026,149,29.563758389261746,21.899328859060404,74,169.1216216216216,162.32432432432432,canc_B,late_aircraft_delay,carrier_delay
RSW,11,316,5.651898734177215,-0.5682539682539682,202,31.900990099009903,26.163366336633665,101,139.6039603960396,136.4257425742574,nas_delay,late_aircraft_delay,carrier_delay
RSW,12,450,6.528888888888889,2.3652561247216037,472,32.33898305084746,30.04255319148936,353,168.94334277620396,166.54261363636363,late_aircraft_delay,nas_delay,carrier_delay
SAF,1,8,6.75,10.0,8,28.875,44.625,7,137.0,143.71428571428572,carrier_delay,nas_delay,weather_delay
SAF,2,3,8.333333333333334,-1.3333333333333333,4,24.0,21.25,7,188.0,183.0,carrier_delay,late_aircraft_delay,nas_delay
SAF,3,9,7.555555555555555,7.333333333333333,11,37.63636363636363,37.36363636363637,6,160.33333333333334,159.0,carrier_delay,nas_delay,weather_delay
SAF,4,12,6.25,19.333333333333332,16,38.5625,35.125,14,319.0,314.2142857142857,nas_delay,carrier_delay,late_aircraft_delay
SAF,5,16,5.3125,5.0,15,35.93333333333333,29.6,32,172.875,168.09375,carrier_delay,weather_delay,late_aircraft_delay
SAF,6,26,6.923076923076923,0.4,27,34.51851851851852,28.333333333333332,46,143.34782608695653,138.8695652173913,nas_delay,carrier_delay,late_aircraft_delay
SAF,7,17,6.352941176470588,3.6470588235294117,38,35.23684210526316,32.78947368421053,28,152.03571428571428,145.64285714285714,carrier_delay,nas_delay,late_aircraft_delay
SAF,8,27,6.666666666666667,1.2962962962962963,26,29.73076923076923,26.36,29,142.10344827586206,136.6551724137931,carrier_delay,nas_delay,late_aircraft_delay
SAF,9,25,7.92,10.2,27,34.074074074074076,31.703703703703702,20,118.3,114.85,carrier_delay,nas_delay,late_aircraft_delay
SAF,10,16,7.75,2.3125,46,33.82608695652174,25.304347826086957,21,117.52380952380952,105.80952380952381,carrier_delay,late_aircraft_delay,nas_delay
SAF,11,22,5.409090909090909,9.545454545454545,26,31.53846153846154,30.5,35,226.4857142857143,230.22857142857143,nas_delay,carrier_delay,canc_B
SAF,12,37,6.135135135135135,-7.324324324324325,28,30.0,15.464285714285714,24,205.875,199.0,carrier_delay,nas_delay,late_aircraft_delay
SAN,1,1210,5.731404958677686,0.9643153526970955,820,30.004878048780487,25.356532356532355,365,143.02191780821917,137.91160220994476,late_aircraft_delay,nas_delay,carrier_delay
SAN,2,1129,6.086802480070859,-1.0277033065236818,866,30.864896073903,24.457607433217188,353,140.30878186968837,134.77142857142857,nas_delay,late_aircraft_delay,carrier_delay
SAN,3,1380,6.086956521739131,0.4956268221574344,1119,32.092046470062556,27.325539568345324,481,137.20997920997922,133.8580375782881,nas_delay,late_aircraft_delay,carrier_delay
SAN,4,1372,6.21865889212828,-0.07085463842220599,1069,31.11131898971001,25.727272727272727,461,148.2407809110629,146.59477124183007,nas_delay,late_aircraft_delay,carrier_delay
SAN,5,1480,6.141891891891892,0.4578804347826087,1271,31.911093627065302,26.33122529644269,537,151.09310986964618,146.26865671641792,late_aircraft_delay,nas_delay,carrier_delay
SAN,6,1724,6.202436194895592,2.359302325581395,1530,31.604575163398692,29.376555337262605,669,136.2421524663677,135.65615615615616,late_aircraft_delay,nas_delay,carrier_delay
SAN,7,1701,6.182245737801293,3.9026548672566372,1611,31.733705772811916,30.071830106183636,806,141.7245657568238,139.98004987531172,late_aircraft_delay,nas_delay,carrier_delay
SAN,8,1566,6.0242656449553005,4.7007064868336546,1187,30.540859309182814,29.754653130287647,457,132.1378555798687,131.19867549668874,nas_delay,late_aircraft_delay,carrier_delay
SAN,9,1384,5.804913294797688,2.9304347826086956,1006,31.6779324055666,30.04187437686939,394,119.86548223350253,118.23529411764706,nas_delay,late_aircraft_delay,carrier_delay
SAN,10,1496,6.155748663101604,5.922459893048129,1241,31.90088638195004,34.29862792574657,630,144.10476190476192,147.85828025477707,nas_delay,late_aircraft_delay,carrier_delay
SAN,11,1378,6.030478955007257,0.9832605531295487,1022,30.59784735812133,27.63913470993117,428,133.55607476635515,132.70725995316158,nas_delay,late_aircraft_delay,carrier_delay
SAN,12,1495,6.069565217391304,4.49832327297116,1239,31.979015334947537,32.00565428109854,888,173.143018018018,176.38713318284425,nas_delay,late_aircraft_delay,carrier_delay
SAT,1,502,6.129482071713148,0.726,386,32.0,25.62077922077922,196,162.81632653061226,159.55384615384617,late_aircraft_delay,nas_delay,carrier_delay
SAT,2,379,5.989445910290238,1.8148148148148149,273,28.76923076923077,24.831501831501832,102,163.08823529411765,159.11764705882354,nas_delay,late_aircraft_delay,carrier_delay
SAT,3,565,6.065486725663717,-0.6283185840707964,471,32.14861995753716,25.19402985074627,218,156.39908256880733,153.8394495412844,late_aircraft_delay,nas_delay,carrier_delay
SAT,4,523,6.0688336520076485,-0.4435946462715105,423,30.22931442080378,23.90307328605201,222,172.64414414414415,174.31363636363636,late_aircraft_delay,carrier_delay,nas_delay
SAT,5,685,5.991240875912409,1.5226277372262773,511,31.162426614481408,27.308447937131632,330,158.0030303030303,157.1768292682927,late_aircraft_delay,nas_delay,carrier_delay
SAT,6,669,6.062780269058296,1.0195195195195195,540,30.855555555555554,25.992578849721706,291,156.6872852233677,151.87152777777777,late_aircraft_delay,carrier_delay,nas_delay
SAT,7,644,6.246894409937888,3.107981220657277,600,31.496666666666666,28.536666666666665,457,162.5164113785558,159.86373626373626,late_aircraft_delay,nas_delay,carrier_delay
SAT,8,479,5.88517745302714,-0.7064989517819706,395,30.762025316455695,26.53061224489796,219,154.1917808219178,149.74429223744292,late_aircraft_delay,nas_delay,carrier_delay
SAT,9,474,5.845991561181434,0.11839323467230443,317,30.7602523659306,23.981072555205046,146,172.63698630136986,164.32876712328766,late_aircraft_delay,carrier_delay,nas_delay
SAT,10,543,5.5764272559852675,-1.0736648250460405,324,29.811728395061728,21.510835913312693,132,164.1590909090909,153.08396946564886,late_aircraft_delay,carrier_delay,nas_delay
SAT,11,512,5.583984375,-1.345703125,293,30.31058020477816,23.119453924914676,130,162.2846153846154,157.2,carrier_delay,late_aircraft_delay,nas_delay
SAT,12,590,5.866101694915254,-0.08163265306122448,417,30.160671462829736,24.97596153846154,211,174.17535545023696,172.53333333333333,late_aircraft_delay,carrier_delay,nas_delay
SAV,1,180,6.372222222222222,-1.6611111111111112,153,32.529411764705884,24.7682119205298,90,223.36666666666667,219.59550561797752,late_aircraft_delay,carrier_delay,nas_delay
SAV,2,137,6.240875912408759,-2.4160583941605838,95,30.96842105263158,23.48421052631579,39,155.35897435897436,148.5897435897436,late_aircraft_delay,carrier_delay,nas_delay
SAV,3,240,6.075,-1.275,176,29.568181818181817,23.194285714285716,81,157.12345679012347,153.35,late_aircraft_delay,carrier_delay,nas_delay
SAV,4,277,6.350180505415162,2.2779783393501805,213,29.615023474178404,25.194312796208532,77,169.0,163.66233766233765,late_aircraft_delay,carrier_delay,nas_delay
SAV,5,332,5.743975903614458,1.7764350453172206,274,32.24452554744526,27.116788321167885,169,157.88165680473372,157.44642857142858,late_aircraft_delay,nas_delay,carrier_delay
SAV,6,305,6.160655737704918,-0.33223684210526316,218,29.59633027522936,24.045871559633028,101,166.02970297029702,162.52,carrier_delay,late_aircraft_delay,nas_delay
SAV,7,263,6.326996197718631,0.4961832061068702,302,31.99337748344371,28.44518272425249,229,178.2008733624454,176.98245614035088,late_aircraft_delay,carrier_delay,nas_delay
SAV,8,228,6.017543859649122,0.6447368421052632,185,31.783783783783782,27.313513513513513,126,166.04761904761904,165.28,late_aircraft_delay,nas_delay,carrier_delay
SAV,9,256,6.14453125,0.234375,138,29.89855072463768,23.48175182481752,81,162.91358024691357,159.2469135802469,carrier_delay,late_aircraft_delay,nas_delay
SAV,10,292,5.674657534246576,-1.7842465753424657,167,29.772455089820358,21.964071856287426,46,165.54347826086956,157.41304347826087,late_aircraft_delay,carrier_delay,nas_delay
SAV,11,269,5.836431226765799,-0.44609665427509293,163,29.88957055214724,25.368098159509202,73,159.75342465753425,158.34246575342465,nas_delay,carrier_delay,late_aircraft_delay
SAV,12,319,6.482758620689655,1.89937106918239,244,32.028688524590166,27.741803278688526,120,174.85,172.38135593220338,carrier_delay,late_aircraft_delay,nas_delay
SBA,1,53,6.169811320754717,3.0,52,31.78846153846154,27.826923076923077,37,150.32432432432432,143.78378378378378,late_aircraft_delay,nas_delay,carrier_delay
SBA,2,56,6.875,3.8035714285714284,66,30.954545454545453,30.060606060606062,39,173.12820512820514,172.23076923076923,nas_delay,late_aircraft_delay,carrier_delay
SBA,3,58,6.913793103448276,0.7931034482758621,68,32.76470588235294,29.83582089552239,51,169.13725490196077,172.68627450980392,nas_delay,late_aircraft_delay,carrier_delay
SBA,4,57,7.0701754385964914,2.2982456140350878,62,34.66129032258065,33.66129032258065,68,252.55882352941177,250.55882352941177,nas_delay,late_aircraft_delay,carrier_delay
SBA,5,70,6.128571428571429,1.0714285714285714,67,33.17910447761194,28.666666666666668,42,127.21428571428571,122.54761904761905,late_aircraft_delay,nas_delay,carrier_delay
SBA,6,106,6.09433962264151,0.12264150943396226,65,28.953846153846154,23.78125,41,151.09756097560975,146.9,late_aircraft_delay,carrier_delay,nas_delay
SBA,7,91,5.626373626373627,-0.4444444444444444,62,33.725806451612904,30.048387096774192,55,166.78181818181818,162.63636363636363,carrier_delay,late_aircraft_delay,nas_delay
SBA,8,68,5.735294117647059,3.6911764705882355,58,27.344827586206897,22.24137931034483,23,180.95652173913044,176.95652173913044,nas_delay,carrier_delay,late_aircraft_delay
SBA,9,55,5.290909090909091,-1.1272727272727272,59,29.35593220338983,25.655172413793103,29,230.17241379310346,223.3448275862069,late_aircraft_delay,carrier_delay,nas_delay
SBA,10,75,5.986666666666666,-1.5866666666666667,60,31.566666666666666,26.7,36,206.05555555555554,207.08333333333334,late_aircraft_delay,nas_delay,carrier_delay
SBA,11,75,6.1866666666666665,-0.56,50,30.78,23.3,43,202.0,198.06976744186048,late_aircraft_delay,nas_delay,carrier_delay
SBA,12,83,5.9879518072289155,0.7108433734939759,57,30.157894736842106,23.54385964912281,42,160.35714285714286,153.1904761904762,late_aircraft_delay,carrier_delay,nas_delay
SBN,1,71,5.507042253521127,3.0285714285714285,73,33.32876712328767,35.821917808219176,78,187.33333333333334,190.0,nas_delay,carrier_delay,weather_delay
SBN,2,60,6.683333333333334,-0.6833333333333333,49,28.448979591836736,14.83673469387755,25,143.92,133.32,carrier_delay,nas_delay,late_aircraft_delay
SBN,3,73,6.397260273972603,-0.136986301369863,52,31.596153846153847,21.076923076923077,29,165.86206896551724,164.06896551724137,carrier_delay,nas_delay,late_aircraft_delay
SBN,4,68,5.955882352941177,-1.6567164179104477,47,28.46808510638298,23.148936170212767,34,160.58823529411765,161.38235294117646,carrier_delay,nas_delay,late_aircraft_delay
SBN,5,69,5.942028985507246,4.666666666666667,86,33.51162790697674,25.651162790697676,85,168.56470588235294,165.72941176470587,carrier_delay,late_aircraft_delay,nas_delay
SBN,6,62,6.419354838709677,4.508196721311475,62,33.16129032258065,22.491803278688526,48,163.35416666666666,157.41666666666666,carrier_delay,late_aircraft_delay,nas_delay
SBN,7,70,5.828571428571428,8.428571428571429,80,31.6625,27.3625,70,139.65714285714284,139.88571428571427,carrier_delay,nas_delay,late_aircraft_delay
SBN,8,91,7.230769230769231,1.5333333333333334,74,29.5,26.135135135135137,66,147.56060606060606,138.83076923076922,carrier_delay,nas_delay,late_aircraft_delay
SBN,9,67,6.626865671641791,3.8358208955223883,61,33.459016393442624,25.885245901639344,33,167.72727272727272,165.24242424242425,carrier_delay,nas_delay,late_aircraft_delay
SBN,10,84,6.25,-3.8333333333333335,64,29.453125,17.6875,30,151.63333333333333,144.6,carrier_delay,nas_delay,late_aircraft_delay
SBN,11,79,6.531645569620253,-0.8607594936708861,43,28.74418604651163,21.25581395348837,43,179.86046511627907,176.52380952380952,carrier_delay,nas_delay,late_aircraft_delay
SBN,12,103,6.330097087378641,2.7254901960784315,85,31.576470588235296,28.301204819277107,61,171.72131147540983,168.9016393442623,carrier_delay,nas_delay,late_aircraft_delay
SBP,1,25,6.88,0.96,34,35.38235294117647,35.88235294117647,23,172.04347826086956,170.47826086956522,carrier_delay,nas_delay,late_aircraft_delay
SBP,2,28,5.321428571428571,-0.8214285714285714,32,34.9375,37.4375,26,226.73076923076923,225.30769230769232,nas_delay,carrier_delay,late_aircraft_delay
SBP,3,40,7.225,7.25,32,28.5,26.625,25,154.16,152.0,nas_delay,carrier_delay,late_aircraft_delay
SBP,4,47,6.74468085106383,3.7872340425531914,46,33.26086956521739,26.431818181818183,17,124.23529411764706,122.29411764705883,carrier_delay,nas_delay,late_aircraft_delay
SBP,5,34,5.970588235294118,2.0588235294117645,24,35.875,30.458333333333332,29,177.06896551724137,179.48275862068965,nas_delay,late_aircraft_delay,carrier_delay
SBP,6,30,5.9,1.8666666666666667,45,30.4,28.266666666666666,23,149.08695652173913,153.72727272727272,nas_delay,carrier_delay,late_aircraft_delay
SBP,7,44,6.931818181818182,7.181818181818182,34,34.411764705882355,29.294117647058822,34,181.3235294117647,176.47058823529412,carrier_delay,late_aircraft_delay,nas_delay
SBP,8,43,5.953488372093023,6.190476190476191,25,32.48,32.0,34,165.0,166.26470588235293,carrier_delay,nas_delay,late_aircraft_delay
SBP,9,39,4.435897435897436,0.7948717948717948,39,30.256410256410255,28.025641025641026,27,266.9259259259259,262.3333333333333,carrier_delay,nas_delay,late_aircraft_delay
SBP,10,50,5.66,5.24,45,31.444444444444443,29.288888888888888,37,222.56756756756758,221.6216216216216,carrier_delay,late_aircraft_delay,nas_delay
SBP,11,47,6.872340425531915,0.14893617021276595,53,32.62264150943396,24.49056603773585,27,119.62962962962963,119.52,carrier_delay,nas_delay,late_aircraft_delay
SBP,12,42,7.261904761904762,2.761904761904762,43,31.162790697674417,24.186046511627907,58,172.77586206896552,170.74137931034483,carrier_delay,late_aircraft_delay,nas_delay
SCC,1,3,4.0,-2.6666666666666665,2,26.5,20.0,4,112.5,119.5,late_aircraft_delay,canc_B,nas_delay
SCC,2,5,8.4,6.6,1,22.0,24.0,3,114.66666666666667,119.0,late_aircraft_delay,nas_delay,canc_B
SCC,3,4,7.0,8.75,1,19.0,20.0,2,116.5,117.0,nas_delay,late_aircraft_delay,canc_B
SCC,4,1,13.0,16.0,5,39.6,42.4,3,152.33333333333334,158.66666666666666,late_aircraft_delay,nas_delay,carrier_delay
SCC,5,0,"","",6,37.333333333333336,34.833333333333336,1,63.0,59.0,late_aircraft_delay,nas_delay,canc_A
SCC,6,3,10.333333333333334,12.666666666666666,3,37.333333333333336,33.666666666666664,1,66.0,61.0,late_aircraft_delay,nas_delay,canc_B
SCC,7,2,6.0,5.0,2,35.5,26.0,1,185.0,189.0,late_aircraft_delay,nas_delay,canc_B
SCC,8,2,2.5,-2.0,5,23.8,23.2,2,157.5,150.0,late_aircraft_delay,nas_delay,carrier_delay
SCC,9,2,6.0,11.5,1,35.0,29.0,0,"","",late_aircraft_delay,Nessuna,Nessuna
SCC,10,1,3.0,12.0,4,38.25,42.25,2,251.5,247.5,late_aircraft_delay,nas_delay,canc_B
SCC,11,4,7.0,2.5,2,47.0,46.0,0,"","",late_aircraft_delay,carrier_delay,Nessuna
SCC,12,5,4.6,8.6,2,18.0,16.5,1,126.0,125.0,canc_B,late_aircraft_delay,nas_delay
SCE,1,1,3.0,-18.0,3,35.666666666666664,31.0,0,"","",canc_B,carrier_delay,nas_delay
SCE,2,0,"","",3,23.333333333333332,27.0,1,166.0,167.0,carrier_delay,nas_delay,canc_B
SCE,3,5,9.0,4.2,2,22.0,10.5,2,116.5,111.5,nas_delay,carrier_delay,late_aircraft_delay
SCE,4,4,6.75,6.0,7,37.142857142857146,32.0,6,131.16666666666666,129.2,carrier_delay,late_aircraft_delay,nas_delay
SCE,5,7,8.714285714285714,7.428571428571429,11,34.27272727272727,30.727272727272727,12,133.58333333333334,142.0,nas_delay,late_aircraft_delay,carrier_delay
SCE,6,9,8.333333333333334,5.666666666666667,9,29.0,27.333333333333332,12,159.66666666666666,139.36363636363637,late_aircraft_delay,carrier_delay,nas_delay
SCE,7,3,5.333333333333333,11.333333333333334,2,46.5,70.5,2,91.0,82.5,nas_delay,carrier_delay,weather_delay
SCE,8,6,6.166666666666667,7.833333333333333,5,31.6,33.0,3,73.66666666666667,72.33333333333333,late_aircraft_delay,nas_delay,weather_delay
SCE,9,0,"","",0,"","",2,169.5,160.5,late_aircraft_delay,carrier_delay,nas_delay
SCE,10,8,8.875,11.125,5,32.6,34.2,4,213.0,211.5,nas_delay,late_aircraft_delay,carrier_delay
SCE,11,3,2.6666666666666665,2.6666666666666665,5,33.6,36.8,7,172.71428571428572,164.42857142857142,carrier_delay,late_aircraft_delay,nas_delay
SCE,12,0,"","",5,29.6,38.6,3,71.66666666666667,76.66666666666667,nas_delay,late_aircraft_delay,carrier_delay
SCK,1,8,3.625,7.125,8,27.25,26.625,5,128.0,129.6,late_aircraft_delay,nas_delay,carrier_delay
SCK,2,7,5.428571428571429,2.4285714285714284,1,27.0,15.0,5,202.6,205.4,late_aircraft_delay,nas_delay,carrier_delay
SCK,3,8,5.125,11.875,9,37.22222222222222,46.55555555555556,5,121.6,127.0,nas_delay,late_aircraft_delay,carrier_delay
SCK,4,6,7.166666666666667,10.833333333333334,6,25.5,37.0,2,93.5,94.0,nas_delay,carrier_delay,late_aircraft_delay
SCK,5,7,6.571428571428571,7.857142857142857,5,41.0,40.2,2,85.5,81.5,nas_delay,late_aircraft_delay,carrier_delay
SCK,6,7,7.142857142857143,7.0,17,32.11764705882353,29.823529411764707,2,98.0,97.0,late_aircraft_delay,carrier_delay,nas_delay
SCK,7,13,8.692307692307692,7.076923076923077,12,32.083333333333336,32.25,6,456.3333333333333,461.5,nas_delay,carrier_delay,late_aircraft_delay
SCK,8,10,6.5,5.0,8,37.625,40.875,6,195.0,192.83333333333334,late_aircraft_delay,carrier_delay,nas_delay
SCK,9,11,8.272727272727273,6.0,10,37.2,38.4,6,187.0,186.5,carrier_delay,late_aircraft_delay,nas_delay
SCK,10,11,8.454545454545455,7.818181818181818,11,26.818181818181817,27.818181818181817,5,90.6,83.0,late_aircraft_delay,nas_delay,carrier_delay
SCK,11,12,7.416666666666667,0.4166666666666667,17,33.11764705882353,33.35294117647059,0,"","",late_aircraft_delay,nas_delay,carrier_delay
SCK,12,11,7.0,4.909090909090909,17,33.588235294117645,24.352941176470587,12,102.66666666666667,101.41666666666667,late_aircraft_delay,carrier_delay,nas_delay
SDF,1,196,6.3979591836734695,2.3435897435897437,193,31.38860103626943,29.536458333333332,144,182.27777777777777,185.1958041958042,nas_delay,carrier_delay,late_aircraft_delay
SDF,2,211,5.606635071090047,0.5260663507109005,128,31.3828125,23.503937007874015,51,141.72549019607843,142.50980392156862,nas_delay,carrier_delay,late_aircraft_delay
SDF,3,234,6.739316239316239,2.3162393162393164,212,32.24528301886792,26.183962264150942,104,156.77884615384616,153.625,nas_delay,late_aircraft_delay,carrier_delay
SDF,4,259,6.845559845559846,2.1042471042471043,196,30.28061224489796,25.331632653061224,99,135.7171717171717,133.95876288659792,carrier_delay,nas_delay,late_aircraft_delay
SDF,5,359,6.345403899721449,3.8022284122562673,323,30.86377708978328,27.981308411214954,197,161.46700507614213,161.0102564102564,nas_delay,late_aircraft_delay,carrier_delay
SDF,6,267,5.898876404494382,1.3932584269662922,239,30.01255230125523,27.228813559322035,144,185.02777777777777,183.19718309859155,nas_delay,carrier_delay,late_aircraft_delay
SDF,7,300,6.366666666666666,3.2416107382550337,303,32.584158415841586,31.826666666666668,226,173.98230088495575,175.03555555555556,nas_delay,late_aircraft_delay,carrier_delay
SDF,8,245,6.114285714285714,1.8040816326530613,207,31.053140096618357,29.053140096618357,141,181.36170212765958,180.14598540145985,nas_delay,carrier_delay,late_aircraft_delay
SDF,9,265,5.992452830188679,1.9811320754716981,171,31.84795321637427,29.55294117647059,93,158.06451612903226,156.58695652173913,nas_delay,carrier_delay,late_aircraft_delay
SDF,10,242,5.946280991735537,-0.47520661157024796,139,32.75539568345324,23.848920863309353,65,182.75384615384615,179.36923076923077,nas_delay,carrier_delay,late_aircraft_delay
SDF,11,197,5.9238578680203045,1.3622448979591837,136,33.580882352941174,29.82962962962963,69,163.30434782608697,161.53623188405797,nas_delay,carrier_delay,late_aircraft_delay
SDF,12,261,6.593869731800766,0.05405405405405406,195,30.46153846153846,24.98974358974359,104,167.98076923076923,164.38834951456312,nas_delay,late_aircraft_delay,carrier_delay
SEA,1,2139,6.165965404394577,-0.6489815253434391,1837,31.56940664126293,24.66481994459834,969,137.58513931888544,130.6171548117155,carrier_delay,nas_delay,late_aircraft_delay
SEA,2,1691,5.934949733885275,1.8428232502965598,1115,30.343497757847533,25.03052064631957,386,135.74352331606218,132.6935064935065,nas_delay,carrier_delay,late_aircraft_delay
SEA,3,2214,6.118789521228545,1.4243659420289856,1813,30.730281301709873,26.010503040353786,613,139.1125611745514,135.91816693944352,nas_delay,carrier_delay,late_aircraft_delay
SEA,4,2323,6.170899698665519,1.7614125753660637,1827,30.604269293924467,25.615257958287597,603,121.02155887230514,116.18604651162791,nas_delay,carrier_delay,late_aircraft_delay
SEA,5,3007,6.198204190222813,1.765744751749417,2511,30.597769812823575,25.461323763955342,772,121.59715025906736,116.85992217898833,nas_delay,carrier_delay,late_aircraft_delay
SEA,6,3575,6.491748251748252,1.1020751542344362,3165,30.015797788309637,23.995571021828535,890,130.31910112359552,122.35180995475113,carrier_delay,nas_delay,late_aircraft_delay
SEA,7,3607,6.2095924591072915,3.6357579122709605,3028,30.20343461030383,26.57933090427294,942,135.8619957537155,131.50371944739638,carrier_delay,nas_delay,late_aircraft_delay
SEA,8,3434,6.322073383808969,4.26779463243874,2892,30.395228215767634,28.18943343760862,986,123.50304259634889,120.55453618756371,nas_delay,carrier_delay,late_aircraft_delay
SEA,9,2985,6.215745393634841,3.934228187919463,2162,30.081868640148013,26.463177396943028,586,117.5085324232082,112.82222222222222,nas_delay,carrier_delay,late_aircraft_delay
SEA,10,2462,6.080828594638505,1.6819845465636438,1528,29.50785340314136,24.7838370565046,420,125.07380952380953,118.33812949640287,nas_delay,carrier_delay,late_aircraft_delay
SEA,11,2157,5.877607788595271,0.14881780250347706,1303,29.20951650038373,22.37557603686636,365,135.6931506849315,130.38736263736263,nas_delay,carrier_delay,late_aircraft_delay
SEA,12,2520,6.2670634920634924,-0.6666666666666666,1894,30.243928194297784,23.105151354221988,662,126.18126888217523,118.08194233687405,carrier_delay,nas_delay,late_aircraft_delay
SFB,1,73,6.986301369863014,4.319444444444445,90,30.266666666666666,25.133333333333333,49,165.42857142857142,143.85106382978722,carrier_delay,late_aircraft_delay,nas_delay
SFB,2,96,6.3125,7.729166666666667,102,32.34313725490196,32.029411764705884,30,147.1,145.9,nas_delay,carrier_delay,late_aircraft_delay
SFB,3,122,6.459016393442623,6.30327868852459,146,32.273972602739725,30.856164383561644,72,136.5,138.76388888888889,nas_delay,carrier_delay,late_aircraft_delay
SFB,4,92,6.641304347826087,4.153846153846154,68,29.073529411764707,29.573529411764707,42,205.11904761904762,203.14285714285714,nas_delay,carrier_delay,late_aircraft_delay
SFB,5,108,6.638888888888889,4.055555555555555,104,29.865384615384617,30.346153846153847,60,126.5,124.86666666666666,late_aircraft_delay,nas_delay,carrier_delay
SFB,6,148,7.0608108108108105,4.472602739726027,170,31.1,30.54437869822485,104,140.09615384615384,138.57692307692307,carrier_delay,nas_delay,late_aircraft_delay
SFB,7,151,6.735099337748345,4.28476821192053,168,31.636904761904763,31.523809523809526,110,131.6909090909091,133.74545454545455,carrier_delay,late_aircraft_delay,nas_delay
SFB,8,82,6.146341463414634,4.8765432098765435,100,33.72,32.07,77,154.64935064935065,152.75324675324674,late_aircraft_delay,nas_delay,carrier_delay
SFB,9,55,6.6909090909090905,4.581818181818182,61,32.540983606557376,27.491803278688526,36,124.5,122.80555555555556,carrier_delay,nas_delay,late_aircraft_delay
SFB,10,102,6.519607843137255,1.8217821782178218,78,27.32051282051282,24.128205128205128,49,160.0,158.53061224489795,carrier_delay,canc_B,late_aircraft_delay
SFB,11,82,5.853658536585366,3.6219512195121952,105,29.714285714285715,32.285714285714285,30,98.4,100.46666666666667,carrier_delay,nas_delay,late_aircraft_delay
SFB,12,146,6.719178082191781,3.1875,204,32.23039215686274,28.862068965517242,112,143.14285714285714,140.70535714285714,carrier_delay,late_aircraft_delay,nas_delay
SFO,1,1734,6.306805074971165,-0.7213872832369942,1355,31.14760147601476,23.28941524796447,728,148.18956043956044,138.1258644536653,carrier_delay,late_aircraft_delay,nas_delay
SFO,2,1741,6.359563469270534,-2.1136101499423297,1628,31.447174447174447,22.268142681426813,969,158.72549019607843,150.29771784232366,late_aircraft_delay,carrier_delay,nas_delay
SFO,3,1986,6.39778449144008,0.28939393939393937,2104,32.838878326996195,26.583015267175572,1066,136.3095684803002,129.77046095954844,late_aircraft_delay,nas_delay,carrier_delay
SFO,4,1930,6.419170984455959,-2.55607476635514,1958,32.376915219611845,24.10701484895033,1108,130.34657039711192,121.17391304347827,late_aircraft_delay,nas_delay,carrier_delay
SFO,5,2081,6.3801057184046135,-3.064935064935065,2088,32.564655172413794,22.01009130225853,984,133.6910569105691,123.30346232179227,late_aircraft_delay,carrier_delay,nas_delay
SFO,6,1960,6.1959183673469385,-3.387525562372188,1681,31.502676977989292,22.708982035928145,932,142.67489270386267,132.6216216216216,late_aircraft_delay,carrier_delay,nas_delay
SFO,7,2144,5.932835820895522,0.2826392138511933,1719,31.23676556137289,24.72403733955659,1005,148.54726368159203,142.0900900900901,carrier_delay,late_aircraft_delay,nas_delay
SFO,8,2274,6.295074758135444,-0.10458958517210945,1708,31.795081967213115,24.883734586024662,819,138.86813186813185,131.5808823529412,late_aircraft_delay,carrier_delay,nas_delay
SFO,9,1899,5.991574512901527,1.0026371308016877,1392,31.496408045977013,26.94881038211968,553,151.33092224231464,146.264116575592,nas_delay,late_aircraft_delay,carrier_delay
SFO,10,2082,6.079731027857829,-0.5505293551491819,1401,30.62740899357602,24.452789699570815,620,138.96451612903226,131.8481421647819,carrier_delay,nas_delay,late_aircraft_delay
SFO,11,2011,6.306812531079065,-1.908909905425585,1584,31.34027777777778,22.98606713109563,994,138.78370221327967,131.84576612903226,late_aircraft_delay,carrier_delay,nas_delay
SFO,12,2220,6.27072072072072,-0.5589164785553047,1736,32.20334101382488,24.39364161849711,967,137.5667011375388,129.98333333333332,carrier_delay,late_aircraft_delay,nas_delay
SGF,1,96,6.270833333333333,3.7916666666666665,84,30.773809523809526,36.92857142857143,78,241.60256410256412,258.4871794871795,nas_delay,late_aircraft_delay,carrier_delay
SGF,2,77,5.714285714285714,1.2597402597402598,52,27.807692307692307,17.75,21,93.57142857142857,84.71428571428571,nas_delay,carrier_delay,late_aircraft_delay
SGF,3,90,6.2444444444444445,0.3333333333333333,60,30.383333333333333,21.633333333333333,47,155.10638297872342,151.6595744680851,late_aircraft_delay,carrier_delay,nas_delay
SGF,4,110,5.818181818181818,2.4272727272727272,75,28.986666666666668,27.554054054054053,53,192.1320754716981,197.7843137254902,nas_delay,late_aircraft_delay,carrier_delay
SGF,5,132,7.007575757575758,4.045454545454546,118,31.050847457627118,31.582608695652173,97,169.76288659793815,166.9255319148936,late_aircraft_delay,nas_delay,carrier_delay
SGF,6,136,6.154411764705882,1.911764705882353,147,30.72108843537415,25.401360544217688,88,163.57954545454547,162.4367816091954,late_aircraft_delay,carrier_delay,nas_delay
SGF,7,164,6.280487804878049,3.8658536585365852,138,29.5,26.434782608695652,105,158.65714285714284,158.5,carrier_delay,late_aircraft_delay,nas_delay
SGF,8,152,5.901315789473684,3.6315789473684212,124,31.991935483870968,27.81451612903226,78,180.33333333333334,176.1038961038961,carrier_delay,late_aircraft_delay,nas_delay
SGF,9,133,6.2556390977443606,1.5,100,29.46,26.77,56,160.39285714285714,153.98181818181817,carrier_delay,late_aircraft_delay,nas_delay
SGF,10,137,6.306569343065694,-0.8759124087591241,88,28.920454545454547,21.75,40,216.25,207.0,carrier_delay,nas_delay,late_aircraft_delay
SGF,11,116,6.586206896551724,3.7155172413793105,77,30.792207792207794,26.94736842105263,48,160.625,160.02083333333334,carrier_delay,nas_delay,late_aircraft_delay
SGF,12,163,6.49079754601227,0.9386503067484663,138,32.39855072463768,28.108695652173914,76,185.3421052631579,182.72,carrier_delay,late_aircraft_delay,nas_delay
SGU,1,18,7.555555555555555,5.333333333333333,18,30.61111111111111,28.166666666666668,6,175.5,167.83333333333334,carrier_delay,nas_delay,late_aircraft_delay
SGU,2,12,6.083333333333333,3.9166666666666665,16,28.8125,25.9375,8,202.0,199.25,carrier_delay,nas_delay,late_aircraft_delay
SGU,3,13,6.461538461538462,5.230769230769231,7,28.142857142857142,18.285714285714285,5,160.2,165.2,carrier_delay,nas_delay,weather_delay
SGU,4,27,5.925925925925926,1.7037037037037037,14,31.285714285714285,32.42857142857143,9,325.8888888888889,324.8888888888889,carrier_delay,nas_delay,weather_delay
SGU,5,22,4.7727272727272725,-1.5909090909090908,11,31.363636363636363,24.636363636363637,10,177.5,175.7,carrier_delay,nas_delay,weather_delay
SGU,6,19,7.157894736842105,4.684210526315789,13,39.38461538461539,32.15384615384615,13,166.0,158.6153846153846,carrier_delay,nas_delay,weather_delay
SGU,7,18,7.333333333333333,2.3333333333333335,22,37.5,31.863636363636363,14,147.35714285714286,137.57142857142858,carrier_delay,nas_delay,weather_delay
SGU,8,22,8.409090909090908,6.7272727272727275,17,36.411764705882355,31.470588235294116,17,364.94117647058823,362.0,carrier_delay,nas_delay,weather_delay
SGU,9,25,5.44,2.56,6,23.0,25.333333333333332,5,151.4,141.4,carrier_delay,nas_delay,late_aircraft_delay
SGU,10,18,5.388888888888889,1.8888888888888888,26,29.53846153846154,26.307692307692307,13,145.15384615384616,140.46153846153845,carrier_delay,nas_delay,weather_delay
SGU,11,17,6.117647058823529,-0.23529411764705882,17,34.88235294117647,28.0625,24,156.91666666666666,150.25,carrier_delay,nas_delay,late_aircraft_delay
SGU,12,23,6.130434782608695,-0.7391304347826086,16,36.375,26.666666666666668,16,212.3125,207.875,carrier_delay,nas_delay,weather_delay
SHR,1,5,8.4,3.6,3,20.0,5.0,6,178.66666666666666,168.0,canc_B,carrier_delay,nas_delay
SHR,2,3,7.0,-9.0,2,35.5,67.0,2,108.5,118.0,carrier_delay,nas_delay,canc_B
SHR,3,5,3.2,3.8,1,23.0,3.0,1,112.0,138.0,nas_delay,canc_B,late_aircraft_delay
SHR,4,1,7.0,-2.0,0,"","",1,403.0,412.0,carrier_delay,nas_delay,Nessuna
SHR,5,3,8.0,6.666666666666667,4,32.5,25.25,2,220.0,220.5,carrier_delay,late_aircraft_delay,nas_delay
SHR,6,3,5.666666666666667,12.333333333333334,3,41.0,38.333333333333336,3,214.66666666666666,211.33333333333334,carrier_delay,nas_delay,late_aircraft_delay
SHR,7,2,2.5,4.5,4,45.0,44.5,5,138.4,137.6,carrier_delay,nas_delay,late_aircraft_delay
SHR,8,3,9.0,9.666666666666666,2,39.5,39.0,3,247.0,261.0,nas_delay,carrier_delay,late_aircraft_delay
SHR,9,5,6.4,-0.4,2,28.0,25.0,3,259.0,258.0,carrier_delay,nas_delay,Nessuna
SHR,10,3,4.333333333333333,18.666666666666668,2,34.0,35.5,3,260.6666666666667,254.0,carrier_delay,late_aircraft_delay,nas_delay
SHR,11,1,4.0,4.0,2,47.0,53.0,2,140.5,134.0,carrier_delay,canc_B,nas_delay
SHR,12,2,11.0,13.0,2,18.0,5.5,1,261.0,271.0,carrier_delay,nas_delay,late_aircraft_delay
SHV,1,51,7.411764705882353,4.078431372549019,26,33.80769230769231,30.884615384615383,26,276.15384615384613,280.1923076923077,nas_delay,late_aircraft_delay,canc_B
SHV,2,29,6.931034482758621,4.137931034482759,21,30.38095238095238,28.19047619047619,10,124.5,118.1,nas_delay,late_aircraft_delay,carrier_delay
SHV,3,38,6.368421052631579,-0.05263157894736842,32,29.09375,23.59375,18,139.16666666666666,141.61111111111111,late_aircraft_delay,nas_delay,weather_delay
SHV,4,54,5.314814814814815,1.037037037037037,29,27.75862068965517,21.551724137931036,25,258.32,261.6,late_aircraft_delay,nas_delay,weather_delay
SHV,5,61,5.672131147540983,0.09836065573770492,49,31.163265306122447,29.918367346938776,44,170.0909090909091,170.3181818181818,late_aircraft_delay,weather_delay,carrier_delay
SHV,6,43,6.5813953488372094,-0.13953488372093023,52,36.42307692307692,34.17307692307692,35,149.02857142857144,145.82857142857142,late_aircraft_delay,carrier_delay,nas_delay
SHV,7,64,5.828125,1.78125,71,33.70422535211268,33.36619718309859,52,198.25,191.05769230769232,late_aircraft_delay,carrier_delay,nas_delay
SHV,8,45,6.022222222222222,4.777777777777778,34,35.0,29.38235294117647,25,154.72,152.8,late_aircraft_delay,carrier_delay,nas_delay
SHV,9,39,5.9743589743589745,-0.8205128205128205,31,32.483870967741936,29.870967741935484,24,151.91666666666666,146.08333333333334,late_aircraft_delay,carrier_delay,nas_delay
SHV,10,39,6.17948717948718,0.9487179487179487,39,31.692307692307693,21.82051282051282,8,125.875,120.375,carrier_delay,late_aircraft_delay,nas_delay
SHV,11,44,6.113636363636363,0.7954545454545454,25,27.16,21.48,12,189.41666666666666,191.33333333333334,nas_delay,carrier_delay,late_aircraft_delay
SHV,12,87,6.931034482758621,3.586206896551724,55,31.363636363636363,27.09090909090909,39,190.71794871794873,188.4102564102564,carrier_delay,nas_delay,late_aircraft_delay
SIT,1,8,2.625,-0.25,15,27.666666666666668,31.8,4,189.0,197.0,late_aircraft_delay,nas_delay,carrier_delay
SIT,2,2,7.0,-1.0,6,34.333333333333336,31.5,4,147.0,137.66666666666666,nas_delay,late_aircraft_delay,carrier_delay
SIT,3,7,7.142857142857143,9.428571428571429,8,33.125,35.375,1,71.0,77.0,nas_delay,late_aircraft_delay,weather_delay
SIT,4,10,5.8,2.0,6,33.833333333333336,40.833333333333336,2,106.5,108.5,nas_delay,carrier_delay,late_aircraft_delay
SIT,5,14,8.5,5.285714285714286,12,26.25,21.416666666666668,3,203.0,177.0,nas_delay,late_aircraft_delay,carrier_delay
SIT,6,16,6.4375,8.9375,13,34.15384615384615,36.23076923076923,11,207.27272727272728,201.63636363636363,nas_delay,carrier_delay,late_aircraft_delay
SIT,7,20,7.0,5.95,18,36.111111111111114,32.77777777777778,8,272.5,272.875,late_aircraft_delay,nas_delay,carrier_delay
SIT,8,22,6.681818181818182,7.909090909090909,20,32.7,29.65,14,192.85714285714286,186.14285714285714,late_aircraft_delay,nas_delay,carrier_delay
SIT,9,15,5.733333333333333,3.142857142857143,12,30.25,32.083333333333336,3,119.33333333333333,113.33333333333333,late_aircraft_delay,nas_delay,carrier_delay
SIT,10,7,5.142857142857143,3.7142857142857144,8,40.25,40.125,3,111.33333333333333,108.66666666666667,late_aircraft_delay,weather_delay,nas_delay
SIT,11,10,5.6,12.0,9,34.0,35.25,1,113.0,109.0,late_aircraft_delay,nas_delay,carrier_delay
SIT,12,13,6.923076923076923,10.692307692307692,5,42.2,49.5,4,126.0,117.75,nas_delay,late_aircraft_delay,weather_delay
SJC,1,560,6.121428571428571,-0.49464285714285716,445,30.73932584269663,24.263513513513512,155,121.85806451612903,114.30967741935484,late_aircraft_delay,carrier_delay,nas_delay
SJC,2,635,5.529133858267716,-2.1181102362204722,357,30.893557422969188,23.415730337078653,124,127.04032258064517,120.41129032258064,late_aircraft_delay,carrier_delay,nas_delay
SJC,3,696,5.793103448275862,0.3793103448275862,404,30.678217821782177,23.99255583126551,168,119.48214285714286,115.96428571428571,late_aircraft_delay,carrier_delay,nas_delay
SJC,4,690,5.671014492753623,0.16521739130434782,389,30.051413881748072,23.876606683804628,138,131.41304347826087,126.17647058823529,late_aircraft_delay,carrier_delay,nas_delay
SJC,5,738,5.596205962059621,0.5551020408163265,501,30.894211576846306,25.51,190,124.87368421052632,118.0952380952381,late_aircraft_delay,carrier_delay,nas_delay
SJC,6,904,5.788716814159292,0.5692137320044297,628,29.722929936305732,25.11464968152866,252,123.38492063492063,111.63346613545816,late_aircraft_delay,carrier_delay,nas_delay
SJC,7,820,6.040243902439024,2.5556915544675642,536,30.63992537313433,26.318949343339586,291,126.52920962199313,122.5085910652921,late_aircraft_delay,carrier_delay,nas_delay
SJC,8,709,5.792665726375176,0.925035360678925,489,29.78527607361963,24.813905930470348,169,133.10059171597632,127.31952662721893,late_aircraft_delay,nas_delay,carrier_delay
SJC,9,624,5.381410256410256,1.3173076923076923,453,31.12362030905077,27.432671081677704,153,111.75816993464052,106.50657894736842,nas_delay,late_aircraft_delay,carrier_delay
SJC,10,664,5.629518072289157,-0.5948795180722891,487,30.86652977412731,24.156378600823047,219,128.24657534246575,124.59633027522936,late_aircraft_delay,nas_delay,carrier_delay
SJC,11,623,5.985553772070626,-1.4807073954983923,399,28.842105263157894,19.698492462311556,144,110.36111111111111,101.68531468531468,late_aircraft_delay,carrier_delay,nas_delay
SJC,12,734,6.028610354223433,-1.3907103825136613,502,30.657370517928285,24.07815631262525,232,130.79741379310346,125.23376623376623,late_aircraft_delay,carrier_delay,nas_delay
SJT,1,3,6.0,5.666666666666667,18,30.11111111111111,29.944444444444443,7,401.57142857142856,396.7142857142857,weather_delay,late_aircraft_delay,nas_delay
SJT,2,5,6.8,1.4,3,29.0,24.0,5,121.0,119.6,nas_delay,late_aircraft_delay,carrier_delay
SJT,3,3,5.666666666666667,-2.6666666666666665,7,27.0,23.857142857142858,4,89.0,83.0,late_aircraft_delay,nas_delay,carrier_delay
SJT,4,7,8.285714285714286,6.714285714285714,8,33.75,27.5,9,127.33333333333333,127.22222222222223,late_aircraft_delay,carrier_delay,nas_delay
SJT,5,8,4.125,5.75,8,36.75,41.625,14,219.28571428571428,218.14285714285714,carrier_delay,late_aircraft_delay,nas_delay
SJT,6,3,5.0,2.3333333333333335,13,29.23076923076923,34.0,6,149.33333333333334,152.83333333333334,nas_delay,carrier_delay,late_aircraft_delay
SJT,7,8,5.5,15.0,8,35.625,31.625,11,136.1818181818182,133.36363636363637,carrier_delay,nas_delay,late_aircraft_delay
SJT,8,5,7.0,7.6,4,28.5,31.0,6,136.66666666666666,134.0,nas_delay,late_aircraft_delay,carrier_delay
SJT,9,7,5.857142857142857,5.142857142857143,9,29.666666666666668,31.333333333333332,5,219.4,213.2,carrier_delay,nas_delay,late_aircraft_delay
SJT,10,9,5.555555555555555,8.555555555555555,8,31.875,26.875,2,98.5,91.5,nas_delay,carrier_delay,late_aircraft_delay
SJT,11,7,3.142857142857143,2.857142857142857,7,29.714285714285715,39.714285714285715,8,147.625,142.625,nas_delay,carrier_delay,late_aircraft_delay
SJT,12,12,6.75,-3.8333333333333335,9,30.22222222222222,33.888888888888886,6,97.5,81.0,carrier_delay,canc_B,nas_delay
SJU,1,478,6.48744769874477,3.5849056603773586,515,31.792233009708738,28.853801169590643,313,166.63258785942492,163.11074918566774,late_aircraft_delay,carrier_delay,nas_delay
SJU,2,424,6.125,3.607565011820331,361,31.98891966759003,28.454293628808863,216,178.14814814814815,175.97652582159625,nas_delay,carrier_delay,late_aircraft_delay
SJU,3,523,6.3441682600382405,5.665377176015474,517,31.97678916827853,31.130859375,330,189.03030303030303,188.70426829268294,nas_delay,carrier_delay,late_aircraft_delay
SJU,4,437,6.414187643020595,2.4055299539170507,338,30.87869822485207,26.074404761904763,204,169.97549019607843,166.2929292929293,nas_delay,late_aircraft_delay,carrier_delay
SJU,5,521,6.243761996161228,2.346228239845261,459,31.4400871459695,28.75496688741722,285,204.11929824561403,193.90579710144928,nas_delay,late_aircraft_delay,carrier_delay
SJU,6,577,6.213171577123051,1.8143607705779334,592,31.636824324324323,28.230240549828178,347,176.32276657060518,172.2332361516035,late_aircraft_delay,nas_delay,carrier_delay
SJU,7,662,6.217522658610272,1.9129770992366413,621,33.412238325281805,27.75242718446602,410,166.0390243902439,159.8992628992629,carrier_delay,late_aircraft_delay,nas_delay
SJU,8,480,6.63125,3.343157894736842,532,33.12593984962406,25.97537878787879,413,161.68765133171914,156.9264705882353,late_aircraft_delay,carrier_delay,nas_delay
SJU,9,348,6.281609195402299,-1.5994236311239194,193,30.04663212435233,21.110526315789475,128,153.78125,144.0708661417323,carrier_delay,late_aircraft_delay,nas_delay
SJU,10,354,6.220338983050848,-0.125,260,30.392307692307693,22.234615384615385,112,176.04464285714286,167.25454545454545,carrier_delay,late_aircraft_delay,nas_delay
SJU,11,472,6.197033898305085,-2.882978723404255,350,31.554285714285715,23.710601719197708,163,160.2085889570552,151.8136645962733,carrier_delay,late_aircraft_delay,nas_delay
SJU,12,552,6.77536231884058,3.68488160291439,592,31.322635135135137,26.883248730964468,286,157.76923076923077,153.81052631578947,late_aircraft_delay,carrier_delay,nas_delay
SLC,1,1638,6.191086691086691,2.6754439681567668,1248,31.31971153846154,26.332797427652732,667,165.1544227886057,161.49848484848485,carrier_delay,nas_delay,late_aircraft_delay
SLC,2,1395,5.807168458781362,-0.9655419956927495,859,28.911525029103608,22.007001166861144,350,136.7942857142857,129.1391304347826,nas_delay,carrier_delay,late_aircraft_delay
SLC,3,1563,6.0786948176583495,1.3677130044843049,1066,30.809568480300186,27.56484962406015,517,152.96131528046422,146.197265625,carrier_delay,nas_delay,late_aircraft_delay
SLC,4,1274,6.086342229199372,0.6490952006294256,924,31.5487012987013,26.039003250270856,469,133.9125799573561,129.66666666666666,carrier_delay,nas_delay,late_aircraft_delay
SLC,5,1482,6.319838056680162,0.5442866801893171,1142,31.450087565674256,25.76733977172959,557,134.14183123877916,129.6552346570397,carrier_delay,nas_delay,late_aircraft_delay
SLC,6,1501,6.317788141239174,0.6404269513008672,1320,31.76439393939394,25.43730886850153,649,157.31278890600925,148.97822706065318,carrier_delay,late_aircraft_delay,nas_delay
SLC,7,1528,6.095549738219895,1.3022950819672132,1347,31.2724573125464,26.259314456035767,906,154.6401766004415,148.29542920847268,carrier_delay,late_aircraft_delay,nas_delay
SLC,8,1501,6.042638241172551,1.4725935828877006,1233,31.61557177615572,27.27591836734694,671,154.01192250372577,146.68024132730014,carrier_delay,nas_delay,late_aircraft_delay
SLC,9,1212,6.063531353135313,1.012396694214876,820,30.673170731707316,24.85836385836386,370,140.25675675675674,134.9349593495935,carrier_delay,nas_delay,late_aircraft_delay
SLC,10,1170,5.808547008547008,0.035897435897435895,723,31.145228215767634,25.02354570637119,290,148.13793103448276,143.01041666666666,carrier_delay,nas_delay,late_aircraft_delay
SLC,11,1135,6.051101321585903,0.01412180052956752,656,30.411585365853657,24.9984756097561,332,151.54819277108433,144.5474006116208,carrier_delay,nas_delay,late_aircraft_delay
SLC,12,1440,6.053472222222222,-1.7552155771905424,1094,31.457038391224863,22.783882783882785,535,150.84672897196262,142.41587901701322,carrier_delay,nas_delay,late_aircraft_delay
SLN,1,4,9.0,0.5,6,31.5,26.166666666666668,6,145.33333333333334,144.33333333333334,late_aircraft_delay,canc_B,nas_delay
SLN,2,2,6.0,-12.0,4,27.75,25.5,2,64.5,56.0,carrier_delay,late_aircraft_delay,nas_delay
SLN,3,4,7.25,10.0,3,32.0,34.666666666666664,5,139.8,136.8,nas_delay,late_aircraft_delay,carrier_delay
SLN,4,3,2.0,-2.3333333333333335,4,48.5,36.25,7,181.28571428571428,176.85714285714286,carrier_delay,late_aircraft_delay,nas_delay
SLN,5,4,9.0,28.25,5,26.6,21.6,16,243.625,240.6875,nas_delay,carrier_delay,late_aircraft_delay
SLN,6,3,5.0,-9.666666666666666,4,41.0,38.5,4,121.5,132.5,nas_delay,weather_delay,late_aircraft_delay
SLN,7,2,9.0,21.5,4,29.25,65.75,6,152.66666666666666,146.83333333333334,nas_delay,late_aircraft_delay,weather_delay
SLN,8,3,2.3333333333333335,-0.3333333333333333,7,38.57142857142857,43.333333333333336,6,172.0,164.83333333333334,late_aircraft_delay,nas_delay,carrier_delay
SLN,9,1,7.0,8.0,3,31.666666666666668,25.0,7,254.85714285714286,244.28571428571428,late_aircraft_delay,carrier_delay,weather_delay
SLN,10,1,6.0,-3.0,1,16.0,11.0,2,100.5,92.0,carrier_delay,nas_delay,Nessuna
SLN,11,4,10.5,7.0,6,24.666666666666668,23.0,4,192.0,197.5,carrier_delay,nas_delay,late_aircraft_delay
SLN,12,5,5.0,-0.6,4,42.0,40.0,3,113.0,116.0,carrier_delay,nas_delay,late_aircraft_delay
SMF,1,708,5.915254237288136,-0.5042492917847026,475,30.385263157894737,23.141350210970465,203,128.6551724137931,122.23152709359606,late_aircraft_delay,carrier_delay,nas_delay
SMF,2,622,5.565916398713826,-0.6940418679549114,371,29.39622641509434,23.943089430894307,143,146.2237762237762,142.86713286713288,late_aircraft_delay,carrier_delay,nas_delay
SMF,3,782,5.745524296675192,0.6568501920614597,473,30.27061310782241,26.19661733615222,203,148.63546798029557,145.95544554455446,late_aircraft_delay,carrier_delay,nas_delay
SMF,4,824,6.25,0.708029197080292,538,31.544609665427508,25.592178770949722,215,118.54418604651163,113.86976744186046,late_aircraft_delay,carrier_delay,nas_delay
SMF,5,952,5.961134453781512,0.7605042016806722,651,30.662058371735792,24.40923076923077,273,140.75824175824175,136.17948717948718,late_aircraft_delay,carrier_delay,nas_delay
SMF,6,1093,6.139981701738335,0.8431192660550458,767,30.465449804432854,24.201834862385322,289,136.1833910034602,131.36933797909407,late_aircraft_delay,carrier_delay,nas_delay
SMF,7,977,6.024564994882293,1.7772073921971252,747,31.662650602409638,28.17828418230563,352,162.7840909090909,161.80397727272728,late_aircraft_delay,carrier_delay,nas_delay
SMF,8,872,5.977064220183486,0.928817451205511,580,30.822413793103447,25.500863557858377,277,130.7942238267148,125.24817518248175,late_aircraft_delay,carrier_delay,nas_delay
SMF,9,849,5.876325088339223,0.5058962264150944,498,29.289156626506024,24.330645161290324,192,140.6875,133.11052631578949,late_aircraft_delay,nas_delay,carrier_delay
SMF,10,833,5.750300120048019,-0.9229843561973526,522,31.118773946360154,25.476007677543187,199,136.42713567839195,133.1161616161616,late_aircraft_delay,nas_delay,carrier_delay
SMF,11,791,6.013906447534766,-1.8900126422250316,512,30.388671875,22.227005870841488,165,138.9151515151515,137.33128834355827,late_aircraft_delay,carrier_delay,nas_delay
SMF,12,878,6.2027334851936216,-0.7368421052631579,683,30.481698389458273,23.16470588235294,305,155.99344262295082,150.60855263157896,carrier_delay,late_aircraft_delay,nas_delay
SMX,1,0,"","",0,"","",3,209.0,200.0,carrier_delay,late_aircraft_delay,Nessuna
SMX,2,1,1.0,-11.0,0,"","",2,185.0,184.0,late_aircraft_delay,nas_delay,carrier_delay
SMX,3,5,9.4,13.8,1,31.0,45.0,1,159.0,184.0,nas_delay,late_aircraft_delay,weather_delay
SMX,4,2,10.0,7.5,0,"","",0,"","",Nessuna,Nessuna,Nessuna
SMX,5,2,6.0,4.0,0,"","",1,69.0,85.0,nas_delay,late_aircraft_delay,Nessuna
SMX,6,3,2.3333333333333335,-2.6666666666666665,2,28.5,23.5,1,67.0,65.0,late_aircraft_delay,carrier_delay,nas_delay
SMX,7,1,14.0,7.0,1,57.0,68.0,2,150.5,150.0,late_aircraft_delay,carrier_delay,nas_delay
SMX,8,2,2.5,0.0,1,22.0,33.0,2,93.5,88.0,late_aircraft_delay,nas_delay,carrier_delay
SMX,9,0,"","",2,44.5,40.5,4,112.75,112.0,late_aircraft_delay,weather_delay,nas_delay
SMX,10,3,6.333333333333333,-5.0,1,31.0,39.0,3,513.6666666666666,507.3333333333333,late_aircraft_delay,nas_delay,carrier_delay
SMX,11,0,"","",1,16.0,28.0,3,134.33333333333334,126.66666666666667,nas_delay,late_aircraft_delay,carrier_delay
SMX,12,2,10.0,1.0,2,36.5,34.5,0,"","",late_aircraft_delay,carrier_delay,Nessuna
SNA,1,587,5.9301533219761495,-0.07179487179487179,442,32.3552036199095,26.493212669683256,194,169.09278350515464,158.5,late_aircraft_delay,nas_delay,carrier_delay
SNA,2,613,6.048939641109299,-2.619281045751634,437,30.471395881006863,21.86467889908257,192,147.77083333333334,142.90104166666666,nas_delay,late_aircraft_delay,carrier_delay
SNA,3,678,6.067846607669616,-0.29542097488921715,556,31.31294964028777,27.84086799276673,242,142.4297520661157,139.80082987551867,nas_delay,late_aircraft_delay,carrier_delay
SNA,4,580,6.048275862068966,-2.2728842832469773,493,31.582150101419877,25.659877800407333,215,151.5906976744186,146.94418604651162,late_aircraft_delay,nas_delay,carrier_delay
SNA,5,643,5.888024883359254,-2.6379310344827585,501,31.58682634730539,24.80722891566265,264,176.3409090909091,169.3923076923077,late_aircraft_delay,nas_delay,carrier_delay
SNA,6,603,6.217247097844113,-1.3926788685524127,495,31.866666666666667,24.56646216768916,240,139.825,132.20083682008368,late_aircraft_delay,nas_delay,carrier_delay
SNA,7,553,6.117540687160941,-0.41742286751361163,468,32.07905982905983,25.65010799136069,276,180.57971014492753,175.61231884057972,late_aircraft_delay,carrier_delay,nas_delay
SNA,8,541,5.7652495378927915,0.6103896103896104,396,32.17929292929293,27.03053435114504,204,143.29901960784315,139.0148514851485,late_aircraft_delay,nas_delay,carrier_delay
SNA,9,566,6.1537102473498235,-0.7393617021276596,338,30.242603550295858,23.7603550295858,155,158.24516129032259,152.15032679738562,late_aircraft_delay,nas_delay,carrier_delay
SNA,10,572,5.554195804195804,-1.3444055944055944,374,31.315508021390375,24.02139037433155,150,151.48666666666668,146.22666666666666,late_aircraft_delay,carrier_delay,nas_delay
SNA,11,540,5.640740740740741,-2.816326530612245,354,29.403954802259886,21.97167138810198,146,191.77397260273972,187.2,late_aircraft_delay,nas_delay,carrier_delay
SNA,12,565,5.55929203539823,-0.7890070921985816,423,30.940898345153663,23.63356973995272,285,177.9438596491228,173.65964912280702,late_aircraft_delay,nas_delay,carrier_delay
SPI,1,3,7.666666666666667,0.6666666666666666,5,36.4,36.8,2,97.0,106.5,nas_delay,late_aircraft_delay,weather_delay
SPI,2,4,5.5,-4.0,3,23.333333333333332,19.666666666666668,1,71.0,56.0,carrier_delay,nas_delay,late_aircraft_delay
SPI,3,4,6.25,20.75,6,33.5,35.833333333333336,1,321.0,314.0,nas_delay,carrier_delay,late_aircraft_delay
SPI,4,2,6.0,-3.0,1,26.0,7.0,2,208.5,200.0,carrier_delay,late_aircraft_delay,Nessuna
SPI,5,2,4.0,4.5,2,22.5,8.5,1,145.0,121.0,nas_delay,carrier_delay,Nessuna
SPI,6,1,1.0,-10.0,1,56.0,38.0,2,153.5,162.0,carrier_delay,nas_delay,late_aircraft_delay
SPI,7,5,6.4,-3.8,0,"","",0,"","",canc_A,Nessuna,Nessuna
SPI,8,0,"","",1,35.0,142.0,0,"","",nas_delay,late_aircraft_delay,Nessuna
SPI,10,3,3.3333333333333335,-0.3333333333333333,2,42.0,35.5,1,109.0,215.0,late_aircraft_delay,nas_delay,canc_B
SPI,11,3,4.666666666666667,3.0,2,40.5,29.5,0,"","",weather_delay,carrier_delay,late_aircraft_delay
SPI,12,4,2.75,1.75,4,27.5,8.25,2,70.5,75.5,carrier_delay,late_aircraft_delay,nas_delay
SPN,1,1,5.0,-3.0,1,29.0,28.0,0,"","",carrier_delay,Nessuna,Nessuna
SPN,2,4,7.0,5.0,0,"","",0,"","",Nessuna,Nessuna,Nessuna
SPN,3,1,7.0,1.0,1,29.0,21.0,1,125.0,118.0,carrier_delay,Nessuna,Nessuna
SPN,4,3,8.666666666666666,4.666666666666667,0,"","",0,"","",Nessuna,Nessuna,Nessuna
SPN,5,5,5.6,2.6,0,"","",0,"","",Nessuna,Nessuna,Nessuna
SPN,6,9,5.444444444444445,4.777777777777778,6,30.833333333333332,33.5,0,"","",carrier_delay,late_aircraft_delay,nas_delay
SPN,7,13,7.076923076923077,4.846153846153846,4,33.25,30.75,0,"","",carrier_delay,nas_delay,weather_delay
SPN,8,7,7.285714285714286,6.428571428571429,3,37.666666666666664,35.333333333333336,2,89.5,97.0,late_aircraft_delay,carrier_delay,nas_delay
SPN,9,3,4.333333333333333,4.666666666666667,0,"","",1,980.0,984.0,nas_delay,canc_C,weather_delay
SPN,10,1,5.0,23.0,1,23.0,16.0,1,262.0,277.0,nas_delay,carrier_delay,Nessuna
SPN,11,4,5.5,2.75,1,33.0,25.0,1,99.0,94.0,late_aircraft_delay,carrier_delay,canc_C
SPN,12,4,4.75,1.25,1,15.0,14.0,0,"","",Nessuna,Nessuna,Nessuna
SPS,1,2,7.0,23.5,6,32.666666666666664,31.166666666666668,11,155.8181818181818,152.36363636363637,carrier_delay,weather_delay,nas_delay
SPS,2,2,8.0,13.0,3,25.666666666666668,32.333333333333336,2,166.5,160.5,carrier_delay,nas_delay,weather_delay
SPS,3,4,7.0,0.75,5,33.8,31.8,3,224.66666666666666,208.33333333333334,carrier_delay,weather_delay,nas_delay
SPS,4,3,7.333333333333333,9.333333333333334,4,29.5,23.0,5,205.4,204.8,carrier_delay,nas_delay,weather_delay
SPS,5,5,9.4,4.2,3,44.333333333333336,34.666666666666664,6,194.16666666666666,188.83333333333334,carrier_delay,canc_B,weather_delay
SPS,6,3,2.6666666666666665,13.333333333333334,3,32.333333333333336,25.333333333333332,4,190.75,187.25,weather_delay,nas_delay,carrier_delay
SPS,7,4,5.0,2.25,3,38.666666666666664,41.666666666666664,8,162.875,162.0,weather_delay,carrier_delay,nas_delay
SPS,8,4,7.0,-7.25,2,29.5,28.5,1,431.0,418.0,carrier_delay,nas_delay,weather_delay
SPS,9,4,6.5,4.5,3,33.666666666666664,33.333333333333336,2,181.5,178.5,carrier_delay,weather_delay,nas_delay
SPS,10,3,6.333333333333333,-4.666666666666667,2,31.5,24.5,9,206.0,200.22222222222223,carrier_delay,late_aircraft_delay,nas_delay
SPS,11,14,5.357142857142857,-2.7857142857142856,5,36.6,26.8,4,167.25,157.75,carrier_delay,weather_delay,canc_B
SPS,12,12,4.416666666666667,-2.25,7,31.0,34.0,3,122.66666666666667,121.66666666666667,carrier_delay,nas_delay,late_aircraft_delay
SRQ,1,214,5.565420560747664,-2.8028169014084505,209,30.6555023923445,22.173076923076923,161,173.0310559006211,166.03125,late_aircraft_delay,carrier_delay,nas_delay
SRQ,2,201,5.970149253731344,2.283582089552239,137,32.09489051094891,24.759124087591243,71,172.40845070422534,170.0,late_aircraft_delay,nas_delay,carrier_delay
SRQ,3,268,6.4888059701492535,1.007462686567164,240,31.666666666666668,24.794979079497907,156,173.09615384615384,170.49358974358975,late_aircraft_delay,nas_delay,carrier_delay
SRQ,4,238,5.869747899159663,0.7932489451476793,146,30.205479452054796,26.75862068965517,110,167.20909090909092,160.8272727272727,late_aircraft_delay,carrier_delay,nas_delay
SRQ,5,209,6.23444976076555,4.350961538461538,176,29.613636363636363,31.04,133,166.2406015037594,166.71969696969697,late_aircraft_delay,nas_delay,carrier_delay
SRQ,6,179,6.346368715083799,3.3016759776536313,135,30.155555555555555,24.65671641791045,93,204.06451612903226,199.95652173913044,late_aircraft_delay,carrier_delay,nas_delay
SRQ,7,163,6.846625766871166,4.512345679012346,178,33.48314606741573,30.954802259887007,125,181.824,185.74590163934425,late_aircraft_delay,nas_delay,carrier_delay
SRQ,8,119,5.974789915966387,1.0924369747899159,119,33.50420168067227,31.126050420168067,73,155.9041095890411,153.08219178082192,late_aircraft_delay,nas_delay,carrier_delay
SRQ,9,62,5.82258064516129,2.870967741935484,59,33.644067796610166,26.16949152542373,35,154.22857142857143,144.82857142857142,late_aircraft_delay,canc_B,nas_delay
SRQ,10,69,5.956521739130435,3.2028985507246377,55,31.836363636363636,29.327272727272728,38,185.42105263157896,179.39473684210526,canc_B,late_aircraft_delay,carrier_delay
SRQ,11,115,5.895652173913043,2.5043478260869567,101,33.13861386138614,30.693069306930692,55,151.8909090909091,150.6909090909091,nas_delay,carrier_delay,late_aircraft_delay
SRQ,12,198,6.55050505050505,2.66497461928934,210,30.85238095238095,27.736842105263158,138,216.44202898550725,213.16058394160584,late_aircraft_delay,nas_delay,carrier_delay
STC,1,4,8.75,-8.5,3,34.0,39.333333333333336,2,576.0,541.0,nas_delay,late_aircraft_delay,carrier_delay
STC,2,1,12.0,12.0,2,18.0,-0.5,3,96.66666666666667,81.33333333333333,late_aircraft_delay,nas_delay,carrier_delay
STC,3,3,6.0,2.6666666666666665,2,16.5,16.0,1,183.0,174.0,nas_delay,weather_delay,Nessuna
STC,4,2,6.5,-3.5,0,"","",0,"","",Nessuna,Nessuna,Nessuna
STC,5,0,"","",0,"","",0,"","",nas_delay,Nessuna,Nessuna
STC,6,1,1.0,3.0,0,"","",0,"","",Nessuna,Nessuna,Nessuna
STC,7,2,2.0,-17.5,0,"","",0,"","",canc_A,Nessuna,Nessuna
STC,8,0,"","",1,33.0,13.0,0,"","",Nessuna,Nessuna,Nessuna
STC,10,4,3.5,-9.75,2,36.5,21.5,0,"","",carrier_delay,Nessuna,Nessuna
STC,11,4,4.75,-7.75,2,23.0,15.0,0,"","",carrier_delay,nas_delay,Nessuna
STC,12,6,8.833333333333334,-20.833333333333332,5,24.0,6.4,2,189.0,190.0,carrier_delay,nas_delay,canc_B
STL,1,1018,6.332023575638507,2.108267716535433,835,30.517365269461077,28.41656662665066,348,149.20977011494253,152.3150289017341,late_aircraft_delay,carrier_delay,nas_delay
STL,2,844,5.796208530805687,0.5504151838671412,507,29.13412228796844,25.654150197628457,181,147.05524861878453,143.13259668508286,nas_delay,late_aircraft_delay,carrier_delay
STL,3,1086,5.975138121546961,-0.37119113573407203,880,30.451136363636362,24.78953356086462,326,147.58895705521473,145.5521472392638,late_aircraft_delay,carrier_delay,nas_delay
STL,4,1145,6.075982532751092,-0.3228346456692913,735,29.92108843537415,24.714870395634378,344,137.90697674418604,134.5860058309038,late_aircraft_delay,carrier_delay,nas_delay
STL,5,1348,6.269287833827893,2.261549925484352,1073,30.715750232991613,27.631185807656397,561,147.80570409982175,147.04472271914133,late_aircraft_delay,carrier_delay,nas_delay
STL,6,1383,6.4266088214027475,1.0515613652868554,1072,30.14832089552239,25.416353383458645,422,132.18483412322274,128.78095238095239,late_aircraft_delay,carrier_delay,nas_delay
STL,7,1361,6.514327700220426,1.5176991150442478,1338,30.50373692077728,27.09445277361319,644,149.7173913043478,146.11737089201878,late_aircraft_delay,carrier_delay,nas_delay
STL,8,1165,6.04206008583691,0.25301204819277107,792,29.930555555555557,24.50700636942675,351,145.46438746438747,141.6,late_aircraft_delay,carrier_delay,nas_delay
STL,9,1035,6.06280193236715,0.05990338164251208,571,29.215411558669,22.99298245614035,157,137.44585987261146,131.06369426751593,late_aircraft_delay,carrier_delay,nas_delay
STL,10,1063,5.7920978363123234,-2.2080979284369113,576,29.571180555555557,22.04513888888889,177,135.93785310734464,127.71022727272727,carrier_delay,late_aircraft_delay,nas_delay
STL,11,959,5.776850886339937,-1.38517745302714,553,29.867992766726942,24.793478260869566,178,149.73033707865167,145.9943820224719,late_aircraft_delay,nas_delay,carrier_delay
STL,12,1214,6.166392092257001,-1.7632013201320131,885,30.100564971751414,20.847112117780295,319,140.44200626959247,135.68965517241378,late_aircraft_delay,carrier_delay,nas_delay
STS,1,26,6.3076923076923075,5.346153846153846,30,27.8,21.466666666666665,20,127.35,119.65,late_aircraft_delay,nas_delay,weather_delay
STS,2,34,6.264705882352941,7.264705882352941,16,29.1875,28.4375,22,119.13636363636364,120.13636363636364,late_aircraft_delay,nas_delay,carrier_delay
STS,3,42,6.642857142857143,5.714285714285714,30,31.3,36.5,9,90.44444444444444,95.11111111111111,carrier_delay,nas_delay,late_aircraft_delay
STS,4,42,6.357142857142857,11.047619047619047,27,30.074074074074073,33.851851851851855,11,121.0,124.18181818181819,nas_delay,late_aircraft_delay,carrier_delay
STS,5,37,6.027027027027027,9.27027027027027,26,25.615384615384617,24.692307692307693,14,252.42857142857142,264.07142857142856,nas_delay,carrier_delay,late_aircraft_delay
STS,6,57,6.7894736842105265,8.178571428571429,45,29.155555555555555,29.244444444444444,23,215.3913043478261,211.45454545454547,nas_delay,late_aircraft_delay,carrier_delay
STS,7,57,5.947368421052632,5.771929824561403,30,28.533333333333335,32.266666666666666,24,135.29166666666666,135.625,nas_delay,late_aircraft_delay,carrier_delay
STS,8,57,6.491228070175438,7.0701754385964914,43,31.953488372093023,33.13953488372093,13,89.6923076923077,94.76923076923077,late_aircraft_delay,nas_delay,carrier_delay
STS,9,52,6.826923076923077,5.826923076923077,36,28.416666666666668,32.611111111111114,21,98.95238095238095,98.57142857142857,nas_delay,late_aircraft_delay,carrier_delay
STS,10,43,6.837209302325581,6.093023255813954,44,32.97727272727273,34.65909090909091,22,167.72727272727272,171.0909090909091,late_aircraft_delay,carrier_delay,nas_delay
STS,11,73,7.424657534246576,4.986301369863014,70,31.714285714285715,28.885714285714286,33,128.57575757575756,128.66666666666666,late_aircraft_delay,carrier_delay,nas_delay
STS,12,59,6.627118644067797,4.406779661016949,59,32.57627118644068,30.983050847457626,35,133.02857142857144,133.74285714285713,late_aircraft_delay,nas_delay,carrier_delay
STT,1,73,6.273972602739726,3.842857142857143,62,33.61290322580645,37.49180327868852,43,183.90697674418604,187.51351351351352,nas_delay,late_aircraft_delay,carrier_delay
STT,2,47,6.76595744680851,8.340425531914894,66,29.939393939393938,29.876923076923077,52,243.05769230769232,220.68085106382978,nas_delay,late_aircraft_delay,carrier_delay
STT,3,97,7.010309278350515,7.010416666666667,73,32.16438356164384,32.14492753623188,55,376.45454545454544,395.59615384615387,nas_delay,late_aircraft_delay,carrier_delay
STT,4,73,7.342465753424658,7.63013698630137,75,31.733333333333334,29.37837837837838,42,163.35714285714286,152.7,nas_delay,late_aircraft_delay,carrier_delay
STT,5,83,6.662650602409639,6.95,84,32.29761904761905,29.26829268292683,52,242.28846153846155,246.9795918367347,nas_delay,late_aircraft_delay,carrier_delay
STT,6,67,6.104477611940299,-0.6615384615384615,96,31.28125,26.914893617021278,49,132.87755102040816,133.0625,late_aircraft_delay,nas_delay,carrier_delay
STT,7,78,6.602564102564102,6.259740259740259,86,31.151162790697676,27.790123456790123,54,227.25925925925927,231.5,late_aircraft_delay,nas_delay,carrier_delay
STT,8,48,5.520833333333333,-3.760869565217391,63,30.841269841269842,33.16129032258065,53,191.1509433962264,184.7450980392157,late_aircraft_delay,nas_delay,carrier_delay
STT,9,20,5.35,-2.3,20,30.2,25.789473684210527,14,220.0,219.64285714285714,late_aircraft_delay,nas_delay,carrier_delay
STT,10,22,6.636363636363637,1.7727272727272727,29,29.93103448275862,19.517241379310345,18,225.88888888888889,217.55555555555554,late_aircraft_delay,carrier_delay,nas_delay
STT,11,41,6.658536585365853,-5.55,28,31.714285714285715,24.214285714285715,23,172.47826086956522,163.5909090909091,late_aircraft_delay,nas_delay,carrier_delay
STT,12,49,5.653061224489796,-3.5510204081632653,70,33.285714285714285,24.242857142857144,22,225.27272727272728,216.63636363636363,late_aircraft_delay,nas_delay,carrier_delay
STX,1,18,7.277777777777778,11.5,26,29.692307692307693,33.34615384615385,11,388.27272727272725,388.8181818181818,nas_delay,late_aircraft_delay,carrier_delay
STX,2,13,8.076923076923077,7.076923076923077,12,31.416666666666668,40.25,10,99.3,103.6,nas_delay,late_aircraft_delay,carrier_delay
STX,3,20,6.2,7.25,16,35.25,32.3125,15,510.53333333333336,516.7333333333333,nas_delay,late_aircraft_delay,carrier_delay
STX,4,10,7.0,10.2,15,32.0,33.13333333333333,9,129.66666666666666,129.66666666666666,nas_delay,late_aircraft_delay,carrier_delay
STX,5,15,8.333333333333334,4.666666666666667,13,29.46153846153846,26.615384615384617,10,127.8,122.9,late_aircraft_delay,nas_delay,carrier_delay
STX,6,20,7.5,4.95,27,35.925925925925924,33.592592592592595,18,293.3888888888889,293.94444444444446,late_aircraft_delay,nas_delay,carrier_delay
STX,7,14,6.714285714285714,3.4285714285714284,22,33.63636363636363,30.545454545454547,9,114.22222222222223,107.55555555555556,late_aircraft_delay,nas_delay,carrier_delay
STX,8,10,9.0,4.7,22,35.63636363636363,32.76190476190476,6,101.33333333333333,95.8,late_aircraft_delay,nas_delay,carrier_delay
STX,9,7,9.142857142857142,-2.0,10,27.9,19.4,1,62.0,68.0,nas_delay,late_aircraft_delay,carrier_delay
STX,10,5,4.8,-4.2,6,28.0,20.0,5,597.6,585.6,late_aircraft_delay,carrier_delay,nas_delay
STX,11,13,6.6923076923076925,2.230769230769231,15,27.466666666666665,18.666666666666668,4,93.0,98.25,late_aircraft_delay,nas_delay,carrier_delay
STX,12,25,8.48,5.2,17,29.0,24.11764705882353,14,281.7857142857143,272.42857142857144,late_aircraft_delay,nas_delay,carrier_delay
SUN,1,12,6.25,6.833333333333333,16,30.0,32.4375,32,266.03125,265.9375,nas_delay,late_aircraft_delay,weather_delay
SUN,2,14,5.5,5.153846153846154,18,34.388888888888886,34.0,17,293.6470588235294,297.52941176470586,carrier_delay,nas_delay,late_aircraft_delay
SUN,3,19,7.105263157894737,9.0,27,34.2962962962963,33.592592592592595,12,218.75,216.0,nas_delay,carrier_delay,late_aircraft_delay
SUN,4,0,"","",2,38.0,24.0,5,174.4,183.8,carrier_delay,weather_delay,nas_delay
SUN,5,5,4.8,-5.6,2,49.5,48.5,3,104.0,101.0,carrier_delay,nas_delay,Nessuna
SUN,6,4,4.0,-2.3333333333333335,5,28.4,35.2,6,151.5,140.0,carrier_delay,late_aircraft_delay,nas_delay
SUN,7,16,6.125,3.9375,11,38.90909090909091,37.18181818181818,12,189.91666666666666,182.5,carrier_delay,nas_delay,late_aircraft_delay
SUN,8,8,5.25,-0.25,16,37.1875,34.5,17,257.8235294117647,253.0,carrier_delay,nas_delay,weather_delay
SUN,9,1,10.0,-3.0,3,49.666666666666664,42.0,5,262.6,270.6,carrier_delay,nas_delay,Nessuna
SUN,10,5,6.0,0.6,3,34.0,25.0,2,102.0,107.0,nas_delay,carrier_delay,late_aircraft_delay
SUN,11,0,"","",0,"","",1,102.0,95.0,carrier_delay,canc_B,Nessuna
SUN,12,13,7.0,5.384615384615385,14,33.5,41.07142857142857,13,160.92307692307693,156.0,carrier_delay,nas_delay,weather_delay
SUX,1,6,7.5,-9.666666666666666,6,29.0,24.166666666666668,8,181.0,166.5,canc_B,late_aircraft_delay,carrier_delay
SUX,2,5,2.8,-12.2,4,32.75,25.25,4,203.5,234.66666666666666,carrier_delay,late_aircraft_delay,nas_delay
SUX,3,5,7.8,4.6,4,41.25,27.25,5,163.2,152.6,carrier_delay,late_aircraft_delay,nas_delay
SUX,4,4,10.5,8.5,1,15.0,-6.0,3,75.0,66.66666666666667,carrier_delay,late_aircraft_delay,nas_delay
SUX,5,5,6.2,8.6,9,27.88888888888889,31.77777777777778,11,270.3636363636364,263.09090909090907,carrier_delay,nas_delay,late_aircraft_delay
SUX,6,9,7.666666666666667,8.222222222222221,6,34.333333333333336,31.833333333333332,5,173.6,188.6,nas_delay,carrier_delay,weather_delay
SUX,7,8,8.375,4.375,7,38.142857142857146,37.57142857142857,10,274.8,264.6,carrier_delay,late_aircraft_delay,nas_delay
SUX,8,6,5.166666666666667,25.5,8,28.75,28.875,6,151.83333333333334,150.5,nas_delay,carrier_delay,late_aircraft_delay
SUX,9,8,7.375,11.0,3,23.333333333333332,20.0,6,235.33333333333334,234.16666666666666,late_aircraft_delay,carrier_delay,nas_delay
SUX,10,5,6.8,8.8,8,26.375,28.5,4,317.5,307.0,carrier_delay,nas_delay,late_aircraft_delay
SUX,11,4,4.25,3.0,2,29.0,57.5,5,172.8,174.4,carrier_delay,late_aircraft_delay,nas_delay
SUX,12,4,2.25,-3.75,3,35.333333333333336,23.666666666666668,3,265.3333333333333,254.0,carrier_delay,canc_B,weather_delay
SWF,1,4,5.25,-5.0,3,43.333333333333336,35.666666666666664,3,465.0,493.0,nas_delay,carrier_delay,late_aircraft_delay
SWF,2,7,5.571428571428571,-22.571428571428573,2,43.0,37.5,3,398.3333333333333,386.3333333333333,late_aircraft_delay,carrier_delay,nas_delay
SWF,3,7,7.285714285714286,-5.0,7,36.142857142857146,29.857142857142858,2,78.5,81.0,nas_delay,late_aircraft_delay,carrier_delay
SWF,4,6,7.0,-8.5,5,21.4,4.2,1,210.0,218.0,nas_delay,late_aircraft_delay,Nessuna
SWF,5,3,6.333333333333333,-0.3333333333333333,6,27.666666666666668,25.666666666666668,2,107.0,110.5,nas_delay,late_aircraft_delay,carrier_delay
SWF,6,6,8.5,-1.8333333333333333,7,28.285714285714285,26.333333333333332,5,131.8,131.0,late_aircraft_delay,nas_delay,carrier_delay
SWF,7,10,6.1,7.8,7,23.0,20.428571428571427,10,163.2,161.4,late_aircraft_delay,nas_delay,carrier_delay
SWF,8,6,8.333333333333334,4.833333333333333,6,21.333333333333332,11.166666666666666,7,285.2857142857143,287.7142857142857,late_aircraft_delay,nas_delay,weather_delay
SWF,9,1,11.0,4.0,1,27.0,-5.0,3,286.3333333333333,277.3333333333333,carrier_delay,nas_delay,late_aircraft_delay
SWF,10,4,10.0,3.0,5,27.0,22.6,2,131.5,127.0,late_aircraft_delay,nas_delay,carrier_delay
SWF,11,3,6.666666666666667,-20.666666666666668,5,25.2,21.8,1,103.0,88.0,late_aircraft_delay,nas_delay,carrier_delay
SWF,12,9,4.333333333333333,-7.777777777777778,2,41.0,38.5,7,113.71428571428571,102.14285714285714,late_aircraft_delay,carrier_delay,nas_delay
SWO,1,1,11.0,0.0,2,26.5,26.5,6,273.5,279.3333333333333,nas_delay,canc_B,weather_delay
SWO,2,3,4.666666666666667,-3.0,2,41.5,49.0,2,141.5,124.0,carrier_delay,weather_delay,nas_delay
SWO,3,4,9.0,2.75,2,27.5,19.0,2,124.5,126.5,carrier_delay,late_aircraft_delay,nas_delay
SWO,4,8,8.125,4.75,5,49.4,57.2,6,155.33333333333334,165.33333333333334,late_aircraft_delay,nas_delay,carrier_delay
SWO,5,1,1.0,1.0,2,48.5,37.0,8,282.5,282.625,canc_B,carrier_delay,weather_delay
SWO,6,2,12.0,10.0,3,27.666666666666668,32.666666666666664,6,152.83333333333334,159.16666666666666,nas_delay,carrier_delay,weather_delay
SWO,7,3,7.333333333333333,6.666666666666667,3,34.333333333333336,30.666666666666668,4,219.75,215.75,carrier_delay,nas_delay,weather_delay
SWO,8,2,5.5,8.5,4,27.25,21.5,2,212.0,211.0,carrier_delay,nas_delay,weather_delay
SWO,9,3,6.666666666666667,8.666666666666666,3,19.666666666666668,20.333333333333332,3,97.0,103.0,nas_delay,carrier_delay,weather_delay
SWO,10,1,3.0,-13.0,6,30.166666666666668,24.5,5,143.6,139.8,carrier_delay,nas_delay,Nessuna
SWO,11,3,7.0,8.666666666666666,8,25.625,24.5,3,217.66666666666666,223.66666666666666,carrier_delay,nas_delay,weather_delay
SWO,12,4,8.75,-4.0,3,46.333333333333336,44.0,3,268.0,260.6666666666667,carrier_delay,canc_B,nas_delay
SYR,1,113,5.743362831858407,1.2946428571428572,106,33.39622641509434,26.160377358490567,67,168.5820895522388,169.01492537313433,nas_delay,late_aircraft_delay,carrier_delay
SYR,2,113,6.106194690265487,-5.079646017699115,97,30.45360824742268,20.61855670103093,57,170.26315789473685,166.05263157894737,nas_delay,late_aircraft_delay,carrier_delay
SYR,3,148,6.0608108108108105,0.668918918918919,118,31.720338983050848,24.423728813559322,85,156.88235294117646,157.43529411764706,nas_delay,late_aircraft_delay,carrier_delay
SYR,4,134,6.485074626865671,0.9776119402985075,90,28.633333333333333,19.255555555555556,50,145.08,143.9,carrier_delay,nas_delay,late_aircraft_delay
SYR,5,167,6.173652694610778,1.7469879518072289,125,31.464,28.664,82,203.70731707317074,203.5609756097561,nas_delay,carrier_delay,late_aircraft_delay
SYR,6,142,6.584507042253521,1.4397163120567376,124,31.580645161290324,26.885245901639344,69,140.33333333333334,137.30882352941177,late_aircraft_delay,nas_delay,carrier_delay
SYR,7,186,6.344086021505376,2.717391304347826,154,30.214285714285715,28.538961038961038,157,155.18471337579618,155.0897435897436,carrier_delay,late_aircraft_delay,nas_delay
SYR,8,177,6.451977401129944,3.465909090909091,144,31.97222222222222,30.76923076923077,82,165.3048780487805,168.23170731707316,nas_delay,carrier_delay,late_aircraft_delay
SYR,9,102,6.372549019607843,4.509803921568627,75,31.253333333333334,25.37837837837838,41,160.0487804878049,155.7560975609756,nas_delay,carrier_delay,late_aircraft_delay
SYR,10,111,6.027027027027027,-0.6666666666666666,77,32.41558441558441,21.61038961038961,35,167.31428571428572,162.4,carrier_delay,nas_delay,late_aircraft_delay
SYR,11,142,6.274647887323944,-2.5774647887323945,95,29.473684210526315,20.926315789473684,38,185.28947368421052,176.8421052631579,carrier_delay,nas_delay,late_aircraft_delay
SYR,12,173,6.323699421965318,1.0982658959537572,147,29.408163265306122,27.45578231292517,88,141.35227272727272,140.09195402298852,nas_delay,carrier_delay,late_aircraft_delay
TLH,1,73,5.534246575342466,3.388888888888889,59,31.203389830508474,28.54237288135593,24,125.625,124.54166666666667,late_aircraft_delay,nas_delay,carrier_delay
TLH,2,69,5.608695652173913,5.434782608695652,36,29.25,26.86111111111111,28,144.0,138.28571428571428,late_aircraft_delay,carrier_delay,nas_delay
TLH,3,69,6.434782608695652,2.5294117647058822,67,31.746268656716417,28.895522388059703,35,124.08571428571429,125.22857142857143,late_aircraft_delay,carrier_delay,nas_delay
TLH,4,63,6.412698412698413,4.984126984126984,43,31.72093023255814,34.74418604651163,20,131.7,126.05,late_aircraft_delay,nas_delay,carrier_delay
TLH,5,74,5.878378378378378,7.391891891891892,66,31.272727272727273,30.772727272727273,61,137.81967213114754,143.13114754098362,late_aircraft_delay,nas_delay,carrier_delay
TLH,6,76,5.973684210526316,1.881578947368421,66,31.454545454545453,27.90909090909091,35,186.34285714285716,185.0857142857143,late_aircraft_delay,carrier_delay,nas_delay
TLH,7,87,6.183908045977011,4.666666666666667,71,36.140845070422536,36.40845070422535,42,213.52380952380952,215.07142857142858,late_aircraft_delay,carrier_delay,nas_delay
TLH,8,59,5.135593220338983,3.1186440677966103,53,33.45283018867924,31.903846153846153,42,117.21428571428571,115.5952380952381,late_aircraft_delay,carrier_delay,nas_delay
TLH,9,55,6.472727272727273,3.2181818181818183,34,31.529411764705884,27.38235294117647,23,161.2608695652174,155.6086956521739,late_aircraft_delay,nas_delay,carrier_delay
TLH,10,44,6.386363636363637,3.25,30,32.1,28.166666666666668,27,105.18518518518519,98.88888888888889,carrier_delay,nas_delay,late_aircraft_delay
TLH,11,55,5.4363636363636365,-0.2727272727272727,32,30.78125,25.451612903225808,7,178.42857142857142,174.85714285714286,nas_delay,carrier_delay,late_aircraft_delay
TLH,12,64,5.34375,2.921875,46,29.91304347826087,31.608695652173914,38,231.6315789473684,231.6315789473684,nas_delay,carrier_delay,late_aircraft_delay
TOL,1,4,5.25,-10.75,8,29.875,32.375,1,120.0,121.0,nas_delay,late_aircraft_delay,carrier_delay
TOL,2,10,7.2,-5.6,10,30.4,21.9,4,128.75,122.5,carrier_delay,late_aircraft_delay,nas_delay
TOL,3,6,5.166666666666667,-3.5,5,34.0,21.2,10,241.1,241.0,nas_delay,late_aircraft_delay,carrier_delay
TOL,4,4,2.75,-13.25,7,41.857142857142854,28.0,4,232.25,247.0,late_aircraft_delay,nas_delay,carrier_delay
TOL,5,5,5.2,4.0,7,29.714285714285715,29.857142857142858,3,163.33333333333334,162.66666666666666,late_aircraft_delay,nas_delay,carrier_delay
TOL,6,2,5.5,7.5,1,24.0,11.0,2,117.0,116.0,nas_delay,late_aircraft_delay,carrier_delay
TOL,7,3,6.333333333333333,4.0,4,25.75,32.0,2,158.5,185.0,nas_delay,carrier_delay,late_aircraft_delay
TOL,8,2,5.5,0.0,2,36.5,36.5,1,170.0,159.0,weather_delay,late_aircraft_delay,nas_delay
TOL,9,3,8.0,0.6666666666666666,1,57.0,42.0,2,111.0,104.0,carrier_delay,canc_B,weather_delay
TOL,10,4,4.75,5.0,1,15.0,6.0,2,139.0,135.5,canc_B,late_aircraft_delay,nas_delay
TOL,11,5,5.6,-4.6,5,29.4,23.0,2,72.0,65.0,carrier_delay,late_aircraft_delay,nas_delay
TOL,12,2,6.5,-1.0,6,33.0,42.166666666666664,6,91.83333333333333,90.83333333333333,late_aircraft_delay,nas_delay,carrier_delay
TPA,1,1243,6.102976669348351,-0.7885391444713479,938,31.11727078891258,23.84861407249467,484,145.9111570247934,140.0041841004184,late_aircraft_delay,carrier_delay,nas_delay
TPA,2,1107,5.977416440831075,1.5076923076923077,656,29.875,23.46177370030581,230,149.39565217391305,145.65502183406113,nas_delay,late_aircraft_delay,carrier_delay
TPA,3,1392,6.412356321839081,4.680575539568346,1222,31.676759410801964,30.141215106732346,930,150.7709677419355,151.80453563714903,late_aircraft_delay,nas_delay,carrier_delay
TPA,4,1314,5.754185692541857,1.4225781845919145,778,30.70694087403599,26.27027027027027,481,161.1954261954262,156.23173277661795,late_aircraft_delay,nas_delay,carrier_delay
TPA,5,1328,5.975150602409639,4.213907785336357,998,30.988977955911825,30.241206030150753,789,157.7427122940431,163.228025477707,nas_delay,late_aircraft_delay,carrier_delay
TPA,6,1284,6.151090342679128,1.3831118060985144,1012,31.535573122529645,27.735323383084577,618,145.13430420711975,140.50325732899023,late_aircraft_delay,carrier_delay,nas_delay
TPA,7,1146,6.2582897033158815,4.8862642169728785,1147,32.75326939843069,31.50831146106737,860,154.18372093023257,152.27732079905994,late_aircraft_delay,nas_delay,carrier_delay
TPA,8,1028,6.030155642023346,0.38634146341463416,865,30.98843930635838,28.198146002317497,590,150.83389830508474,149.42808219178082,late_aircraft_delay,nas_delay,carrier_delay
TPA,9,847,5.910271546635183,1.3541912632821724,493,30.13995943204868,25.84081632653061,288,131.76736111111111,126.54006968641114,nas_delay,late_aircraft_delay,carrier_delay
TPA,10,805,5.930434782608696,-1.1393034825870647,495,28.894949494949493,22.153846153846153,239,142.50627615062763,128.89495798319328,canc_B,late_aircraft_delay,carrier_delay
TPA,11,1033,6.0755082284607935,0.3707647628267183,574,30.982578397212542,25.441330998248688,238,151.34453781512605,146.42796610169492,nas_delay,carrier_delay,late_aircraft_delay
TPA,12,1251,6.243804956035172,-0.9399519615692554,1033,31.213939980638916,25.33009708737864,537,132.85661080074487,130.91744840525328,late_aircraft_delay,carrier_delay,nas_delay
TRI,1,15,5.333333333333333,-0.6666666666666666,21,34.333333333333336,30.714285714285715,16,153.1875,153.0,nas_delay,late_aircraft_delay,carrier_delay
TRI,2,15,5.6,-3.933333333333333,9,30.22222222222222,15.88888888888889,5,236.8,228.4,carrier_delay,late_aircraft_delay,nas_delay
TRI,3,12,6.083333333333333,-3.1666666666666665,16,33.75,22.1875,6,104.66666666666667,102.16666666666667,late_aircraft_delay,nas_delay,carrier_delay
TRI,4,16,7.125,2.1875,6,27.0,15.166666666666666,6,92.66666666666667,95.66666666666667,nas_delay,late_aircraft_delay,carrier_delay
TRI,5,25,6.32,0.9583333333333334,18,33.388888888888886,31.0,16,123.6875,121.25,carrier_delay,nas_delay,late_aircraft_delay
TRI,6,20,6.4,-1.1,11,44.90909090909091,38.27272727272727,16,167.875,158.5,late_aircraft_delay,carrier_delay,nas_delay
TRI,7,22,7.409090909090909,1.2272727272727273,16,35.3125,30.8125,21,136.23809523809524,139.71428571428572,late_aircraft_delay,nas_delay,carrier_delay
TRI,8,14,7.071428571428571,5.571428571428571,11,35.18181818181818,29.0,6,244.16666666666666,232.33333333333334,late_aircraft_delay,nas_delay,carrier_delay
TRI,9,13,4.6923076923076925,-5.615384615384615,16,30.0,26.3125,7,126.14285714285714,122.14285714285714,nas_delay,carrier_delay,late_aircraft_delay
TRI,10,29,5.517241379310345,-1.9655172413793103,19,29.36842105263158,16.57894736842105,8,172.375,165.75,nas_delay,carrier_delay,late_aircraft_delay
TRI,11,24,6.333333333333333,-4.416666666666667,17,32.294117647058826,30.705882352941178,6,614.8333333333334,611.1666666666666,carrier_delay,late_aircraft_delay,nas_delay
TRI,12,32,6.34375,-1.40625,24,31.208333333333332,23.583333333333332,19,196.68421052631578,193.10526315789474,carrier_delay,late_aircraft_delay,nas_delay
TTN,1,21,6.904761904761905,3.761904761904762,33,37.03030303030303,37.96969696969697,15,147.53333333333333,146.64285714285714,nas_delay,late_aircraft_delay,canc_B
TTN,2,29,6.172413793103448,0.4482758620689655,33,34.515151515151516,23.363636363636363,15,122.86666666666666,120.4,nas_delay,late_aircraft_delay,carrier_delay
TTN,3,29,7.724137931034483,-6.241379310344827,47,32.91489361702128,16.25531914893617,46,154.04347826086956,150.2608695652174,late_aircraft_delay,nas_delay,carrier_delay
TTN,4,27,6.555555555555555,-6.222222222222222,29,32.10344827586207,19.448275862068964,26,151.8846153846154,148.32,late_aircraft_delay,nas_delay,carrier_delay
TTN,5,12,6.5,-7.583333333333333,26,32.03846153846154,19.923076923076923,30,120.7,114.36666666666666,late_aircraft_delay,nas_delay,carrier_delay
TTN,6,11,7.363636363636363,2.272727272727273,15,33.6,25.0,15,120.66666666666667,118.26666666666667,late_aircraft_delay,nas_delay,canc_A
TTN,7,14,7.714285714285714,-2.2142857142857144,22,37.40909090909091,41.13636363636363,16,114.1875,104.6875,late_aircraft_delay,nas_delay,carrier_delay
TTN,8,16,5.75,-3.375,15,35.4,22.6,20,160.4,149.05,late_aircraft_delay,nas_delay,carrier_delay
TTN,9,4,7.0,0.5,5,34.0,33.0,1,88.0,84.0,late_aircraft_delay,canc_B,nas_delay
TTN,10,8,6.0,-0.375,5,33.4,26.8,4,183.25,166.75,late_aircraft_delay,canc_B,carrier_delay
TTN,11,10,5.8,-9.2,2,22.5,-7.0,4,142.5,123.25,late_aircraft_delay,carrier_delay,nas_delay
TTN,12,9,6.666666666666667,-2.4444444444444446,10,35.7,27.4,13,97.3076923076923,96.84615384615384,late_aircraft_delay,carrier_delay,nas_delay
TUL,1,174,5.563218390804598,4.878612716763006,119,31.218487394957982,33.03361344537815,86,177.69767441860466,178.8953488372093,nas_delay,late_aircraft_delay,carrier_delay
TUL,2,97,5.917525773195877,0.9587628865979382,72,31.583333333333332,25.84722222222222,38,125.26315789473684,118.89473684210526,nas_delay,carrier_delay,late_aircraft_delay
TUL,3,159,6.031446540880503,-0.012658227848101266,119,31.563025210084035,26.04201680672269,71,186.3943661971831,183.25352112676057,late_aircraft_delay,nas_delay,carrier_delay
TUL,4,158,5.651898734177215,2.550632911392405,129,29.46511627906977,25.573643410852714,72,162.59722222222223,163.34722222222223,nas_delay,late_aircraft_delay,carrier_delay
TUL,5,269,5.866171003717472,3.0597014925373136,185,32.097297297297295,28.89673913043478,124,194.3548387096774,201.7560975609756,nas_delay,late_aircraft_delay,carrier_delay
TUL,6,229,6.039301310043668,0.8427947598253275,187,30.844919786096256,25.620320855614974,122,151.24590163934425,147.08196721311475,carrier_delay,late_aircraft_delay,nas_delay
TUL,7,197,5.8578680203045685,0.8571428571428571,185,32.75135135135135,29.18032786885246,134,148.32089552238807,143.99248120300751,late_aircraft_delay,carrier_delay,nas_delay
TUL,8,146,6.041095890410959,2.4315068493150687,127,33.22834645669291,29.428571428571427,85,153.71764705882353,147.38823529411764,late_aircraft_delay,nas_delay,carrier_delay
TUL,9,131,5.511450381679389,0.061068702290076333,105,33.61904761904762,28.865384615384617,52,204.3653846153846,197.42307692307693,late_aircraft_delay,carrier_delay,nas_delay
TUL,10,128,5.5625,-0.625,76,33.18421052631579,23.973684210526315,40,119.225,109.9,carrier_delay,nas_delay,late_aircraft_delay
TUL,11,140,6.035714285714286,0.5971223021582733,106,30.69811320754717,24.745283018867923,48,121.02083333333333,116.60416666666667,carrier_delay,nas_delay,late_aircraft_delay
TUL,12,189,5.306878306878307,-1.0425531914893618,146,30.815068493150687,26.248275862068965,104,208.1346153846154,207.72549019607843,late_aircraft_delay,nas_delay,carrier_delay
TUS,1,188,6.718085106382978,1.175531914893617,162,31.64814814814815,26.308641975308642,96,168.1875,161.84375,late_aircraft_delay,nas_delay,carrier_delay
TUS,2,229,5.576419213973799,0.13973799126637554,154,30.746753246753247,27.181818181818183,75,167.41333333333333,162.40540540540542,nas_delay,carrier_delay,late_aircraft_delay
TUS,3,254,6.244094488188976,0.6007905138339921,202,32.87128712871287,29.183168316831683,78,147.07692307692307,144.01282051282053,nas_delay,carrier_delay,late_aircraft_delay
TUS,4,236,6.211864406779661,0.03389830508474576,190,30.53684210526316,25.278947368421054,86,154.87209302325581,155.8470588235294,nas_delay,late_aircraft_delay,carrier_delay
TUS,5,250,5.64,1.9799196787148594,225,32.31111111111111,28.662222222222223,137,152.16058394160584,152.44117647058823,nas_delay,carrier_delay,late_aircraft_delay
TUS,6,175,6.211428571428572,3.264367816091954,167,31.622754491017965,27.746987951807228,94,150.5744680851064,149.0,late_aircraft_delay,carrier_delay,nas_delay
TUS,7,146,6.034246575342466,4.698630136986301,165,33.412121212121214,33.64848484848485,98,175.1122448979592,173.97938144329896,late_aircraft_delay,nas_delay,carrier_delay
TUS,8,165,6.4363636363636365,4.042424242424242,134,31.208955223880597,30.05223880597015,77,174.7792207792208,173.4935064935065,nas_delay,late_aircraft_delay,carrier_delay
TUS,9,132,5.946969696969697,-0.4696969696969697,106,30.17924528301887,24.90566037735849,60,143.96666666666667,138.68333333333334,nas_delay,late_aircraft_delay,carrier_delay
TUS,10,180,5.883333333333334,2.5944444444444446,121,30.52892561983471,25.115702479338843,64,182.5625,181.03125,nas_delay,carrier_delay,late_aircraft_delay
TUS,11,201,5.800995024875622,-0.16,129,30.891472868217054,25.852713178294575,70,131.18571428571428,128.02857142857144,carrier_delay,nas_delay,late_aircraft_delay
TUS,12,228,6.105263157894737,0.039473684210526314,168,31.88095238095238,26.676646706586826,120,183.14166666666668,182.29166666666666,carrier_delay,late_aircraft_delay,nas_delay
TVC,1,25,8.24,7.08,34,32.470588235294116,27.5,33,242.36363636363637,243.5151515151515,nas_delay,carrier_delay,late_aircraft_delay
TVC,2,38,5.684210526315789,-6.368421052631579,18,32.5,26.22222222222222,16,177.25,168.875,nas_delay,weather_delay,late_aircraft_delay
TVC,3,42,5.880952380952381,-5.119047619047619,15,31.666666666666668,22.8,21,166.47619047619048,155.8095238095238,carrier_delay,nas_delay,late_aircraft_delay
TVC,4,26,6.961538461538462,3.0,24,29.875,21.583333333333332,11,136.9090909090909,128.45454545454547,nas_delay,carrier_delay,late_aircraft_delay
TVC,5,31,6.387096774193548,0.3225806451612903,31,32.354838709677416,33.41935483870968,18,143.33333333333334,141.72222222222223,nas_delay,carrier_delay,late_aircraft_delay
TVC,6,65,6.430769230769231,3.076923076923077,64,31.21875,28.59375,49,196.3673469387755,196.6734693877551,carrier_delay,nas_delay,late_aircraft_delay
TVC,7,104,7.009615384615385,6.461538461538462,87,33.6551724137931,34.348837209302324,56,133.44642857142858,127.85454545454546,carrier_delay,nas_delay,late_aircraft_delay
TVC,8,115,6.260869565217392,4.165217391304348,83,30.44578313253012,31.048192771084338,69,139.79710144927537,138.2753623188406,nas_delay,carrier_delay,late_aircraft_delay
TVC,9,67,6.223880597014926,5.358208955223881,34,32.205882352941174,26.0,16,115.8125,109.1875,nas_delay,carrier_delay,late_aircraft_delay
TVC,10,33,5.7272727272727275,-2.303030303030303,25,28.4,19.0,10,304.2,300.5,carrier_delay,nas_delay,late_aircraft_delay
TVC,11,19,5.526315789473684,2.8421052631578947,16,31.0,25.25,9,124.66666666666667,115.77777777777777,nas_delay,carrier_delay,late_aircraft_delay
TVC,12,47,6.808510638297872,6.553191489361702,52,33.11538461538461,42.98039215686274,32,223.59375,230.3125,nas_delay,carrier_delay,late_aircraft_delay
TWF,1,2,5.5,24.5,2,25.5,16.5,2,135.5,153.5,nas_delay,weather_delay,carrier_delay
TWF,2,1,1.0,2.0,1,25.0,26.0,3,139.0,141.0,carrier_delay,nas_delay,Nessuna
TWF,3,2,7.5,6.5,1,58.0,38.0,1,75.0,64.0,carrier_delay,weather_delay,Nessuna
TWF,4,0,"","",2,27.5,19.5,3,126.33333333333333,116.0,carrier_delay,Nessuna,Nessuna
TWF,5,0,"","",0,"","",5,120.0,110.2,carrier_delay,nas_delay,weather_delay
TWF,6,1,14.0,-2.0,1,58.0,45.0,3,85.0,75.33333333333333,carrier_delay,Nessuna,Nessuna
TWF,7,3,7.333333333333333,-0.3333333333333333,2,32.5,29.0,5,134.0,129.2,carrier_delay,weather_delay,nas_delay
TWF,8,3,5.666666666666667,5.333333333333333,2,22.5,21.0,1,88.0,87.0,carrier_delay,weather_delay,nas_delay
TWF,9,0,"","",3,31.666666666666668,29.333333333333332,0,"","",nas_delay,carrier_delay,Nessuna
TWF,10,0,"","",0,"","",0,"","",carrier_delay,Nessuna,Nessuna
TWF,11,1,13.0,2.0,1,55.0,48.0,0,"","",carrier_delay,Nessuna,Nessuna
TWF,12,1,12.0,2.0,3,29.333333333333332,12.0,1,65.0,50.0,weather_delay,carrier_delay,Nessuna
TXK,1,3,8.0,10.333333333333334,1,23.0,18.0,8,166.375,174.375,carrier_delay,canc_B,nas_delay
TXK,2,10,5.9,3.9,6,28.333333333333332,24.5,1,442.0,427.0,nas_delay,carrier_delay,late_aircraft_delay
TXK,3,8,5.75,5.875,3,34.0,37.0,4,125.75,147.25,nas_delay,late_aircraft_delay,weather_delay
TXK,4,8,4.75,10.75,8,32.125,42.25,7,137.57142857142858,127.33333333333333,nas_delay,late_aircraft_delay,carrier_delay
TXK,5,6,6.0,3.0,5,24.4,47.2,7,174.42857142857142,180.57142857142858,nas_delay,carrier_delay,canc_B
TXK,6,4,8.25,5.75,10,35.3,27.9,8,212.25,207.5,late_aircraft_delay,carrier_delay,nas_delay
TXK,7,8,4.125,9.25,7,30.714285714285715,26.0,7,204.28571428571428,199.57142857142858,carrier_delay,late_aircraft_delay,nas_delay
TXK,8,2,10.0,2.5,7,30.0,30.285714285714285,6,308.8333333333333,303.5,carrier_delay,nas_delay,late_aircraft_delay
TXK,9,3,4.333333333333333,-2.6666666666666665,5,19.6,15.6,4,179.25,169.25,late_aircraft_delay,nas_delay,carrier_delay
TXK,10,5,7.8,2.0,6,37.5,27.833333333333332,3,142.33333333333334,143.33333333333334,carrier_delay,late_aircraft_delay,weather_delay
TXK,11,3,4.333333333333333,-8.666666666666666,8,32.125,26.25,4,204.5,195.75,carrier_delay,nas_delay,canc_B
TXK,12,6,7.5,12.333333333333334,3,42.0,32.333333333333336,8,202.625,195.875,carrier_delay,nas_delay,weather_delay
TYR,1,8,9.0,9.125,6,31.0,30.833333333333332,12,224.5,235.33333333333334,carrier_delay,nas_delay,canc_B
TYR,2,7,4.714285714285714,5.857142857142857,4,44.75,30.25,10,255.2,249.8,carrier_delay,nas_delay,late_aircraft_delay
TYR,3,7,4.857142857142857,2.5714285714285716,4,33.25,27.0,8,172.125,162.5,nas_delay,weather_delay,late_aircraft_delay
TYR,4,12,5.5,6.75,5,34.8,41.2,4,112.75,113.25,nas_delay,weather_delay,canc_B
TYR,5,4,6.5,4.25,7,40.285714285714285,41.142857142857146,17,179.47058823529412,186.11764705882354,carrier_delay,nas_delay,canc_B
TYR,6,4,7.25,2.0,7,31.571428571428573,19.428571428571427,9,176.55555555555554,168.55555555555554,carrier_delay,weather_delay,late_aircraft_delay
TYR,7,19,6.0,9.68421052631579,18,31.11111111111111,23.5,5,127.6,122.4,late_aircraft_delay,carrier_delay,nas_delay
TYR,8,6,6.333333333333333,2.5,5,35.0,31.2,5,304.0,294.4,carrier_delay,late_aircraft_delay,nas_delay
TYR,9,22,6.863636363636363,3.1363636363636362,7,24.142857142857142,16.714285714285715,3,93.66666666666667,109.33333333333333,nas_delay,carrier_delay,late_aircraft_delay
TYR,10,6,6.166666666666667,2.6666666666666665,12,33.416666666666664,23.75,5,183.8,171.4,carrier_delay,late_aircraft_delay,nas_delay
TYR,11,7,7.142857142857143,7.285714285714286,13,34.84615384615385,26.923076923076923,5,156.4,145.4,carrier_delay,late_aircraft_delay,canc_B
TYR,12,11,5.7272727272727275,6.9,15,32.6,33.666666666666664,16,152.8125,143.3125,carrier_delay,nas_delay,weather_delay
TYS,1,107,6.355140186915888,4.130841121495327,115,32.95652173913044,30.930434782608696,112,193.25892857142858,192.85714285714286,nas_delay,late_aircraft_delay,carrier_delay
TYS,2,73,6.8493150684931505,2.5616438356164384,72,32.43055555555556,24.930555555555557,25,121.48,113.32,nas_delay,carrier_delay,late_aircraft_delay
TYS,3,116,6.517241379310345,1.5,113,32.80530973451327,27.946902654867255,73,191.04109589041096,187.6027397260274,late_aircraft_delay,nas_delay,carrier_delay
TYS,4,134,6.358208955223881,2.015267175572519,111,32.531531531531535,31.55855855855856,61,193.01639344262296,188.31666666666666,late_aircraft_delay,nas_delay,carrier_delay
TYS,5,158,6.246835443037975,5.10126582278481,163,33.20245398773006,30.90740740740741,142,167.77464788732394,172.27659574468086,late_aircraft_delay,nas_delay,carrier_delay
TYS,6,168,6.625,3.9523809523809526,164,31.073170731707318,25.12269938650307,95,190.06315789473683,184.43157894736842,carrier_delay,late_aircraft_delay,nas_delay
TYS,7,159,6.333333333333333,2.9748427672955975,180,32.0,28.75,160,161.8125,161.16455696202533,late_aircraft_delay,nas_delay,carrier_delay
TYS,8,140,6.321428571428571,4.201438848920863,132,31.666666666666668,32.84615384615385,112,182.64285714285714,181.45945945945945,late_aircraft_delay,nas_delay,carrier_delay
TYS,9,140,6.578571428571428,1.3928571428571428,144,31.055555555555557,27.041666666666668,61,191.60655737704917,186.68852459016392,late_aircraft_delay,carrier_delay,nas_delay
TYS,10,195,6.256410256410256,0.35051546391752575,160,29.18125,22.025,46,177.34782608695653,172.7608695652174,late_aircraft_delay,carrier_delay,nas_delay
TYS,11,127,6.7952755905511815,1.330708661417323,95,28.178947368421053,22.410526315789475,63,152.5079365079365,148.73015873015873,late_aircraft_delay,carrier_delay,nas_delay
TYS,12,182,6.324175824175824,-0.9269662921348315,185,31.594594594594593,24.318918918918918,85,183.61176470588236,180.1904761904762,late_aircraft_delay,nas_delay,carrier_delay
USA,1,9,4.666666666666667,-4.777777777777778,12,37.166666666666664,31.916666666666668,2,77.5,103.5,late_aircraft_delay,carrier_delay,nas_delay
USA,2,13,6.615384615384615,1.6923076923076923,8,42.875,31.375,7,163.0,172.57142857142858,late_aircraft_delay,nas_delay,carrier_delay
USA,3,7,9.285714285714286,4.714285714285714,11,34.18181818181818,30.09090909090909,13,212.07692307692307,207.07692307692307,late_aircraft_delay,nas_delay,carrier_delay
USA,4,7,5.285714285714286,-7.428571428571429,13,25.153846153846153,16.615384615384617,6,256.6666666666667,254.5,late_aircraft_delay,nas_delay,carrier_delay
USA,5,12,5.416666666666667,-2.9166666666666665,5,30.2,27.2,10,157.5,152.8,late_aircraft_delay,nas_delay,carrier_delay
USA,6,9,6.777777777777778,3.7777777777777777,13,33.76923076923077,36.23076923076923,9,113.33333333333333,109.88888888888889,late_aircraft_delay,carrier_delay,nas_delay
USA,7,17,8.117647058823529,11.0,10,40.4,40.2,11,322.90909090909093,333.6363636363636,late_aircraft_delay,nas_delay,carrier_delay
USA,8,4,5.0,-1.0,13,31.615384615384617,31.846153846153847,8,122.25,119.75,late_aircraft_delay,nas_delay,carrier_delay
USA,9,4,7.75,8.75,4,30.0,27.5,3,169.66666666666666,174.66666666666666,carrier_delay,late_aircraft_delay,nas_delay
USA,10,4,8.0,6.5,6,26.666666666666668,22.5,3,131.0,124.0,late_aircraft_delay,carrier_delay,nas_delay
USA,11,10,6.9,-0.8,14,26.428571428571427,21.846153846153847,1,76.0,63.0,late_aircraft_delay,nas_delay,carrier_delay
USA,12,9,6.555555555555555,3.7777777777777777,21,29.714285714285715,21.714285714285715,17,136.58823529411765,137.05882352941177,late_aircraft_delay,carrier_delay,nas_delay
VCT,1,2,9.5,-6.5,3,50.0,47.333333333333336,4,386.75,385.25,late_aircraft_delay,nas_delay,canc_B
VCT,2,0,"","",2,33.0,19.5,3,364.3333333333333,363.6666666666667,carrier_delay,nas_delay,Nessuna
VCT,3,3,4.333333333333333,-0.3333333333333333,2,37.0,38.0,3,209.66666666666666,212.0,nas_delay,late_aircraft_delay,weather_delay
VCT,4,4,8.25,6.0,1,17.0,8.0,2,80.5,83.0,late_aircraft_delay,nas_delay,Nessuna
VCT,5,4,5.0,-4.75,0,"","",6,231.16666666666666,234.0,canc_B,nas_delay,late_aircraft_delay
VCT,6,6,8.333333333333334,5.0,2,49.5,44.0,3,234.66666666666666,237.0,late_aircraft_delay,nas_delay,Nessuna
VCT,7,4,10.0,5.0,3,31.666666666666668,38.333333333333336,10,156.6,159.8,nas_delay,late_aircraft_delay,canc_B
VCT,8,1,3.0,-6.0,2,34.0,33.0,4,186.0,183.25,late_aircraft_delay,nas_delay,Nessuna
VCT,9,1,7.0,-5.0,2,20.0,12.5,6,198.83333333333334,201.83333333333334,carrier_delay,nas_delay,late_aircraft_delay
VCT,10,3,9.333333333333334,5.333333333333333,4,43.25,34.5,10,159.3,156.9,carrier_delay,late_aircraft_delay,nas_delay
VCT,11,3,7.0,-1.3333333333333333,0,"","",11,160.45454545454547,157.54545454545453,carrier_delay,nas_delay,late_aircraft_delay
VCT,12,4,6.5,-1.0,2,25.0,20.0,5,189.0,202.4,carrier_delay,late_aircraft_delay,nas_delay
VEL,1,2,2.5,8.5,2,25.0,8.5,3,473.3333333333333,491.3333333333333,nas_delay,carrier_delay,late_aircraft_delay
VLD,1,2,6.5,-6.5,3,37.0,21.0,5,141.6,139.25,late_aircraft_delay,carrier_delay,nas_delay
VLD,2,2,4.0,-3.5,3,46.0,44.0,3,140.33333333333334,131.33333333333334,late_aircraft_delay,weather_delay,carrier_delay
VLD,3,7,5.428571428571429,0.7142857142857143,6,23.166666666666668,22.5,4,155.5,161.75,nas_delay,carrier_delay,weather_delay
VLD,4,5,5.6,-0.4,3,30.666666666666668,31.333333333333332,3,75.33333333333333,77.66666666666667,nas_delay,late_aircraft_delay,weather_delay
VLD,5,7,4.0,-1.2857142857142858,9,36.666666666666664,36.44444444444444,4,246.5,253.75,nas_delay,late_aircraft_delay,carrier_delay
VLD,6,9,6.666666666666667,-4.444444444444445,3,37.0,36.333333333333336,1,66.0,58.0,late_aircraft_delay,nas_delay,weather_delay
VLD,7,3,3.3333333333333335,5.0,3,26.666666666666668,32.333333333333336,8,138.25,143.125,nas_delay,carrier_delay,late_aircraft_delay
VLD,8,3,6.666666666666667,-2.0,5,30.8,20.4,3,150.66666666666666,142.66666666666666,late_aircraft_delay,nas_delay,carrier_delay
VLD,9,4,6.5,7.75,3,23.333333333333332,25.0,2,133.0,129.0,canc_B,nas_delay,late_aircraft_delay
VLD,10,9,6.333333333333333,5.555555555555555,5,35.4,36.0,7,193.71428571428572,195.57142857142858,nas_delay,late_aircraft_delay,carrier_delay
VLD,11,3,6.0,-0.3333333333333333,3,31.333333333333332,20.333333333333332,1,161.0,148.0,nas_delay,late_aircraft_delay,weather_delay
VLD,12,10,5.6,-3.1,12,35.666666666666664,29.083333333333332,8,133.75,128.25,late_aircraft_delay,carrier_delay,weather_delay
VPS,1,58,5.086206896551724,-0.8620689655172413,51,31.019607843137255,25.725490196078432,41,255.90243902439025,251.90243902439025,late_aircraft_delay,nas_delay,carrier_delay
VPS,2,52,5.4423076923076925,1.3846153846153846,31,30.129032258064516,23.322580645161292,20,226.95,220.25,nas_delay,carrier_delay,late_aircraft_delay
VPS,3,97,6.072164948453608,2.1237113402061856,82,30.158536585365855,23.790123456790123,62,208.46774193548387,206.3709677419355,late_aircraft_delay,carrier_delay,nas_delay
VPS,4,119,5.739495798319328,1.271186440677966,107,30.2803738317757,25.57547169811321,55,165.27272727272728,165.8,late_aircraft_delay,carrier_delay,nas_delay
VPS,5,150,6.433333333333334,0.8389261744966443,149,31.78523489932886,27.39864864864865,110,156.52727272727273,156.91666666666666,late_aircraft_delay,carrier_delay,nas_delay
VPS,6,138,6.260869565217392,0.5652173913043478,136,32.5735294117647,28.727941176470587,92,149.1195652173913,146.21978021978023,late_aircraft_delay,carrier_delay,nas_delay
VPS,7,186,5.854838709677419,2.0698924731182795,173,31.664739884393065,28.936046511627907,144,189.38888888888889,189.45833333333334,late_aircraft_delay,carrier_delay,nas_delay
VPS,8,118,6.084745762711864,1.0169491525423728,139,32.89928057553957,33.07194244604317,70,172.07142857142858,167.0,late_aircraft_delay,carrier_delay,nas_delay
VPS,9,121,6.090909090909091,0.6859504132231405,84,32.083333333333336,30.297619047619047,32,197.5,190.3125,late_aircraft_delay,nas_delay,carrier_delay
VPS,10,108,6.287037037037037,1.6203703703703705,68,28.897058823529413,24.83823529411765,17,223.76470588235293,220.58823529411765,nas_delay,late_aircraft_delay,carrier_delay
VPS,11,57,6.140350877192983,1.25,55,29.527272727272727,24.21818181818182,19,146.1578947368421,144.47368421052633,late_aircraft_delay,nas_delay,carrier_delay
VPS,12,98,6.1020408163265305,1.336734693877551,74,30.72972972972973,31.256756756756758,64,250.078125,247.34375,carrier_delay,late_aircraft_delay,nas_delay
WRG,1,4,7.75,7.0,7,26.857142857142858,36.285714285714285,6,75.66666666666667,71.66666666666667,late_aircraft_delay,nas_delay,carrier_delay
WRG,2,3,6.666666666666667,5.0,3,23.666666666666668,22.333333333333332,1,232.0,224.0,late_aircraft_delay,canc_A,canc_B
WRG,3,5,3.4,-0.6,5,33.6,32.6,2,119.5,109.0,late_aircraft_delay,nas_delay,Nessuna
WRG,4,3,4.666666666666667,-4.333333333333333,6,31.333333333333332,29.833333333333332,2,76.0,74.5,late_aircraft_delay,nas_delay,carrier_delay
WRG,5,5,6.8,9.0,12,31.833333333333332,28.75,1,246.0,238.0,late_aircraft_delay,nas_delay,Nessuna
WRG,6,9,7.333333333333333,3.3333333333333335,4,33.25,31.5,1,85.0,81.0,late_aircraft_delay,nas_delay,carrier_delay
WRG,7,14,6.428571428571429,3.0,4,27.25,37.75,2,72.0,64.5,late_aircraft_delay,nas_delay,carrier_delay
WRG,8,7,8.285714285714286,5.428571428571429,11,28.545454545454547,29.818181818181817,4,127.5,148.33333333333334,late_aircraft_delay,nas_delay,weather_delay
WRG,9,9,5.555555555555555,5.0,2,25.5,30.5,1,189.0,191.0,nas_delay,late_aircraft_delay,carrier_delay
WRG,10,5,4.8,7.8,6,27.0,20.166666666666668,3,123.0,103.0,late_aircraft_delay,nas_delay,carrier_delay
WRG,11,6,8.5,8.166666666666666,3,30.666666666666668,37.666666666666664,0,"","",late_aircraft_delay,nas_delay,canc_A
WRG,12,8,4.375,6.25,5,46.0,60.6,2,149.5,151.0,late_aircraft_delay,nas_delay,weather_delay
WYS,5,4,6.75,2.0,4,35.75,23.5,3,202.66666666666666,192.66666666666666,weather_delay,carrier_delay,nas_delay
WYS,6,4,7.25,18.75,1,16.0,-2.0,9,311.8888888888889,306.77777777777777,carrier_delay,nas_delay,canc_B
WYS,7,7,6.428571428571429,3.2857142857142856,8,29.5,27.25,7,137.0,127.42857142857143,carrier_delay,nas_delay,weather_delay
WYS,8,1,3.0,-10.0,3,25.333333333333332,25.333333333333332,2,262.5,252.5,carrier_delay,weather_delay,nas_delay
WYS,9,1,7.0,1.0,0,"","",4,141.75,134.5,carrier_delay,weather_delay,canc_B
WYS,10,1,1.0,-2.0,0,"","",0,"","",Nessuna,Nessuna,Nessuna
XNA,1,104,6.490384615384615,10.26923076923077,124,31.556451612903224,41.274193548387096,101,183.44554455445544,196.84158415841586,nas_delay,late_aircraft_delay,weather_delay
XNA,2,95,6.042105263157895,5.684210526315789,76,29.69736842105263,24.526315789473685,27,244.14814814814815,242.92307692307693,nas_delay,carrier_delay,late_aircraft_delay
XNA,3,112,6.0625,0.39285714285714285,90,27.77777777777778,23.844444444444445,71,147.1267605633803,145.5211267605634,late_aircraft_delay,nas_delay,carrier_delay
XNA,4,157,6.006369426751593,-0.36538461538461536,99,29.525252525252526,24.232323232323232,68,156.64705882352942,151.53731343283582,late_aircraft_delay,nas_delay,carrier_delay
XNA,5,155,7.064516129032258,5.2,147,31.38095238095238,33.843537414965986,119,160.92436974789916,166.83193277310923,nas_delay,late_aircraft_delay,carrier_delay
XNA,6,149,6.442953020134228,2.9194630872483223,154,32.701298701298704,30.27922077922078,100,135.82,134.37373737373738,late_aircraft_delay,carrier_delay,nas_delay
XNA,7,202,6.623762376237623,4.577114427860696,201,31.65671641791045,28.223880597014926,139,139.16546762589928,136.80434782608697,late_aircraft_delay,nas_delay,carrier_delay
XNA,8,140,6.771428571428571,5.2214285714285715,128,29.1796875,24.984251968503937,73,175.54794520547946,175.9718309859155,nas_delay,carrier_delay,late_aircraft_delay
XNA,9,152,5.809210526315789,3.2697368421052633,90,30.633333333333333,25.528089887640448,54,200.14814814814815,193.42592592592592,nas_delay,carrier_delay,late_aircraft_delay
XNA,10,130,6.1461538461538465,-0.2076923076923077,71,31.746478873239436,22.971830985915492,35,173.65714285714284,164.5142857142857,carrier_delay,late_aircraft_delay,nas_delay
XNA,11,151,6.066225165562914,1.8013245033112584,106,29.537735849056602,22.88679245283019,61,218.21311475409837,221.65573770491804,nas_delay,late_aircraft_delay,carrier_delay
XNA,12,194,5.865979381443299,0.520618556701031,148,30.66891891891892,26.965986394557824,86,167.19767441860466,168.2235294117647,nas_delay,late_aircraft_delay,carrier_delay
XWA,1,11,6.909090909090909,4.090909090909091,16,31.3125,22.25,20,194.0,191.75,nas_delay,carrier_delay,canc_B
XWA,2,17,6.588235294117647,-1.411764705882353,10,39.0,37.7,16,226.625,220.9375,carrier_delay,nas_delay,weather_delay
XWA,3,18,6.0,7.333333333333333,8,34.75,32.25,13,310.0769230769231,299.15384615384613,carrier_delay,nas_delay,canc_B
XWA,4,8,6.375,3.875,7,32.142857142857146,25.0,6,153.83333333333334,152.5,carrier_delay,nas_delay,late_aircraft_delay
XWA,5,19,7.157894736842105,0.7894736842105263,6,35.833333333333336,26.666666666666668,11,189.1818181818182,183.27272727272728,nas_delay,carrier_delay,late_aircraft_delay
XWA,6,15,6.266666666666667,8.666666666666666,24,30.75,37.291666666666664,13,188.69230769230768,193.46153846153845,carrier_delay,nas_delay,late_aircraft_delay
XWA,7,17,7.0,13.647058823529411,16,30.5,32.3125,23,106.95652173913044,106.04347826086956,carrier_delay,nas_delay,weather_delay
XWA,8,12,5.25,2.5833333333333335,11,33.63636363636363,40.63636363636363,17,146.1764705882353,142.1764705882353,carrier_delay,nas_delay,late_aircraft_delay
XWA,9,8,7.125,-1.5,14,34.07142857142857,29.571428571428573,6,197.66666666666666,198.0,carrier_delay,nas_delay,security_delay
XWA,10,9,4.0,0.8888888888888888,8,34.875,26.75,8,330.875,318.5,carrier_delay,nas_delay,late_aircraft_delay
XWA,11,18,5.166666666666667,3.9411764705882355,11,29.454545454545453,42.0,24,255.41666666666666,254.125,carrier_delay,nas_delay,weather_delay
XWA,12,33,6.787878787878788,3.303030303030303,19,31.789473684210527,27.842105263157894,25,299.8,288.04,carrier_delay,nas_delay,weather_delay
YAK,1,9,6.333333333333333,8.375,9,42.888888888888886,44.55555555555556,4,80.75,83.5,late_aircraft_delay,nas_delay,canc_B
YAK,2,5,8.4,3.2,6,26.666666666666668,27.2,1,237.0,242.0,nas_delay,late_aircraft_delay,carrier_delay
YAK,3,3,11.0,10.666666666666666,7,30.285714285714285,23.285714285714285,5,89.4,86.8,late_aircraft_delay,weather_delay,nas_delay
YAK,4,5,4.0,2.6,4,32.0,21.666666666666668,3,138.33333333333334,140.66666666666666,late_aircraft_delay,nas_delay,canc_A
YAK,5,5,4.8,3.0,3,29.666666666666668,27.0,2,81.5,121.5,late_aircraft_delay,nas_delay,carrier_delay
YAK,6,7,6.428571428571429,4.571428571428571,9,24.11111111111111,19.444444444444443,1,61.0,50.0,late_aircraft_delay,nas_delay,security_delay
YAK,7,17,6.411764705882353,6.588235294117647,10,29.6,29.9,1,171.0,205.0,late_aircraft_delay,nas_delay,carrier_delay
YAK,8,9,5.111111111111111,2.3333333333333335,17,26.0,24.58823529411765,3,148.0,110.0,late_aircraft_delay,nas_delay,carrier_delay
YAK,9,11,6.181818181818182,3.4,8,31.25,26.25,3,110.33333333333333,106.66666666666667,late_aircraft_delay,carrier_delay,nas_delay
YAK,10,5,6.2,5.4,3,31.333333333333332,32.666666666666664,2,98.0,78.0,late_aircraft_delay,nas_delay,Nessuna
YAK,11,2,1.0,0.0,2,40.0,38.5,1,80.0,77.0,late_aircraft_delay,nas_delay,Nessuna
YAK,12,4,7.0,0.25,7,38.0,37.285714285714285,1,156.0,167.0,late_aircraft_delay,canc_B,nas_delay
YUM,1,7,6.571428571428571,9.0,9,27.88888888888889,26.0,8,181.25,185.875,nas_delay,carrier_delay,late_aircraft_delay
YUM,2,8,5.5,2.125,8,26.125,27.875,4,142.0,153.0,nas_delay,carrier_delay,late_aircraft_delay
YUM,3,16,7.25,9.5,3,33.333333333333336,29.0,9,185.33333333333334,184.55555555555554,nas_delay,carrier_delay,weather_delay
YUM,4,10,2.4,4.2,6,44.166666666666664,38.333333333333336,6,403.6666666666667,399.8333333333333,carrier_delay,nas_delay,late_aircraft_delay
YUM,5,16,7.4375,5.75,12,38.666666666666664,35.0,11,199.45454545454547,195.0,carrier_delay,nas_delay,late_aircraft_delay
YUM,6,16,6.0,5.066666666666666,8,30.5,26.875,8,141.0,135.375,carrier_delay,nas_delay,late_aircraft_delay
YUM,7,18,4.888888888888889,0.4444444444444444,11,29.09090909090909,21.90909090909091,8,271.25,267.25,carrier_delay,late_aircraft_delay,nas_delay
YUM,8,12,7.083333333333333,4.666666666666667,6,28.166666666666668,23.5,7,104.71428571428571,107.85714285714286,nas_delay,carrier_delay,late_aircraft_delay
YUM,9,12,5.333333333333333,-6.833333333333333,5,28.0,18.4,7,316.57142857142856,317.42857142857144,carrier_delay,late_aircraft_delay,nas_delay
YUM,10,22,7.7272727272727275,3.6363636363636362,14,30.642857142857142,27.857142857142858,6,189.16666666666666,185.0,late_aircraft_delay,nas_delay,carrier_delay
YUM,11,15,5.466666666666667,0.06666666666666667,7,37.0,37.285714285714285,10,288.0,307.8888888888889,late_aircraft_delay,carrier_delay,nas_delay
YUM,12,10,7.3,0.9,14,35.57142857142857,32.357142857142854,13,134.30769230769232,130.23076923076923,carrier_delay,late_aircraft_delay,nas_delay
