origin,month,basso_count,basso_dep_delay_avg,basso_arr_delay_avg,medio_count,medio_dep_delay_avg,medio_arr_delay_avg,alto_count,alto_dep_delay_avg,alto_arr_delay_avg,top_causa_1,top_causa_2,top_causa_3
ABE,1,180,6.533333333333333,-0.7111111111111111,124,34.32258064516129,32.5,120,241.3,234.03333333333333,nas_delay,carrier_delay,late_aircraft_delay
ABE,2,128,6.03125,-6.09375,80,29.7,10.105263157894736,56,227.92857142857142,217.92857142857142,nas_delay,carrier_delay,late_aircraft_delay
ABE,3,188,7.25531914893617,-6.574468085106383,112,30.678571428571427,19.892857142857142,92,173.43478260869566,163.3913043478261,late_aircraft_delay,nas_delay,carrier_delay
ABE,4,156,5.564102564102564,-4.82051282051282,116,33.44827586206897,27.655172413793103,116,258.6551724137931,250.3793103448276,carrier_delay,late_aircraft_delay,nas_delay
ABE,5,176,6.386363636363637,2.1818181818181817,104,30.076923076923077,29.576923076923077,160,180.625,177.12820512820514,nas_delay,late_aircraft_delay,carrier_delay
ABE,6,164,5.7073170731707314,-1.170731707317073,152,27.394736842105264,17.216216216216218,152,173.92105263157896,172.32432432432432,carrier_delay,late_aircraft_delay,nas_delay
ABE,7,148,6.081081081081081,-0.918918918918919,164,34.609756097560975,30.146341463414632,148,138.0810810810811,137.0810810810811,late_aircraft_delay,carrier_delay,nas_delay
ABE,8,136,5.676470588235294,3.5,168,32.023809523809526,27.976190476190474,108,146.96296296296296,144.2962962962963,late_aircraft_delay,nas_delay,carrier_delay
ABE,9,124,7.161290322580645,-0.03225806451612903,100,37.84,32.875,64,265.0625,261.25,late_aircraft_delay,carrier_delay,nas_delay
ABE,10,160,6.6,-3.45,124,26.225806451612904,11.96774193548387,72,193.16666666666666,183.83333333333334,carrier_delay,late_aircraft_delay,nas_delay
ABE,11,156,6.846153846153846,-3.6923076923076925,96,31.625,21.75,56,165.21428571428572,152.42857142857142,late_aircraft_delay,carrier_delay,nas_delay
ABE,12,200,6.74,0.8979591836734694,136,32.5,24.575757575757574,136,229.02941176470588,222.14705882352942,carrier_delay,late_aircraft_delay,nas_delay
ABI,1,68,6.764705882352941,10.941176470588236,44,38.90909090909091,36.72727272727273,52,113.46153846153847,123.84615384615384,late_aircraft_delay,nas_delay,weather_delay
ABI,2,40,7.4,12.0,32,33.875,33.75,4,99.0,88.0,nas_delay,late_aircraft_delay,carrier_delay
ABI,3,68,5.882352941176471,5.588235294117647,52,24.076923076923077,27.076923076923077,48,132.66666666666666,134.08333333333334,late_aircraft_delay,nas_delay,carrier_delay
ABI,4,72,6.5,4.222222222222222,60,31.466666666666665,29.6,48,129.66666666666666,126.16666666666667,late_aircraft_delay,weather_delay,nas_delay
ABI,5,80,5.9,0.35,104,27.884615384615383,25.03846153846154,88,190.6818181818182,195.5909090909091,late_aircraft_delay,nas_delay,carrier_delay
ABI,6,72,8.88888888888889,5.333333333333333,72,28.333333333333332,25.72222222222222,52,116.53846153846153,108.76923076923077,late_aircraft_delay,nas_delay,carrier_delay
ABI,7,80,6.15,1.1,92,30.130434782608695,30.869565217391305,40,127.0,122.5,late_aircraft_delay,nas_delay,carrier_delay
ABI,8,68,6.117647058823529,2.0588235294117645,48,27.25,22.666666666666668,8,91.5,89.5,late_aircraft_delay,carrier_delay,nas_delay
ABI,9,56,7.214285714285714,3.7857142857142856,56,28.428571428571427,23.428571428571427,32,108.875,99.125,late_aircraft_delay,carrier_delay,nas_delay
ABI,10,60,7.466666666666667,0.06666666666666667,12,32.0,32.0,16,135.5,125.5,late_aircraft_delay,carrier_delay,nas_delay
ABI,11,68,5.647058823529412,2.8823529411764706,32,31.125,25.5,24,106.16666666666667,105.0,late_aircraft_delay,nas_delay,weather_delay
ABI,12,72,6.277777777777778,7.666666666666667,28,28.714285714285715,21.571428571428573,48,111.0,117.08333333333333,nas_delay,late_aircraft_delay,carrier_delay
ABQ,1,1100,5.905454545454545,1.9525547445255473,800,30.94,26.28,464,137.94827586206895,134.58620689655172,late_aircraft_delay,nas_delay,carrier_delay
ABQ,2,1172,6.027303754266212,0.46075085324232085,624,31.128205128205128,28.92948717948718,260,155.35384615384615,155.875,nas_delay,late_aircraft_delay,carrier_delay
ABQ,3,1388,6.066282420749279,0.9106628242074928,1004,31.266932270916335,25.828,468,186.94871794871796,185.94871794871796,late_aircraft_delay,carrier_delay,nas_delay
ABQ,4,1464,5.5683060109289615,-1.4617486338797814,1052,30.958174904942965,24.806083650190114,376,143.41489361702128,142.43010752688173,late_aircraft_delay,carrier_delay,nas_delay
ABQ,5,1596,6.365914786967418,0.40554156171284633,1284,31.049844236760123,25.330218068535824,648,161.78395061728395,158.31446540880503,late_aircraft_delay,carrier_delay,nas_delay
ABQ,6,1668,5.870503597122302,1.3462469733656175,1240,30.532258064516128,25.679611650485437,504,147.6031746031746,143.38095238095238,late_aircraft_delay,carrier_delay,nas_delay
ABQ,7,1684,6.078384798099762,0.6602870813397129,1328,33.04216867469879,29.459214501510573,672,152.88690476190476,150.16071428571428,late_aircraft_delay,carrier_delay,nas_delay
ABQ,8,1312,5.902439024390244,1.2293577981651376,936,30.081196581196583,27.196581196581196,504,143.015873015873,141.0793650793651,late_aircraft_delay,carrier_delay,nas_delay
ABQ,9,1208,5.6158940397351,-0.7384105960264901,884,28.918552036199095,22.786363636363635,264,127.6969696969697,122.6969696969697,late_aircraft_delay,carrier_delay,nas_delay
ABQ,10,1724,5.368909512761021,0.20745920745920746,848,28.514150943396228,23.00473933649289,300,141.68,137.13333333333333,carrier_delay,late_aircraft_delay,nas_delay
ABQ,11,1368,5.470760233918129,1.8529411764705883,740,30.102702702702704,28.394594594594594,284,134.5211267605634,133.98591549295776,nas_delay,carrier_delay,late_aircraft_delay
ABQ,12,1452,5.90633608815427,-0.01652892561983471,892,30.116591928251122,23.937219730941703,356,158.8988764044944,161.71264367816093,late_aircraft_delay,carrier_delay,nas_delay
ABR,1,28,5.714285714285714,-10.285714285714286,20,27.2,7.8,20,130.8,121.4,carrier_delay,canc_B,weather_delay
ABR,2,16,4.75,-7.5,12,34.0,13.666666666666666,8,321.0,304.5,weather_delay,carrier_delay,Nessuna
ABR,3,16,3.75,-9.0,12,27.0,11.666666666666666,28,192.28571428571428,171.42857142857142,carrier_delay,weather_delay,canc_B
ABR,4,24,6.166666666666667,-7.333333333333333,4,18.0,-4.0,12,365.6666666666667,344.0,carrier_delay,weather_delay,Nessuna
ABR,5,12,5.0,-2.0,12,39.333333333333336,36.0,24,140.5,130.66666666666666,carrier_delay,weather_delay,nas_delay
ABR,6,32,6.125,9.875,44,37.81818181818182,49.54545454545455,28,307.57142857142856,308.7142857142857,carrier_delay,nas_delay,weather_delay
ABR,7,44,6.636363636363637,-0.6363636363636364,24,35.666666666666664,32.666666666666664,28,132.28571428571428,138.28571428571428,carrier_delay,nas_delay,weather_delay
ABR,8,28,9.142857142857142,6.857142857142857,24,24.5,35.333333333333336,24,235.16666666666666,249.33333333333334,nas_delay,weather_delay,carrier_delay
ABR,9,16,4.25,-8.25,0,"","",12,140.33333333333334,132.33333333333334,carrier_delay,Nessuna,Nessuna
ABR,10,12,5.666666666666667,-8.333333333333334,24,42.5,29.666666666666668,24,193.5,182.33333333333334,carrier_delay,weather_delay,nas_delay
ABR,11,24,3.0,-7.0,20,25.8,17.2,12,106.0,90.0,carrier_delay,Nessuna,Nessuna
ABR,12,32,4.75,-2.5,32,34.125,25.5,40,356.8,348.1,carrier_delay,nas_delay,weather_delay
ABY,1,24,7.666666666666667,3.3333333333333335,20,26.6,18.6,28,304.85714285714283,294.14285714285717,carrier_delay,nas_delay,weather_delay
ABY,2,8,7.0,1.5,28,27.714285714285715,15.571428571428571,24,199.33333333333334,194.83333333333334,carrier_delay,weather_delay,nas_delay
ABY,3,24,5.0,1.3333333333333333,8,43.0,39.0,16,140.5,131.0,carrier_delay,weather_delay,Nessuna
ABY,4,16,6.5,4.25,28,35.42857142857143,39.0,16,130.25,137.0,carrier_delay,nas_delay,weather_delay
ABY,5,12,7.666666666666667,3.0,24,39.0,39.833333333333336,32,118.75,115.5,carrier_delay,nas_delay,weather_delay
ABY,6,20,7.4,4.4,20,45.6,40.0,16,72.0,66.25,carrier_delay,nas_delay,canc_B
ABY,7,20,6.4,9.2,28,29.428571428571427,27.428571428571427,52,186.23076923076923,188.0,carrier_delay,nas_delay,weather_delay
ABY,8,32,6.625,-2.625,32,29.5,21.125,36,266.44444444444446,261.44444444444446,carrier_delay,weather_delay,nas_delay
ABY,9,12,9.333333333333334,5.666666666666667,24,40.166666666666664,41.5,20,101.6,95.8,carrier_delay,nas_delay,weather_delay
ABY,10,24,6.666666666666667,3.1666666666666665,8,55.5,42.5,4,130.0,117.0,carrier_delay,nas_delay,Nessuna
ABY,11,12,6.666666666666667,6.333333333333333,16,38.0,34.75,12,190.0,195.0,carrier_delay,nas_delay,weather_delay
ABY,12,12,11.0,20.333333333333332,24,26.166666666666668,22.5,60,195.66666666666666,193.86666666666667,carrier_delay,nas_delay,late_aircraft_delay
ACK,5,28,4.857142857142857,-1.1428571428571428,40,33.4,33.2,60,160.66666666666666,162.64285714285714,late_aircraft_delay,nas_delay,carrier_delay
ACK,6,100,7.68,4.16,132,36.27272727272727,39.27272727272727,144,175.80555555555554,178.13888888888889,late_aircraft_delay,nas_delay,carrier_delay
ACK,7,140,6.942857142857143,5.764705882352941,256,33.40625,32.203125,204,137.0392156862745,140.27450980392157,nas_delay,late_aircraft_delay,carrier_delay
ACK,8,228,6.368421052631579,5.719298245614035,136,36.23529411764706,35.0,188,179.6595744680851,181.40425531914894,nas_delay,late_aircraft_delay,carrier_delay
ACK,9,20,6.2,8.4,44,37.54545454545455,40.0,32,116.125,114.5,nas_delay,late_aircraft_delay,carrier_delay
ACK,10,16,5.25,5.25,16,34.5,28.5,12,168.0,162.0,nas_delay,carrier_delay,late_aircraft_delay
ACT,1,20,8.8,4.0,48,36.416666666666664,34.25,40,272.8,268.8,carrier_delay,canc_B,late_aircraft_delay
ACT,2,52,4.846153846153846,9.23076923076923,12,31.0,36.0,16,82.5,70.25,carrier_delay,nas_delay,late_aircraft_delay
ACT,3,64,5.375,10.1875,28,29.571428571428573,29.428571428571427,16,75.25,69.75,nas_delay,late_aircraft_delay,carrier_delay
ACT,4,44,6.363636363636363,3.6363636363636362,40,33.8,30.7,24,171.83333333333334,179.66666666666666,nas_delay,late_aircraft_delay,carrier_delay
ACT,5,24,6.0,27.666666666666668,28,34.285714285714285,31.142857142857142,44,187.63636363636363,186.9090909090909,carrier_delay,canc_B,nas_delay
ACT,6,36,6.888888888888889,4.0,60,34.266666666666666,29.666666666666668,68,149.94117647058823,150.88235294117646,carrier_delay,late_aircraft_delay,nas_delay
ACT,7,28,5.714285714285714,2.4285714285714284,32,45.75,41.5,40,139.0,143.3,carrier_delay,nas_delay,weather_delay
ACT,8,40,6.8,11.1,44,36.72727272727273,40.72727272727273,20,103.8,107.4,carrier_delay,nas_delay,late_aircraft_delay
ACT,9,44,7.2727272727272725,6.0,44,27.09090909090909,29.636363636363637,16,174.75,166.5,carrier_delay,nas_delay,late_aircraft_delay
ACT,10,28,5.285714285714286,2.142857142857143,48,33.583333333333336,32.5,72,119.55555555555556,115.0,carrier_delay,nas_delay,late_aircraft_delay
ACT,11,28,8.571428571428571,5.142857142857143,28,39.857142857142854,36.714285714285715,16,157.5,153.75,carrier_delay,late_aircraft_delay,nas_delay
ACT,12,36,6.777777777777778,6.333333333333333,52,33.46153846153846,34.46153846153846,64,135.0625,136.625,carrier_delay,nas_delay,weather_delay
ACV,1,60,5.466666666666667,1.6,64,32.875,27.3125,60,195.13333333333333,190.33333333333334,nas_delay,late_aircraft_delay,carrier_delay
ACV,2,44,6.181818181818182,13.363636363636363,88,37.95454545454545,40.18181818181818,60,360.0,357.8666666666667,nas_delay,late_aircraft_delay,carrier_delay
ACV,3,56,6.928571428571429,4.428571428571429,116,32.10344827586207,31.0,52,205.92307692307693,202.46153846153845,nas_delay,late_aircraft_delay,carrier_delay
ACV,4,48,6.75,3.3333333333333335,56,37.07142857142857,48.357142857142854,48,146.5,145.58333333333334,nas_delay,carrier_delay,late_aircraft_delay
ACV,5,72,5.388888888888889,3.3333333333333335,52,29.153846153846153,30.23076923076923,48,168.16666666666666,174.41666666666666,nas_delay,late_aircraft_delay,carrier_delay
ACV,6,68,5.411764705882353,5.0588235294117645,40,34.3,39.0,36,191.11111111111111,185.77777777777777,carrier_delay,nas_delay,late_aircraft_delay
ACV,7,72,6.611111111111111,4.111111111111111,44,35.18181818181818,38.90909090909091,40,332.9,337.8,nas_delay,carrier_delay,late_aircraft_delay
ACV,8,76,6.947368421052632,8.789473684210526,64,28.9375,30.625,36,184.44444444444446,191.11111111111111,nas_delay,carrier_delay,late_aircraft_delay
ACV,9,68,4.9411764705882355,0.17647058823529413,32,34.875,31.375,76,285.7894736842105,283.36842105263156,late_aircraft_delay,weather_delay,nas_delay
ACV,10,64,4.9375,-0.3125,44,32.90909090909091,30.545454545454547,80,234.05,234.8,carrier_delay,nas_delay,late_aircraft_delay
ACV,11,76,5.947368421052632,7.842105263157895,64,32.6875,29.875,72,105.05555555555556,107.11111111111111,nas_delay,carrier_delay,late_aircraft_delay
ACV,12,56,7.428571428571429,9.428571428571429,44,32.18181818181818,39.90909090909091,28,169.57142857142858,164.28571428571428,carrier_delay,nas_delay,late_aircraft_delay
ACY,1,136,6.882352941176471,8.941176470588236,96,29.375,30.875,36,138.77777777777777,134.55555555555554,nas_delay,carrier_delay,late_aircraft_delay
ACY,2,136,6.794117647058823,0.9117647058823529,148,34.32432432432432,25.43243243243243,64,136.0,134.875,nas_delay,carrier_delay,late_aircraft_delay
ACY,3,152,7.052631578947368,5.578947368421052,284,33.183098591549296,31.788732394366196,136,156.47058823529412,157.5,nas_delay,late_aircraft_delay,carrier_delay
ACY,4,80,7.1,-5.65,100,34.48,28.96,60,132.6,130.53333333333333,nas_delay,carrier_delay,late_aircraft_delay
ACY,5,124,6.903225806451613,-1.3548387096774193,140,30.914285714285715,24.942857142857143,52,135.53846153846155,134.46153846153845,nas_delay,late_aircraft_delay,carrier_delay
ACY,6,104,6.576923076923077,-6.5,112,31.464285714285715,23.142857142857142,116,135.41379310344828,129.86206896551724,nas_delay,carrier_delay,late_aircraft_delay
ACY,7,120,7.033333333333333,-4.566666666666666,148,35.83783783783784,27.486486486486488,68,181.1764705882353,171.47058823529412,nas_delay,carrier_delay,late_aircraft_delay
ACY,8,180,6.266666666666667,3.227272727272727,152,31.473684210526315,27.789473684210527,108,137.96296296296296,136.0,nas_delay,late_aircraft_delay,carrier_delay
ACY,9,72,7.777777777777778,-0.5555555555555556,64,28.9375,23.375,32,114.0,113.75,nas_delay,late_aircraft_delay,carrier_delay
ACY,10,88,6.0,-4.5,52,37.61538461538461,27.46153846153846,24,112.5,97.83333333333333,carrier_delay,nas_delay,late_aircraft_delay
ACY,11,40,8.0,-9.5,64,34.375,20.25,24,196.5,179.16666666666666,nas_delay,late_aircraft_delay,carrier_delay
ACY,12,64,7.0,-1.8125,100,31.6,23.76,68,98.94117647058823,89.29411764705883,nas_delay,carrier_delay,late_aircraft_delay
ADK,1,0,"","",8,29.5,42.0,0,"","",canc_B,security_delay,nas_delay
ADK,2,0,"","",0,"","",0,"","",canc_B,Nessuna,Nessuna
ADK,3,0,"","",0,"","",4,103.0,103.0,late_aircraft_delay,Nessuna,Nessuna
ADK,4,4,3.0,7.0,4,58.0,53.0,4,225.0,217.0,late_aircraft_delay,canc_B,security_delay
ADK,5,0,"","",8,22.0,17.0,0,"","",late_aircraft_delay,security_delay,Nessuna
ADK,6,4,2.0,-3.0,0,"","",0,"","",canc_B,Nessuna,Nessuna
ADK,7,12,6.666666666666667,-1.6666666666666667,8,37.5,36.5,0,"","",security_delay,late_aircraft_delay,nas_delay
ADK,8,12,8.333333333333334,7.333333333333333,8,49.0,33.5,4,170.0,135.0,security_delay,late_aircraft_delay,Nessuna
ADK,9,12,7.0,-2.0,8,31.0,16.5,4,70.0,73.0,security_delay,late_aircraft_delay,nas_delay
ADK,10,0,"","",4,29.0,16.0,0,"","",canc_B,carrier_delay,Nessuna
ADK,11,4,2.0,0.0,0,"","",4,61.0,73.0,nas_delay,late_aircraft_delay,canc_B
ADK,12,8,10.0,12.0,0,"","",0,"","",nas_delay,Nessuna,Nessuna
ADQ,1,12,1.6666666666666667,-6.333333333333333,32,30.625,27.75,32,92.375,83.75,late_aircraft_delay,carrier_delay,weather_delay
ADQ,2,24,6.666666666666667,4.333333333333333,20,33.8,28.6,12,134.33333333333334,126.33333333333333,nas_delay,late_aircraft_delay,weather_delay
ADQ,3,16,4.5,-6.5,28,26.857142857142858,22.428571428571427,20,164.0,161.8,late_aircraft_delay,nas_delay,carrier_delay
ADQ,4,20,7.2,2.0,32,39.375,33.5,8,168.5,165.0,carrier_delay,late_aircraft_delay,nas_delay
ADQ,5,56,6.285714285714286,3.142857142857143,16,42.0,40.25,8,62.5,52.5,late_aircraft_delay,carrier_delay,nas_delay
ADQ,6,12,7.333333333333333,2.3333333333333335,20,36.2,31.8,8,76.5,74.5,late_aircraft_delay,canc_B,nas_delay
ADQ,7,80,5.45,6.05,24,24.666666666666668,19.0,24,210.0,212.0,nas_delay,late_aircraft_delay,carrier_delay
ADQ,8,48,6.0,2.75,32,27.375,24.25,12,100.0,100.0,late_aircraft_delay,nas_delay,carrier_delay
ADQ,9,24,4.833333333333333,2.5,12,43.0,47.666666666666664,4,87.0,89.0,nas_delay,weather_delay,late_aircraft_delay
ADQ,10,40,5.9,3.4,28,31.428571428571427,32.285714285714285,12,130.33333333333334,131.66666666666666,late_aircraft_delay,nas_delay,carrier_delay
ADQ,11,44,7.2727272727272725,7.636363636363637,52,27.46153846153846,28.307692307692307,12,358.6666666666667,357.3333333333333,nas_delay,late_aircraft_delay,carrier_delay
ADQ,12,48,5.5,6.166666666666667,12,30.0,29.666666666666668,12,169.66666666666666,174.66666666666666,nas_delay,late_aircraft_delay,weather_delay
AEX,1,68,7.235294117647059,14.529411764705882,64,38.5,32.4375,64,249.375,259.1875,nas_delay,carrier_delay,late_aircraft_delay
AEX,2,36,6.222222222222222,18.88888888888889,32,33.625,37.75,24,239.66666666666666,234.66666666666666,carrier_delay,nas_delay,late_aircraft_delay
AEX,3,76,7.157894736842105,2.0,28,34.857142857142854,41.42857142857143,32,165.25,153.875,weather_delay,nas_delay,carrier_delay
AEX,4,44,6.090909090909091,1.4545454545454546,40,35.1,33.8,72,266.72222222222223,284.55555555555554,nas_delay,weather_delay,carrier_delay
AEX,5,68,6.411764705882353,2.411764705882353,36,27.555555555555557,33.666666666666664,92,169.95652173913044,166.95652173913044,carrier_delay,weather_delay,nas_delay
AEX,6,68,6.647058823529412,2.235294117647059,44,26.181818181818183,17.181818181818183,52,231.23076923076923,227.16666666666666,nas_delay,carrier_delay,late_aircraft_delay
AEX,7,88,6.545454545454546,5.0476190476190474,76,29.94736842105263,25.210526315789473,92,217.3913043478261,214.7391304347826,carrier_delay,late_aircraft_delay,weather_delay
AEX,8,88,4.909090909090909,1.6818181818181819,28,29.142857142857142,24.714285714285715,60,158.0,148.2,carrier_delay,late_aircraft_delay,nas_delay
AEX,9,80,7.6,7.35,64,29.9375,29.875,60,165.2,160.86666666666667,carrier_delay,nas_delay,late_aircraft_delay
AEX,10,32,7.75,-3.5,56,34.142857142857146,26.5,84,176.1904761904762,163.8095238095238,carrier_delay,late_aircraft_delay,nas_delay
AEX,11,64,5.75,1.9375,48,28.5,20.166666666666668,60,172.73333333333332,165.6,carrier_delay,late_aircraft_delay,nas_delay
AEX,12,80,8.0,6.3,68,31.176470588235293,32.76470588235294,24,274.3333333333333,262.0,nas_delay,carrier_delay,late_aircraft_delay
AGS,1,144,5.305555555555555,3.5277777777777777,128,29.96875,29.0,188,178.29787234042553,173.4255319148936,carrier_delay,nas_delay,weather_delay
AGS,2,116,5.0344827586206895,-5.413793103448276,96,30.958333333333332,21.916666666666668,80,144.1,134.65,carrier_delay,weather_delay,nas_delay
AGS,3,100,5.96,1.48,68,28.0,26.823529411764707,76,176.73684210526315,170.47368421052633,carrier_delay,late_aircraft_delay,nas_delay
AGS,4,344,6.546511627906977,4.5813953488372094,300,30.84,27.64864864864865,128,100.84375,101.15625,nas_delay,late_aircraft_delay,carrier_delay
AGS,5,148,6.1891891891891895,2.1621621621621623,112,33.0,30.678571428571427,132,174.27272727272728,177.40625,nas_delay,carrier_delay,late_aircraft_delay
AGS,6,168,5.9523809523809526,0.42857142857142855,116,28.448275862068964,23.379310344827587,84,127.38095238095238,124.80952380952381,nas_delay,late_aircraft_delay,carrier_delay
AGS,7,192,5.770833333333333,0.875,156,33.69230769230769,27.307692307692307,240,171.16666666666666,171.05,late_aircraft_delay,nas_delay,carrier_delay
AGS,8,140,7.4,4.228571428571429,128,33.53125,26.8125,104,183.57692307692307,177.15384615384616,late_aircraft_delay,carrier_delay,nas_delay
AGS,9,140,6.914285714285715,0.6,116,33.206896551724135,34.0,156,222.56410256410257,220.33333333333334,nas_delay,late_aircraft_delay,canc_B
AGS,10,160,5.325,0.425,128,28.9375,23.96875,180,204.66666666666666,204.84444444444443,nas_delay,carrier_delay,weather_delay
AGS,11,204,6.882352941176471,3.0784313725490198,108,24.40740740740741,21.333333333333332,56,134.35714285714286,130.64285714285714,nas_delay,carrier_delay,late_aircraft_delay
AGS,12,280,5.557142857142857,-1.2,156,30.923076923076923,23.692307692307693,152,190.8684210526316,182.05405405405406,carrier_delay,nas_delay,late_aircraft_delay
AKN,4,0,"","",0,"","",0,"","",Nessuna,Nessuna,Nessuna
AKN,5,0,"","",8,25.0,13.0,0,"","",late_aircraft_delay,canc_A,nas_delay
AKN,6,12,8.333333333333334,8.666666666666666,8,23.0,24.5,0,"","",nas_delay,late_aircraft_delay,security_delay
AKN,7,36,5.666666666666667,11.666666666666666,24,33.333333333333336,41.5,8,80.0,81.0,nas_delay,security_delay,late_aircraft_delay
AKN,8,16,10.25,11.0,24,18.333333333333332,20.333333333333332,0,"","",nas_delay,late_aircraft_delay,carrier_delay
AKN,9,4,2.0,11.0,24,31.833333333333332,30.0,0,"","",late_aircraft_delay,nas_delay,security_delay
ALB,1,540,5.777777777777778,-0.2518518518518518,444,28.234234234234233,28.245454545454546,244,139.36065573770492,143.86885245901638,nas_delay,late_aircraft_delay,carrier_delay
ALB,2,552,6.246376811594203,-8.094202898550725,320,29.8375,18.65,140,143.74285714285713,134.97142857142856,nas_delay,carrier_delay,late_aircraft_delay
ALB,3,652,6.1656441717791415,-1.4596273291925466,524,30.564885496183205,25.0625,276,177.31884057971016,180.8235294117647,late_aircraft_delay,nas_delay,carrier_delay
ALB,4,624,6.096153846153846,-2.264516129032258,448,29.991071428571427,23.830357142857142,232,246.75862068965517,242.56896551724137,nas_delay,late_aircraft_delay,carrier_delay
ALB,5,644,6.149068322981367,-0.11180124223602485,548,30.72992700729927,22.43065693430657,288,135.875,131.26388888888889,late_aircraft_delay,carrier_delay,nas_delay
ALB,6,684,6.918128654970761,1.8235294117647058,540,31.118518518518517,23.082089552238806,336,186.38095238095238,172.10843373493975,late_aircraft_delay,carrier_delay,nas_delay
ALB,7,664,6.530120481927711,1.0365853658536586,644,32.96894409937888,30.2875,564,159.24822695035462,162.75886524822695,late_aircraft_delay,carrier_delay,nas_delay
ALB,8,752,6.276595744680851,2.25531914893617,604,30.218543046357617,29.70860927152318,408,169.40196078431373,172.07920792079207,nas_delay,late_aircraft_delay,carrier_delay
ALB,9,528,5.575757575757576,-0.4015151515151515,380,29.705263157894738,24.31578947368421,132,227.03030303030303,227.03125,carrier_delay,nas_delay,late_aircraft_delay
ALB,10,640,5.76875,-3.95625,472,27.423728813559322,16.559322033898304,116,177.41379310344828,168.86206896551724,carrier_delay,late_aircraft_delay,nas_delay
ALB,11,564,5.7304964539007095,-5.858156028368795,276,28.44927536231884,17.782608695652176,132,206.1818181818182,193.27272727272728,carrier_delay,late_aircraft_delay,nas_delay
ALB,12,716,6.162011173184357,-1.782122905027933,568,32.014084507042256,25.595744680851062,396,203.4848484848485,199.5408163265306,nas_delay,carrier_delay,late_aircraft_delay
ALW,1,12,9.333333333333334,40.666666666666664,12,39.0,47.0,16,172.25,187.25,canc_B,carrier_delay,nas_delay
ALW,2,16,3.5,7.5,4,49.0,75.0,8,96.0,95.0,nas_delay,late_aircraft_delay,canc_B
ALW,3,8,3.0,-0.5,4,44.0,44.0,4,63.0,80.0,nas_delay,late_aircraft_delay,carrier_delay
ALW,4,16,4.5,4.0,0,"","",4,78.0,74.0,late_aircraft_delay,carrier_delay,Nessuna
ALW,5,0,"","",12,20.666666666666668,20.666666666666668,0,"","",nas_delay,late_aircraft_delay,carrier_delay
ALW,6,44,5.909090909090909,4.181818181818182,12,37.333333333333336,33.333333333333336,16,92.0,95.5,late_aircraft_delay,nas_delay,carrier_delay
ALW,7,44,5.090909090909091,2.4545454545454546,40,24.9,25.2,0,"","",late_aircraft_delay,nas_delay,carrier_delay
ALW,8,20,9.0,20.8,24,28.166666666666668,31.833333333333332,8,94.0,102.5,late_aircraft_delay,nas_delay,canc_A
ALW,9,12,7.333333333333333,7.333333333333333,24,37.166666666666664,44.0,8,91.0,90.5,nas_delay,late_aircraft_delay,carrier_delay
AMA,1,156,6.128205128205129,3.948717948717949,160,31.1,30.95,120,173.9,168.53333333333333,nas_delay,late_aircraft_delay,carrier_delay
AMA,2,140,6.114285714285714,6.571428571428571,116,32.827586206896555,31.482758620689655,36,104.44444444444444,91.0,nas_delay,carrier_delay,late_aircraft_delay
AMA,3,116,6.344827586206897,3.413793103448276,132,33.121212121212125,32.15151515151515,96,139.45833333333334,139.29166666666666,nas_delay,late_aircraft_delay,carrier_delay
AMA,4,132,6.0,1.878787878787879,116,33.10344827586207,30.275862068965516,104,147.3846153846154,155.53846153846155,late_aircraft_delay,nas_delay,carrier_delay
AMA,5,204,5.490196078431373,2.823529411764706,232,34.5,32.40350877192982,204,156.23529411764707,158.0612244897959,nas_delay,late_aircraft_delay,carrier_delay
AMA,6,204,6.0,5.921568627450981,240,30.65,27.45,156,179.89743589743588,177.28205128205127,late_aircraft_delay,carrier_delay,nas_delay
AMA,7,220,6.290909090909091,4.781818181818182,284,33.71830985915493,29.183098591549296,120,140.8,137.26666666666668,late_aircraft_delay,carrier_delay,nas_delay
AMA,8,128,5.75,3.34375,200,34.28,32.46,104,150.1153846153846,145.69230769230768,late_aircraft_delay,nas_delay,carrier_delay
AMA,9,176,6.204545454545454,4.4772727272727275,116,32.44827586206897,33.827586206896555,84,125.33333333333333,126.38095238095238,nas_delay,late_aircraft_delay,carrier_delay
AMA,10,160,5.8,1.475,168,33.92857142857143,28.095238095238095,52,140.0,129.84615384615384,late_aircraft_delay,nas_delay,carrier_delay
AMA,11,204,6.215686274509804,5.1,140,31.542857142857144,26.885714285714286,80,153.35,149.65,nas_delay,carrier_delay,late_aircraft_delay
AMA,12,204,6.490196078431373,-0.78,132,34.27272727272727,25.151515151515152,120,160.9,161.46666666666667,carrier_delay,late_aircraft_delay,nas_delay
ANC,1,688,5.6686046511627906,1.6569767441860466,664,32.55421686746988,25.76073619631902,400,135.32,135.0,nas_delay,late_aircraft_delay,carrier_delay
ANC,2,540,5.6,2.740740740740741,384,29.697916666666668,24.052083333333332,164,211.41463414634146,207.1219512195122,nas_delay,carrier_delay,late_aircraft_delay
ANC,3,640,6.39375,-0.475,608,30.82894736842105,24.662251655629138,308,140.66233766233765,137.06578947368422,late_aircraft_delay,carrier_delay,nas_delay
ANC,4,624,6.948717948717949,-1.7756410256410255,592,32.70945945945946,25.114864864864863,252,114.65079365079364,105.98412698412699,late_aircraft_delay,carrier_delay,nas_delay
ANC,5,984,6.414634146341464,0.1991869918699187,756,32.67724867724868,22.8031914893617,216,144.11111111111111,133.57407407407408,late_aircraft_delay,carrier_delay,nas_delay
ANC,6,1292,6.46749226006192,2.5077399380804954,956,29.97907949790795,25.928571428571427,284,153.25352112676057,147.54285714285714,nas_delay,carrier_delay,late_aircraft_delay
ANC,7,1804,6.44789356984479,3.1297539149888145,1508,30.960212201591514,26.40318302387268,444,180.02702702702703,176.03669724770643,carrier_delay,nas_delay,late_aircraft_delay
ANC,8,1772,6.024830699774267,-0.013636363636363636,1332,29.183183183183182,23.112462006079028,348,184.5977011494253,175.88235294117646,carrier_delay,late_aircraft_delay,nas_delay
ANC,9,1088,5.801470588235294,-0.5882352941176471,640,28.10625,20.38125,180,149.9111111111111,139.55555555555554,carrier_delay,nas_delay,late_aircraft_delay
ANC,10,752,6.0,0.7819148936170213,424,27.79245283018868,28.537735849056602,228,157.98245614035088,160.4909090909091,nas_delay,carrier_delay,late_aircraft_delay
ANC,11,688,5.738372093023256,-1.4911242603550297,404,31.77227722772277,24.584158415841586,104,97.34615384615384,89.84615384615384,nas_delay,carrier_delay,late_aircraft_delay
ANC,12,792,5.737373737373737,0.17676767676767677,508,28.393700787401574,22.77952755905512,168,167.5952380952381,159.83333333333334,nas_delay,carrier_delay,late_aircraft_delay
APN,1,12,7.0,12.333333333333334,12,45.0,37.0,32,178.25,165.375,canc_B,weather_delay,carrier_delay
APN,2,4,1.0,3.0,4,40.0,56.0,28,113.57142857142857,104.28571428571429,weather_delay,carrier_delay,nas_delay
APN,3,8,6.5,3.5,4,19.0,1.0,12,345.3333333333333,328.0,weather_delay,carrier_delay,nas_delay
APN,4,0,"","",4,38.0,42.0,20,210.0,205.2,carrier_delay,weather_delay,nas_delay
APN,5,8,3.5,12.0,20,30.8,25.8,20,154.4,153.8,carrier_delay,nas_delay,weather_delay
APN,6,20,2.4,-2.6,8,42.5,34.5,36,245.88888888888889,238.88888888888889,carrier_delay,weather_delay,canc_B
APN,7,32,5.75,2.375,16,47.0,40.5,24,145.66666666666666,140.0,carrier_delay,nas_delay,canc_B
APN,8,8,4.0,-2.0,8,48.0,34.5,36,139.11111111111111,135.22222222222223,carrier_delay,nas_delay,weather_delay
APN,9,8,7.5,5.5,16,38.25,33.5,16,143.25,138.25,carrier_delay,weather_delay,nas_delay
APN,10,8,4.5,-7.5,4,16.0,5.0,16,149.0,144.75,carrier_delay,nas_delay,Nessuna
APN,11,36,9.666666666666666,3.7777777777777777,12,27.0,35.666666666666664,12,143.33333333333334,131.0,carrier_delay,nas_delay,Nessuna
APN,12,24,7.5,-1.6666666666666667,40,37.8,32.1,32,179.75,178.25,carrier_delay,nas_delay,canc_B
ASE,1,464,6.275862068965517,1.6379310344827587,736,32.96739130434783,25.73913043478261,516,180.80620155038758,173.84496124031008,nas_delay,canc_B,late_aircraft_delay
ASE,2,372,6.32258064516129,-0.13978494623655913,700,31.81142857142857,24.662857142857142,668,158.50898203592814,151.6727272727273,nas_delay,carrier_delay,late_aircraft_delay
ASE,3,360,7.7444444444444445,3.1136363636363638,788,34.28934010152284,26.968586387434556,748,161.72192513368984,159.89617486338798,nas_delay,weather_delay,canc_B
ASE,4,188,6.0638297872340425,4.777777777777778,252,35.285714285714285,31.17241379310345,164,205.6829268292683,209.39473684210526,carrier_delay,nas_delay,canc_B
ASE,5,44,7.818181818181818,2.1818181818181817,116,31.482758620689655,24.607142857142858,144,154.13888888888889,149.11111111111111,carrier_delay,nas_delay,late_aircraft_delay
ASE,6,264,6.818181818181818,2.6769230769230767,324,33.65432098765432,31.710526315789473,292,156.72602739726028,153.91666666666666,carrier_delay,nas_delay,weather_delay
ASE,7,304,5.644736842105263,6.08,356,32.752808988764045,31.24418604651163,256,187.734375,192.41935483870967,nas_delay,carrier_delay,late_aircraft_delay
ASE,8,268,6.686567164179104,6.582089552238806,408,33.490196078431374,30.95,324,145.2469135802469,146.2077922077922,nas_delay,carrier_delay,late_aircraft_delay
ASE,9,156,6.282051282051282,2.135135135135135,244,34.77049180327869,30.338983050847457,304,145.6315789473684,146.73972602739727,carrier_delay,nas_delay,late_aircraft_delay
ASE,10,140,5.228571428571429,4.142857142857143,168,33.57142857142857,26.75609756097561,132,149.27272727272728,143.63636363636363,carrier_delay,nas_delay,late_aircraft_delay
ASE,11,92,5.956521739130435,1.8695652173913044,156,34.333333333333336,36.205128205128204,180,146.95555555555555,147.9318181818182,canc_B,nas_delay,carrier_delay
ASE,12,292,7.082191780821918,-1.1369863013698631,468,35.36752136752137,29.17948717948718,596,201.60402684563758,201.1360544217687,nas_delay,carrier_delay,late_aircraft_delay
ATL,1,16624,6.111645813282002,1.0716525934861278,14952,31.40449438202247,26.487372380440622,6736,145.27019002375297,140.91440626883664,carrier_delay,nas_delay,late_aircraft_delay
ATL,2,13980,5.824320457796853,1.1494549627079746,9232,29.5051993067591,24.628745115067304,2660,136.38195488721806,129.71319018404907,carrier_delay,nas_delay,late_aircraft_delay
ATL,3,17832,6.194930462090624,1.5219248931864178,15840,30.98560606060606,26.28585884138629,5648,127.0686968838527,123.99002138275125,carrier_delay,nas_delay,late_aircraft_delay
ATL,4,17940,6.101895206243032,2.8329611433675748,14596,30.79994519046314,27.220450797141286,5516,133.27701232777375,131.72055596196049,carrier_delay,nas_delay,late_aircraft_delay
ATL,5,20756,6.31798034303334,4.98084735925711,19628,31.524352965151824,31.207404377173248,10456,132.4682478959449,133.4502314814815,carrier_delay,nas_delay,late_aircraft_delay
ATL,6,20072,6.339178955759267,1.7033406681336267,17708,30.710639259091934,25.823209428830463,6980,135.38510028653295,130.83053788316946,carrier_delay,nas_delay,late_aircraft_delay
ATL,7,18292,6.39951891537284,4.155077867953499,22224,33.12185025197984,32.5807150595883,18588,152.73983214977406,152.439151147683,carrier_delay,nas_delay,late_aircraft_delay
ATL,8,18028,6.065231861548702,1.6721603563474388,16012,31.678740944291782,27.323396793587175,7908,137.61962569549823,134.02136317395727,carrier_delay,nas_delay,late_aircraft_delay
ATL,9,17264,6.048887859128823,1.569141531322506,12540,31.218500797448165,27.08210862619808,4912,140.9014657980456,136.22641509433961,carrier_delay,nas_delay,late_aircraft_delay
ATL,10,17880,5.96510067114094,-0.18114643976712944,10988,29.506734619585004,22.838556851311953,2972,131.99192462987887,124.66575716234652,carrier_delay,nas_delay,late_aircraft_delay
ATL,11,16376,6.055202735710797,1.6662588695864937,11560,30.01764705882353,25.35647344671989,3388,126.79338842975207,123.70441001191895,carrier_delay,nas_delay,late_aircraft_delay
ATL,12,22160,6.182671480144404,1.4691514383933417,18968,31.096161956980175,26.402118644067798,7268,132.84094661529994,127.92144846796657,carrier_delay,nas_delay,late_aircraft_delay
ATW,1,288,6.875,8.708333333333334,176,32.59090909090909,27.363636363636363,244,201.11475409836066,192.0,nas_delay,carrier_delay,weather_delay
ATW,2,96,5.0,-8.333333333333334,104,34.5,26.923076923076923,152,264.55263157894734,251.55263157894737,carrier_delay,nas_delay,weather_delay
ATW,3,224,6.821428571428571,2.767857142857143,188,29.70212765957447,26.340425531914892,132,216.6060606060606,209.33333333333334,nas_delay,carrier_delay,late_aircraft_delay
ATW,4,164,5.7560975609756095,2.073170731707317,136,33.44117647058823,23.823529411764707,144,339.3333333333333,344.94444444444446,carrier_delay,nas_delay,late_aircraft_delay
ATW,5,192,6.1875,1.9375,188,34.1063829787234,32.191489361702125,200,177.12,173.92,nas_delay,late_aircraft_delay,carrier_delay
ATW,6,188,6.638297872340425,3.4347826086956523,212,32.0188679245283,32.60377358490566,256,173.8125,173.1875,carrier_delay,nas_delay,late_aircraft_delay
ATW,7,260,5.923076923076923,6.723076923076923,224,32.875,33.017857142857146,172,128.2325581395349,132.90697674418604,carrier_delay,nas_delay,late_aircraft_delay
ATW,8,204,5.745098039215686,5.2745098039215685,152,34.421052631578945,30.216216216216218,208,157.46153846153845,154.26923076923077,carrier_delay,nas_delay,late_aircraft_delay
ATW,9,172,5.441860465116279,1.302325581395349,188,35.51063829787234,30.51063829787234,140,121.2,116.34285714285714,carrier_delay,late_aircraft_delay,nas_delay
ATW,10,240,5.933333333333334,-3.3389830508474576,116,32.96551724137931,23.79310344827586,132,145.45454545454547,134.36363636363637,carrier_delay,nas_delay,late_aircraft_delay
ATW,11,248,5.629032258064516,-0.4032258064516129,184,33.21739130434783,27.282608695652176,176,167.5909090909091,162.4318181818182,carrier_delay,nas_delay,weather_delay
ATW,12,312,6.743589743589744,1.3846153846153846,256,32.53125,32.61290322580645,308,185.87012987012986,184.5921052631579,carrier_delay,nas_delay,canc_B
AUS,1,4940,6.54412955465587,2.6180048661800486,4420,30.597285067873305,26.000907441016334,2112,158.84280303030303,157.59392789373814,late_aircraft_delay,carrier_delay,nas_delay
AUS,2,3876,5.780185758513932,1.7169421487603307,2428,29.401976935749587,24.808896210873147,876,152.2420091324201,148.46330275229357,nas_delay,late_aircraft_delay,carrier_delay
AUS,3,5424,6.162979351032448,0.25997045790251105,4592,31.057491289198605,25.570552147239265,2124,137.2241054613936,133.52264150943395,late_aircraft_delay,nas_delay,carrier_delay
AUS,4,5932,6.240728253540121,0.0020242914979757085,4764,30.52560873215785,25.33221194280908,2004,154.53692614770458,151.26653306613227,late_aircraft_delay,carrier_delay,nas_delay
AUS,5,6824,6.447831184056272,2.48259587020649,6508,32.1960663798402,29.41100123609394,4244,170.98397737983035,169.85497630331753,late_aircraft_delay,carrier_delay,nas_delay
AUS,6,6616,6.153567110036276,0.8744693753790176,5828,31.51818805765271,25.417355371900825,2764,155.57018813314036,149.04373177842567,late_aircraft_delay,carrier_delay,nas_delay
AUS,7,5960,6.383221476510067,0.8506056527590848,6452,31.85058896466212,26.350746268656717,3772,155.58536585365854,150.53878852284802,late_aircraft_delay,carrier_delay,nas_delay
AUS,8,4520,5.850442477876106,-1.7588652482269505,3620,31.38232044198895,25.222469410456064,1956,170.73415132924336,163.46997929606624,late_aircraft_delay,carrier_delay,nas_delay
AUS,9,4524,5.8302387267904505,0.5243578387953941,2768,29.735549132947977,24.13314037626628,888,167.4009009009009,161.41363636363636,late_aircraft_delay,nas_delay,carrier_delay
AUS,10,5080,5.888188976377953,0.20094562647754138,3028,29.883751651254954,23.99337748344371,1048,156.5916030534351,151.53639846743295,late_aircraft_delay,carrier_delay,nas_delay
AUS,11,4872,6.116584564860427,-0.05829228243021346,2940,29.970068027210885,23.69167803547067,1228,151.814332247557,146.0261437908497,late_aircraft_delay,nas_delay,carrier_delay
AUS,12,5404,6.032568467801628,-1.2831727205337287,4004,31.146853146853147,24.24224224224224,2068,152.9980657640232,149.0640776699029,late_aircraft_delay,carrier_delay,nas_delay
AVL,1,448,5.848214285714286,1.1339285714285714,448,30.642857142857142,28.455357142857142,252,154.03174603174602,148.28571428571428,nas_delay,late_aircraft_delay,carrier_delay
AVL,2,332,5.626506024096385,-0.927710843373494,180,29.8,25.133333333333333,100,267.72,265.0,nas_delay,carrier_delay,late_aircraft_delay
AVL,3,464,6.620689655172414,0.7652173913043478,360,32.15555555555556,25.655555555555555,204,172.9607843137255,171.98039215686273,nas_delay,late_aircraft_delay,carrier_delay
AVL,4,520,6.530769230769231,1.9153846153846155,504,31.841269841269842,26.2,236,158.135593220339,155.42372881355934,nas_delay,late_aircraft_delay,carrier_delay
AVL,5,736,6.516304347826087,3.3516483516483517,720,31.133333333333333,28.312849162011172,468,178.7094017094017,181.35042735042734,nas_delay,late_aircraft_delay,carrier_delay
AVL,6,968,6.545454545454546,3.2,928,30.517241379310345,26.480349344978166,548,155.8905109489051,155.85714285714286,late_aircraft_delay,carrier_delay,nas_delay
AVL,7,836,6.84688995215311,3.8173076923076925,968,32.64049586776859,31.21030042918455,776,167.58762886597938,169.0104712041885,late_aircraft_delay,carrier_delay,nas_delay
AVL,8,664,6.608433734939759,3.0481927710843375,844,31.976303317535546,31.023809523809526,516,155.92248062015503,158.98425196850394,late_aircraft_delay,nas_delay,carrier_delay
AVL,9,852,6.061032863849765,2.2582159624413145,584,28.554794520547944,22.75862068965517,284,200.25352112676057,194.16901408450704,late_aircraft_delay,nas_delay,carrier_delay
AVL,10,424,5.830188679245283,2.257142857142857,352,31.886363636363637,25.90909090909091,252,189.36507936507937,179.31746031746033,late_aircraft_delay,nas_delay,carrier_delay
AVL,11,440,6.4,4.1909090909090905,300,32.14666666666667,26.973333333333333,172,193.8372093023256,185.52380952380952,nas_delay,late_aircraft_delay,carrier_delay
AVL,12,440,7.109090909090909,1.0818181818181818,460,32.052173913043475,23.982456140350877,284,154.19718309859155,146.97142857142856,late_aircraft_delay,carrier_delay,nas_delay
AVP,1,72,5.611111111111111,-4.833333333333333,28,37.285714285714285,35.857142857142854,84,286.9047619047619,277.57142857142856,late_aircraft_delay,carrier_delay,nas_delay
AVP,2,72,5.055555555555555,-9.88888888888889,32,28.375,7.625,36,220.55555555555554,201.77777777777777,late_aircraft_delay,nas_delay,carrier_delay
AVP,3,32,6.0,-0.5,44,28.363636363636363,20.181818181818183,28,204.85714285714286,187.14285714285714,carrier_delay,nas_delay,late_aircraft_delay
AVP,4,52,6.923076923076923,-2.0,48,39.083333333333336,41.916666666666664,44,158.1818181818182,149.1818181818182,carrier_delay,late_aircraft_delay,nas_delay
AVP,5,104,7.653846153846154,6.461538461538462,108,31.703703703703702,25.40740740740741,104,174.69230769230768,181.07692307692307,late_aircraft_delay,nas_delay,carrier_delay
AVP,6,64,6.625,3.0625,84,33.04761904761905,22.238095238095237,48,111.0,109.41666666666667,late_aircraft_delay,carrier_delay,nas_delay
AVP,7,84,7.190476190476191,3.619047619047619,72,27.38888888888889,27.72222222222222,84,239.04761904761904,237.15,late_aircraft_delay,nas_delay,carrier_delay
AVP,8,60,7.266666666666667,13.666666666666666,92,33.78260869565217,48.08695652173913,68,173.05882352941177,172.1764705882353,late_aircraft_delay,nas_delay,carrier_delay
AVP,9,44,4.7272727272727275,-3.4545454545454546,24,27.833333333333332,40.0,48,262.1666666666667,256.6666666666667,late_aircraft_delay,nas_delay,carrier_delay
AVP,10,56,6.428571428571429,7.5,24,33.0,41.5,20,92.2,91.0,nas_delay,carrier_delay,late_aircraft_delay
AVP,11,72,6.111111111111111,-0.4444444444444444,52,31.692307692307693,22.307692307692307,24,227.0,230.5,late_aircraft_delay,nas_delay,carrier_delay
AVP,12,68,5.647058823529412,-4.235294117647059,56,27.928571428571427,22.214285714285715,40,131.2,123.9,carrier_delay,late_aircraft_delay,nas_delay
AZA,1,196,6.285714285714286,-0.3469387755102041,204,32.90196078431372,28.36,108,226.0,226.46153846153845,nas_delay,carrier_delay,late_aircraft_delay
AZA,2,188,7.170212765957447,-1.574468085106383,104,31.76923076923077,19.4,44,186.72727272727272,177.8181818181818,carrier_delay,nas_delay,late_aircraft_delay
AZA,3,288,6.736111111111111,-0.22535211267605634,180,30.0,22.511111111111113,76,247.10526315789474,243.3684210526316,carrier_delay,nas_delay,late_aircraft_delay
AZA,4,256,6.03125,-3.4375,92,25.565217391304348,17.52173913043478,12,79.66666666666667,74.33333333333333,nas_delay,carrier_delay,late_aircraft_delay
AZA,5,204,6.450980392156863,-2.156862745098039,116,29.655172413793103,26.275862068965516,28,107.57142857142857,100.57142857142857,carrier_delay,nas_delay,late_aircraft_delay
AZA,6,256,6.609375,3.8125,216,29.09259259259259,28.833333333333332,152,176.39473684210526,174.64864864864865,carrier_delay,nas_delay,late_aircraft_delay
AZA,7,280,6.4,6.4,308,28.558441558441558,29.289473684210527,184,158.3695652173913,162.45652173913044,nas_delay,carrier_delay,late_aircraft_delay
AZA,8,184,6.043478260869565,4.4,216,33.629629629629626,30.61111111111111,72,101.11111111111111,102.55555555555556,carrier_delay,late_aircraft_delay,nas_delay
AZA,9,148,6.918918918918919,1.4594594594594594,120,30.733333333333334,26.766666666666666,52,106.15384615384616,105.07692307692308,carrier_delay,late_aircraft_delay,nas_delay
AZA,10,280,6.7,1.1714285714285715,120,29.333333333333332,23.5,36,85.22222222222223,82.75,carrier_delay,nas_delay,late_aircraft_delay
AZA,11,268,6.686567164179104,-0.696969696969697,180,25.533333333333335,19.77777777777778,88,118.4090909090909,115.04545454545455,nas_delay,late_aircraft_delay,carrier_delay
AZA,12,372,7.032258064516129,4.956521739130435,356,32.02247191011236,28.01123595505618,156,145.6153846153846,146.6153846153846,nas_delay,late_aircraft_delay,carrier_delay
AZO,1,36,7.444444444444445,3.5555555555555554,32,37.875,30.0,28,150.14285714285714,137.42857142857142,carrier_delay,weather_delay,canc_B
AZO,2,12,9.666666666666666,15.0,8,38.0,29.0,8,101.0,96.0,carrier_delay,nas_delay,weather_delay
AZO,3,16,5.75,-1.75,12,23.0,21.0,8,154.5,151.0,carrier_delay,nas_delay,weather_delay
AZO,4,12,10.666666666666666,2.0,8,24.0,32.0,12,173.66666666666666,162.0,carrier_delay,weather_delay,nas_delay
AZO,5,32,7.0,12.25,16,34.25,32.75,28,123.71428571428571,114.57142857142857,carrier_delay,nas_delay,weather_delay
AZO,6,40,6.0,3.2,20,35.0,30.0,44,169.27272727272728,161.1818181818182,carrier_delay,nas_delay,weather_delay
AZO,7,24,6.666666666666667,5.0,44,32.72727272727273,22.181818181818183,40,253.9,249.4,carrier_delay,weather_delay,nas_delay
AZO,8,36,6.888888888888889,0.3333333333333333,32,40.375,32.375,48,138.25,131.33333333333334,carrier_delay,canc_B,weather_delay
AZO,9,24,3.3333333333333335,7.5,12,42.666666666666664,36.666666666666664,24,143.33333333333334,141.66666666666666,carrier_delay,nas_delay,weather_delay
AZO,10,16,6.75,-1.75,20,39.2,30.4,20,115.0,104.6,carrier_delay,weather_delay,Nessuna
AZO,11,16,2.5,-8.75,32,40.625,30.125,40,148.0,152.5,carrier_delay,weather_delay,nas_delay
AZO,12,28,5.428571428571429,9.857142857142858,16,30.5,26.5,32,148.875,152.625,carrier_delay,nas_delay,weather_delay
BDL,1,1192,6.268456375838926,4.107744107744108,852,30.474178403755868,29.746478873239436,492,196.10569105691056,203.36065573770492,nas_delay,late_aircraft_delay,carrier_delay
BDL,2,1124,5.9288256227758005,-4.462633451957295,624,28.28205128205128,18.045161290322582,316,169.53164556962025,160.58227848101265,nas_delay,carrier_delay,late_aircraft_delay
BDL,3,1004,5.944223107569721,-1.544,828,30.202898550724637,23.966183574879228,564,164.02836879432624,160.8368794326241,late_aircraft_delay,nas_delay,carrier_delay
BDL,4,1236,6.501618122977346,-1.5016181229773462,888,30.07207207207207,21.418181818181818,472,175.1271186440678,173.25641025641025,late_aircraft_delay,nas_delay,carrier_delay
BDL,5,1304,6.230061349693251,-0.5077399380804953,1104,30.420289855072465,25.17818181818182,644,180.65217391304347,178.527950310559,late_aircraft_delay,nas_delay,carrier_delay
BDL,6,1208,6.245033112582782,-0.08970099667774087,1128,33.07801418439716,30.51798561151079,680,168.65882352941176,168.46745562130178,late_aircraft_delay,nas_delay,carrier_delay
BDL,7,1324,6.4169184290030215,2.9939577039274923,1248,33.69551282051282,29.95176848874598,840,146.7,146.02392344497608,late_aircraft_delay,carrier_delay,nas_delay
BDL,8,1492,6.021447721179625,3.2661290322580645,1224,30.836601307189543,25.98671096345515,696,141.89080459770116,142.4277456647399,nas_delay,late_aircraft_delay,carrier_delay
BDL,9,1044,6.157088122605364,0.6283524904214559,676,29.763313609467456,21.473053892215567,264,164.06060606060606,156.13636363636363,late_aircraft_delay,carrier_delay,nas_delay
BDL,10,1356,6.294985250737463,-2.849557522123894,736,28.815217391304348,17.42391304347826,236,190.52542372881356,177.4915254237288,carrier_delay,late_aircraft_delay,nas_delay
BDL,11,1244,6.2508038585209,-3.504823151125402,768,29.203125,19.895287958115183,240,158.5,152.11666666666667,carrier_delay,nas_delay,late_aircraft_delay
BDL,12,1596,6.120300751879699,0.23618090452261306,1060,30.539622641509435,25.10188679245283,480,150.175,147.5,nas_delay,carrier_delay,late_aircraft_delay
BET,1,36,7.0,9.11111111111111,60,30.466666666666665,33.4,28,110.42857142857143,114.14285714285714,security_delay,late_aircraft_delay,nas_delay
BET,2,76,5.631578947368421,11.842105263157896,64,35.625,42.875,24,81.83333333333333,86.83333333333333,nas_delay,security_delay,late_aircraft_delay
BET,3,68,5.588235294117647,8.588235294117647,64,26.5625,25.8125,40,132.0,131.9,security_delay,nas_delay,late_aircraft_delay
BET,4,64,7.9375,10.375,40,35.6,33.4,12,97.0,97.33333333333333,late_aircraft_delay,nas_delay,security_delay
BET,5,72,6.5,7.111111111111111,68,27.352941176470587,24.352941176470587,4,72.0,60.0,security_delay,nas_delay,late_aircraft_delay
BET,6,24,4.0,6.666666666666667,36,23.22222222222222,29.11111111111111,8,143.0,162.5,nas_delay,security_delay,late_aircraft_delay
BET,7,64,5.875,10.625,60,28.866666666666667,29.533333333333335,4,72.0,72.0,nas_delay,late_aircraft_delay,security_delay
BET,8,56,7.142857142857143,10.5,28,30.857142857142858,33.857142857142854,20,150.2,156.0,late_aircraft_delay,nas_delay,carrier_delay
BET,9,32,4.5,7.75,16,24.5,24.75,12,82.66666666666667,88.33333333333333,nas_delay,late_aircraft_delay,carrier_delay
BET,10,64,6.6875,10.25,28,28.0,28.857142857142858,8,69.5,79.0,nas_delay,late_aircraft_delay,carrier_delay
BET,11,56,4.571428571428571,15.071428571428571,12,25.333333333333332,21.333333333333332,12,86.33333333333333,88.0,nas_delay,carrier_delay,canc_B
BET,12,48,7.666666666666667,12.166666666666666,56,27.785714285714285,29.428571428571427,12,82.66666666666667,82.33333333333333,nas_delay,late_aircraft_delay,security_delay
BFF,1,8,4.5,6.0,8,25.0,47.0,8,247.5,252.0,nas_delay,late_aircraft_delay,canc_B
BFF,2,4,2.0,6.0,20,42.8,33.4,16,336.75,342.75,carrier_delay,nas_delay,weather_delay
BFF,3,4,13.0,27.0,0,"","",4,108.0,111.0,nas_delay,canc_B,late_aircraft_delay
BFF,4,4,13.0,28.0,24,36.5,39.166666666666664,8,529.0,551.5,nas_delay,late_aircraft_delay,carrier_delay
BFF,5,4,3.0,-4.0,8,54.5,43.0,8,154.0,142.0,nas_delay,late_aircraft_delay,carrier_delay
BFF,6,12,6.0,7.333333333333333,24,34.333333333333336,27.666666666666668,8,85.5,84.0,carrier_delay,nas_delay,late_aircraft_delay
BFF,7,8,4.5,33.0,12,22.0,14.666666666666666,12,321.6666666666667,322.3333333333333,late_aircraft_delay,nas_delay,carrier_delay
BFF,8,16,6.75,-0.5,8,49.5,41.5,28,340.2857142857143,339.14285714285717,nas_delay,late_aircraft_delay,carrier_delay
BFF,9,12,3.0,2.6666666666666665,16,34.5,25.25,8,140.5,136.0,carrier_delay,nas_delay,weather_delay
BFF,10,0,"","",4,37.0,28.0,20,284.4,272.4,late_aircraft_delay,carrier_delay,nas_delay
BFF,11,12,6.0,-0.3333333333333333,16,49.75,54.0,16,117.5,114.75,carrier_delay,nas_delay,late_aircraft_delay
BFF,12,8,8.5,9.5,12,23.0,22.666666666666668,4,93.0,82.0,carrier_delay,nas_delay,Nessuna
BFL,1,68,4.588235294117647,-1.75,44,37.18181818181818,34.27272727272727,40,191.2,184.6,carrier_delay,nas_delay,late_aircraft_delay
BFL,2,40,3.2,-2.8,56,30.857142857142858,24.857142857142858,24,165.0,155.5,carrier_delay,nas_delay,late_aircraft_delay
BFL,3,44,7.2727272727272725,2.0,48,25.666666666666668,17.333333333333332,60,162.8,155.71428571428572,nas_delay,carrier_delay,late_aircraft_delay
BFL,4,44,6.818181818181818,1.2727272727272727,76,33.473684210526315,29.842105263157894,36,155.77777777777777,157.125,carrier_delay,nas_delay,late_aircraft_delay
BFL,5,100,5.64,-0.96,72,30.72222222222222,25.61111111111111,92,148.17391304347825,144.30434782608697,nas_delay,carrier_delay,late_aircraft_delay
BFL,6,88,6.318181818181818,13.181818181818182,80,36.95,38.0,60,126.46666666666667,129.92857142857142,nas_delay,carrier_delay,late_aircraft_delay
BFL,7,88,6.045454545454546,2.909090909090909,60,32.2,28.428571428571427,64,188.9375,184.5,late_aircraft_delay,nas_delay,carrier_delay
BFL,8,108,5.666666666666667,3.5555555555555554,56,31.142857142857142,32.69230769230769,56,139.64285714285714,137.78571428571428,nas_delay,carrier_delay,late_aircraft_delay
BFL,9,32,7.5,0.875,68,31.235294117647058,24.41176470588235,28,177.57142857142858,174.85714285714286,carrier_delay,nas_delay,late_aircraft_delay
BFL,10,100,4.92,-1.36,60,34.8,24.8,28,266.57142857142856,254.57142857142858,carrier_delay,late_aircraft_delay,nas_delay
BFL,11,68,5.529411764705882,0.29411764705882354,104,40.53846153846154,31.73076923076923,48,145.66666666666666,138.58333333333334,carrier_delay,nas_delay,late_aircraft_delay
BFL,12,96,7.041666666666667,-2.4782608695652173,44,36.63636363636363,36.09090909090909,72,125.16666666666667,120.11111111111111,carrier_delay,nas_delay,late_aircraft_delay
BGM,1,12,7.0,-5.666666666666667,0,"","",8,169.5,176.5,nas_delay,canc_B,late_aircraft_delay
BGM,2,4,2.0,-36.0,4,28.0,127.0,4,337.0,317.0,carrier_delay,nas_delay,late_aircraft_delay
BGM,3,20,3.6,13.4,0,"","",12,623.6666666666666,592.6666666666666,carrier_delay,nas_delay,late_aircraft_delay
BGM,4,24,3.1666666666666665,-2.6666666666666665,8,22.0,7.5,4,248.0,239.0,nas_delay,carrier_delay,late_aircraft_delay
BGM,5,8,6.5,4.0,4,29.0,14.0,12,202.66666666666666,206.0,nas_delay,carrier_delay,late_aircraft_delay
BGM,6,12,8.0,7.666666666666667,12,30.0,22.0,8,191.0,327.0,carrier_delay,nas_delay,Nessuna
BGM,7,24,7.666666666666667,5.333333333333333,4,45.0,44.0,12,281.6666666666667,274.0,carrier_delay,canc_A,nas_delay
BGM,8,16,5.0,6.0,8,29.0,18.5,0,"","",canc_A,nas_delay,canc_C
BGM,9,16,8.5,-0.25,0,"","",0,"","",Nessuna,Nessuna,Nessuna
BGM,10,12,5.333333333333333,7.666666666666667,0,"","",0,"","",Nessuna,Nessuna,Nessuna
BGM,11,4,8.0,-8.0,16,33.5,59.75,8,128.0,117.5,late_aircraft_delay,nas_delay,carrier_delay
BGM,12,16,5.5,-4.0,24,31.333333333333332,48.333333333333336,8,121.5,141.5,late_aircraft_delay,nas_delay,carrier_delay
BGR,1,60,5.133333333333334,-0.13333333333333333,92,30.217391304347824,26.043478260869566,48,172.66666666666666,168.5,nas_delay,canc_B,late_aircraft_delay
BGR,2,60,6.0,-6.866666666666666,76,25.842105263157894,11.947368421052632,56,193.71428571428572,190.5,nas_delay,late_aircraft_delay,carrier_delay
BGR,3,68,5.529411764705882,-9.235294117647058,104,32.73076923076923,26.076923076923077,88,198.36363636363637,192.6818181818182,nas_delay,late_aircraft_delay,carrier_delay
BGR,4,60,6.4,4.733333333333333,60,31.2,36.714285714285715,28,176.71428571428572,168.57142857142858,nas_delay,late_aircraft_delay,carrier_delay
BGR,5,88,6.636363636363637,2.5714285714285716,28,32.142857142857146,38.0,52,141.76923076923077,138.0,nas_delay,late_aircraft_delay,carrier_delay
BGR,6,160,7.1,6.2,236,35.66101694915254,37.30508474576271,184,203.65217391304347,196.42222222222222,nas_delay,late_aircraft_delay,carrier_delay
BGR,7,320,6.2125,-0.175,332,33.53012048192771,34.98780487804878,232,175.22413793103448,175.27586206896552,nas_delay,late_aircraft_delay,carrier_delay
BGR,8,364,6.373626373626373,6.9,312,32.833333333333336,37.87179487179487,168,237.78571428571428,236.28571428571428,nas_delay,late_aircraft_delay,carrier_delay
BGR,9,200,5.94,1.28,180,29.155555555555555,24.866666666666667,88,136.0909090909091,125.68181818181819,late_aircraft_delay,nas_delay,carrier_delay
BGR,10,236,5.508474576271187,-6.830508474576271,176,29.931818181818183,19.204545454545453,124,199.38709677419354,191.29032258064515,carrier_delay,late_aircraft_delay,nas_delay
BGR,11,104,5.615384615384615,-3.8076923076923075,60,31.4,23.2,48,156.33333333333334,151.83333333333334,nas_delay,late_aircraft_delay,carrier_delay
BGR,12,96,6.333333333333333,4.541666666666667,92,29.52173913043478,25.347826086956523,112,199.89285714285714,200.2962962962963,nas_delay,late_aircraft_delay,carrier_delay
BHM,1,548,6.1678832116788325,3.072992700729927,516,31.162790697674417,26.565891472868216,480,157.10833333333332,154.175,late_aircraft_delay,nas_delay,carrier_delay
BHM,2,608,5.703947368421052,0.006578947368421052,400,29.08,23.98,180,146.75555555555556,141.82222222222222,late_aircraft_delay,nas_delay,carrier_delay
BHM,3,720,6.322222222222222,1.7877094972067038,548,29.014598540145986,23.496350364963504,300,128.14666666666668,125.43243243243244,late_aircraft_delay,nas_delay,carrier_delay
BHM,4,748,6.037433155080214,3.053475935828877,580,31.2,29.229166666666668,288,147.36111111111111,146.3943661971831,late_aircraft_delay,nas_delay,carrier_delay
BHM,5,964,5.8796680497925315,2.288702928870293,864,31.51388888888889,29.93953488372093,764,167.36125654450262,167.45263157894738,late_aircraft_delay,nas_delay,carrier_delay
BHM,6,940,5.982978723404256,1.1617021276595745,796,31.889447236180903,26.8989898989899,428,144.06542056074767,140.83177570093457,late_aircraft_delay,carrier_delay,nas_delay
BHM,7,908,6.242290748898679,3.8854625550660793,992,33.28225806451613,30.434959349593495,680,149.6764705882353,148.08235294117648,late_aircraft_delay,carrier_delay,nas_delay
BHM,8,848,6.245283018867925,1.5,564,30.80851063829787,26.85,432,201.86111111111111,198.3177570093458,late_aircraft_delay,carrier_delay,nas_delay
BHM,9,768,5.776041666666667,2.75,596,30.812080536912752,28.335570469798657,252,136.1904761904762,133.58064516129033,late_aircraft_delay,nas_delay,carrier_delay
BHM,10,824,6.063106796116505,0.9121951219512195,428,31.439252336448597,24.074766355140188,232,142.56896551724137,135.8448275862069,carrier_delay,late_aircraft_delay,nas_delay
BHM,11,760,5.815789473684211,1.7936507936507937,460,31.85217391304348,27.130434782608695,264,182.16666666666666,177.33846153846153,carrier_delay,nas_delay,late_aircraft_delay
BHM,12,1068,5.850187265917603,0.6104868913857678,708,30.587570621468927,23.193181818181817,496,167.58064516129033,163.06611570247935,carrier_delay,late_aircraft_delay,nas_delay
BIH,1,16,5.75,-6.5,28,31.714285714285715,26.714285714285715,28,102.0,87.85714285714286,late_aircraft_delay,nas_delay,carrier_delay
BIH,2,48,5.416666666666667,3.5,56,34.642857142857146,29.153846153846153,36,109.55555555555556,93.66666666666667,nas_delay,late_aircraft_delay,canc_B
BIH,3,24,5.166666666666667,6.0,56,31.285714285714285,20.928571428571427,16,113.0,125.75,nas_delay,canc_C,late_aircraft_delay
BIH,4,0,"","",8,51.0,40.0,4,226.0,217.0,late_aircraft_delay,nas_delay,Nessuna
BIH,7,0,"","",4,46.0,30.0,20,240.6,217.0,late_aircraft_delay,canc_B,weather_delay
BIH,8,0,"","",0,"","",0,"","",Nessuna,Nessuna,Nessuna
BIH,9,4,13.0,14.0,0,"","",8,75.0,62.0,late_aircraft_delay,Nessuna,Nessuna
BIH,10,0,"","",0,"","",0,"","",Nessuna,Nessuna,Nessuna
BIH,12,16,3.75,-0.75,12,34.0,18.0,24,131.0,126.16666666666667,late_aircraft_delay,nas_delay,weather_delay
BIL,1,80,5.35,14.85,88,31.363636363636363,32.36363636363637,104,133.8846153846154,152.92307692307693,nas_delay,carrier_delay,late_aircraft_delay
BIL,2,76,7.0,13.736842105263158,64,32.875,42.3125,16,95.75,110.5,nas_delay,carrier_delay,late_aircraft_delay
BIL,3,76,7.157894736842105,4.526315789473684,48,28.75,29.75,68,150.58823529411765,153.76470588235293,nas_delay,carrier_delay,late_aircraft_delay
BIL,4,80,5.5,3.1,88,39.04545454545455,38.40909090909091,36,156.0,157.88888888888889,nas_delay,late_aircraft_delay,carrier_delay
BIL,5,124,6.129032258064516,-0.22580645161290322,96,35.666666666666664,32.583333333333336,128,239.65625,236.6875,carrier_delay,late_aircraft_delay,nas_delay
BIL,6,156,6.769230769230769,5.051282051282051,160,31.55,30.153846153846153,100,151.04,151.96,nas_delay,late_aircraft_delay,carrier_delay
BIL,7,152,6.315789473684211,1.5526315789473684,184,30.41304347826087,27.755555555555556,128,103.8125,96.6875,late_aircraft_delay,nas_delay,carrier_delay
BIL,8,152,7.078947368421052,8.236842105263158,128,33.8125,34.0625,76,188.1578947368421,194.44444444444446,carrier_delay,nas_delay,late_aircraft_delay
BIL,9,84,5.0476190476190474,3.1904761904761907,76,34.8421052631579,26.842105263157894,40,225.2,219.8,carrier_delay,late_aircraft_delay,nas_delay
BIL,10,88,6.545454545454546,4.545454545454546,100,29.12,29.52,60,212.13333333333333,208.6,carrier_delay,nas_delay,late_aircraft_delay
BIL,11,116,6.448275862068965,3.8620689655172415,112,32.857142857142854,30.814814814814813,72,130.88888888888889,137.35294117647058,nas_delay,carrier_delay,late_aircraft_delay
BIL,12,88,5.7727272727272725,-4.181818181818182,100,32.28,23.36,68,169.05882352941177,156.52941176470588,carrier_delay,nas_delay,late_aircraft_delay
BIS,1,152,5.526315789473684,-2.5789473684210527,132,27.21212121212121,31.242424242424242,108,325.14814814814815,319.8888888888889,carrier_delay,nas_delay,late_aircraft_delay
BIS,2,140,6.257142857142857,-0.5882352941176471,96,28.416666666666668,18.0,84,202.47619047619048,200.23809523809524,carrier_delay,nas_delay,weather_delay
BIS,3,144,6.416666666666667,-6.083333333333333,108,28.74074074074074,23.185185185185187,28,103.28571428571429,96.57142857142857,nas_delay,carrier_delay,late_aircraft_delay
BIS,4,156,5.0,-5.6923076923076925,68,31.11764705882353,21.647058823529413,52,127.76923076923077,133.08333333333334,carrier_delay,late_aircraft_delay,nas_delay
BIS,5,136,6.205882352941177,-1.7058823529411764,80,31.9,24.15,112,157.57142857142858,154.22222222222223,carrier_delay,nas_delay,weather_delay
BIS,6,196,5.938775510204081,8.5,164,34.41463414634146,34.875,132,167.27272727272728,167.72727272727272,carrier_delay,nas_delay,late_aircraft_delay
BIS,7,204,7.235294117647059,5.28,164,30.51219512195122,31.21951219512195,124,157.0,153.0,carrier_delay,nas_delay,late_aircraft_delay
BIS,8,176,6.318181818181818,0.4318181818181818,136,34.294117647058826,36.411764705882355,76,140.1578947368421,132.78947368421052,carrier_delay,nas_delay,late_aircraft_delay
BIS,9,160,5.05,-2.975,148,35.16216216216216,26.08108108108108,48,123.25,92.0,carrier_delay,nas_delay,late_aircraft_delay
BIS,10,200,5.32,-7.64,76,30.842105263157894,18.473684210526315,56,184.64285714285714,173.5,carrier_delay,late_aircraft_delay,nas_delay
BIS,11,272,5.735294117647059,2.514705882352941,160,29.05,28.975,104,162.42307692307693,160.53846153846155,carrier_delay,nas_delay,weather_delay
BIS,12,264,5.878787878787879,-1.1515151515151516,192,32.1875,29.72340425531915,172,146.48837209302326,140.2325581395349,carrier_delay,nas_delay,weather_delay
BJI,1,24,9.0,8.166666666666666,44,35.90909090909091,33.18181818181818,28,228.71428571428572,240.85714285714286,carrier_delay,nas_delay,weather_delay
BJI,2,8,3.0,2.0,4,24.0,-2.0,12,292.0,293.6666666666667,carrier_delay,canc_B,weather_delay
BJI,3,12,2.6666666666666665,-9.666666666666666,8,38.0,41.0,20,169.6,163.2,carrier_delay,weather_delay,nas_delay
BJI,4,8,2.5,-13.5,8,47.0,42.5,12,151.33333333333334,140.33333333333334,carrier_delay,nas_delay,weather_delay
BJI,5,4,13.0,3.0,16,32.25,23.25,12,245.0,239.66666666666666,carrier_delay,weather_delay,nas_delay
BJI,6,8,7.0,20.5,12,35.666666666666664,29.333333333333332,44,257.54545454545456,259.72727272727275,carrier_delay,nas_delay,weather_delay
BJI,7,44,5.2727272727272725,0.09090909090909091,24,23.333333333333332,26.0,24,171.0,162.66666666666666,carrier_delay,nas_delay,weather_delay
BJI,8,20,3.8,2.0,24,19.5,28.666666666666668,12,175.0,181.0,carrier_delay,nas_delay,weather_delay
BJI,9,8,5.0,33.0,12,29.666666666666668,16.0,20,104.6,97.6,carrier_delay,nas_delay,weather_delay
BJI,10,12,8.0,-1.6666666666666667,12,34.0,18.333333333333332,24,268.0,252.16666666666666,carrier_delay,Nessuna,Nessuna
BJI,11,12,7.333333333333333,4.333333333333333,20,23.2,20.2,12,264.0,253.0,carrier_delay,nas_delay,Nessuna
BJI,12,20,7.4,-2.0,48,32.833333333333336,37.916666666666664,36,194.22222222222223,187.55555555555554,carrier_delay,nas_delay,canc_B
BLI,1,168,5.166666666666667,5.0476190476190474,80,29.8,31.1,64,230.25,243.6875,nas_delay,carrier_delay,late_aircraft_delay
BLI,2,84,5.904761904761905,6.714285714285714,36,26.555555555555557,22.77777777777778,12,157.0,162.0,nas_delay,carrier_delay,late_aircraft_delay
BLI,3,168,5.833333333333333,5.095238095238095,80,27.45,23.55,52,116.92307692307692,110.3076923076923,nas_delay,carrier_delay,late_aircraft_delay
BLI,4,180,5.511111111111111,2.2888888888888888,96,23.833333333333332,18.208333333333332,48,123.41666666666667,120.0,carrier_delay,nas_delay,late_aircraft_delay
BLI,5,196,5.428571428571429,1.0816326530612246,84,24.714285714285715,16.857142857142858,24,169.83333333333334,167.33333333333334,late_aircraft_delay,carrier_delay,nas_delay
BLI,6,272,6.088235294117647,3.7794117647058822,168,26.0,17.952380952380953,12,140.0,131.66666666666666,nas_delay,carrier_delay,late_aircraft_delay
BLI,7,260,6.3538461538461535,0.5076923076923077,140,25.942857142857143,18.485714285714284,44,128.9090909090909,117.1,carrier_delay,late_aircraft_delay,nas_delay
BLI,8,148,7.0,5.783783783783784,96,33.25,32.958333333333336,16,115.5,112.75,nas_delay,carrier_delay,late_aircraft_delay
BLI,9,108,6.111111111111111,9.666666666666666,80,35.9,34.3,36,216.22222222222223,223.33333333333334,nas_delay,late_aircraft_delay,carrier_delay
BLI,10,60,7.133333333333334,4.8,88,31.90909090909091,31.772727272727273,40,137.2,135.4,carrier_delay,nas_delay,late_aircraft_delay
BLI,11,112,4.714285714285714,2.0357142857142856,40,32.7,28.8,16,129.75,126.25,carrier_delay,late_aircraft_delay,nas_delay
BLI,12,132,5.666666666666667,0.3333333333333333,72,30.944444444444443,21.22222222222222,40,209.2,206.4,carrier_delay,nas_delay,late_aircraft_delay
BLV,1,32,7.25,-3.375,36,33.111111111111114,34.44444444444444,20,169.0,185.8,late_aircraft_delay,nas_delay,carrier_delay
BLV,2,28,6.0,-2.0,16,33.75,27.0,44,306.3636363636364,314.3636363636364,late_aircraft_delay,nas_delay,carrier_delay
BLV,3,48,8.25,4.333333333333333,52,28.307692307692307,25.23076923076923,56,182.71428571428572,182.14285714285714,late_aircraft_delay,carrier_delay,nas_delay
BLV,4,44,6.909090909090909,-7.818181818181818,20,26.8,20.2,12,231.33333333333334,233.66666666666666,nas_delay,carrier_delay,late_aircraft_delay
BLV,5,84,5.761904761904762,-0.6190476190476191,68,35.411764705882355,29.375,20,144.8,166.0,late_aircraft_delay,nas_delay,carrier_delay
BLV,6,88,5.7272727272727275,4.454545454545454,80,39.1,34.4,64,158.0,149.4375,late_aircraft_delay,carrier_delay,nas_delay
BLV,7,68,8.0,5.0588235294117645,132,32.75757575757576,35.81818181818182,80,190.7,190.0,late_aircraft_delay,nas_delay,carrier_delay
BLV,8,32,8.375,2.375,52,36.38461538461539,33.46153846153846,64,178.5625,169.9375,late_aircraft_delay,carrier_delay,nas_delay
BLV,9,16,4.75,-5.5,16,40.25,31.0,24,203.0,198.0,late_aircraft_delay,carrier_delay,nas_delay
BLV,10,24,6.5,6.166666666666667,16,33.0,42.75,20,357.2,350.2,late_aircraft_delay,nas_delay,canc_B
BLV,11,20,8.6,-3.0,40,35.1,33.3,8,91.0,109.0,late_aircraft_delay,nas_delay,carrier_delay
BLV,12,56,8.428571428571429,5.785714285714286,72,33.0,23.8125,56,275.35714285714283,267.0769230769231,late_aircraft_delay,carrier_delay,nas_delay
BMI,1,68,5.235294117647059,3.823529411764706,52,38.46153846153846,53.53846153846154,68,206.05882352941177,179.9375,nas_delay,late_aircraft_delay,carrier_delay
BMI,2,32,3.625,12.5,44,27.90909090909091,26.181818181818183,28,165.42857142857142,155.28571428571428,nas_delay,late_aircraft_delay,carrier_delay
BMI,3,48,6.916666666666667,6.083333333333333,48,31.083333333333332,28.583333333333332,40,130.9,134.1,nas_delay,late_aircraft_delay,carrier_delay
BMI,4,36,9.666666666666666,4.111111111111111,24,33.166666666666664,37.833333333333336,32,129.125,135.875,late_aircraft_delay,nas_delay,carrier_delay
BMI,5,60,5.933333333333334,3.2,76,35.21052631578947,36.421052631578945,68,117.47058823529412,129.23529411764707,nas_delay,late_aircraft_delay,carrier_delay
BMI,6,84,6.619047619047619,7.25,68,34.88235294117647,29.823529411764707,56,149.57142857142858,144.85714285714286,late_aircraft_delay,nas_delay,carrier_delay
BMI,7,48,6.416666666666667,-3.3636363636363638,68,29.0,28.235294117647058,80,221.9,218.25,late_aircraft_delay,nas_delay,carrier_delay
BMI,8,52,5.153846153846154,-1.6153846153846154,32,34.5,33.875,36,210.55555555555554,198.88888888888889,late_aircraft_delay,carrier_delay,nas_delay
BMI,9,68,4.882352941176471,5.647058823529412,28,34.714285714285715,28.428571428571427,4,465.0,471.0,nas_delay,late_aircraft_delay,carrier_delay
BMI,10,40,6.5,-18.2,12,29.666666666666668,15.666666666666666,24,188.33333333333334,174.83333333333334,carrier_delay,canc_B,nas_delay
BMI,11,52,3.3076923076923075,-6.6923076923076925,48,27.583333333333332,18.75,24,195.66666666666666,214.6,nas_delay,carrier_delay,late_aircraft_delay
BMI,12,100,6.6,0.04,40,31.3,27.3,28,138.14285714285714,135.28571428571428,nas_delay,carrier_delay,late_aircraft_delay
BNA,1,5356,6.2949962658700525,0.6546816479400749,4440,31.063963963963964,27.18321299638989,2316,183.51295336787564,190.18989547038328,late_aircraft_delay,nas_delay,carrier_delay
BNA,2,4824,5.89469320066335,-0.9277408637873754,2652,28.5158371040724,22.027190332326285,816,166.0392156862745,156.96059113300493,nas_delay,late_aircraft_delay,carrier_delay
BNA,3,5696,6.207162921348314,-1.0845070422535212,4388,30.257064721969005,23.998165137614677,1984,139.89112903225808,135.5476673427992,late_aircraft_delay,nas_delay,carrier_delay
BNA,4,6140,5.938762214983713,-1.0085022890778286,4164,30.429394812680115,23.6939364773821,1676,152.70644391408115,148.32696897374703,late_aircraft_delay,carrier_delay,nas_delay
BNA,5,7632,6.2751572327044025,1.7368697478991597,6404,31.654590880699562,28.224592220828104,3984,144.91465863453814,144.4370594159114,late_aircraft_delay,nas_delay,carrier_delay
BNA,6,7876,6.304215337734891,0.3873598369011213,5972,30.89551239115874,25.48016139878951,3156,140.12420785804815,136.3588761174968,late_aircraft_delay,carrier_delay,nas_delay
BNA,7,7376,6.311279826464208,1.1102661596958174,7124,31.307130825379,25.977464788732394,3608,141.34922394678492,136.66444444444446,late_aircraft_delay,carrier_delay,nas_delay
BNA,8,6692,6.038852361028093,0.5501501501501501,4640,31.044827586206896,26.0,2132,157.11444652908068,153.31947069943288,late_aircraft_delay,nas_delay,carrier_delay
BNA,9,6292,6.021614748887476,0.7300574345883855,3784,30.58033826638478,24.80614406779661,1372,139.17784256559767,134.44868035190615,late_aircraft_delay,carrier_delay,nas_delay
BNA,10,7112,5.925196850393701,-2.3618458075407993,3716,29.203444564047363,21.678532901833872,1004,144.25099601593627,137.828,carrier_delay,late_aircraft_delay,nas_delay
BNA,11,6088,5.613666228646518,-2.469078947368421,3180,30.072955974842767,21.88035264483627,1052,138.82889733840304,133.02692307692308,carrier_delay,late_aircraft_delay,nas_delay
BNA,12,6960,6.323563218390805,-1.7174913693901035,4892,30.0204415372036,23.17704918032787,1760,144.3318181818182,140.75114155251143,late_aircraft_delay,carrier_delay,nas_delay
BOI,1,964,5.970954356846473,6.784232365145228,776,32.02577319587629,34.19072164948454,432,160.32407407407408,163.92592592592592,nas_delay,carrier_delay,late_aircraft_delay
BOI,2,800,6.025,1.131979695431472,476,30.26050420168067,24.635593220338983,288,161.69444444444446,161.43661971830986,nas_delay,carrier_delay,late_aircraft_delay
BOI,3,824,5.514563106796117,3.650485436893204,552,30.891304347826086,27.71014492753623,248,123.95161290322581,123.04838709677419,nas_delay,carrier_delay,late_aircraft_delay
BOI,4,872,6.2889908256880735,2.86697247706422,692,30.046242774566473,27.44508670520231,248,154.7258064516129,150.93548387096774,nas_delay,carrier_delay,late_aircraft_delay
BOI,5,1096,5.54014598540146,2.597069597069597,940,30.306382978723406,26.89316239316239,324,139.8641975308642,138.1604938271605,nas_delay,carrier_delay,late_aircraft_delay
BOI,6,1212,5.8283828382838285,1.8877887788778878,1004,31.346613545816734,27.852,436,152.8165137614679,149.88073394495413,nas_delay,late_aircraft_delay,carrier_delay
BOI,7,1436,5.952646239554317,1.7450980392156863,896,30.035714285714285,26.793721973094172,540,145.0814814814815,141.20149253731344,carrier_delay,late_aircraft_delay,nas_delay
BOI,8,920,5.856521739130435,3.223684210526316,848,30.93867924528302,29.57345971563981,412,130.8640776699029,130.0,carrier_delay,nas_delay,late_aircraft_delay
BOI,9,1056,5.984848484848484,1.7234848484848484,824,31.49514563106796,27.775609756097563,320,125.4375,121.9625,nas_delay,carrier_delay,late_aircraft_delay
BOI,10,976,5.758196721311475,1.209016393442623,552,30.73913043478261,27.768115942028984,232,166.94827586206895,164.5344827586207,carrier_delay,nas_delay,late_aircraft_delay
BOI,11,904,6.256637168141593,0.2088888888888889,596,29.91946308724832,25.409395973154364,248,173.2741935483871,173.58064516129033,carrier_delay,nas_delay,late_aircraft_delay
BOI,12,1272,5.783018867924528,-1.2965299684542586,912,30.04385964912281,22.890350877192983,464,148.56896551724137,146.87826086956522,carrier_delay,nas_delay,late_aircraft_delay
BOS,1,6112,6.236910994764398,-0.6222076215505913,5232,32.313455657492355,27.268199233716476,3700,150.0854054054054,150.9004329004329,nas_delay,carrier_delay,late_aircraft_delay
BOS,2,5688,6.047116736990155,-8.260196905766525,4032,30.913690476190474,17.6636815920398,1952,137.375,126.82886597938145,carrier_delay,nas_delay,late_aircraft_delay
BOS,3,6084,6.086785009861933,-6.206056616194865,5284,31.49583648750946,20.411854103343465,2860,136.12307692307692,125.96619718309859,carrier_delay,nas_delay,late_aircraft_delay
BOS,4,6240,6.250641025641026,-1.2105263157894737,5112,31.769953051643192,23.91294117647059,3384,136.9964539007092,130.9916963226572,nas_delay,carrier_delay,late_aircraft_delay
BOS,5,7128,6.267115600448934,-0.9898705683736635,7016,32.02508551881414,25.748564867967854,4172,142.06711409395973,137.38904899135446,carrier_delay,nas_delay,late_aircraft_delay
BOS,6,7176,6.304905239687848,1.4645053102291783,6796,31.769276044732194,27.719267139479907,4876,141.3847415914684,137.7693574958814,carrier_delay,nas_delay,late_aircraft_delay
BOS,7,7728,6.156832298136646,0.7834890965732088,7476,32.741037988228996,28.207638515330824,5936,138.90498652291106,133.49864314789687,carrier_delay,nas_delay,late_aircraft_delay
BOS,8,8028,6.259591429995018,1.0515515515515514,7580,32.30870712401055,27.530720338983052,6060,142.08844884488448,138.24501992031873,carrier_delay,nas_delay,late_aircraft_delay
BOS,9,6336,6.130050505050505,-2.6448953709575145,4948,31.85125303152789,22.638573743922205,2980,132.55838926174496,121.42126514131898,carrier_delay,late_aircraft_delay,nas_delay
BOS,10,7484,6.13201496525922,-2.460632029994644,4928,31.212662337662337,21.81056910569106,1988,129.17706237424548,121.91146881287726,carrier_delay,nas_delay,late_aircraft_delay
BOS,11,5612,5.861012116892374,-4.147142857142857,4288,31.357276119402986,21.030841121495328,2280,127.25263157894737,115.53285968028419,carrier_delay,nas_delay,late_aircraft_delay
BOS,12,7632,6.288784067085954,-1.4566017885323514,6772,32.20791494388659,25.92080378250591,4204,139.29590865842056,136.73543457497613,carrier_delay,nas_delay,late_aircraft_delay
BPT,1,40,6.7,1.6,40,32.0,24.1,28,218.28571428571428,216.71428571428572,carrier_delay,late_aircraft_delay,weather_delay
BPT,2,8,7.0,13.5,4,17.0,16.0,4,168.0,149.0,nas_delay,carrier_delay,late_aircraft_delay
BPT,3,12,3.6666666666666665,0.0,16,29.25,19.75,36,178.88888888888889,176.77777777777777,weather_delay,late_aircraft_delay,carrier_delay
BPT,4,12,9.0,-2.0,20,42.0,37.8,40,144.8,160.5,nas_delay,weather_delay,carrier_delay
BPT,5,20,4.6,26.0,4,15.0,6.0,32,207.375,209.875,carrier_delay,weather_delay,nas_delay
BPT,6,0,"","",4,20.0,18.0,16,123.75,124.25,carrier_delay,late_aircraft_delay,weather_delay
BPT,7,16,5.25,-2.0,12,30.666666666666668,21.0,4,362.0,344.0,nas_delay,canc_B,late_aircraft_delay
BPT,8,12,8.333333333333334,4.666666666666667,8,26.0,15.0,8,76.5,86.0,carrier_delay,late_aircraft_delay,nas_delay
BPT,9,0,"","",20,33.6,24.0,0,"","",carrier_delay,late_aircraft_delay,nas_delay
BPT,10,16,5.5,-10.0,16,43.25,35.75,20,271.0,255.2,carrier_delay,weather_delay,late_aircraft_delay
BPT,11,16,8.25,6.25,4,18.0,8.0,8,232.0,223.0,nas_delay,carrier_delay,canc_B
BPT,12,24,6.0,18.166666666666668,8,49.5,43.0,8,223.0,222.0,weather_delay,nas_delay,carrier_delay
BQK,1,8,9.5,38.0,24,40.5,35.166666666666664,60,106.4,116.2,carrier_delay,nas_delay,weather_delay
BQK,2,16,5.75,22.0,8,31.0,35.5,16,224.75,221.5,carrier_delay,nas_delay,weather_delay
BQK,3,8,4.0,6.0,8,28.5,52.0,16,103.5,98.75,carrier_delay,nas_delay,weather_delay
BQK,4,24,9.666666666666666,12.0,16,37.25,32.5,20,187.6,184.4,carrier_delay,nas_delay,weather_delay
BQK,5,12,1.3333333333333333,2.6666666666666665,36,32.111111111111114,30.444444444444443,56,193.28571428571428,194.71428571428572,carrier_delay,nas_delay,weather_delay
BQK,6,32,4.875,2.125,20,43.6,33.0,28,146.42857142857142,141.28571428571428,carrier_delay,nas_delay,weather_delay
BQK,7,20,4.0,-1.8,4,16.0,39.0,40,149.1,163.0,carrier_delay,nas_delay,weather_delay
BQK,8,8,9.5,13.0,20,39.4,33.0,32,182.625,177.625,carrier_delay,nas_delay,weather_delay
BQK,9,36,6.0,14.555555555555555,16,32.25,21.75,0,"","",carrier_delay,nas_delay,weather_delay
BQK,10,4,7.0,9.0,20,32.2,25.6,32,132.125,127.375,carrier_delay,nas_delay,weather_delay
BQK,11,20,7.6,11.0,20,36.2,45.2,28,127.85714285714286,130.85714285714286,carrier_delay,nas_delay,late_aircraft_delay
BQK,12,32,4.75,3.0,28,33.714285714285715,37.57142857142857,32,213.375,222.0,carrier_delay,nas_delay,late_aircraft_delay
BQN,1,112,5.964285714285714,2.642857142857143,120,28.733333333333334,27.1,60,215.4,213.53333333333333,late_aircraft_delay,nas_delay,carrier_delay
BQN,2,80,8.05,2.1,72,32.333333333333336,32.0,64,156.5625,159.06666666666666,late_aircraft_delay,nas_delay,carrier_delay
BQN,3,100,6.8,-1.2,192,29.895833333333332,26.479166666666668,120,159.76666666666668,155.93333333333334,late_aircraft_delay,carrier_delay,nas_delay
BQN,4,128,6.9375,-4.59375,96,30.541666666666668,24.75,56,161.35714285714286,156.5,carrier_delay,late_aircraft_delay,nas_delay
BQN,5,192,6.895833333333333,-4.333333333333333,152,30.710526315789473,19.2972972972973,84,122.0952380952381,115.23809523809524,late_aircraft_delay,carrier_delay,nas_delay
BQN,6,144,6.0,-5.0285714285714285,184,33.84782608695652,27.76086956521739,148,174.32432432432432,167.43243243243242,late_aircraft_delay,carrier_delay,nas_delay
BQN,7,156,7.0256410256410255,-4.794871794871795,132,28.424242424242426,17.484848484848484,92,162.7826086956522,156.2608695652174,late_aircraft_delay,carrier_delay,nas_delay
BQN,8,108,6.777777777777778,-2.037037037037037,160,30.125,22.5,92,171.69565217391303,171.1818181818182,late_aircraft_delay,carrier_delay,nas_delay
BQN,9,76,7.157894736842105,-7.421052631578948,60,27.266666666666666,18.4,68,229.47058823529412,222.88235294117646,carrier_delay,late_aircraft_delay,nas_delay
BQN,10,60,5.2,-8.8,64,30.4375,21.625,28,121.85714285714286,114.71428571428571,late_aircraft_delay,nas_delay,carrier_delay
BQN,11,140,6.2,0.3142857142857143,128,33.4375,30.25,52,134.53846153846155,129.66666666666666,late_aircraft_delay,carrier_delay,nas_delay
BQN,12,136,6.705882352941177,1.3823529411764706,160,30.25,23.5,104,163.34615384615384,158.4,late_aircraft_delay,carrier_delay,nas_delay
BRD,1,4,1.0,-14.0,4,17.0,3.0,48,107.83333333333333,96.0,carrier_delay,weather_delay,nas_delay
BRD,2,4,10.0,-3.0,4,21.0,11.0,8,157.0,140.0,carrier_delay,weather_delay,Nessuna
BRD,3,16,8.75,10.75,20,42.4,43.6,12,104.33333333333333,106.33333333333333,carrier_delay,nas_delay,weather_delay
BRD,4,4,4.0,3.0,8,30.0,14.0,4,119.0,105.0,carrier_delay,Nessuna,Nessuna
BRD,5,4,3.0,-8.0,8,32.5,14.0,4,119.0,119.0,carrier_delay,Nessuna,Nessuna
BRD,6,4,14.0,23.0,24,33.333333333333336,51.666666666666664,20,308.8,316.4,carrier_delay,nas_delay,weather_delay
BRD,7,20,7.4,15.4,44,30.0,30.90909090909091,12,93.0,91.66666666666667,nas_delay,carrier_delay,weather_delay
BRD,8,20,9.0,14.4,16,31.5,48.0,4,351.0,358.0,carrier_delay,nas_delay,weather_delay
BRD,9,0,"","",4,31.0,37.0,16,93.0,95.0,carrier_delay,nas_delay,weather_delay
BRD,10,0,"","",12,23.666666666666668,15.333333333333334,8,68.5,69.5,carrier_delay,security_delay,weather_delay
BRD,11,4,2.0,-11.0,16,29.0,25.0,8,554.5,570.0,carrier_delay,nas_delay,weather_delay
BRD,12,0,"","",20,27.4,27.0,40,221.4,216.9,carrier_delay,nas_delay,weather_delay
BRO,1,60,7.266666666666667,1.8666666666666667,48,23.0,19.666666666666668,32,107.375,111.375,late_aircraft_delay,nas_delay,carrier_delay
BRO,2,36,5.555555555555555,-1.3333333333333333,16,29.25,24.25,0,"","",late_aircraft_delay,nas_delay,carrier_delay
BRO,3,96,7.583333333333333,4.0,56,29.142857142857142,22.5,48,214.75,210.75,late_aircraft_delay,carrier_delay,nas_delay
BRO,4,68,6.352941176470588,2.176470588235294,52,31.384615384615383,30.307692307692307,64,186.5625,197.875,nas_delay,late_aircraft_delay,weather_delay
BRO,5,76,6.052631578947368,8.0,96,31.541666666666668,34.541666666666664,84,193.14285714285714,200.04761904761904,nas_delay,carrier_delay,late_aircraft_delay
BRO,6,92,5.478260869565218,1.5,68,30.88235294117647,27.764705882352942,80,141.75,142.65,carrier_delay,nas_delay,late_aircraft_delay
BRO,7,72,8.722222222222221,8.055555555555555,108,30.22222222222222,33.18518518518518,64,161.5,162.25,nas_delay,late_aircraft_delay,carrier_delay
BRO,8,48,6.75,3.8333333333333335,76,32.78947368421053,31.789473684210527,8,182.5,175.0,late_aircraft_delay,nas_delay,carrier_delay
BRO,9,48,7.5,10.166666666666666,44,34.90909090909091,29.636363636363637,16,126.25,119.25,nas_delay,late_aircraft_delay,carrier_delay
BRO,10,56,6.642857142857143,3.0714285714285716,44,32.36363636363637,24.727272727272727,20,135.8,126.4,carrier_delay,late_aircraft_delay,nas_delay
BRO,11,36,6.111111111111111,5.0,48,36.166666666666664,33.833333333333336,24,177.16666666666666,182.16666666666666,nas_delay,late_aircraft_delay,weather_delay
BRO,12,64,6.4375,9.1875,52,36.23076923076923,37.23076923076923,64,122.5,129.625,carrier_delay,nas_delay,late_aircraft_delay
BRW,1,8,6.5,3.0,24,44.166666666666664,45.5,12,206.0,206.0,late_aircraft_delay,canc_A,nas_delay
BRW,2,28,3.5714285714285716,9.0,12,42.666666666666664,48.0,12,113.66666666666667,117.33333333333333,nas_delay,late_aircraft_delay,canc_B
BRW,3,28,6.857142857142857,6.0,28,29.428571428571427,32.42857142857143,4,234.0,240.0,nas_delay,carrier_delay,late_aircraft_delay
BRW,4,24,7.666666666666667,11.166666666666666,20,41.0,41.2,4,90.0,90.0,security_delay,nas_delay,late_aircraft_delay
BRW,5,16,4.0,4.0,24,28.333333333333332,29.166666666666668,4,291.0,285.0,nas_delay,late_aircraft_delay,security_delay
BRW,6,32,6.5,6.75,28,31.142857142857142,32.142857142857146,0,"","",nas_delay,late_aircraft_delay,security_delay
BRW,7,32,6.375,7.0,24,22.0,22.833333333333332,0,"","",security_delay,nas_delay,canc_B
BRW,8,28,6.0,12.571428571428571,36,29.88888888888889,36.333333333333336,0,"","",nas_delay,security_delay,late_aircraft_delay
BRW,9,20,4.8,7.8,24,23.0,27.0,8,85.0,81.5,late_aircraft_delay,nas_delay,carrier_delay
BRW,10,28,8.0,7.714285714285714,28,34.0,34.285714285714285,4,66.0,70.0,late_aircraft_delay,nas_delay,weather_delay
BRW,11,8,9.5,9.5,32,27.5,21.0,4,83.0,77.0,late_aircraft_delay,canc_B,carrier_delay
BRW,12,36,8.88888888888889,6.888888888888889,44,27.181818181818183,29.90909090909091,8,90.5,90.0,late_aircraft_delay,nas_delay,carrier_delay
BTM,1,8,6.5,10.5,12,30.666666666666668,28.333333333333332,8,302.0,290.5,weather_delay,carrier_delay,nas_delay
BTM,2,8,6.5,11.5,0,"","",4,100.0,105.0,nas_delay,weather_delay,carrier_delay
BTM,3,0,"","",16,33.25,29.0,4,202.0,237.0,carrier_delay,weather_delay,nas_delay
BTM,4,8,7.5,-6.5,8,35.5,22.0,4,67.0,49.0,carrier_delay,security_delay,Nessuna
BTM,5,8,8.5,-4.0,8,40.5,30.5,0,"","",carrier_delay,Nessuna,Nessuna
BTM,6,4,1.0,14.0,28,37.0,29.285714285714285,12,428.6666666666667,430.6666666666667,carrier_delay,nas_delay,weather_delay
BTM,7,8,5.0,-7.5,12,38.666666666666664,30.333333333333332,12,115.0,107.0,carrier_delay,weather_delay,Nessuna
BTM,8,0,"","",0,"","",4,103.0,80.0,carrier_delay,weather_delay,Nessuna
BTM,9,12,4.333333333333333,6.0,4,35.0,26.0,4,80.0,69.0,carrier_delay,weather_delay,Nessuna
BTM,10,0,"","",0,"","",0,"","",Nessuna,Nessuna,Nessuna
BTM,11,20,6.2,9.6,0,"","",4,84.0,69.0,carrier_delay,nas_delay,Nessuna
BTM,12,4,14.0,-1.0,8,28.5,4.5,8,588.5,576.5,carrier_delay,Nessuna,Nessuna
BTR,1,120,6.733333333333333,9.172413793103448,196,33.16326530612245,29.387755102040817,196,156.10204081632654,154.6530612244898,nas_delay,late_aircraft_delay,carrier_delay
BTR,2,156,4.948717948717949,0.0,108,28.11111111111111,25.703703703703702,80,211.6,207.6,carrier_delay,nas_delay,late_aircraft_delay
BTR,3,232,5.844827586206897,-2.5344827586206895,164,24.634146341463413,18.682926829268293,88,162.6818181818182,170.0909090909091,nas_delay,carrier_delay,late_aircraft_delay
BTR,4,212,5.943396226415095,1.6226415094339623,180,28.133333333333333,30.377777777777776,160,187.525,183.375,nas_delay,carrier_delay,late_aircraft_delay
BTR,5,280,7.228571428571429,5.785714285714286,200,32.18,33.91836734693877,196,146.3469387755102,154.6122448979592,nas_delay,late_aircraft_delay,carrier_delay
BTR,6,216,6.185185185185185,2.0555555555555554,168,28.30952380952381,23.214285714285715,144,223.63888888888889,224.62857142857143,late_aircraft_delay,carrier_delay,nas_delay
BTR,7,272,7.279411764705882,2.3582089552238807,224,34.57142857142857,30.375,200,156.0,157.76,late_aircraft_delay,carrier_delay,nas_delay
BTR,8,208,6.653846153846154,0.34615384615384615,160,32.675,27.875,108,107.0,100.03703703703704,late_aircraft_delay,carrier_delay,nas_delay
BTR,9,236,7.52542372881356,3.8983050847457625,160,32.85,25.425,108,126.66666666666667,123.77777777777777,late_aircraft_delay,nas_delay,carrier_delay
BTR,10,176,6.113636363636363,-0.6590909090909091,112,29.285714285714285,23.535714285714285,72,170.77777777777777,167.05555555555554,carrier_delay,nas_delay,late_aircraft_delay
BTR,11,248,6.338709677419355,-0.3225806451612903,168,26.404761904761905,23.142857142857142,68,101.29411764705883,100.58823529411765,nas_delay,carrier_delay,late_aircraft_delay
BTR,12,312,6.705128205128205,3.576923076923077,196,28.448979591836736,22.510204081632654,116,189.6551724137931,187.6206896551724,late_aircraft_delay,carrier_delay,nas_delay
BTV,1,200,6.16,1.74,176,31.954545454545453,31.295454545454547,204,198.3921568627451,195.35294117647058,nas_delay,late_aircraft_delay,carrier_delay
BTV,2,196,5.326530612244898,-8.510204081632653,112,33.642857142857146,22.535714285714285,100,174.84,157.0,nas_delay,carrier_delay,late_aircraft_delay
BTV,3,164,6.414634146341464,2.048780487804878,116,33.93103448275862,28.862068965517242,68,203.94117647058823,203.94117647058823,nas_delay,carrier_delay,late_aircraft_delay
BTV,4,96,5.708333333333333,0.041666666666666664,92,34.391304347826086,29.782608695652176,104,167.80769230769232,166.26923076923077,nas_delay,late_aircraft_delay,carrier_delay
BTV,5,180,6.644444444444445,4.045454545454546,164,32.34146341463415,29.21951219512195,172,171.09302325581396,176.16666666666666,nas_delay,late_aircraft_delay,carrier_delay
BTV,6,312,6.32051282051282,3.5194805194805197,296,32.58108108108108,28.753424657534246,252,158.82539682539684,156.01612903225808,nas_delay,late_aircraft_delay,carrier_delay
BTV,7,360,6.333333333333333,5.840909090909091,332,31.08433734939759,28.23170731707317,344,220.52325581395348,223.25581395348837,nas_delay,late_aircraft_delay,carrier_delay
BTV,8,444,6.486486486486487,6.009009009009009,344,30.77906976744186,35.372093023255815,256,168.671875,172.0,nas_delay,late_aircraft_delay,carrier_delay
BTV,9,296,5.662162162162162,4.27027027027027,196,31.53061224489796,27.26530612244898,144,151.19444444444446,145.66666666666666,nas_delay,carrier_delay,late_aircraft_delay
BTV,10,308,6.363636363636363,-1.051948051948052,272,33.529411764705884,27.735294117647058,144,205.66666666666666,193.30555555555554,carrier_delay,nas_delay,late_aircraft_delay
BTV,11,212,6.339622641509434,-0.7169811320754716,124,38.12903225806452,31.870967741935484,132,158.3939393939394,147.0909090909091,nas_delay,late_aircraft_delay,carrier_delay
BTV,12,372,6.795698924731183,5.838709677419355,332,32.12048192771084,29.349397590361445,200,183.8,180.96,nas_delay,carrier_delay,late_aircraft_delay
BUF,1,844,6.213270142180095,6.710900473933649,668,31.5748502994012,33.403614457831324,556,174.42446043165467,181.18840579710144,nas_delay,canc_B,late_aircraft_delay
BUF,2,876,6.136986301369863,-6.018264840182648,608,27.44078947368421,18.00657894736842,260,201.46153846153845,194.01538461538462,nas_delay,carrier_delay,late_aircraft_delay
BUF,3,1000,6.24,1.068,728,30.302197802197803,24.521978021978022,512,138.8515625,137.0,nas_delay,late_aircraft_delay,carrier_delay
BUF,4,988,6.465587044534413,-1.0979591836734695,692,31.61849710982659,26.69364161849711,348,159.67816091954023,155.88372093023256,late_aircraft_delay,nas_delay,carrier_delay
BUF,5,1036,5.945945945945946,0.9845559845559846,876,32.41095890410959,30.110599078341014,572,156.43356643356643,154.1549295774648,late_aircraft_delay,nas_delay,carrier_delay
BUF,6,1216,6.368421052631579,2.8580858085808583,980,31.963265306122448,30.0,672,163.16666666666666,160.437125748503,late_aircraft_delay,nas_delay,carrier_delay
BUF,7,1360,6.4411764705882355,5.474926253687316,1252,32.76996805111821,31.439102564102566,800,165.3,168.345,late_aircraft_delay,nas_delay,carrier_delay
BUF,8,1620,5.908641975308642,2.198511166253102,1256,31.089171974522294,28.058064516129033,676,147.15976331360946,148.289156626506,late_aircraft_delay,nas_delay,carrier_delay
BUF,9,1080,6.118518518518519,0.02962962962962963,672,29.148809523809526,24.5,252,148.25396825396825,146.6031746031746,nas_delay,late_aircraft_delay,carrier_delay
BUF,10,1108,6.086642599277979,-2.9566787003610107,692,29.786127167630056,20.69364161849711,248,131.48387096774192,121.85483870967742,late_aircraft_delay,carrier_delay,nas_delay
BUF,11,1212,5.726072607260726,-3.956953642384106,536,30.955223880597014,21.65671641791045,276,128.1304347826087,118.52173913043478,carrier_delay,late_aircraft_delay,nas_delay
BUF,12,1352,6.27810650887574,3.2106824925816024,1020,31.070588235294117,29.783464566929133,628,152.61783439490446,155.0774193548387,nas_delay,late_aircraft_delay,carrier_delay
BUR,1,1248,6.2756410256410255,1.169871794871795,984,31.951219512195124,25.85185185185185,500,126.08,121.712,late_aircraft_delay,nas_delay,carrier_delay
BUR,2,1208,5.837748344370861,-1.6146179401993355,976,31.87295081967213,24.64876033057851,492,154.0,148.40650406504065,late_aircraft_delay,nas_delay,carrier_delay
BUR,3,1476,6.010840108401084,1.0054347826086956,1288,33.28260869565217,29.427672955974842,708,128.96610169491527,127.89080459770115,nas_delay,late_aircraft_delay,carrier_delay
BUR,4,1420,5.926760563380282,0.9746478873239437,1044,31.697318007662837,26.08076923076923,560,122.8,124.25179856115108,nas_delay,late_aircraft_delay,carrier_delay
BUR,5,1584,6.404040404040404,0.9291139240506329,1240,32.619354838709675,28.38562091503268,632,112.83544303797468,108.67515923566879,nas_delay,late_aircraft_delay,carrier_delay
BUR,6,2308,6.273830155979203,0.2899305555555556,1764,31.145124716553287,24.30751708428246,688,133.28488372093022,127.61046511627907,late_aircraft_delay,nas_delay,carrier_delay
BUR,7,2040,6.209803921568628,0.4271653543307087,1676,31.281622911694512,25.22062350119904,756,137.12698412698413,131.44444444444446,late_aircraft_delay,carrier_delay,nas_delay
BUR,8,1604,5.361596009975062,1.6275,1192,32.241610738255034,27.683501683501685,556,138.14388489208633,134.66666666666666,late_aircraft_delay,nas_delay,carrier_delay
BUR,9,1512,5.814814814814815,0.30933333333333335,1320,31.563636363636363,28.03680981595092,720,138.73888888888888,134.8,late_aircraft_delay,nas_delay,carrier_delay
BUR,10,1788,6.100671140939597,1.4103139013452914,1336,31.008982035928145,27.294294294294293,608,142.80921052631578,139.98684210526315,nas_delay,late_aircraft_delay,carrier_delay
BUR,11,1748,6.155606407322654,-0.47586206896551725,1172,30.822525597269625,24.256849315068493,432,140.42592592592592,140.1509433962264,late_aircraft_delay,nas_delay,carrier_delay
BUR,12,2012,6.025844930417495,-0.1377245508982036,1528,30.081151832460733,23.23821989528796,704,120.4659090909091,114.00568181818181,late_aircraft_delay,carrier_delay,nas_delay
BWI,1,7816,6.403787103377687,-0.20420728578758338,6960,30.298850574712645,26.053695150115473,2188,123.55758683729434,128.17367458866545,carrier_delay,late_aircraft_delay,nas_delay
BWI,2,6852,6.025102159953298,-3.73859649122807,3928,28.24949083503055,18.325865580448067,820,125.26341463414634,115.10731707317073,carrier_delay,late_aircraft_delay,nas_delay
BWI,3,8068,6.301437778879524,-2.7548387096774194,7072,30.681561085972852,24.070821529745043,2512,123.31210191082802,120.58908507223114,carrier_delay,late_aircraft_delay,nas_delay
BWI,4,8844,6.388964269561284,0.562358276643991,6696,29.4115890083632,23.437724550898203,2080,126.36538461538461,120.54633204633204,carrier_delay,late_aircraft_delay,nas_delay
BWI,5,8732,6.503893724232707,0.9623507805325987,8840,30.35158371040724,25.574284416174468,3252,121.95571955719558,118.79851668726823,carrier_delay,late_aircraft_delay,nas_delay
BWI,6,9492,6.49346818373367,-0.26033755274261605,9204,30.450673620165144,24.127724498692242,3052,125.65792922673657,120.06192358366272,carrier_delay,late_aircraft_delay,nas_delay
BWI,7,8840,6.746606334841629,2.180580762250454,10768,31.385958395245172,27.76455223880597,4956,130.29701372074254,126.34278768233388,carrier_delay,late_aircraft_delay,nas_delay
BWI,8,9348,6.501069747539581,0.715509854327335,8872,30.47790802524797,26.84027149321267,3648,136.5142543859649,135.27692307692308,late_aircraft_delay,carrier_delay,nas_delay
BWI,9,8872,6.254733994589721,-1.2046070460704608,5372,28.402084884586746,20.54728220402085,1108,127.25270758122744,121.07246376811594,carrier_delay,late_aircraft_delay,nas_delay
BWI,10,9596,6.126719466444352,-4.623799582463466,5536,28.28106936416185,16.8705712219812,876,121.78995433789954,110.34562211981567,carrier_delay,late_aircraft_delay,nas_delay
BWI,11,7680,5.79375,-4.561586638830898,4112,28.1284046692607,18.15968841285297,1000,120.62,109.86345381526104,carrier_delay,late_aircraft_delay,nas_delay
BWI,12,8788,6.143832498862085,-3.7209515096065875,6592,29.550364077669904,19.651459854014597,1904,118.33193277310924,108.81395348837209,carrier_delay,late_aircraft_delay,nas_delay
BZN,1,332,5.216867469879518,3.4939759036144578,388,32.09278350515464,30.927835051546392,312,276.93589743589746,277.2307692307692,late_aircraft_delay,nas_delay,carrier_delay
BZN,2,260,6.3538461538461535,14.923076923076923,220,34.92727272727273,38.4,260,182.96923076923076,195.23076923076923,nas_delay,late_aircraft_delay,carrier_delay
BZN,3,440,5.763636363636364,6.63302752293578,368,31.782608695652176,25.22826086956522,196,130.6326530612245,128.6530612244898,nas_delay,late_aircraft_delay,carrier_delay
BZN,4,236,6.694915254237288,4.932203389830509,196,33.12244897959184,28.020408163265305,104,110.23076923076923,107.46153846153847,nas_delay,late_aircraft_delay,carrier_delay
BZN,5,304,6.276315789473684,3.1710526315789473,284,30.0,26.366197183098592,212,186.9433962264151,187.1153846153846,nas_delay,late_aircraft_delay,carrier_delay
BZN,6,668,7.041916167664671,1.6706586826347305,536,31.52238805970149,25.458646616541355,288,121.83333333333333,114.94444444444444,late_aircraft_delay,nas_delay,carrier_delay
BZN,7,688,6.005813953488372,4.2105263157894735,692,33.0635838150289,32.47337278106509,404,159.64356435643563,158.44444444444446,nas_delay,late_aircraft_delay,carrier_delay
BZN,8,820,6.053658536585366,2.334975369458128,608,32.92763157894737,29.774834437086092,328,164.21951219512195,163.12820512820514,nas_delay,late_aircraft_delay,carrier_delay
BZN,9,596,5.738255033557047,1.195945945945946,328,30.073170731707318,25.829268292682926,116,109.89655172413794,104.86206896551724,nas_delay,late_aircraft_delay,carrier_delay
BZN,10,272,5.867647058823529,-1.8823529411764706,244,28.83606557377049,22.114754098360656,80,152.2,143.7,nas_delay,late_aircraft_delay,carrier_delay
BZN,11,220,5.618181818181818,1.3818181818181818,208,31.557692307692307,26.21153846153846,124,175.29032258064515,186.73333333333332,nas_delay,carrier_delay,late_aircraft_delay
BZN,12,420,6.266666666666667,-0.3904761904761905,328,32.390243902439025,23.329268292682926,184,233.6086956521739,226.1086956521739,late_aircraft_delay,carrier_delay,nas_delay
CAE,1,184,6.456521739130435,-0.8913043478260869,160,33.7,29.425,168,157.92857142857142,153.5952380952381,late_aircraft_delay,nas_delay,carrier_delay
CAE,2,148,5.108108108108108,-1.162162162162162,116,32.172413793103445,24.620689655172413,64,163.6875,157.125,carrier_delay,late_aircraft_delay,nas_delay
CAE,3,252,6.031746031746032,-1.3174603174603174,204,31.45098039215686,23.84313725490196,112,167.35714285714286,157.5,late_aircraft_delay,carrier_delay,nas_delay
CAE,4,236,6.423728813559322,1.576271186440678,176,31.636363636363637,34.18181818181818,88,127.4090909090909,125.72727272727273,late_aircraft_delay,nas_delay,carrier_delay
CAE,5,244,6.573770491803279,3.721311475409836,248,32.88709677419355,30.483870967741936,204,161.72549019607843,145.76,nas_delay,late_aircraft_delay,carrier_delay
CAE,6,280,6.385714285714286,-0.7142857142857143,208,34.86538461538461,31.019607843137255,124,189.03225806451613,193.16666666666666,carrier_delay,nas_delay,late_aircraft_delay
CAE,7,228,5.578947368421052,6.836363636363636,212,32.24528301886792,31.641509433962263,284,210.50704225352112,213.61971830985917,late_aircraft_delay,nas_delay,carrier_delay
CAE,8,296,5.108108108108108,0.5,204,32.96078431372549,32.68,140,156.82857142857142,157.2,nas_delay,carrier_delay,late_aircraft_delay
CAE,9,228,5.719298245614035,5.0701754385964914,188,35.02127659574468,30.595744680851062,184,160.6086956521739,160.5,nas_delay,carrier_delay,late_aircraft_delay
CAE,10,208,6.788461538461538,0.9038461538461539,220,31.145454545454545,24.01818181818182,72,131.66666666666666,123.38888888888889,nas_delay,carrier_delay,late_aircraft_delay
CAE,11,296,5.986486486486487,4.837837837837838,228,27.912280701754387,22.45614035087719,112,183.96428571428572,172.5185185185185,nas_delay,carrier_delay,late_aircraft_delay
CAE,12,372,5.559139784946237,2.5268817204301075,252,35.58730158730159,30.38095238095238,124,162.48387096774192,158.43333333333334,nas_delay,carrier_delay,late_aircraft_delay
CAK,1,116,6.655172413793103,8.275862068965518,84,33.38095238095238,28.476190476190474,128,148.34375,143.625,nas_delay,late_aircraft_delay,carrier_delay
CAK,2,80,4.8,-3.05,64,32.0625,19.75,52,139.53846153846155,126.53846153846153,carrier_delay,nas_delay,late_aircraft_delay
CAK,3,84,5.809523809523809,1.8095238095238095,84,38.095238095238095,26.952380952380953,48,144.08333333333334,142.5,nas_delay,carrier_delay,late_aircraft_delay
CAK,4,100,6.44,1.2,80,32.55,32.0,92,185.1304347826087,179.34782608695653,carrier_delay,nas_delay,late_aircraft_delay
CAK,5,76,4.631578947368421,2.9473684210526314,88,37.77272727272727,41.36363636363637,152,138.6315789473684,142.6578947368421,nas_delay,late_aircraft_delay,carrier_delay
CAK,6,172,6.6976744186046515,4.255813953488372,148,33.21621621621622,30.02777777777778,164,148.609756097561,144.0,late_aircraft_delay,carrier_delay,nas_delay
CAK,7,148,6.108108108108108,7.27027027027027,160,34.175,32.45,240,154.18333333333334,156.08333333333334,carrier_delay,late_aircraft_delay,nas_delay
CAK,8,76,7.894736842105263,12.894736842105264,92,33.08695652173913,30.5,160,185.625,180.475,nas_delay,late_aircraft_delay,carrier_delay
CAK,9,96,6.75,-0.6666666666666666,84,30.047619047619047,25.333333333333332,136,163.73529411764707,159.3235294117647,carrier_delay,late_aircraft_delay,nas_delay
CAK,10,68,5.352941176470588,5.647058823529412,60,27.133333333333333,19.0,68,123.0,116.88235294117646,carrier_delay,late_aircraft_delay,nas_delay
CAK,11,108,7.62962962962963,6.148148148148148,48,33.416666666666664,23.083333333333332,92,160.69565217391303,154.6086956521739,carrier_delay,nas_delay,late_aircraft_delay
CAK,12,164,6.317073170731708,-5.146341463414634,148,32.86486486486486,26.62162162162162,164,183.5121951219512,176.65,late_aircraft_delay,carrier_delay,nas_delay
CDC,1,8,5.5,20.5,12,25.666666666666668,18.666666666666668,16,154.25,151.0,weather_delay,carrier_delay,nas_delay
CDC,2,4,14.0,8.0,8,38.5,18.0,0,"","",carrier_delay,Nessuna,Nessuna
CDC,3,4,3.0,-8.0,4,36.0,33.0,12,83.33333333333333,75.0,canc_B,carrier_delay,weather_delay
CDC,4,4,3.0,-12.0,8,48.5,40.5,16,138.5,126.75,carrier_delay,security_delay,Nessuna
CDC,5,12,2.6666666666666665,-1.0,16,42.5,33.75,8,475.5,462.5,carrier_delay,weather_delay,nas_delay
CDC,6,12,9.0,1.0,12,28.666666666666668,32.333333333333336,24,225.16666666666666,219.0,carrier_delay,weather_delay,nas_delay
CDC,7,4,4.0,-7.0,12,26.333333333333332,18.333333333333332,24,175.66666666666666,172.0,carrier_delay,weather_delay,nas_delay
CDC,8,4,14.0,6.0,4,30.0,18.0,4,92.0,87.0,carrier_delay,weather_delay,Nessuna
CDC,9,0,"","",4,59.0,44.0,8,110.5,101.0,carrier_delay,Nessuna,Nessuna
CDC,10,0,"","",4,17.0,5.0,12,132.0,136.66666666666666,carrier_delay,nas_delay,weather_delay
CDC,11,8,4.0,0.5,12,37.0,29.333333333333332,12,106.33333333333333,109.0,carrier_delay,nas_delay,Nessuna
CDC,12,4,10.0,15.0,12,29.0,19.666666666666668,12,124.33333333333333,110.66666666666667,carrier_delay,nas_delay,weather_delay
CDV,1,16,6.75,5.5,40,29.8,40.77777777777778,24,140.16666666666666,90.4,nas_delay,late_aircraft_delay,canc_B
CDV,2,16,4.75,4.75,28,30.0,25.833333333333332,4,213.0,206.0,late_aircraft_delay,canc_A,Nessuna
CDV,3,20,6.6,4.0,28,36.142857142857146,34.57142857142857,16,95.75,94.0,late_aircraft_delay,nas_delay,carrier_delay
CDV,4,8,10.5,19.0,20,34.0,31.75,8,178.0,173.5,late_aircraft_delay,canc_A,canc_B
CDV,5,24,6.5,7.333333333333333,20,33.6,36.75,8,100.0,92.0,late_aircraft_delay,carrier_delay,nas_delay
CDV,6,60,6.066666666666666,7.266666666666667,16,34.75,45.5,8,73.0,62.0,nas_delay,late_aircraft_delay,security_delay
CDV,7,56,7.0,7.071428571428571,44,31.818181818181817,33.27272727272727,4,228.0,233.0,nas_delay,late_aircraft_delay,carrier_delay
CDV,8,60,6.933333333333334,5.666666666666667,64,31.0625,31.6875,12,126.66666666666667,133.5,late_aircraft_delay,nas_delay,carrier_delay
CDV,9,68,6.705882352941177,12.058823529411764,40,27.9,21.5,12,104.66666666666667,101.0,late_aircraft_delay,nas_delay,carrier_delay
CDV,10,24,5.0,5.0,28,22.428571428571427,21.857142857142858,4,118.0,109.0,late_aircraft_delay,nas_delay,canc_B
CDV,11,12,5.0,-1.3333333333333333,12,34.666666666666664,41.333333333333336,4,73.0,84.0,late_aircraft_delay,nas_delay,canc_A
CDV,12,24,7.5,5.666666666666667,40,32.8,32.333333333333336,12,112.0,126.0,late_aircraft_delay,nas_delay,security_delay
CHA,1,264,5.803030303030303,3.8484848484848486,276,32.27536231884058,28.323529411764707,188,144.0212765957447,142.17021276595744,late_aircraft_delay,nas_delay,carrier_delay
CHA,2,248,6.580645161290323,2.3548387096774195,144,31.47222222222222,23.61111111111111,72,132.22222222222223,123.77777777777777,carrier_delay,nas_delay,late_aircraft_delay
CHA,3,304,5.9868421052631575,0.3026315789473684,216,31.72222222222222,25.660377358490567,172,173.88372093023256,168.51162790697674,carrier_delay,late_aircraft_delay,nas_delay
CHA,4,368,6.239130434782608,4.582417582417582,288,29.88888888888889,26.88888888888889,164,166.8780487804878,162.0487804878049,carrier_delay,late_aircraft_delay,nas_delay
CHA,5,320,6.275,2.3797468354430378,396,29.848484848484848,26.838383838383837,244,166.5737704918033,167.65573770491804,nas_delay,carrier_delay,late_aircraft_delay
CHA,6,372,6.043010752688172,-1.2391304347826086,268,30.507462686567163,26.059701492537314,160,111.425,106.95,carrier_delay,late_aircraft_delay,nas_delay
CHA,7,324,6.938271604938271,5.604938271604938,328,36.31707317073171,35.3780487804878,252,208.52380952380952,202.5873015873016,late_aircraft_delay,carrier_delay,nas_delay
CHA,8,268,6.477611940298507,0.05970149253731343,256,32.5,28.078125,132,186.54545454545453,185.45454545454547,carrier_delay,nas_delay,late_aircraft_delay
CHA,9,268,6.268656716417911,1.1343283582089552,192,32.458333333333336,28.520833333333332,144,205.25,201.80555555555554,carrier_delay,late_aircraft_delay,nas_delay
CHA,10,380,5.978947368421053,-2.431578947368421,212,31.528301886792452,25.22641509433962,72,179.11111111111111,169.5,carrier_delay,late_aircraft_delay,nas_delay
CHA,11,356,6.033707865168539,-0.8539325842696629,208,28.634615384615383,20.98076923076923,128,201.09375,201.53125,nas_delay,carrier_delay,late_aircraft_delay
CHA,12,412,6.281553398058253,1.1553398058252426,308,30.07792207792208,25.662337662337663,228,139.10526315789474,136.75438596491227,late_aircraft_delay,carrier_delay,nas_delay
CHO,1,64,6.125,8.875,60,33.266666666666666,35.333333333333336,92,126.95652173913044,125.30434782608695,nas_delay,carrier_delay,canc_B
CHO,2,56,5.428571428571429,18.0,36,30.555555555555557,22.88888888888889,32,219.375,217.5,nas_delay,carrier_delay,late_aircraft_delay
CHO,3,64,6.5,-3.0,48,33.666666666666664,32.416666666666664,52,125.0,120.23076923076923,nas_delay,carrier_delay,late_aircraft_delay
CHO,4,88,5.590909090909091,-0.22727272727272727,92,37.30434782608695,33.869565217391305,64,222.9375,218.125,nas_delay,late_aircraft_delay,carrier_delay
CHO,5,168,5.380952380952381,3.761904761904762,80,29.0,26.9,112,179.28571428571428,179.85185185185185,nas_delay,carrier_delay,late_aircraft_delay
CHO,6,136,5.294117647058823,5.878787878787879,72,37.22222222222222,31.555555555555557,48,227.16666666666666,223.41666666666666,nas_delay,carrier_delay,late_aircraft_delay
CHO,7,80,7.55,9.25,116,32.86206896551724,32.724137931034484,124,178.58064516129033,174.80645161290323,nas_delay,late_aircraft_delay,carrier_delay
CHO,8,124,6.290322580645161,7.096774193548387,100,34.88,41.8,100,145.8,140.32,nas_delay,late_aircraft_delay,carrier_delay
CHO,9,116,5.517241379310345,3.0344827586206895,64,33.625,33.0,48,226.33333333333334,219.08333333333334,nas_delay,carrier_delay,late_aircraft_delay
CHO,10,196,6.408163265306122,6.510204081632653,88,32.31818181818182,32.31818181818182,48,116.91666666666667,114.16666666666667,nas_delay,carrier_delay,late_aircraft_delay
CHO,11,140,6.2,1.5142857142857142,40,27.1,24.3,44,183.9090909090909,180.72727272727272,nas_delay,carrier_delay,late_aircraft_delay
CHO,12,172,6.255813953488372,1.8372093023255813,128,28.3125,26.125,100,170.28,170.12,nas_delay,carrier_delay,late_aircraft_delay
CHS,1,836,5.851674641148326,-1.5358851674641147,720,33.99444444444445,29.394444444444446,608,176.81578947368422,176.18421052631578,late_aircraft_delay,nas_delay,carrier_delay
CHS,2,772,5.766839378238342,-0.4270833333333333,568,30.929577464788732,24.140845070422536,308,177.4025974025974,171.42857142857142,late_aircraft_delay,nas_delay,carrier_delay
CHS,3,1092,6.117216117216117,-0.055350553505535055,936,30.427350427350426,22.84978540772532,536,164.22388059701493,160.49253731343285,late_aircraft_delay,nas_delay,carrier_delay
CHS,4,1236,6.210355987055016,0.46601941747572817,920,31.091304347826085,26.1,556,155.431654676259,152.85611510791367,late_aircraft_delay,nas_delay,carrier_delay
CHS,5,1440,6.347222222222222,3.7402234636871508,1184,31.070945945945947,29.440677966101696,840,162.5047619047619,164.22857142857143,late_aircraft_delay,nas_delay,carrier_delay
CHS,6,1484,6.2668463611859835,2.710810810810811,1268,31.22712933753943,28.415335463258785,672,177.6845238095238,175.50299401197606,late_aircraft_delay,nas_delay,carrier_delay
CHS,7,1492,6.412868632707775,4.257372654155496,1396,32.50429799426934,32.80515759312321,1168,161.76027397260273,162.99312714776633,late_aircraft_delay,nas_delay,carrier_delay
CHS,8,1184,6.003378378378378,1.8775510204081634,1212,30.72937293729373,26.88372093023256,792,148.96969696969697,147.46969696969697,late_aircraft_delay,nas_delay,carrier_delay
CHS,9,1096,5.992700729927007,1.3175182481751824,832,30.466346153846153,27.41346153846154,372,179.0752688172043,177.3586956521739,nas_delay,late_aircraft_delay,carrier_delay
CHS,10,1392,5.997126436781609,-1.0718390804597702,672,28.577380952380953,19.767857142857142,240,171.01666666666668,165.0,late_aircraft_delay,nas_delay,carrier_delay
CHS,11,1040,6.061538461538461,2.0,604,30.05960264900662,25.397350993377483,288,148.68055555555554,146.6338028169014,nas_delay,late_aircraft_delay,carrier_delay
CHS,12,1256,6.522292993630574,0.2961783439490446,952,32.260504201680675,26.6864406779661,544,139.86764705882354,135.27205882352942,late_aircraft_delay,nas_delay,carrier_delay
CID,1,344,6.732558139534884,5.174418604651163,312,32.217948717948715,25.487179487179485,384,245.08333333333334,243.90625,nas_delay,late_aircraft_delay,carrier_delay
CID,2,260,5.4,-5.369230769230769,192,30.625,22.0,84,185.47619047619048,170.42857142857142,late_aircraft_delay,carrier_delay,nas_delay
CID,3,320,6.3375,-5.2,200,30.88,24.428571428571427,148,180.97297297297297,175.8918918918919,nas_delay,late_aircraft_delay,carrier_delay
CID,4,276,6.507246376811594,3.264705882352941,216,31.314814814814813,32.03703703703704,144,177.55555555555554,181.75,nas_delay,carrier_delay,late_aircraft_delay
CID,5,348,6.114942528735632,3.781609195402299,292,29.753424657534246,28.616438356164384,372,169.27956989247312,173.8804347826087,nas_delay,late_aircraft_delay,carrier_delay
CID,6,420,5.285714285714286,4.048076923076923,308,34.02597402597402,31.948051948051948,252,231.23809523809524,230.25396825396825,carrier_delay,nas_delay,late_aircraft_delay
CID,7,460,7.086956521739131,4.852173913043479,384,32.510416666666664,34.4375,276,216.2173913043478,215.92753623188406,carrier_delay,nas_delay,late_aircraft_delay
CID,8,416,6.798076923076923,9.798076923076923,348,31.82758620689655,36.770114942528735,232,178.08620689655172,178.24561403508773,nas_delay,carrier_delay,late_aircraft_delay
CID,9,332,6.445783132530121,-0.012048192771084338,220,30.618181818181817,24.0,112,177.07142857142858,174.0,nas_delay,carrier_delay,late_aircraft_delay
CID,10,372,5.645161290322581,0.8817204301075269,188,29.93617021276596,24.76595744680851,172,132.69767441860466,122.81395348837209,carrier_delay,nas_delay,late_aircraft_delay
CID,11,344,5.255813953488372,3.2674418604651163,180,31.466666666666665,30.022222222222222,140,187.62857142857143,186.61764705882354,carrier_delay,nas_delay,late_aircraft_delay
CID,12,512,6.625,-0.5748031496062992,408,29.901960784313726,20.88235294117647,244,215.54098360655738,214.32203389830508,carrier_delay,nas_delay,late_aircraft_delay
CIU,1,20,4.8,-1.8,12,39.333333333333336,14.5,52,249.46153846153845,250.07692307692307,carrier_delay,nas_delay,weather_delay
CIU,2,20,5.4,6.8,20,31.0,20.2,36,299.0,278.77777777777777,carrier_delay,nas_delay,canc_B
CIU,3,20,6.0,-6.6,4,21.0,19.0,28,229.42857142857142,214.0,carrier_delay,weather_delay,nas_delay
CIU,4,20,4.8,-4.6,8,15.5,1.0,28,161.42857142857142,145.85714285714286,carrier_delay,Nessuna,Nessuna
CIU,5,20,6.6,-1.8,12,31.666666666666668,22.666666666666668,20,202.6,197.6,carrier_delay,nas_delay,weather_delay
CIU,6,24,6.333333333333333,3.1666666666666665,28,28.142857142857142,27.142857142857142,28,256.2857142857143,260.85714285714283,carrier_delay,nas_delay,weather_delay
CIU,7,32,4.375,3.0,16,35.25,30.5,28,167.71428571428572,159.57142857142858,carrier_delay,nas_delay,weather_delay
CIU,8,32,4.75,4.625,20,29.2,29.8,4,113.0,119.0,carrier_delay,nas_delay,weather_delay
CIU,9,28,5.714285714285714,-1.1428571428571428,0,"","",32,113.0,110.25,weather_delay,carrier_delay,nas_delay
CIU,10,24,8.166666666666666,5.0,16,42.0,33.75,28,204.85714285714286,196.57142857142858,carrier_delay,nas_delay,weather_delay
CIU,11,16,4.0,6.25,16,31.25,32.25,8,125.0,121.0,carrier_delay,nas_delay,weather_delay
CIU,12,32,6.75,5.75,48,29.75,25.5,68,181.58823529411765,176.76470588235293,carrier_delay,nas_delay,canc_B
CKB,1,16,8.5,-1.0,4,36.0,31.0,4,1220.0,1235.0,late_aircraft_delay,nas_delay,Nessuna
CKB,2,8,10.5,1.0,12,29.333333333333332,25.333333333333332,4,202.0,200.0,carrier_delay,late_aircraft_delay,nas_delay
CKB,3,20,4.8,7.2,8,20.5,4.5,8,110.5,105.0,nas_delay,carrier_delay,late_aircraft_delay
CKB,4,20,7.2,2.2,4,37.0,23.0,12,103.66666666666667,117.33333333333333,late_aircraft_delay,carrier_delay,nas_delay
CKB,5,32,7.5,5.625,20,33.0,33.6,12,105.66666666666667,113.66666666666667,late_aircraft_delay,nas_delay,carrier_delay
CKB,6,20,9.2,4.0,32,43.0,45.0,8,120.5,117.0,late_aircraft_delay,carrier_delay,nas_delay
CKB,7,16,6.75,1.5,36,31.11111111111111,36.0,24,280.6666666666667,284.0,late_aircraft_delay,carrier_delay,nas_delay
CKB,8,20,6.2,5.0,24,31.833333333333332,31.166666666666668,12,549.3333333333334,560.3333333333334,nas_delay,security_delay,late_aircraft_delay
CKB,9,4,6.0,85.0,12,21.333333333333332,24.666666666666668,0,"","",nas_delay,carrier_delay,late_aircraft_delay
CKB,10,8,10.5,4.0,8,25.0,12.5,8,72.0,76.0,late_aircraft_delay,nas_delay,carrier_delay
CKB,11,20,7.8,1.2,4,17.0,12.0,4,78.0,79.0,late_aircraft_delay,nas_delay,carrier_delay
CKB,12,8,7.0,-7.0,12,20.333333333333332,16.666666666666668,12,113.33333333333333,111.33333333333333,late_aircraft_delay,carrier_delay,nas_delay
CLE,1,1400,6.142857142857143,1.0542857142857143,1552,31.577319587628867,27.97680412371134,1092,174.94871794871796,171.82051282051282,nas_delay,late_aircraft_delay,carrier_delay
CLE,2,1132,6.106007067137809,-4.49645390070922,996,30.634538152610443,19.27710843373494,408,131.72549019607843,122.56862745098039,late_aircraft_delay,nas_delay,carrier_delay
CLE,3,1520,6.347368421052631,-0.8443271767810027,1508,32.44562334217507,24.51595744680851,992,143.8508064516129,139.24193548387098,nas_delay,late_aircraft_delay,carrier_delay
CLE,4,1684,5.7173396674584325,-3.0855106888361044,1356,32.064896755162245,24.28698224852071,756,167.22222222222223,162.43085106382978,late_aircraft_delay,nas_delay,carrier_delay
CLE,5,2044,6.021526418786693,1.956777996070727,1624,32.30541871921182,28.65841584158416,1156,149.07612456747404,147.52961672473867,nas_delay,late_aircraft_delay,carrier_delay
CLE,6,2428,5.947281713344316,0.2471169686985173,1972,31.43813387423935,26.46530612244898,1320,156.1757575757576,150.51829268292684,late_aircraft_delay,carrier_delay,nas_delay
CLE,7,2144,6.313432835820896,1.7584269662921348,2072,31.76061776061776,27.607766990291264,1588,162.6448362720403,158.32994923857868,late_aircraft_delay,nas_delay,carrier_delay
CLE,8,2080,5.9192307692307695,1.7137330754352031,1736,31.07373271889401,26.893764434180138,944,167.82627118644066,168.9145299145299,nas_delay,late_aircraft_delay,carrier_delay
CLE,9,1776,5.6058558558558556,-0.1036036036036036,1000,31.34,27.401606425702813,400,166.27,162.28,nas_delay,late_aircraft_delay,carrier_delay
CLE,10,1592,5.947236180904523,-0.8241206030150754,916,30.48471615720524,22.816593886462883,468,143.06837606837607,134.55555555555554,carrier_delay,nas_delay,late_aircraft_delay
CLE,11,1480,5.848648648648648,-1.7378378378378379,988,30.967611336032387,21.955102040816328,556,139.76978417266187,133.79856115107913,nas_delay,carrier_delay,late_aircraft_delay
CLE,12,2228,6.201077199281867,0.18850987432675045,1728,31.104166666666668,25.053488372093025,888,124.85135135135135,122.18099547511312,nas_delay,carrier_delay,late_aircraft_delay
CLL,1,36,4.555555555555555,2.3333333333333335,28,27.714285714285715,32.57142857142857,40,178.8,183.1,carrier_delay,nas_delay,late_aircraft_delay
CLL,2,36,4.444444444444445,13.666666666666666,12,21.0,30.333333333333332,8,174.0,163.0,nas_delay,carrier_delay,late_aircraft_delay
CLL,3,20,4.0,-7.0,12,41.0,34.333333333333336,12,147.66666666666666,161.66666666666666,nas_delay,late_aircraft_delay,canc_B
CLL,4,40,8.4,12.88888888888889,12,24.666666666666668,26.0,44,179.72727272727272,189.8181818181818,nas_delay,late_aircraft_delay,weather_delay
CLL,5,24,6.333333333333333,2.1666666666666665,28,31.428571428571427,31.142857142857142,56,262.42857142857144,264.07142857142856,nas_delay,carrier_delay,late_aircraft_delay
CLL,6,40,7.6,3.1,44,33.27272727272727,32.81818181818182,28,146.14285714285714,148.0,late_aircraft_delay,nas_delay,carrier_delay
CLL,7,36,8.444444444444445,6.666666666666667,76,29.210526315789473,22.68421052631579,44,119.36363636363636,116.45454545454545,late_aircraft_delay,carrier_delay,nas_delay
CLL,8,32,7.25,5.125,44,31.636363636363637,26.454545454545453,24,222.83333333333334,218.5,late_aircraft_delay,nas_delay,carrier_delay
CLL,9,20,6.2,8.6,40,26.3,20.6,24,135.33333333333334,127.5,late_aircraft_delay,nas_delay,weather_delay
CLL,10,28,8.0,6.142857142857143,20,36.4,35.6,36,187.88888888888889,183.0,carrier_delay,late_aircraft_delay,nas_delay
CLL,11,20,8.0,8.0,40,31.1,21.7,32,151.875,148.28571428571428,late_aircraft_delay,carrier_delay,weather_delay
CLL,12,20,4.2,0.8,36,35.77777777777778,28.88888888888889,52,137.84615384615384,134.69230769230768,carrier_delay,late_aircraft_delay,weather_delay
CLT,1,11236,5.986828052687789,1.9946447697250982,10516,32.28375808292126,27.93518871521159,6620,136.26948640483383,132.78142076502732,late_aircraft_delay,carrier_delay,nas_delay
CLT,2,10776,5.956198960653303,1.4888475836431228,7548,30.843667196608372,25.969198088157196,2844,125.89310829817158,120.12994350282486,carrier_delay,nas_delay,late_aircraft_delay
CLT,3,13068,6.176614631160086,1.6391879421716395,11144,31.089734386216797,26.526978417266186,5600,136.515,132.1351931330472,carrier_delay,late_aircraft_delay,nas_delay
CLT,4,13808,6.132097334878331,3.6261274367180683,11376,31.4873417721519,28.797040169133194,5948,133.41425689307331,130.5415259959487,carrier_delay,late_aircraft_delay,nas_delay
CLT,5,14324,6.294889695615749,7.013997760358342,16008,32.69340329835082,33.6626536242789,11260,143.32504440497337,143.49214285714285,late_aircraft_delay,carrier_delay,nas_delay
CLT,6,13880,6.201440922190201,1.3908145580589255,13792,32.53364269141532,27.94021580635754,9032,146.1324180690877,141.30525846702318,carrier_delay,late_aircraft_delay,nas_delay
CLT,7,12164,6.324893127260769,2.4087013843111404,16096,33.84493041749503,31.084457771114444,17388,154.53301127214172,151.13770794824399,late_aircraft_delay,carrier_delay,nas_delay
CLT,8,13392,6.265232974910394,2.32873425314937,14236,32.12110143298679,28.669763513513512,9600,149.47791666666666,145.10020876826724,late_aircraft_delay,carrier_delay,nas_delay
CLT,9,12992,6.306034482758621,1.1705737199259716,10216,31.472200469851213,26.46235294117647,5940,141.23771043771043,135.5527027027027,late_aircraft_delay,carrier_delay,nas_delay
CLT,10,15268,6.134660728320671,-0.673394495412844,10708,29.84871124392977,22.79116766467066,3856,146.798755186722,138.8643006263048,carrier_delay,late_aircraft_delay,nas_delay
CLT,11,11768,6.014615907545887,1.8272696361781706,7064,30.607021517553793,26.346568349404425,2592,123.5679012345679,117.55451713395638,carrier_delay,nas_delay,late_aircraft_delay
CLT,12,13304,6.2802164762477455,1.842168674698795,11644,31.73170731707317,26.793721973094172,5896,132.93419267299865,127.11126279863481,carrier_delay,late_aircraft_delay,nas_delay
CMH,1,1692,5.962174940898345,1.442080378250591,1404,31.242165242165242,26.297994269340975,692,154.21387283236993,154.37426900584796,nas_delay,late_aircraft_delay,carrier_delay
CMH,2,1508,5.970822281167108,-1.1352785145888593,1228,30.221498371335503,24.07843137254902,432,132.0,126.94444444444444,nas_delay,carrier_delay,late_aircraft_delay
CMH,3,1964,6.0733197556008145,-0.3224489795918367,1592,31.8643216080402,23.7808564231738,776,151.41237113402062,149.3556701030928,nas_delay,late_aircraft_delay,carrier_delay
CMH,4,1904,6.138655462184874,0.8760504201680672,1200,30.803333333333335,23.732441471571907,712,138.57303370786516,133.84571428571428,nas_delay,late_aircraft_delay,carrier_delay
CMH,5,2092,6.009560229445507,1.7418738049713194,1712,32.11915887850467,28.78688524590164,1136,131.52464788732394,133.89716312056737,nas_delay,late_aircraft_delay,carrier_delay
CMH,6,2384,6.075503355704698,1.1932773109243697,1624,30.66256157635468,24.53846153846154,988,145.87044534412956,142.65843621399176,late_aircraft_delay,carrier_delay,nas_delay
CMH,7,2076,5.917148362235068,1.9259259259259258,1936,31.40495867768595,27.72463768115942,1396,156.89111747851004,154.56772334293947,late_aircraft_delay,carrier_delay,nas_delay
CMH,8,2032,6.202755905511811,0.27416173570019725,1628,31.282555282555283,27.435323383084576,1064,169.72932330827066,168.30827067669173,nas_delay,late_aircraft_delay,carrier_delay
CMH,9,1756,5.724373576309795,-0.3439635535307517,1060,30.422641509433962,25.588679245283018,540,186.6074074074074,183.61194029850745,nas_delay,late_aircraft_delay,carrier_delay
CMH,10,1792,5.685267857142857,-3.0825892857142856,1072,29.529850746268657,20.66044776119403,392,180.8265306122449,173.1734693877551,nas_delay,carrier_delay,late_aircraft_delay
CMH,11,1812,5.823399558498896,-1.403973509933775,1084,29.88560885608856,22.608856088560884,536,126.0223880597015,124.61654135338345,nas_delay,carrier_delay,late_aircraft_delay
CMH,12,2720,6.239705882352941,-2.776470588235294,1896,31.128691983122362,24.314345991561183,736,152.8695652173913,147.8342541436464,carrier_delay,nas_delay,late_aircraft_delay
CMI,1,48,7.666666666666667,6.166666666666667,68,30.294117647058822,28.88235294117647,48,179.08333333333334,173.58333333333334,canc_B,late_aircraft_delay,nas_delay
CMI,2,52,7.0,-2.3076923076923075,44,35.54545454545455,34.0,8,141.0,139.5,nas_delay,late_aircraft_delay,carrier_delay
CMI,3,68,4.117647058823529,-4.0588235294117645,48,30.0,34.25,40,264.8,250.0,nas_delay,late_aircraft_delay,carrier_delay
CMI,4,64,8.625,3.125,48,29.583333333333332,18.583333333333332,32,314.375,316.25,carrier_delay,nas_delay,late_aircraft_delay
CMI,5,44,5.0,1.3636363636363635,76,32.89473684210526,28.57894736842105,84,171.38095238095238,176.23809523809524,late_aircraft_delay,nas_delay,carrier_delay
CMI,6,40,6.9,-4.9,60,31.666666666666668,28.6,56,200.07142857142858,191.21428571428572,late_aircraft_delay,carrier_delay,nas_delay
CMI,7,36,7.222222222222222,3.0,84,34.80952380952381,33.23809523809524,24,126.5,124.2,late_aircraft_delay,carrier_delay,nas_delay
CMI,8,60,8.2,-6.0,52,28.846153846153847,17.692307692307693,36,123.22222222222223,114.88888888888889,late_aircraft_delay,carrier_delay,nas_delay
CMI,9,72,6.555555555555555,0.16666666666666666,32,32.0,17.375,52,229.15384615384616,223.6153846153846,nas_delay,late_aircraft_delay,carrier_delay
CMI,10,36,6.0,-9.11111111111111,20,33.2,31.8,4,244.0,254.0,carrier_delay,nas_delay,late_aircraft_delay
CMI,11,20,9.4,-2.0,24,34.666666666666664,28.333333333333332,16,194.25,205.5,nas_delay,late_aircraft_delay,carrier_delay
CMI,12,52,4.384615384615385,-1.6923076923076923,40,42.7,33.0,28,143.28571428571428,133.57142857142858,carrier_delay,nas_delay,late_aircraft_delay
CMX,1,24,6.0,8.333333333333334,8,24.5,33.0,36,112.77777777777777,97.22222222222223,canc_B,carrier_delay,late_aircraft_delay
CMX,2,12,6.666666666666667,8.0,12,42.0,29.666666666666668,12,82.0,79.33333333333333,carrier_delay,nas_delay,canc_B
CMX,3,16,3.25,13.75,20,38.4,28.6,16,254.75,247.0,carrier_delay,nas_delay,late_aircraft_delay
CMX,4,4,8.0,9.0,20,40.8,29.6,48,111.08333333333333,104.08333333333333,late_aircraft_delay,carrier_delay,nas_delay
CMX,5,24,9.0,1.3333333333333333,44,30.0,26.4,44,221.63636363636363,217.9090909090909,late_aircraft_delay,carrier_delay,nas_delay
CMX,6,16,9.5,3.25,20,44.8,33.4,24,121.5,121.5,late_aircraft_delay,carrier_delay,nas_delay
CMX,7,12,3.0,2.3333333333333335,8,56.0,45.5,24,177.66666666666666,178.16666666666666,carrier_delay,weather_delay,nas_delay
CMX,8,12,6.666666666666667,5.333333333333333,52,38.46153846153846,35.61538461538461,44,98.9090909090909,98.0909090909091,carrier_delay,nas_delay,late_aircraft_delay
CMX,9,12,4.0,-3.3333333333333335,48,30.833333333333332,30.083333333333332,16,188.0,176.5,carrier_delay,late_aircraft_delay,nas_delay
CMX,10,28,5.0,12.285714285714286,28,35.285714285714285,28.714285714285715,8,156.0,141.0,carrier_delay,late_aircraft_delay,nas_delay
CMX,11,4,2.0,10.0,24,34.0,37.0,28,353.42857142857144,348.14285714285717,carrier_delay,nas_delay,weather_delay
CMX,12,20,7.8,26.4,36,35.22222222222222,38.22222222222222,40,217.5,209.5,nas_delay,carrier_delay,weather_delay
CNY,1,0,"","",4,47.0,35.0,8,161.5,145.5,canc_B,late_aircraft_delay,carrier_delay
COD,5,16,9.75,11.25,20,30.4,23.2,12,98.0,93.66666666666667,nas_delay,late_aircraft_delay,carrier_delay
COD,6,56,5.928571428571429,4.285714285714286,60,33.06666666666667,36.142857142857146,44,156.72727272727272,147.8181818181818,carrier_delay,nas_delay,late_aircraft_delay
COD,7,52,6.538461538461538,-3.8461538461538463,64,31.9375,23.3125,48,188.41666666666666,182.83333333333334,late_aircraft_delay,carrier_delay,nas_delay
COD,8,44,5.636363636363637,2.5454545454545454,68,28.941176470588236,22.941176470588236,72,162.55555555555554,158.22222222222223,nas_delay,carrier_delay,late_aircraft_delay
COD,9,44,9.181818181818182,0.2727272727272727,64,31.625,23.0,40,171.9,160.1,carrier_delay,nas_delay,late_aircraft_delay
COD,10,44,5.454545454545454,-7.909090909090909,28,32.42857142857143,30.0,4,83.0,91.0,carrier_delay,nas_delay,weather_delay
COD,11,28,3.857142857142857,7.428571428571429,16,41.5,29.25,32,167.625,168.125,carrier_delay,nas_delay,late_aircraft_delay
COD,12,28,4.428571428571429,-0.42857142857142855,16,25.5,11.5,4,96.0,78.0,carrier_delay,nas_delay,late_aircraft_delay
COS,1,536,6.1716417910447765,2.6742424242424243,424,31.056603773584907,24.67924528301887,256,182.328125,170.984126984127,nas_delay,late_aircraft_delay,carrier_delay
COS,2,436,5.798165137614679,4.009174311926605,304,35.88157894736842,35.723684210526315,192,187.5625,191.04255319148936,nas_delay,late_aircraft_delay,carrier_delay
COS,3,524,5.694656488549619,3.954198473282443,384,30.572916666666668,30.770833333333332,184,124.0,120.82222222222222,nas_delay,late_aircraft_delay,carrier_delay
COS,4,516,6.217054263565892,0.8267716535433071,384,32.03125,29.5625,204,132.72549019607843,131.88235294117646,late_aircraft_delay,nas_delay,carrier_delay
COS,5,732,6.295081967213115,2.0549450549450547,556,32.194244604316545,28.77536231884058,416,154.64423076923077,154.25242718446603,late_aircraft_delay,carrier_delay,nas_delay
COS,6,716,6.35754189944134,3.853107344632768,580,30.889655172413793,26.75862068965517,304,146.8815789473684,146.5,late_aircraft_delay,carrier_delay,nas_delay
COS,7,704,6.443181818181818,2.6685714285714286,720,30.516666666666666,26.502793296089386,364,158.02197802197801,156.58241758241758,late_aircraft_delay,carrier_delay,nas_delay
COS,8,524,6.427480916030534,1.786259541984733,492,32.479674796747965,26.959016393442624,424,150.78301886792454,142.14150943396226,late_aircraft_delay,carrier_delay,nas_delay
COS,9,480,6.175,-1.2666666666666666,448,32.13392857142857,23.178571428571427,200,186.68,181.32,carrier_delay,late_aircraft_delay,nas_delay
COS,10,576,5.791666666666667,-0.8819444444444444,348,31.32183908045977,23.126436781609197,224,142.58928571428572,133.98214285714286,carrier_delay,late_aircraft_delay,nas_delay
COS,11,568,5.795774647887324,3.387323943661972,312,33.55128205128205,32.217948717948715,212,131.0188679245283,131.1320754716981,nas_delay,carrier_delay,late_aircraft_delay
COS,12,516,5.488372093023256,-4.348837209302325,476,30.168067226890756,22.364406779661017,204,157.76470588235293,156.76470588235293,late_aircraft_delay,carrier_delay,nas_delay
COU,1,60,6.4,-5.4,48,29.5,31.916666666666668,68,151.1764705882353,149.94117647058823,nas_delay,canc_B,weather_delay
COU,2,60,6.666666666666667,0.26666666666666666,48,22.416666666666668,13.5,16,106.25,102.5,nas_delay,late_aircraft_delay,carrier_delay
COU,3,80,7.1,-0.15,60,31.066666666666666,26.533333333333335,36,98.22222222222223,106.55555555555556,nas_delay,late_aircraft_delay,carrier_delay
COU,4,68,7.117647058823529,7.0625,44,38.36363636363637,38.36363636363637,24,102.16666666666667,115.5,nas_delay,late_aircraft_delay,weather_delay
COU,5,76,7.631578947368421,9.263157894736842,84,30.0,42.80952380952381,76,138.8421052631579,144.52631578947367,nas_delay,late_aircraft_delay,carrier_delay
COU,6,92,6.260869565217392,-0.391304347826087,124,29.774193548387096,23.387096774193548,108,102.4074074074074,97.70370370370371,late_aircraft_delay,carrier_delay,nas_delay
COU,7,116,5.0,8.206896551724139,120,33.46666666666667,29.966666666666665,92,120.17391304347827,121.04347826086956,late_aircraft_delay,nas_delay,carrier_delay
COU,8,60,5.533333333333333,9.6,92,28.391304347826086,21.608695652173914,24,250.5,246.0,carrier_delay,nas_delay,late_aircraft_delay
COU,9,60,7.933333333333334,2.3333333333333335,68,31.88235294117647,22.88235294117647,24,156.83333333333334,152.66666666666666,nas_delay,carrier_delay,late_aircraft_delay
COU,10,76,5.473684210526316,-6.578947368421052,64,29.25,20.6875,28,397.57142857142856,386.14285714285717,carrier_delay,nas_delay,late_aircraft_delay
COU,11,76,7.0,0.42105263157894735,92,29.043478260869566,36.0,32,218.875,213.375,nas_delay,carrier_delay,late_aircraft_delay
COU,12,100,7.4,-1.84,104,30.923076923076923,34.03846153846154,84,229.71428571428572,229.0,carrier_delay,nas_delay,late_aircraft_delay
CPR,1,12,4.666666666666667,5.666666666666667,8,23.0,7.0,8,146.5,131.5,carrier_delay,late_aircraft_delay,nas_delay
CPR,2,8,1.5,-21.5,0,"","",0,"","",Nessuna,Nessuna,Nessuna
CPR,3,12,7.666666666666667,-4.333333333333333,12,27.0,17.666666666666668,0,"","",carrier_delay,nas_delay,Nessuna
CPR,4,8,3.5,-11.5,0,"","",0,"","",Nessuna,Nessuna,Nessuna
CPR,5,52,3.230769230769231,-15.923076923076923,24,26.0,11.166666666666666,24,224.0,206.5,weather_delay,nas_delay,carrier_delay
CPR,6,100,6.16,-2.32,152,28.94736842105263,18.44736842105263,68,159.05882352941177,152.47058823529412,carrier_delay,nas_delay,late_aircraft_delay
CPR,7,84,4.714285714285714,2.0952380952380953,68,36.470588235294116,22.647058823529413,52,157.30769230769232,145.23076923076923,carrier_delay,late_aircraft_delay,nas_delay
CPR,8,124,6.161290322580645,-2.774193548387097,104,29.96153846153846,17.0,84,142.8095238095238,137.33333333333334,carrier_delay,nas_delay,late_aircraft_delay
CPR,9,60,7.4,-7.4,44,28.636363636363637,21.09090909090909,40,128.7,112.5,carrier_delay,nas_delay,late_aircraft_delay
CPR,10,72,5.277777777777778,-1.9444444444444444,76,35.94736842105263,30.36842105263158,28,250.42857142857142,253.42857142857142,carrier_delay,nas_delay,late_aircraft_delay
CPR,11,72,7.0,-2.5555555555555554,52,37.07692307692308,35.76923076923077,52,134.3846153846154,132.84615384615384,carrier_delay,nas_delay,late_aircraft_delay
CPR,12,68,4.0588235294117645,-1.1764705882352942,44,31.0,13.181818181818182,20,182.0,180.0,carrier_delay,nas_delay,late_aircraft_delay
CRP,1,104,6.153846153846154,5.769230769230769,108,29.0,32.407407407407405,132,141.3030303030303,151.06060606060606,late_aircraft_delay,nas_delay,weather_delay
CRP,2,68,5.882352941176471,4.647058823529412,92,31.565217391304348,28.304347826086957,16,128.75,119.25,nas_delay,late_aircraft_delay,carrier_delay
CRP,3,112,6.0,1.8214285714285714,128,33.0,27.78125,56,156.42857142857142,160.92857142857142,late_aircraft_delay,nas_delay,carrier_delay
CRP,4,128,7.65625,4.75,88,33.18181818181818,33.04545454545455,88,141.13636363636363,148.04545454545453,late_aircraft_delay,nas_delay,carrier_delay
CRP,5,176,7.045454545454546,11.181818181818182,192,33.729166666666664,33.145833333333336,192,151.41666666666666,159.5531914893617,nas_delay,late_aircraft_delay,weather_delay
CRP,6,164,6.7560975609756095,5.317073170731708,200,32.88,29.54,108,154.37037037037038,158.11111111111111,late_aircraft_delay,nas_delay,carrier_delay
CRP,7,240,7.1,7.416666666666667,184,31.347826086956523,30.17391304347826,128,124.0625,134.41935483870967,late_aircraft_delay,nas_delay,carrier_delay
CRP,8,148,7.108108108108108,4.945945945945946,60,34.06666666666667,30.333333333333332,40,157.9,156.2,nas_delay,late_aircraft_delay,carrier_delay
CRP,9,112,6.5,8.428571428571429,76,28.05263157894737,24.05263157894737,28,210.71428571428572,210.42857142857142,nas_delay,late_aircraft_delay,carrier_delay
CRP,10,152,4.526315789473684,0.8108108108108109,84,30.19047619047619,23.61904761904762,28,96.28571428571429,89.71428571428571,nas_delay,carrier_delay,late_aircraft_delay
CRP,11,144,5.388888888888889,0.1388888888888889,108,32.629629629629626,28.423076923076923,44,170.0,170.8181818181818,carrier_delay,late_aircraft_delay,nas_delay
CRP,12,168,5.714285714285714,-0.09523809523809523,112,33.32142857142857,29.035714285714285,108,185.44444444444446,191.74074074074073,nas_delay,late_aircraft_delay,carrier_delay
CRW,1,116,7.413793103448276,5.206896551724138,140,31.0,28.88235294117647,184,218.91304347826087,223.2826086956522,nas_delay,carrier_delay,late_aircraft_delay
CRW,2,108,6.666666666666667,0.2222222222222222,80,23.6,18.05,88,223.8181818181818,212.27272727272728,carrier_delay,nas_delay,late_aircraft_delay
CRW,3,88,7.363636363636363,0.45454545454545453,92,28.17391304347826,23.347826086956523,64,188.0625,180.0,nas_delay,late_aircraft_delay,carrier_delay
CRW,4,112,7.392857142857143,12.5,144,32.47222222222222,25.085714285714285,68,159.52941176470588,151.88235294117646,carrier_delay,nas_delay,late_aircraft_delay
CRW,5,152,7.184210526315789,1.236842105263158,172,35.25581395348837,32.06976744186046,128,205.1875,211.1290322580645,nas_delay,carrier_delay,late_aircraft_delay
CRW,6,136,7.0,-0.7647058823529411,84,32.904761904761905,27.047619047619047,140,207.5142857142857,199.25714285714287,carrier_delay,nas_delay,late_aircraft_delay
CRW,7,132,5.666666666666667,-0.030303030303030304,164,34.26829268292683,34.78048780487805,224,185.39285714285714,180.96428571428572,carrier_delay,nas_delay,late_aircraft_delay
CRW,8,144,6.805555555555555,9.657142857142857,184,31.58695652173913,26.8,132,134.66666666666666,132.06060606060606,carrier_delay,nas_delay,late_aircraft_delay
CRW,9,72,5.888888888888889,2.2777777777777777,100,32.16,28.4,152,182.76315789473685,181.05263157894737,carrier_delay,late_aircraft_delay,nas_delay
CRW,10,104,6.5,3.6538461538461537,104,30.5,23.307692307692307,72,145.88888888888889,133.0,nas_delay,carrier_delay,late_aircraft_delay
CRW,11,116,4.931034482758621,3.896551724137931,160,31.35,23.525,56,187.0,180.78571428571428,carrier_delay,nas_delay,late_aircraft_delay
CRW,12,124,7.387096774193548,0.4838709677419355,124,28.967741935483872,21.580645161290324,152,129.6578947368421,124.29729729729729,carrier_delay,nas_delay,late_aircraft_delay
CSG,1,48,5.583333333333333,10.583333333333334,28,37.42857142857143,36.42857142857143,56,211.5,211.28571428571428,carrier_delay,nas_delay,weather_delay
CSG,2,28,8.571428571428571,5.285714285714286,16,31.75,26.25,28,184.57142857142858,177.0,carrier_delay,nas_delay,weather_delay
CSG,3,44,6.363636363636363,6.818181818181818,24,25.333333333333332,21.0,12,103.33333333333333,99.33333333333333,carrier_delay,nas_delay,late_aircraft_delay
CSG,4,20,3.4,-4.4,16,34.75,30.75,24,157.16666666666666,156.33333333333334,carrier_delay,nas_delay,Nessuna
CSG,5,28,5.714285714285714,4.857142857142857,40,38.4,31.4,48,136.91666666666666,135.83333333333334,carrier_delay,nas_delay,weather_delay
CSG,6,56,5.928571428571429,-0.5,36,30.555555555555557,24.88888888888889,24,113.83333333333333,111.33333333333333,carrier_delay,nas_delay,late_aircraft_delay
CSG,7,48,5.5,3.4166666666666665,28,32.42857142857143,32.0,52,138.76923076923077,135.69230769230768,late_aircraft_delay,nas_delay,carrier_delay
CSG,8,20,4.8,-3.0,32,35.0,29.625,20,130.8,133.6,nas_delay,late_aircraft_delay,carrier_delay
CSG,9,44,6.090909090909091,0.0,16,25.0,23.0,16,135.25,126.75,carrier_delay,late_aircraft_delay,nas_delay
CSG,10,40,6.5,1.3,16,26.25,14.5,12,141.0,131.0,carrier_delay,late_aircraft_delay,nas_delay
CSG,11,24,6.0,0.5,20,42.0,41.4,16,489.0,498.75,late_aircraft_delay,carrier_delay,nas_delay
CSG,12,52,4.538461538461538,-3.6153846153846154,16,32.0,26.75,16,106.0,109.0,late_aircraft_delay,nas_delay,canc_A
CVG,1,1628,6.054054054054054,2.0246305418719213,1220,32.31803278688525,27.69407894736842,896,160.08482142857142,165.2914798206278,nas_delay,carrier_delay,late_aircraft_delay
CVG,2,1432,5.751396648044692,-1.6320224719101124,900,28.90222222222222,21.648888888888887,420,132.04761904761904,128.47115384615384,nas_delay,carrier_delay,late_aircraft_delay
CVG,3,1596,6.205513784461153,-1.5642317380352644,1316,31.98480243161094,27.175384615384615,784,145.04591836734693,142.52551020408163,nas_delay,late_aircraft_delay,carrier_delay
CVG,4,1876,6.226012793176972,0.2537313432835821,1408,32.08806818181818,25.65909090909091,788,159.497461928934,157.02551020408163,nas_delay,late_aircraft_delay,carrier_delay
CVG,5,2148,5.95903165735568,1.6212686567164178,1860,31.52043010752688,27.813852813852815,1204,152.71760797342193,152.4765100671141,nas_delay,late_aircraft_delay,carrier_delay
CVG,6,2220,6.027027027027027,1.9387387387387387,1768,32.80769230769231,28.58997722095672,1140,165.38947368421051,163.79225352112675,nas_delay,carrier_delay,late_aircraft_delay
CVG,7,2100,6.443809523809524,3.168905950095969,2028,32.71992110453649,30.56374501992032,1748,170.05491990846681,168.3440366972477,carrier_delay,late_aircraft_delay,nas_delay
CVG,8,1696,6.15566037735849,1.152019002375297,1632,32.52205882352941,31.738271604938273,1228,143.3941368078176,142.87908496732027,nas_delay,late_aircraft_delay,carrier_delay
CVG,9,1624,5.820197044334975,3.044334975369458,1120,32.43214285714286,28.414285714285715,604,151.96688741721854,150.73509933774835,nas_delay,carrier_delay,late_aircraft_delay
CVG,10,1696,5.591981132075472,-1.0778301886792452,928,30.176724137931036,25.20258620689655,504,142.8968253968254,138.36,carrier_delay,nas_delay,late_aircraft_delay
CVG,11,1516,5.757255936675461,0.46296296296296297,924,30.649350649350648,26.87012987012987,584,140.3835616438356,140.34931506849315,nas_delay,carrier_delay,late_aircraft_delay
CVG,12,2264,5.96113074204947,-0.4397163120567376,1652,31.285714285714285,25.512135922330096,860,173.04651162790697,169.44600938967136,nas_delay,carrier_delay,late_aircraft_delay
CWA,1,16,6.5,4.0,0,"","",24,175.66666666666666,160.83333333333334,late_aircraft_delay,carrier_delay,canc_B
CWA,2,4,7.0,-13.0,12,44.0,41.333333333333336,4,157.0,181.0,nas_delay,weather_delay,late_aircraft_delay
CWA,3,20,6.6,-4.2,0,"","",12,211.33333333333334,203.0,carrier_delay,late_aircraft_delay,nas_delay
CWA,4,24,5.666666666666667,-0.16666666666666666,8,36.0,17.5,0,"","",carrier_delay,nas_delay,Nessuna
CWA,5,16,4.75,11.5,8,37.0,41.0,4,91.0,109.0,nas_delay,weather_delay,late_aircraft_delay
CWA,6,24,4.166666666666667,15.333333333333334,20,26.0,35.0,28,118.14285714285714,123.28571428571429,nas_delay,late_aircraft_delay,weather_delay
CWA,7,44,5.909090909090909,7.181818181818182,12,40.333333333333336,39.0,12,127.0,116.66666666666667,nas_delay,carrier_delay,late_aircraft_delay
CWA,8,8,8.5,16.0,28,27.285714285714285,20.0,12,162.66666666666666,153.0,nas_delay,late_aircraft_delay,carrier_delay
CWA,9,28,7.857142857142857,-2.2857142857142856,4,17.0,12.0,4,201.0,186.0,nas_delay,carrier_delay,late_aircraft_delay
CWA,10,16,6.0,1.5,24,28.166666666666668,17.166666666666668,4,91.0,70.0,carrier_delay,late_aircraft_delay,nas_delay
CWA,11,12,7.333333333333333,5.333333333333333,8,33.5,19.5,4,155.0,126.0,carrier_delay,nas_delay,late_aircraft_delay
CWA,12,12,7.333333333333333,4.666666666666667,28,28.285714285714285,30.285714285714285,28,166.85714285714286,150.85714285714286,late_aircraft_delay,carrier_delay,nas_delay
CYS,1,8,2.5,-26.0,20,30.2,5.0,8,170.0,149.5,canc_B,carrier_delay,late_aircraft_delay
CYS,2,4,14.0,8.0,8,32.5,31.5,20,158.2,165.2,nas_delay,canc_B,weather_delay
CYS,3,8,8.0,-3.0,0,"","",8,292.5,287.0,nas_delay,canc_B,carrier_delay
CYS,4,16,6.5,7.25,16,30.25,32.5,12,341.0,359.6666666666667,nas_delay,weather_delay,late_aircraft_delay
CYS,5,8,7.5,-2.0,12,32.333333333333336,27.0,16,180.75,172.75,nas_delay,carrier_delay,weather_delay
CYS,6,12,6.666666666666667,-9.0,12,25.666666666666668,23.0,12,512.0,501.0,carrier_delay,late_aircraft_delay,canc_B
CYS,7,16,4.75,-9.75,4,27.0,9.0,20,168.2,155.8,late_aircraft_delay,carrier_delay,weather_delay
CYS,8,16,3.25,-9.75,4,30.0,15.0,20,187.0,186.6,late_aircraft_delay,nas_delay,carrier_delay
CYS,9,20,5.0,-1.8,8,27.0,31.5,20,166.2,159.4,late_aircraft_delay,nas_delay,carrier_delay
CYS,10,4,7.0,2.0,4,37.0,48.0,16,135.25,128.25,carrier_delay,nas_delay,late_aircraft_delay
CYS,11,20,7.2,3.8,12,38.333333333333336,36.666666666666664,4,140.0,130.0,carrier_delay,nas_delay,canc_B
CYS,12,12,6.0,7.666666666666667,4,26.0,7.0,4,284.0,281.0,late_aircraft_delay,carrier_delay,nas_delay
DAB,1,116,6.344827586206897,-0.06896551724137931,52,32.15384615384615,23.692307692307693,60,213.6,204.4,late_aircraft_delay,carrier_delay,nas_delay
DAB,2,104,5.0,-1.6538461538461537,84,31.047619047619047,21.904761904761905,36,167.0,157.55555555555554,carrier_delay,late_aircraft_delay,nas_delay
DAB,3,124,6.161290322580645,2.129032258064516,100,36.48,27.08,56,131.5,134.71428571428572,late_aircraft_delay,carrier_delay,nas_delay
DAB,4,120,4.9,2.3793103448275863,52,31.0,26.153846153846153,52,296.2307692307692,287.2307692307692,late_aircraft_delay,carrier_delay,nas_delay
DAB,5,164,5.804878048780488,4.175,152,29.63157894736842,28.710526315789473,124,126.38709677419355,124.96774193548387,late_aircraft_delay,nas_delay,carrier_delay
DAB,6,140,4.914285714285715,-4.9714285714285715,72,34.22222222222222,29.0,48,135.33333333333334,126.75,late_aircraft_delay,carrier_delay,weather_delay
DAB,7,64,5.3125,-0.5333333333333333,136,35.64705882352941,36.81818181818182,116,193.9655172413793,198.27586206896552,late_aircraft_delay,nas_delay,carrier_delay
DAB,8,116,7.310344827586207,1.2413793103448276,68,37.88235294117647,29.470588235294116,68,147.1764705882353,144.88235294117646,late_aircraft_delay,nas_delay,carrier_delay
DAB,9,68,5.705882352941177,-1.7647058823529411,84,31.904761904761905,25.761904761904763,56,145.07142857142858,133.5,late_aircraft_delay,carrier_delay,nas_delay
DAB,10,64,6.4375,2.4375,24,31.0,18.833333333333332,24,128.0,111.83333333333333,canc_B,late_aircraft_delay,carrier_delay
DAB,11,28,6.0,-4.857142857142857,44,30.09090909090909,22.181818181818183,16,134.0,131.5,late_aircraft_delay,nas_delay,carrier_delay
DAB,12,128,6.1875,1.6875,104,33.96153846153846,26.884615384615383,60,161.26666666666668,154.46666666666667,carrier_delay,late_aircraft_delay,nas_delay
DAL,1,6048,6.300925925925926,-0.3871608206485771,4948,30.722716248989492,24.40617384240455,1356,113.25073746312684,110.41666666666667,late_aircraft_delay,carrier_delay,nas_delay
DAL,2,5620,5.849110320284698,-0.15466856735566642,3104,28.8569587628866,22.572903225806453,600,103.15333333333334,96.84,carrier_delay,late_aircraft_delay,nas_delay
DAL,3,6172,6.054439403758911,-0.5217109526895658,4892,30.237121831561733,24.95980311730927,1652,110.71912832929782,106.40193704600485,late_aircraft_delay,carrier_delay,nas_delay
DAL,4,6372,6.071563088512241,-0.9547169811320755,4408,30.299455535390198,25.008166969147005,1988,136.52515090543258,133.62828282828283,late_aircraft_delay,carrier_delay,nas_delay
DAL,5,6556,6.197071384990848,1.7176974892835273,5884,31.705642420122366,28.46043656207367,3272,137.83863080684597,135.58961681087763,late_aircraft_delay,carrier_delay,nas_delay
DAL,6,6996,6.0886220697541455,1.592783505154639,5704,30.56241234221599,25.372714486638536,2268,119.21693121693121,115.36283185840708,late_aircraft_delay,carrier_delay,nas_delay
DAL,7,6680,6.373053892215569,0.17326139088729017,6336,30.279671717171716,24.918523233609164,2320,111.70344827586207,107.92682926829268,late_aircraft_delay,carrier_delay,nas_delay
DAL,8,5344,5.949101796407185,-0.556390977443609,3872,30.697314049586776,24.683281412253375,1172,109.49829351535836,105.21649484536083,late_aircraft_delay,carrier_delay,nas_delay
DAL,9,5192,6.082434514637905,2.1656394453004624,3192,29.6265664160401,24.581132075471697,716,96.05586592178771,89.79329608938548,late_aircraft_delay,carrier_delay,nas_delay
DAL,10,6020,5.988704318936877,1.336436170212766,3340,27.940119760479043,23.1185628742515,644,99.42857142857143,93.20886075949367,late_aircraft_delay,carrier_delay,nas_delay
DAL,11,5396,5.872498146775389,-0.46919079435783223,3612,29.28017718715393,24.87486157253599,888,134.82432432432432,130.7285067873303,late_aircraft_delay,carrier_delay,nas_delay
DAL,12,6488,5.883477188655981,-1.1098765432098765,4484,30.49420160570919,25.38014311270125,2584,150.73065015479875,148.13374805598755,late_aircraft_delay,carrier_delay,nas_delay
DAY,1,216,6.351851851851852,3.9444444444444446,152,35.94736842105263,35.36842105263158,244,143.18032786885246,142.21311475409837,nas_delay,late_aircraft_delay,carrier_delay
DAY,2,172,6.162790697674419,2.4186046511627906,140,28.714285714285715,27.4,128,158.90625,155.125,carrier_delay,nas_delay,late_aircraft_delay
DAY,3,168,6.071428571428571,3.5714285714285716,108,29.88888888888889,30.333333333333332,132,148.24242424242425,146.75757575757575,nas_delay,late_aircraft_delay,carrier_delay
DAY,4,216,6.092592592592593,-0.7777777777777778,160,34.125,30.775,172,162.65116279069767,158.2093023255814,nas_delay,late_aircraft_delay,carrier_delay
DAY,5,292,6.123287671232877,1.4383561643835616,220,34.27272727272727,36.48148148148148,296,159.6891891891892,160.06849315068493,nas_delay,late_aircraft_delay,carrier_delay
DAY,6,228,7.140350877192983,-0.39285714285714285,264,31.303030303030305,26.075757575757574,164,202.3658536585366,199.275,late_aircraft_delay,carrier_delay,nas_delay
DAY,7,236,5.864406779661017,1.1016949152542372,240,32.7,30.45762711864407,280,165.85714285714286,163.32857142857142,nas_delay,late_aircraft_delay,carrier_delay
DAY,8,192,6.354166666666667,5.354166666666667,200,32.9,27.28,216,154.74074074074073,149.55555555555554,late_aircraft_delay,nas_delay,carrier_delay
DAY,9,148,6.081081081081081,8.297297297297296,188,30.0,27.19148936170213,132,162.21212121212122,160.46875,nas_delay,late_aircraft_delay,carrier_delay
DAY,10,192,6.020833333333333,0.3125,104,34.03846153846154,23.4,96,179.29166666666666,169.16666666666666,carrier_delay,late_aircraft_delay,nas_delay
DAY,11,236,7.033898305084746,3.7796610169491527,136,29.294117647058822,21.545454545454547,88,172.95454545454547,164.5909090909091,nas_delay,carrier_delay,late_aircraft_delay
DAY,12,260,6.384615384615385,0.1076923076923077,264,33.27272727272727,24.484848484848484,216,149.1851851851852,143.56603773584905,late_aircraft_delay,carrier_delay,nas_delay
DCA,1,5792,6.1319060773480665,0.3946095369730477,5332,32.174043510877716,28.06706857573474,4416,146.0679347826087,153.24363636363637,nas_delay,late_aircraft_delay,carrier_delay
DCA,2,5536,5.997832369942197,-4.0398550724637685,4116,30.698736637512148,20.04377431906615,1888,143.5,133.96178343949043,late_aircraft_delay,nas_delay,carrier_delay
DCA,3,6828,6.052138254247217,-2.763358778625954,5516,30.593183466279914,22.47238372093023,2936,151.7465940054496,143.61475409836066,late_aircraft_delay,carrier_delay,nas_delay
DCA,4,6296,6.01715374841169,-0.23979591836734693,5244,31.79938977879481,26.322876817138486,3264,147.3296568627451,143.71042944785276,late_aircraft_delay,nas_delay,carrier_delay
DCA,5,6968,6.270952927669345,4.2144092219020175,7012,32.056474614945806,30.693188322839152,4540,147.863436123348,148.4849557522124,nas_delay,late_aircraft_delay,carrier_delay
DCA,6,7240,6.211049723756906,-0.6409116175653141,5836,31.092529129540782,25.639558924879392,3876,153.14654282765738,147.8362694300518,late_aircraft_delay,carrier_delay,nas_delay
DCA,7,7280,6.1983516483516485,2.935466078323221,7108,32.319639842431066,29.48720864127345,6140,155.02801302931596,154.0288713910761,late_aircraft_delay,nas_delay,carrier_delay
DCA,8,6412,6.2314410480349345,3.1072100313479623,6388,33.037570444583594,30.289937106918238,4860,157.88888888888889,154.72231404958677,late_aircraft_delay,nas_delay,carrier_delay
DCA,9,5412,5.794530672579453,0.05321507760532151,4120,30.61844660194175,26.0,2096,148.01717557251908,143.26819923371647,nas_delay,late_aircraft_delay,carrier_delay
DCA,10,6208,5.929768041237113,-3.5713363460296965,4104,31.015594541910332,20.62768031189084,1876,137.63326226012794,128.8755364806867,late_aircraft_delay,carrier_delay,nas_delay
DCA,11,5568,6.102729885057471,-1.9008620689655173,4176,31.363026819923373,22.757430488974112,2004,142.00598802395209,133.79718875502007,late_aircraft_delay,carrier_delay,nas_delay
DCA,12,7532,6.264471587891662,-1.2884513038850451,6776,32.27213695395513,25.48456057007126,4180,136.36172248803828,130.89595375722544,late_aircraft_delay,carrier_delay,nas_delay
DDC,1,16,5.25,17.25,4,27.0,39.0,20,286.2,333.25,canc_B,nas_delay,late_aircraft_delay
DDC,2,4,13.0,12.0,4,31.0,24.0,12,244.0,243.33333333333334,carrier_delay,nas_delay,late_aircraft_delay
DDC,3,36,7.888888888888889,14.11111111111111,12,22.333333333333332,18.333333333333332,8,165.0,153.0,late_aircraft_delay,nas_delay,canc_B
DDC,4,16,9.5,11.75,0,"","",8,457.5,456.0,nas_delay,carrier_delay,late_aircraft_delay
DDC,5,20,6.6,4.0,16,31.75,24.25,28,379.85714285714283,379.42857142857144,late_aircraft_delay,nas_delay,carrier_delay
DDC,6,28,7.285714285714286,13.428571428571429,36,39.77777777777778,52.666666666666664,8,616.0,605.5,nas_delay,carrier_delay,late_aircraft_delay
DDC,7,16,9.25,2.5,16,24.0,23.333333333333332,16,146.25,83.0,carrier_delay,late_aircraft_delay,nas_delay
DDC,8,28,9.428571428571429,9.0,40,36.1,40.22222222222222,28,159.42857142857142,163.71428571428572,nas_delay,late_aircraft_delay,carrier_delay
DDC,9,8,8.0,7.5,16,41.0,36.25,12,602.0,594.3333333333334,carrier_delay,late_aircraft_delay,canc_B
DDC,10,16,5.5,3.5,16,31.0,19.75,32,314.75,309.5,carrier_delay,late_aircraft_delay,nas_delay
DDC,11,12,13.333333333333334,25.333333333333332,12,31.666666666666668,30.0,20,366.2,359.2,nas_delay,carrier_delay,late_aircraft_delay
DDC,12,12,6.333333333333333,4.333333333333333,12,24.0,31.333333333333332,28,149.57142857142858,134.42857142857142,late_aircraft_delay,nas_delay,weather_delay
DEC,1,20,4.8,-8.2,24,34.333333333333336,25.5,36,405.55555555555554,405.3333333333333,canc_B,late_aircraft_delay,nas_delay
DEC,2,4,11.0,-7.0,12,27.0,8.666666666666666,28,284.57142857142856,283.42857142857144,carrier_delay,late_aircraft_delay,nas_delay
DEC,3,4,13.0,0.0,16,27.0,18.75,32,331.625,327.125,late_aircraft_delay,nas_delay,carrier_delay
DEC,4,16,3.75,4.5,28,40.714285714285715,37.857142857142854,28,119.28571428571429,123.14285714285714,late_aircraft_delay,nas_delay,carrier_delay
DEC,5,28,6.428571428571429,5.285714285714286,20,37.4,36.0,80,332.0,330.05,late_aircraft_delay,nas_delay,carrier_delay
DEC,6,0,"","",8,39.0,37.0,44,174.27272727272728,182.0,late_aircraft_delay,nas_delay,weather_delay
DEC,7,12,8.333333333333334,14.0,20,40.0,44.8,32,233.75,232.625,nas_delay,late_aircraft_delay,carrier_delay
DEC,8,16,6.0,7.25,28,34.857142857142854,47.666666666666664,32,196.0,205.25,nas_delay,late_aircraft_delay,carrier_delay
DEC,9,4,9.0,-2.0,16,29.75,31.5,20,212.6,213.2,late_aircraft_delay,carrier_delay,nas_delay
DEC,10,4,7.0,18.0,8,19.0,42.0,0,"","",nas_delay,late_aircraft_delay,carrier_delay
DEC,11,16,6.5,10.25,20,35.6,34.2,16,172.75,180.75,late_aircraft_delay,nas_delay,carrier_delay
DEC,12,4,11.0,10.0,36,33.55555555555556,34.333333333333336,16,134.75,137.25,late_aircraft_delay,nas_delay,carrier_delay
DEN,1,20064,6.339912280701754,0.3664732946589318,17640,31.084580498866213,25.012744651797906,7536,132.01910828025478,126.18468950749465,carrier_delay,late_aircraft_delay,nas_delay
DEN,2,19160,6.207306889352818,2.839849466861802,13720,30.113411078717203,29.00351288056206,6280,136.15541401273885,141.08653846153845,nas_delay,carrier_delay,late_aircraft_delay
DEN,3,21908,6.0534964396567466,1.1903019213174748,15716,30.90531941969967,25.419173890872003,5988,126.54041416165664,122.11855324849297,carrier_delay,nas_delay,late_aircraft_delay
DEN,4,22180,6.11307484220018,0.6620278330019881,15864,30.833333333333332,26.349531764110353,6092,127.56401838476691,123.13720316622691,carrier_delay,late_aircraft_delay,nas_delay
DEN,5,22272,6.204561781609195,0.506587258617578,19468,31.795767413190877,26.123840923140325,11052,128.50054288816503,123.64042089985486,late_aircraft_delay,carrier_delay,nas_delay
DEN,6,24172,6.256991560483204,2.342975893599335,21464,31.442974282519568,27.091707134852445,11184,126.26645207439199,120.85590778097983,carrier_delay,late_aircraft_delay,nas_delay
DEN,7,24376,6.153593698720052,1.2587712073793444,20712,32.11181923522596,26.564904780411972,11724,129.5196178778574,123.54573590096287,carrier_delay,late_aircraft_delay,nas_delay
DEN,8,22992,6.0819415448851775,2.411312849162011,18408,32.19904389395915,28.07527820205106,10204,131.9141513132105,127.30647709320695,carrier_delay,late_aircraft_delay,nas_delay
DEN,9,19792,5.822756669361358,-0.19348310058692572,12316,30.245859045144527,23.115484710474952,4956,122.95883777239709,114.36282467532467,carrier_delay,late_aircraft_delay,nas_delay
DEN,10,19644,5.844634493993077,-0.46749541471367434,11116,30.218423893486865,22.698630136986303,4204,124.08468125594672,115.64649375600385,carrier_delay,late_aircraft_delay,nas_delay
DEN,11,20076,6.0874676230324765,3.484212629896083,12900,30.830387596899225,32.03919129082426,5460,130.1904761904762,131.49595885378397,nas_delay,carrier_delay,late_aircraft_delay
DEN,12,21768,5.949283351708931,-2.185355957211361,13556,30.040719976394218,21.050088915234145,5300,133.43547169811322,125.14851485148515,carrier_delay,late_aircraft_delay,nas_delay
DFW,1,14476,6.561204752694114,4.001941747572816,16444,32.15957188032109,29.454523227383863,10888,137.02387950036737,137.18599481289365,late_aircraft_delay,carrier_delay,nas_delay
DFW,2,13432,6.187313877307921,1.4643390032826022,11484,30.834552420759316,25.714335542378794,4004,126.48451548451548,120.4367469879518,carrier_delay,late_aircraft_delay,nas_delay
DFW,3,15196,6.411950513292972,1.8964879852125693,18040,32.67006651884701,28.162552812986437,11004,142.50236277717192,139.03319956220358,late_aircraft_delay,carrier_delay,nas_delay
DFW,4,14544,6.35973597359736,3.368218121729551,16032,32.415419161676645,29.467233616808404,10168,141.59047993705744,139.6494275562574,late_aircraft_delay,carrier_delay,nas_delay
DFW,5,17132,6.531403222040626,5.60609613130129,21604,33.20847991112757,31.974907063197026,18716,155.97200256465058,155.4167922497309,late_aircraft_delay,carrier_delay,nas_delay
DFW,6,19736,6.539724361572761,1.7673709874034944,23916,32.88576685064392,28.438717259905978,15456,138.4314182194617,135.19947848761407,carrier_delay,late_aircraft_delay,nas_delay
DFW,7,20320,6.538188976377953,2.734806629834254,25000,32.93984,29.253414751727462,17656,142.02061622111464,137.84601366742598,carrier_delay,late_aircraft_delay,nas_delay
DFW,8,17548,6.397766127193982,0.5192219679633867,19384,32.61886091621956,26.04852758191622,11032,145.21392313270485,137.57247170500182,carrier_delay,late_aircraft_delay,nas_delay
DFW,9,16396,6.268358136130764,1.2366878358573523,14660,31.414733969986358,25.65382513661202,5788,120.5535590877678,114.27272727272727,carrier_delay,late_aircraft_delay,nas_delay
DFW,10,16392,6.078330893118594,-0.5166096726917441,13996,31.28179479851386,23.112224448897795,5756,130.91243919388464,123.07670850767084,carrier_delay,late_aircraft_delay,nas_delay
DFW,11,14616,6.251505199781062,1.026344676180022,13712,31.700700116686114,27.319509345794394,6848,141.13142523364485,138.22882352941176,carrier_delay,late_aircraft_delay,nas_delay
DFW,12,17964,6.255845023380093,0.4359660865684962,17072,31.804592314901594,25.572705882352942,9832,164.97355573637103,161.7767784137367,carrier_delay,late_aircraft_delay,nas_delay
DHN,1,32,7.5,6.125,20,34.4,26.4,20,344.0,335.6,nas_delay,late_aircraft_delay,carrier_delay
DHN,2,12,3.0,-6.666666666666667,12,34.666666666666664,21.0,8,139.0,118.0,late_aircraft_delay,nas_delay,carrier_delay
DHN,3,36,4.444444444444445,11.222222222222221,20,38.4,31.2,4,115.0,123.0,nas_delay,late_aircraft_delay,carrier_delay
DHN,4,24,5.666666666666667,11.5,8,42.0,57.0,12,216.66666666666666,210.33333333333334,carrier_delay,nas_delay,weather_delay
DHN,5,0,"","",36,32.44444444444444,28.555555555555557,20,110.0,113.0,nas_delay,late_aircraft_delay,carrier_delay
DHN,6,20,5.2,-1.2,4,18.0,4.0,24,169.5,156.83333333333334,carrier_delay,weather_delay,nas_delay
DHN,7,16,3.25,-13.0,28,38.142857142857146,30.0,24,326.3333333333333,324.1666666666667,carrier_delay,nas_delay,weather_delay
DHN,8,8,8.0,7.5,12,37.333333333333336,25.333333333333332,4,198.0,190.0,carrier_delay,canc_B,nas_delay
DHN,9,4,1.0,-4.0,32,28.25,29.25,8,211.0,221.5,late_aircraft_delay,nas_delay,carrier_delay
DHN,10,4,10.0,-5.0,20,44.2,38.0,16,195.25,184.5,late_aircraft_delay,carrier_delay,nas_delay
DHN,11,4,7.0,-9.0,16,27.25,25.25,16,177.75,173.5,nas_delay,late_aircraft_delay,weather_delay
DHN,12,8,10.0,46.0,20,28.0,16.0,16,210.75,190.0,carrier_delay,late_aircraft_delay,nas_delay
DIK,1,0,"","",16,28.25,16.75,16,304.5,284.0,canc_B,carrier_delay,late_aircraft_delay
DIK,2,0,"","",16,36.75,20.5,8,131.5,108.0,canc_B,carrier_delay,nas_delay
DIK,3,8,12.5,-15.5,0,"","",12,352.6666666666667,342.6666666666667,canc_B,nas_delay,weather_delay
DIK,4,0,"","",8,28.0,13.0,12,322.3333333333333,303.3333333333333,late_aircraft_delay,carrier_delay,Nessuna
DIK,5,0,"","",8,28.0,36.0,20,229.4,225.2,nas_delay,carrier_delay,weather_delay
DIK,6,4,9.0,-5.0,16,43.0,45.0,8,642.5,639.5,nas_delay,carrier_delay,late_aircraft_delay
DIK,7,8,9.0,-1.0,4,41.0,27.0,12,285.0,271.0,carrier_delay,late_aircraft_delay,Nessuna
DIK,8,4,4.0,-10.0,0,"","",12,135.66666666666666,123.33333333333333,nas_delay,carrier_delay,late_aircraft_delay
DIK,9,12,4.666666666666667,-0.6666666666666666,4,32.0,16.0,8,287.5,294.5,carrier_delay,weather_delay,late_aircraft_delay
DIK,10,8,8.5,2.5,8,40.0,25.0,4,177.0,158.0,carrier_delay,weather_delay,late_aircraft_delay
DIK,11,8,12.0,8.5,12,46.0,31.0,28,390.85714285714283,377.0,carrier_delay,canc_B,late_aircraft_delay
DIK,12,8,7.0,3.5,8,36.0,23.0,28,214.85714285714286,204.14285714285714,late_aircraft_delay,carrier_delay,nas_delay
DLG,6,4,5.0,8.0,8,28.5,56.5,0,"","",carrier_delay,late_aircraft_delay,nas_delay
DLG,7,16,6.75,16.25,4,31.0,25.0,16,168.75,175.75,nas_delay,security_delay,late_aircraft_delay
DLG,8,8,9.5,12.0,0,"","",4,228.0,218.0,late_aircraft_delay,canc_B,nas_delay
DLG,9,8,5.0,3.0,12,22.666666666666668,26.333333333333332,8,180.5,184.0,late_aircraft_delay,carrier_delay,nas_delay
DLH,1,72,5.5,2.5,68,34.8235294117647,22.294117647058822,112,200.67857142857142,189.53571428571428,carrier_delay,nas_delay,weather_delay
DLH,2,48,5.083333333333333,-9.75,36,26.77777777777778,23.22222222222222,20,143.2,131.0,nas_delay,carrier_delay,late_aircraft_delay
DLH,3,48,7.916666666666667,2.75,20,34.8,24.6,32,214.75,232.875,nas_delay,carrier_delay,weather_delay
DLH,4,28,5.285714285714286,-4.285714285714286,36,29.88888888888889,20.0,16,150.25,148.5,carrier_delay,nas_delay,weather_delay
DLH,5,40,4.2,-1.2,44,26.09090909090909,20.0,84,150.47619047619048,151.76190476190476,nas_delay,weather_delay,carrier_delay
DLH,6,112,6.25,5.035714285714286,76,28.842105263157894,34.26315789473684,84,245.9047619047619,247.0952380952381,nas_delay,carrier_delay,late_aircraft_delay
DLH,7,124,6.32258064516129,2.7096774193548385,52,40.46153846153846,37.38461538461539,80,133.35,129.2,nas_delay,late_aircraft_delay,carrier_delay
DLH,8,128,7.15625,9.21875,112,26.964285714285715,29.142857142857142,68,119.82352941176471,121.82352941176471,nas_delay,late_aircraft_delay,carrier_delay
DLH,9,76,5.368421052631579,-3.8947368421052633,60,30.133333333333333,22.133333333333333,24,152.33333333333334,149.0,late_aircraft_delay,carrier_delay,nas_delay
DLH,10,64,5.375,-3.875,44,31.181818181818183,18.727272727272727,16,134.75,115.0,carrier_delay,nas_delay,weather_delay
DLH,11,88,8.181818181818182,0.18181818181818182,40,31.3,18.9,36,219.88888888888889,208.0,carrier_delay,nas_delay,weather_delay
DLH,12,76,5.421052631578948,-2.4210526315789473,88,32.90909090909091,24.136363636363637,96,154.75,156.75,carrier_delay,nas_delay,weather_delay
DRO,1,96,3.9166666666666665,9.125,84,35.333333333333336,41.76190476190476,132,189.12121212121212,188.87878787878788,nas_delay,carrier_delay,late_aircraft_delay
DRO,2,124,6.838709677419355,6.258064516129032,76,31.05263157894737,31.31578947368421,44,200.27272727272728,194.1818181818182,carrier_delay,nas_delay,weather_delay
DRO,3,144,6.888888888888889,6.722222222222222,100,30.08,29.32,28,147.42857142857142,153.42857142857142,carrier_delay,nas_delay,late_aircraft_delay
DRO,4,56,4.857142857142857,9.714285714285714,68,31.41176470588235,31.625,72,204.55555555555554,197.27777777777777,carrier_delay,nas_delay,late_aircraft_delay
DRO,5,100,7.16,5.96,104,29.653846153846153,23.807692307692307,92,162.56521739130434,161.91304347826087,nas_delay,carrier_delay,late_aircraft_delay
DRO,6,148,5.891891891891892,-0.5945945945945946,152,31.92105263157895,24.81578947368421,124,175.7741935483871,164.32258064516128,carrier_delay,nas_delay,late_aircraft_delay
DRO,7,152,5.7631578947368425,1.736842105263158,180,30.6,28.355555555555554,104,174.53846153846155,169.19230769230768,nas_delay,carrier_delay,late_aircraft_delay
DRO,8,152,6.868421052631579,2.8684210526315788,124,34.83870967741935,28.838709677419356,120,204.96666666666667,198.83333333333334,carrier_delay,nas_delay,late_aircraft_delay
DRO,9,148,4.891891891891892,-1.6486486486486487,96,34.791666666666664,23.833333333333332,76,104.15789473684211,92.89473684210526,carrier_delay,late_aircraft_delay,nas_delay
DRO,10,152,5.552631578947368,-2.289473684210526,104,28.576923076923077,19.307692307692307,100,205.76,198.12,carrier_delay,nas_delay,late_aircraft_delay
DRO,11,132,7.9393939393939394,0.48484848484848486,116,37.310344827586206,31.551724137931036,176,177.86363636363637,178.47619047619048,carrier_delay,nas_delay,late_aircraft_delay
DRO,12,132,6.393939393939394,-1.7272727272727273,112,35.42857142857143,22.62962962962963,96,123.75,123.54166666666667,carrier_delay,nas_delay,late_aircraft_delay
DSM,1,616,6.246753246753247,3.9805194805194803,644,32.82608695652174,35.67080745341615,664,206.9879518072289,211.24698795180723,nas_delay,carrier_delay,late_aircraft_delay
DSM,2,512,6.078125,-2.6953125,372,31.053763440860216,24.78494623655914,312,224.66666666666666,220.51282051282053,nas_delay,carrier_delay,late_aircraft_delay
DSM,3,548,6.145985401459854,-1.9705882352941178,496,31.983870967741936,23.75,284,244.49295774647888,238.66197183098592,nas_delay,late_aircraft_delay,carrier_delay
DSM,4,640,6.0,-1.125,424,28.99056603773585,25.169811320754718,216,190.46296296296296,186.4814814814815,carrier_delay,nas_delay,late_aircraft_delay
DSM,5,752,6.75,2.367021276595745,688,33.116279069767444,29.96511627906977,412,169.28155339805826,169.38834951456312,nas_delay,late_aircraft_delay,carrier_delay
DSM,6,760,6.189473684210526,2.0,724,33.5414364640884,28.386740331491712,452,173.69026548672565,167.30973451327435,carrier_delay,late_aircraft_delay,nas_delay
DSM,7,712,6.685393258426966,5.672316384180791,736,31.53804347826087,30.29891304347826,576,171.59027777777777,167.88194444444446,nas_delay,late_aircraft_delay,carrier_delay
DSM,8,688,6.1104651162790695,5.011627906976744,556,31.366906474820144,26.87769784172662,416,165.53846153846155,159.7403846153846,late_aircraft_delay,nas_delay,carrier_delay
DSM,9,516,6.387596899224806,0.3643410852713178,324,30.061728395061728,25.225,140,170.2,163.77142857142857,nas_delay,carrier_delay,late_aircraft_delay
DSM,10,484,5.8264462809917354,-1.1983471074380165,368,34.07608695652174,25.880434782608695,216,203.42592592592592,196.44444444444446,carrier_delay,nas_delay,late_aircraft_delay
DSM,11,488,5.754098360655738,0.9672131147540983,296,29.0,23.27777777777778,192,170.375,162.58333333333334,carrier_delay,nas_delay,late_aircraft_delay
DSM,12,688,6.063953488372093,-0.011627906976744186,568,30.95774647887324,22.577464788732396,440,193.87272727272727,197.60185185185185,nas_delay,carrier_delay,late_aircraft_delay
DTW,1,5764,6.1776544066620405,2.933240611961057,5144,31.44556765163297,28.8234375,4368,170.9532967032967,171.77113970588235,nas_delay,carrier_delay,late_aircraft_delay
DTW,2,4616,5.938474870017331,-6.291051259774109,2844,30.0,17.959154929577466,1252,138.5846645367412,125.98076923076923,carrier_delay,nas_delay,late_aircraft_delay
DTW,3,5628,6.077469793887705,-1.391304347826087,4572,30.825021872265967,23.058771929824562,2488,134.92282958199357,128.7890499194847,carrier_delay,nas_delay,late_aircraft_delay
DTW,4,5152,6.071428571428571,0.20451010886469673,4240,31.61132075471698,26.55587121212121,2296,144.3397212543554,140.4,carrier_delay,nas_delay,late_aircraft_delay
DTW,5,5988,6.162992651970608,3.493951612903226,5352,31.588938714499253,29.659879336349924,3360,142.92142857142858,140.86674669867946,carrier_delay,nas_delay,late_aircraft_delay
DTW,6,6576,6.204379562043796,2.8684210526315788,6168,32.074578469520105,29.487646293888165,4096,150.849609375,148.52409046214356,carrier_delay,nas_delay,late_aircraft_delay
DTW,7,6696,6.271804062126643,2.7338129496402876,6452,31.859268443893367,27.68847352024922,5476,148.65230094959824,145.6573734409391,carrier_delay,nas_delay,late_aircraft_delay
DTW,8,6916,6.096587622903412,1.3312027890761184,6352,32.075566750629726,28.042405063291138,4344,140.53222836095765,137.1572617946346,carrier_delay,nas_delay,late_aircraft_delay
DTW,9,5204,6.015372790161415,-0.3858570330514988,3688,31.670281995661604,25.42453854505972,1636,131.37163814180929,125.92857142857143,carrier_delay,nas_delay,late_aircraft_delay
DTW,10,5596,5.929235167977127,-1.3564781675017896,4028,30.860973187686195,23.45328031809145,1780,126.06966292134831,119.32134831460674,carrier_delay,nas_delay,late_aircraft_delay
DTW,11,4848,5.849009900990099,1.2440033085194375,3624,31.17328918322296,27.229834254143647,1960,129.0183673469388,125.43917525773196,nas_delay,carrier_delay,late_aircraft_delay
DTW,12,7696,6.183991683991684,-0.4830993239729589,6364,31.626649905719674,25.85669191919192,3572,141.09070548712205,136.0033783783784,carrier_delay,nas_delay,late_aircraft_delay
DVL,1,8,2.0,-12.0,4,33.0,13.0,16,120.0,80.66666666666667,canc_B,weather_delay,carrier_delay
DVL,2,12,6.333333333333333,0.3333333333333333,12,32.0,25.666666666666668,24,605.0,639.5,canc_B,late_aircraft_delay,nas_delay
DVL,3,8,1.5,4.5,8,29.5,23.0,16,304.25,295.0,nas_delay,canc_B,weather_delay
DVL,4,16,10.25,6.25,0,"","",4,78.0,86.0,late_aircraft_delay,nas_delay,carrier_delay
DVL,5,16,7.5,5.75,0,"","",20,135.0,123.2,late_aircraft_delay,nas_delay,weather_delay
DVL,6,20,7.2,9.25,20,46.2,42.0,32,246.625,242.375,nas_delay,late_aircraft_delay,carrier_delay
DVL,7,16,2.75,-7.25,40,26.0,17.9,12,93.33333333333333,86.66666666666667,carrier_delay,nas_delay,late_aircraft_delay
DVL,8,4,10.0,-7.0,8,27.5,21.0,8,466.5,446.0,nas_delay,canc_C,late_aircraft_delay
DVL,9,16,7.0,-2.0,12,29.666666666666668,32.333333333333336,12,93.33333333333333,91.66666666666667,carrier_delay,late_aircraft_delay,nas_delay
DVL,10,8,3.5,3.0,20,25.2,25.0,8,570.0,565.0,carrier_delay,nas_delay,weather_delay
DVL,11,28,9.142857142857142,3.0,12,32.333333333333336,17.0,40,246.1,248.22222222222223,late_aircraft_delay,canc_B,carrier_delay
DVL,12,20,7.0,2.8,8,29.5,22.0,28,438.0,433.57142857142856,late_aircraft_delay,nas_delay,weather_delay
EAR,11,20,4.6,-5.4,8,35.5,35.5,8,539.0,540.0,carrier_delay,canc_B,nas_delay
EAR,12,24,3.5,-3.1666666666666665,16,22.75,11.25,24,269.1666666666667,267.6666666666667,carrier_delay,late_aircraft_delay,nas_delay
EAU,12,8,6.5,9.0,16,39.5,27.25,12,237.0,230.33333333333334,late_aircraft_delay,carrier_delay,nas_delay
ECP,1,192,6.0,0.3125,168,29.285714285714285,29.80952380952381,136,143.26470588235293,143.14705882352942,late_aircraft_delay,nas_delay,carrier_delay
ECP,2,168,7.023809523809524,1.0238095238095237,84,29.523809523809526,24.142857142857142,68,137.41176470588235,132.47058823529412,late_aircraft_delay,nas_delay,carrier_delay
ECP,3,448,5.964285714285714,2.0,372,30.731182795698924,27.537634408602152,188,166.48936170212767,161.27659574468086,late_aircraft_delay,carrier_delay,nas_delay
ECP,4,476,5.823529411764706,2.1260504201680672,308,30.12987012987013,29.0,172,198.74418604651163,196.7674418604651,late_aircraft_delay,nas_delay,carrier_delay
ECP,5,620,6.2064516129032254,5.882352941176471,620,32.4,34.13636363636363,336,139.60714285714286,144.3012048192771,late_aircraft_delay,nas_delay,carrier_delay
ECP,6,788,6.375634517766497,0.6989795918367347,832,32.21153846153846,26.154589371980677,364,122.25274725274726,118.65934065934066,late_aircraft_delay,carrier_delay,nas_delay
ECP,7,752,6.531914893617022,2.145945945945946,816,31.215686274509803,27.28358208955224,468,182.8803418803419,181.11206896551724,late_aircraft_delay,carrier_delay,nas_delay
ECP,8,584,5.726027397260274,-0.10273972602739725,444,30.28828828828829,24.51818181818182,200,175.76,173.3,late_aircraft_delay,carrier_delay,nas_delay
ECP,9,424,6.066037735849057,0.18867924528301888,284,29.014084507042252,27.32857142857143,128,135.90625,129.59375,late_aircraft_delay,carrier_delay,nas_delay
ECP,10,468,5.948717948717949,-1.017094017094017,272,30.205882352941178,20.647058823529413,56,210.35714285714286,208.85714285714286,late_aircraft_delay,carrier_delay,nas_delay
ECP,11,300,5.973333333333334,0.16,144,31.583333333333332,31.97222222222222,64,139.625,132.4375,carrier_delay,late_aircraft_delay,nas_delay
ECP,12,388,5.907216494845361,3.4948453608247423,232,32.86206896551724,28.275862068965516,120,160.06666666666666,161.53333333333333,nas_delay,carrier_delay,late_aircraft_delay
EGE,1,284,6.225352112676056,6.671428571428572,484,35.099173553719005,34.768595041322314,300,239.74666666666667,242.83333333333334,late_aircraft_delay,carrier_delay,nas_delay
EGE,2,248,7.096774193548387,2.4838709677419355,300,29.093333333333334,23.39189189189189,148,292.7027027027027,270.75,nas_delay,carrier_delay,late_aircraft_delay
EGE,3,300,6.546666666666667,7.56,316,31.962025316455698,31.666666666666668,276,229.4927536231884,233.62686567164178,nas_delay,late_aircraft_delay,carrier_delay
EGE,4,56,7.5,8.071428571428571,48,33.333333333333336,28.75,52,117.46153846153847,124.23076923076923,nas_delay,carrier_delay,late_aircraft_delay
EGE,5,36,6.888888888888889,-1.2222222222222223,44,37.63636363636363,27.636363636363637,60,140.93333333333334,138.85714285714286,carrier_delay,nas_delay,late_aircraft_delay
EGE,6,60,5.866666666666666,0.4666666666666667,76,32.473684210526315,20.894736842105264,96,136.16666666666666,139.47826086956522,carrier_delay,late_aircraft_delay,nas_delay
EGE,7,76,5.842105263157895,5.894736842105263,172,30.232558139534884,24.627906976744185,92,184.3913043478261,181.04347826086956,carrier_delay,late_aircraft_delay,nas_delay
EGE,8,80,5.9,-3.45,100,34.8,26.5,108,208.4814814814815,198.74074074074073,late_aircraft_delay,carrier_delay,nas_delay
EGE,9,32,7.875,4.625,60,34.4,25.6,12,76.33333333333333,67.0,carrier_delay,late_aircraft_delay,nas_delay
EGE,10,28,6.428571428571429,-4.0,44,31.181818181818183,16.272727272727273,16,147.25,135.0,carrier_delay,late_aircraft_delay,nas_delay
EGE,11,68,6.529411764705882,4.9411764705882355,36,34.22222222222222,32.0,40,160.6,151.9,carrier_delay,nas_delay,late_aircraft_delay
EGE,12,236,5.745762711864407,1.0,256,32.015625,25.46875,300,228.76,232.44594594594594,carrier_delay,nas_delay,late_aircraft_delay
EKO,1,0,"","",4,60.0,144.0,8,148.0,149.5,carrier_delay,nas_delay,weather_delay
EKO,2,4,5.0,-6.0,0,"","",4,125.0,110.0,weather_delay,Nessuna,Nessuna
EKO,3,12,8.0,28.666666666666668,4,60.0,49.0,0,"","",carrier_delay,nas_delay,weather_delay
EKO,4,0,"","",12,41.333333333333336,24.0,0,"","",carrier_delay,Nessuna,Nessuna
EKO,5,0,"","",0,"","",0,"","",Nessuna,Nessuna,Nessuna
EKO,6,0,"","",8,40.0,28.0,12,262.0,249.66666666666666,carrier_delay,Nessuna,Nessuna
EKO,7,8,1.0,-7.0,0,"","",8,566.0,557.0,carrier_delay,canc_C,Nessuna
EKO,8,0,"","",4,39.0,26.0,0,"","",carrier_delay,weather_delay,Nessuna
EKO,9,0,"","",0,"","",4,95.0,88.0,carrier_delay,Nessuna,Nessuna
EKO,10,0,"","",0,"","",0,"","",Nessuna,Nessuna,Nessuna
EKO,11,0,"","",0,"","",0,"","",Nessuna,Nessuna,Nessuna
EKO,12,0,"","",0,"","",0,"","",carrier_delay,Nessuna,Nessuna
ELM,1,20,8.6,-4.8,44,29.454545454545453,18.818181818181817,80,296.35,291.25,carrier_delay,nas_delay,weather_delay
ELM,2,32,7.25,-0.5,28,28.714285714285715,6.857142857142857,24,85.33333333333333,67.16666666666667,carrier_delay,nas_delay,weather_delay
ELM,3,36,6.333333333333333,0.2222222222222222,24,26.333333333333332,15.333333333333334,52,229.84615384615384,234.23076923076923,carrier_delay,nas_delay,late_aircraft_delay
ELM,4,4,1.0,-20.0,8,32.5,22.0,32,187.375,194.375,carrier_delay,weather_delay,nas_delay
ELM,5,48,7.75,1.9166666666666667,28,32.142857142857146,25.714285714285715,28,251.0,245.85714285714286,carrier_delay,late_aircraft_delay,nas_delay
ELM,6,36,4.666666666666667,7.444444444444445,24,40.0,36.833333333333336,64,177.375,177.75,carrier_delay,nas_delay,weather_delay
ELM,7,36,9.222222222222221,6.0,32,31.625,27.0,60,116.66666666666667,112.33333333333333,carrier_delay,nas_delay,late_aircraft_delay
ELM,8,44,6.363636363636363,1.5454545454545454,32,28.75,24.0,24,127.0,116.33333333333333,carrier_delay,nas_delay,late_aircraft_delay
ELM,9,20,6.8,0.4,36,34.111111111111114,23.77777777777778,12,190.0,183.0,carrier_delay,late_aircraft_delay,weather_delay
ELM,10,20,8.4,2.4,24,31.833333333333332,27.166666666666668,36,180.66666666666666,173.33333333333334,carrier_delay,late_aircraft_delay,weather_delay
ELM,11,24,5.833333333333333,-6.666666666666667,32,42.5,33.0,36,132.77777777777777,131.44444444444446,carrier_delay,nas_delay,late_aircraft_delay
ELM,12,56,5.214285714285714,-3.0,52,31.53846153846154,26.384615384615383,32,208.375,202.0,carrier_delay,nas_delay,late_aircraft_delay
ELP,1,764,6.115183246073299,1.4397905759162304,600,31.19333333333333,26.38,256,164.671875,164.890625,late_aircraft_delay,carrier_delay,nas_delay
ELP,2,736,5.5,0.5,444,30.25225225225225,25.827272727272728,156,175.51282051282053,175.10256410256412,late_aircraft_delay,nas_delay,carrier_delay
ELP,3,992,5.935483870967742,-0.1700404858299595,668,30.880239520958085,25.077844311377245,328,154.84146341463415,151.85185185185185,late_aircraft_delay,carrier_delay,nas_delay
ELP,4,880,5.863636363636363,-0.4383561643835616,712,30.134831460674157,24.436781609195403,332,150.9879518072289,149.9156626506024,late_aircraft_delay,carrier_delay,nas_delay
ELP,5,988,6.437246963562753,1.6213991769547325,944,31.194915254237287,26.612765957446808,612,150.98039215686273,149.40522875816993,late_aircraft_delay,carrier_delay,nas_delay
ELP,6,1108,5.866425992779783,1.4528985507246377,836,30.803827751196174,28.401913875598087,456,149.640350877193,146.05357142857142,late_aircraft_delay,carrier_delay,nas_delay
ELP,7,972,6.004115226337449,2.0330578512396693,944,31.555084745762713,25.405982905982906,576,141.80555555555554,137.65972222222223,late_aircraft_delay,carrier_delay,nas_delay
ELP,8,664,5.704819277108434,0.9578313253012049,600,33.16,29.14864864864865,336,153.02380952380952,149.58333333333334,late_aircraft_delay,nas_delay,carrier_delay
ELP,9,604,5.867549668874172,-0.033112582781456956,532,32.30075187969925,26.30827067669173,228,130.80701754385964,127.15789473684211,late_aircraft_delay,carrier_delay,nas_delay
ELP,10,764,6.12041884816754,1.3298429319371727,456,31.289473684210527,26.719298245614034,204,156.45098039215685,153.2941176470588,late_aircraft_delay,carrier_delay,nas_delay
ELP,11,668,6.209580838323354,-0.6385542168674698,564,31.879432624113477,29.68794326241135,256,158.34375,158.91935483870967,late_aircraft_delay,carrier_delay,nas_delay
ELP,12,956,5.933054393305439,0.7857142857142857,636,32.38993710691824,26.854430379746834,420,156.45714285714286,155.9047619047619,late_aircraft_delay,carrier_delay,nas_delay
ESC,1,8,8.5,11.5,8,24.0,18.0,24,128.33333333333334,114.5,carrier_delay,nas_delay,canc_B
ESC,2,8,10.0,-2.5,4,20.0,-4.0,8,86.5,64.5,carrier_delay,Nessuna,Nessuna
ESC,3,4,3.0,-12.0,12,40.333333333333336,18.0,28,200.71428571428572,188.0,carrier_delay,weather_delay,nas_delay
ESC,4,16,9.25,2.5,4,57.0,60.0,16,137.75,129.5,carrier_delay,nas_delay,canc_A
ESC,5,12,2.0,1.6666666666666667,0,"","",12,101.66666666666667,95.0,carrier_delay,nas_delay,weather_delay
ESC,6,20,7.2,7.0,24,31.0,34.833333333333336,28,159.57142857142858,162.14285714285714,carrier_delay,nas_delay,weather_delay
ESC,7,12,5.333333333333333,13.666666666666666,20,30.4,29.2,20,388.6,411.2,carrier_delay,nas_delay,weather_delay
ESC,8,8,6.5,5.0,16,34.75,39.0,12,254.33333333333334,252.33333333333334,carrier_delay,nas_delay,weather_delay
ESC,9,0,"","",20,30.0,26.6,8,331.5,323.5,weather_delay,carrier_delay,nas_delay
ESC,10,4,5.0,9.0,8,43.5,38.0,20,107.4,96.4,carrier_delay,Nessuna,Nessuna
ESC,11,0,"","",32,34.25,21.625,12,190.33333333333334,179.66666666666666,carrier_delay,weather_delay,Nessuna
ESC,12,16,6.25,1.75,20,36.0,42.8,24,160.5,156.33333333333334,carrier_delay,nas_delay,canc_B
EUG,1,312,6.089743589743589,-0.6923076923076923,284,32.014084507042256,21.028169014084508,224,207.89285714285714,199.23214285714286,canc_B,carrier_delay,nas_delay
EUG,2,256,6.515625,-2.296875,140,35.82857142857143,28.714285714285715,148,182.35135135135135,180.48648648648648,nas_delay,late_aircraft_delay,carrier_delay
EUG,3,340,6.294117647058823,2.9647058823529413,244,33.18032786885246,36.40983606557377,160,125.05,121.39473684210526,nas_delay,carrier_delay,late_aircraft_delay
EUG,4,284,6.619718309859155,2.0140845070422535,224,30.892857142857142,26.339285714285715,112,128.82142857142858,123.85714285714286,carrier_delay,late_aircraft_delay,nas_delay
EUG,5,284,6.140845070422535,-2.4571428571428573,256,32.078125,26.984375,164,114.0,109.58536585365853,carrier_delay,nas_delay,late_aircraft_delay
EUG,6,476,5.630252100840337,-0.7796610169491526,308,30.350649350649352,24.584415584415584,128,108.25,105.5625,carrier_delay,late_aircraft_delay,nas_delay
EUG,7,416,6.384615384615385,0.9423076923076923,312,32.84615384615385,25.525641025641026,176,220.0909090909091,213.54545454545453,carrier_delay,late_aircraft_delay,nas_delay
EUG,8,300,5.253333333333333,-1.1756756756756757,224,27.767857142857142,27.410714285714285,124,178.3548387096774,177.41935483870967,carrier_delay,nas_delay,late_aircraft_delay
EUG,9,256,6.078125,0.7777777777777778,168,36.404761904761905,28.952380952380953,136,159.52941176470588,150.58823529411765,carrier_delay,late_aircraft_delay,nas_delay
EUG,10,340,6.105882352941176,-1.188235294117647,208,28.865384615384617,22.692307692307693,128,187.28125,183.125,carrier_delay,nas_delay,late_aircraft_delay
EUG,11,404,5.910891089108911,0.48514851485148514,244,30.65573770491803,22.327868852459016,132,205.8181818181818,205.875,carrier_delay,late_aircraft_delay,nas_delay
EUG,12,488,6.540983606557377,0.256198347107438,388,29.855670103092784,23.125,192,193.5,188.22916666666666,carrier_delay,late_aircraft_delay,nas_delay
EVV,1,64,7.3125,6.8125,60,30.266666666666666,24.866666666666667,80,149.5,149.5,nas_delay,late_aircraft_delay,carrier_delay
EVV,2,32,7.125,2.625,52,35.07692307692308,30.53846153846154,8,95.5,84.0,nas_delay,late_aircraft_delay,carrier_delay
EVV,3,40,6.2,-0.8,48,30.666666666666668,27.5,68,175.94117647058823,173.88235294117646,nas_delay,carrier_delay,late_aircraft_delay
EVV,4,40,6.9,8.2,52,32.76923076923077,31.923076923076923,48,180.25,182.08333333333334,nas_delay,carrier_delay,late_aircraft_delay
EVV,5,72,7.611111111111111,9.444444444444445,52,26.307692307692307,24.23076923076923,84,202.04761904761904,203.61904761904762,nas_delay,carrier_delay,weather_delay
EVV,6,88,6.7727272727272725,0.3181818181818182,80,32.95,30.15,56,117.35714285714286,107.6923076923077,late_aircraft_delay,nas_delay,carrier_delay
EVV,7,80,7.25,2.9,144,30.97222222222222,33.542857142857144,56,193.21428571428572,200.0,late_aircraft_delay,nas_delay,carrier_delay
EVV,8,76,5.0,-1.3157894736842106,52,40.53846153846154,33.15384615384615,40,122.2,116.1,late_aircraft_delay,nas_delay,carrier_delay
EVV,9,76,6.7368421052631575,17.0,52,34.15384615384615,33.92307692307692,48,134.08333333333334,133.0,nas_delay,carrier_delay,late_aircraft_delay
EVV,10,48,5.5,-2.8333333333333335,48,30.416666666666668,18.666666666666668,32,293.25,278.125,carrier_delay,late_aircraft_delay,nas_delay
EVV,11,52,7.076923076923077,0.23076923076923078,28,27.428571428571427,26.142857142857142,52,189.84615384615384,182.92307692307693,nas_delay,late_aircraft_delay,carrier_delay
EVV,12,88,6.909090909090909,-1.4545454545454546,76,35.21052631578947,24.526315789473685,76,165.73684210526315,151.6315789473684,nas_delay,carrier_delay,late_aircraft_delay
EWN,7,8,4.0,-15.0,24,35.0,19.0,20,302.4,288.0,late_aircraft_delay,canc_B,carrier_delay
EWN,8,20,10.0,3.8,12,47.0,43.333333333333336,16,325.25,314.25,late_aircraft_delay,carrier_delay,canc_B
EWN,9,0,"","",0,"","",4,163.0,159.0,nas_delay,late_aircraft_delay,Nessuna
EWR,1,5392,6.321958456973293,-2.1304996271439225,4772,32.043587594300085,22.76890756302521,2984,139.34584450402144,134.9758064516129,carrier_delay,nas_delay,late_aircraft_delay
EWR,2,4788,6.1077694235588975,-6.079899074852817,3728,31.38197424892704,19.47204301075269,1652,129.8232445520581,118.31067961165049,carrier_delay,nas_delay,late_aircraft_delay
EWR,3,5472,6.475877192982456,-4.865737344093911,5288,31.940242057488653,19.684889901290813,3212,134.50809464508094,123.46317103620474,carrier_delay,nas_delay,late_aircraft_delay
EWR,4,5444,6.501102130786187,-0.788659793814433,5368,32.3166915052161,25.669662921348316,3336,142.23621103117506,136.5379061371841,carrier_delay,nas_delay,late_aircraft_delay
EWR,5,6068,6.453526697429137,0.6356435643564357,6336,33.31818181818182,28.82688649334179,4268,129.0215557638238,127.03951081843839,nas_delay,carrier_delay,late_aircraft_delay
EWR,6,6576,6.231143552311435,-0.10561660561660562,5888,32.29008152173913,28.79550102249489,5008,156.90814696485623,157.56570512820514,carrier_delay,nas_delay,late_aircraft_delay
EWR,7,6492,6.4497843499691925,4.7334978408389885,6768,33.304964539007095,34.54982206405694,6836,162.0702165008777,161.74191651969429,carrier_delay,nas_delay,late_aircraft_delay
EWR,8,5992,6.462616822429907,2.8056300268096517,5732,31.538032100488486,27.928823114869626,4796,170.93994995829857,168.92707460184408,nas_delay,carrier_delay,late_aircraft_delay
EWR,9,4680,6.105982905982906,0.8361921097770154,4064,31.590551181102363,26.59328726554788,1956,146.28629856850716,146.0879345603272,nas_delay,carrier_delay,late_aircraft_delay
EWR,10,5064,6.138230647709321,-1.8189723320158102,4180,31.794258373205743,23.167464114832537,2580,125.96434108527131,115.14573643410853,carrier_delay,nas_delay,late_aircraft_delay
EWR,11,5400,6.29925925925926,0.37509266123054114,5336,33.00374812593703,26.931527464258842,3808,118.39075630252101,111.04535864978902,nas_delay,late_aircraft_delay,carrier_delay
EWR,12,7540,6.314058355437666,0.5901116427432217,7148,31.80022383883604,25.513468013468014,3812,127.8405036726128,120.76029567053854,carrier_delay,nas_delay,late_aircraft_delay
EYW,1,512,6.6796875,3.543307086614173,596,30.389261744966444,24.899328859060404,400,177.61,175.09278350515464,late_aircraft_delay,carrier_delay,nas_delay
EYW,2,632,7.132911392405063,6.624203821656051,436,30.422018348623855,28.155963302752294,256,199.4375,198.33333333333334,nas_delay,carrier_delay,late_aircraft_delay
EYW,3,560,7.45,6.0071942446043165,684,32.005847953216374,29.52409638554217,456,206.78947368421052,205.80733944954127,late_aircraft_delay,carrier_delay,nas_delay
EYW,4,516,6.6434108527131785,4.503875968992248,560,29.678571428571427,25.940298507462686,304,182.53947368421052,182.86486486486487,carrier_delay,late_aircraft_delay,nas_delay
EYW,5,320,7.075,6.227848101265823,396,32.292929292929294,38.645161290322584,416,186.21153846153845,190.14851485148515,late_aircraft_delay,nas_delay,carrier_delay
EYW,6,300,6.013333333333334,0.7702702702702703,312,32.782051282051285,32.64473684210526,236,174.71186440677965,172.36206896551724,late_aircraft_delay,nas_delay,carrier_delay
EYW,7,280,7.614285714285714,7.671428571428572,328,34.0,33.21518987341772,316,180.0632911392405,175.2077922077922,late_aircraft_delay,carrier_delay,nas_delay
EYW,8,164,6.536585365853658,9.951219512195122,216,32.48148148148148,33.094339622641506,220,166.70909090909092,164.3846153846154,late_aircraft_delay,nas_delay,carrier_delay
EYW,9,180,6.066666666666666,2.977272727272727,176,31.34090909090909,27.272727272727273,64,195.625,196.6875,nas_delay,late_aircraft_delay,carrier_delay
EYW,10,204,6.117647058823529,-0.0784313725490196,168,30.476190476190474,24.738095238095237,60,219.93333333333334,204.71428571428572,late_aircraft_delay,carrier_delay,canc_B
EYW,11,416,5.9326923076923075,2.5728155339805827,304,27.86842105263158,26.460526315789473,140,175.25714285714287,172.58823529411765,late_aircraft_delay,nas_delay,carrier_delay
EYW,12,420,6.333333333333333,-0.4857142857142857,460,32.48695652173913,28.06140350877193,352,206.125,207.71264367816093,late_aircraft_delay,carrier_delay,nas_delay
FAI,1,112,5.214285714285714,0.4642857142857143,92,33.17391304347826,22.869565217391305,80,105.75,101.5,nas_delay,late_aircraft_delay,carrier_delay
FAI,2,112,5.357142857142857,6.75,40,29.1,22.8,28,85.0,90.0,nas_delay,carrier_delay,weather_delay
FAI,3,156,5.743589743589744,2.076923076923077,120,28.2,22.3,52,104.3076923076923,102.23076923076923,late_aircraft_delay,nas_delay,carrier_delay
FAI,4,132,6.818181818181818,1.393939393939394,128,35.9375,24.3125,24,217.66666666666666,217.66666666666666,late_aircraft_delay,nas_delay,carrier_delay
FAI,5,200,6.88,-1.32,172,28.930232558139537,18.333333333333332,44,134.8181818181818,120.0909090909091,late_aircraft_delay,carrier_delay,nas_delay
FAI,6,296,6.202702702702703,4.121621621621622,172,29.162790697674417,22.697674418604652,76,182.05263157894737,178.68421052631578,late_aircraft_delay,carrier_delay,nas_delay
FAI,7,308,6.428571428571429,3.7662337662337664,276,28.594202898550726,20.884057971014492,108,216.92592592592592,217.40740740740742,nas_delay,late_aircraft_delay,carrier_delay
FAI,8,308,6.337662337662338,-2.7532467532467533,264,30.545454545454547,20.363636363636363,60,125.26666666666667,116.6,late_aircraft_delay,carrier_delay,nas_delay
FAI,9,168,5.023809523809524,-5.857142857142857,196,26.408163265306122,7.142857142857143,40,149.5,134.7,late_aircraft_delay,carrier_delay,nas_delay
FAI,10,156,5.641025641025641,2.282051282051282,104,31.884615384615383,27.53846153846154,24,252.5,246.5,nas_delay,late_aircraft_delay,carrier_delay
FAI,11,180,5.866666666666666,-1.8888888888888888,64,25.0,11.875,36,186.11111111111111,178.33333333333334,nas_delay,carrier_delay,late_aircraft_delay
FAI,12,140,6.3428571428571425,-3.3142857142857145,84,28.428571428571427,25.047619047619047,56,149.92857142857142,147.28571428571428,nas_delay,carrier_delay,late_aircraft_delay
FAR,1,332,6.204819277108434,0.5662650602409639,208,34.53846153846154,30.076923076923077,216,184.85185185185185,180.42592592592592,late_aircraft_delay,nas_delay,carrier_delay
FAR,2,144,5.055555555555555,-3.8333333333333335,104,22.26923076923077,15.384615384615385,140,309.8,296.51428571428573,nas_delay,carrier_delay,late_aircraft_delay
FAR,3,208,6.634615384615385,-2.1346153846153846,148,31.216216216216218,16.7027027027027,108,148.40740740740742,142.96296296296296,nas_delay,carrier_delay,late_aircraft_delay
FAR,4,164,6.951219512195122,1.5365853658536586,128,27.03125,20.1875,84,138.71428571428572,133.68421052631578,carrier_delay,nas_delay,late_aircraft_delay
FAR,5,240,6.066666666666666,3.2333333333333334,204,33.8235294117647,34.2,168,146.71428571428572,140.64285714285714,carrier_delay,nas_delay,late_aircraft_delay
FAR,6,328,7.109756097560975,6.646341463414634,272,34.80882352941177,35.588235294117645,264,175.56060606060606,175.6818181818182,nas_delay,carrier_delay,late_aircraft_delay
FAR,7,312,6.987179487179487,3.628205128205128,288,30.23611111111111,28.069444444444443,228,159.8421052631579,156.5438596491228,carrier_delay,nas_delay,late_aircraft_delay
FAR,8,228,5.473684210526316,4.385964912280702,228,30.94736842105263,33.03508771929825,188,178.6595744680851,175.25531914893617,nas_delay,carrier_delay,late_aircraft_delay
FAR,9,180,6.711111111111111,0.5555555555555556,172,30.209302325581394,25.6046511627907,84,148.9047619047619,137.23809523809524,carrier_delay,nas_delay,late_aircraft_delay
FAR,10,152,4.7105263157894735,-4.578947368421052,168,31.285714285714285,21.170731707317074,112,112.39285714285714,104.96428571428571,carrier_delay,late_aircraft_delay,nas_delay
FAR,11,312,7.038461538461538,7.935897435897436,236,31.508474576271187,29.1864406779661,164,185.1219512195122,186.925,nas_delay,carrier_delay,late_aircraft_delay
FAR,12,328,6.158536585365853,6.7560975609756095,336,28.773809523809526,23.952380952380953,292,249.6986301369863,251.88732394366198,nas_delay,carrier_delay,late_aircraft_delay
FAT,1,460,5.895652173913043,1.2608695652173914,420,32.72380952380952,26.66346153846154,228,121.0701754385965,115.0701754385965,late_aircraft_delay,carrier_delay,nas_delay
FAT,2,440,6.5181818181818185,0.5321100917431193,372,31.440860215053764,25.462365591397848,176,152.5681818181818,144.6046511627907,nas_delay,carrier_delay,late_aircraft_delay
FAT,3,420,6.247619047619048,4.644230769230769,432,30.59259259259259,26.01851851851852,236,153.5084745762712,151.76271186440678,nas_delay,late_aircraft_delay,carrier_delay
FAT,4,480,6.166666666666667,1.975,380,31.673684210526314,28.389473684210525,244,178.63934426229508,179.18032786885246,carrier_delay,nas_delay,late_aircraft_delay
FAT,5,612,6.326797385620915,1.6405228758169934,564,31.361702127659573,26.611510791366907,300,225.68,227.13698630136986,carrier_delay,late_aircraft_delay,nas_delay
FAT,6,620,6.445161290322581,2.4740259740259742,564,30.858156028368793,27.77857142857143,236,159.05084745762713,155.5084745762712,carrier_delay,nas_delay,late_aircraft_delay
FAT,7,572,6.489510489510489,2.5492957746478875,560,32.18571428571428,29.41726618705036,348,165.95402298850576,164.93103448275863,carrier_delay,late_aircraft_delay,nas_delay
FAT,8,528,5.583333333333333,2.1908396946564888,404,30.95049504950495,26.217821782178216,260,127.84615384615384,128.12307692307692,carrier_delay,late_aircraft_delay,nas_delay
FAT,9,500,5.4,-0.472,380,31.757894736842104,25.51578947368421,192,132.6875,131.51063829787233,carrier_delay,late_aircraft_delay,nas_delay
FAT,10,552,6.405797101449275,0.10869565217391304,360,30.633333333333333,26.144444444444446,152,162.73684210526315,163.44736842105263,carrier_delay,nas_delay,late_aircraft_delay
FAT,11,632,5.525316455696203,-0.5949367088607594,436,30.073394495412845,25.944444444444443,220,192.96363636363637,194.1851851851852,carrier_delay,nas_delay,late_aircraft_delay
FAT,12,680,6.5058823529411764,1.3411764705882352,720,32.172222222222224,28.178770949720672,416,176.91346153846155,178.02884615384616,nas_delay,carrier_delay,late_aircraft_delay
FAY,1,36,6.111111111111111,0.2222222222222222,32,24.5,19.285714285714285,40,154.0,160.4,nas_delay,carrier_delay,weather_delay
FAY,2,52,5.076923076923077,-7.0,32,25.5,16.25,8,194.0,158.0,carrier_delay,nas_delay,late_aircraft_delay
FAY,3,44,6.2727272727272725,-5.454545454545454,44,30.09090909090909,31.727272727272727,20,141.8,130.6,late_aircraft_delay,carrier_delay,nas_delay
FAY,4,52,6.923076923076923,1.6923076923076923,36,23.555555555555557,13.333333333333334,8,456.5,466.0,late_aircraft_delay,nas_delay,carrier_delay
FAY,5,68,5.705882352941177,5.117647058823529,16,28.0,25.0,48,166.41666666666666,165.25,late_aircraft_delay,nas_delay,carrier_delay
FAY,6,44,4.818181818181818,-4.363636363636363,32,29.25,21.75,24,299.1666666666667,296.3333333333333,carrier_delay,weather_delay,nas_delay
FAY,7,40,4.6,-1.5,36,26.88888888888889,41.111111111111114,56,181.21428571428572,182.71428571428572,carrier_delay,nas_delay,weather_delay
FAY,8,48,8.083333333333334,5.75,24,26.166666666666668,28.0,40,165.6,176.88888888888889,carrier_delay,nas_delay,late_aircraft_delay
FAY,9,48,4.583333333333333,6.333333333333333,60,33.13333333333333,32.46666666666667,60,214.73333333333332,221.26666666666668,nas_delay,late_aircraft_delay,carrier_delay
FAY,10,104,5.1923076923076925,1.6923076923076923,64,29.0625,21.0625,52,232.46153846153845,221.69230769230768,nas_delay,carrier_delay,late_aircraft_delay
FAY,11,68,5.588235294117647,1.5294117647058822,28,24.857142857142858,15.0,24,246.16666666666666,235.33333333333334,late_aircraft_delay,nas_delay,carrier_delay
FAY,12,100,5.12,-2.36,60,34.93333333333333,25.6,36,166.77777777777777,154.66666666666666,late_aircraft_delay,carrier_delay,nas_delay
FCA,1,180,7.2444444444444445,7.2,112,33.035714285714285,34.107142857142854,112,192.78571428571428,185.57142857142858,nas_delay,carrier_delay,weather_delay
FCA,2,164,4.634146341463414,5.7317073170731705,56,37.92857142857143,45.785714285714285,36,226.55555555555554,231.22222222222223,nas_delay,carrier_delay,late_aircraft_delay
FCA,3,152,4.921052631578948,-0.5526315789473685,52,30.76923076923077,17.46153846153846,32,191.0,184.5,nas_delay,carrier_delay,late_aircraft_delay
FCA,4,60,5.866666666666666,-4.333333333333333,60,33.666666666666664,25.133333333333333,24,202.16666666666666,202.83333333333334,carrier_delay,nas_delay,late_aircraft_delay
FCA,5,68,6.352941176470588,1.9411764705882353,104,33.0,23.73076923076923,76,147.89473684210526,136.21052631578948,late_aircraft_delay,carrier_delay,nas_delay
FCA,6,288,6.361111111111111,-0.75,236,31.983050847457626,24.440677966101696,120,242.63333333333333,234.93333333333334,late_aircraft_delay,nas_delay,carrier_delay
FCA,7,388,6.11340206185567,1.422680412371134,292,29.493150684931507,23.52054794520548,200,177.12,175.79591836734693,carrier_delay,late_aircraft_delay,nas_delay
FCA,8,360,6.155555555555556,2.1444444444444444,296,30.16216216216216,29.60810810810811,148,244.16216216216216,241.63888888888889,late_aircraft_delay,carrier_delay,nas_delay
FCA,9,220,5.345454545454546,1.290909090909091,112,30.678571428571427,20.571428571428573,48,146.83333333333334,143.83333333333334,carrier_delay,nas_delay,late_aircraft_delay
FCA,10,104,5.461538461538462,-6.3076923076923075,64,30.5,18.75,28,188.28571428571428,177.14285714285714,carrier_delay,late_aircraft_delay,nas_delay
FCA,11,84,6.333333333333333,1.380952380952381,52,37.69230769230769,46.07692307692308,28,145.57142857142858,152.16666666666666,nas_delay,carrier_delay,late_aircraft_delay
FCA,12,124,5.645161290322581,-1.1612903225806452,84,33.476190476190474,25.714285714285715,68,177.52941176470588,167.23529411764707,carrier_delay,nas_delay,late_aircraft_delay
FLG,1,28,8.0,11.142857142857142,28,36.0,43.57142857142857,40,205.9,208.6,carrier_delay,nas_delay,weather_delay
FLG,2,16,7.5,9.0,36,35.0,31.666666666666668,52,260.38461538461536,263.15384615384613,carrier_delay,nas_delay,weather_delay
FLG,3,20,4.8,5.6,36,45.666666666666664,50.888888888888886,64,292.375,296.0625,carrier_delay,nas_delay,weather_delay
FLG,4,20,4.2,3.4,20,30.4,31.4,36,118.33333333333333,114.88888888888889,nas_delay,carrier_delay,late_aircraft_delay
FLG,5,20,6.0,-0.2,12,23.666666666666668,9.5,32,138.5,145.75,carrier_delay,nas_delay,weather_delay
FLG,6,24,5.5,2.1666666666666665,48,30.916666666666668,32.75,60,197.4,178.28571428571428,carrier_delay,nas_delay,weather_delay
FLG,7,20,9.2,11.0,24,38.833333333333336,32.833333333333336,16,181.5,183.0,nas_delay,carrier_delay,weather_delay
FLG,8,16,4.75,1.25,32,32.5,27.875,20,189.4,190.4,carrier_delay,nas_delay,late_aircraft_delay
FLG,9,12,5.0,15.666666666666666,20,36.6,40.8,16,248.5,243.25,carrier_delay,late_aircraft_delay,nas_delay
FLG,10,36,7.0,6.777777777777778,76,36.73684210526316,30.42105263157895,92,152.30434782608697,154.2608695652174,carrier_delay,nas_delay,late_aircraft_delay
FLG,11,40,5.6,2.0,104,34.03846153846154,32.61538461538461,88,165.1818181818182,151.9090909090909,carrier_delay,late_aircraft_delay,nas_delay
FLG,12,56,7.857142857142857,4.785714285714286,48,38.833333333333336,33.333333333333336,52,239.76923076923077,233.0,carrier_delay,late_aircraft_delay,nas_delay
FLL,1,6988,6.4979965655409275,0.42117376294591485,7440,31.3747311827957,25.447939262472886,3392,132.50117924528303,127.95011876484561,carrier_delay,nas_delay,late_aircraft_delay
FLL,2,6456,6.325898389095415,2.8219602977667493,5604,30.740899357601712,26.014285714285716,2668,139.05247376311843,132.61144578313252,nas_delay,carrier_delay,late_aircraft_delay
FLL,3,6760,6.423668639053254,2.3935981031416715,7492,32.736252002135615,29.7,5056,145.08306962025316,143.20557768924303,nas_delay,carrier_delay,late_aircraft_delay
FLL,4,5860,6.180887372013652,1.2594113620807665,4928,31.26298701298701,25.523654159869494,2864,141.33938547486034,136.6451612903226,carrier_delay,nas_delay,late_aircraft_delay
FLL,5,5948,6.17350369872226,3.520974289580514,5516,31.660623640319074,30.290393013100438,3304,140.64164648910412,140.52984165651645,nas_delay,carrier_delay,late_aircraft_delay
FLL,6,5512,6.36066763425254,1.452485380116959,5428,32.97052321296979,28.771618625277164,3116,135.5147625160462,133.97671410090555,nas_delay,carrier_delay,late_aircraft_delay
FLL,7,5436,6.408388520971302,1.3884785819793206,5960,32.54228187919463,28.907868190988566,3864,139.9399585921325,136.51348547717842,carrier_delay,nas_delay,late_aircraft_delay
FLL,8,4944,6.302588996763754,2.5686433793663688,5508,32.025417574437185,29.943231441048034,3532,140.98187995469988,139.07272727272726,nas_delay,carrier_delay,late_aircraft_delay
FLL,9,4000,6.154,2.87,3488,30.488532110091743,29.722988505747125,1420,128.91267605633803,128.44350282485877,nas_delay,carrier_delay,late_aircraft_delay
FLL,10,4620,6.2623376623376625,0.15251299826689774,3088,29.985751295336787,23.41796875,1216,129.40131578947367,122.25082508250826,carrier_delay,nas_delay,late_aircraft_delay
FLL,11,4568,5.904553415061296,-2.6713409290096406,3204,30.382022471910112,22.305764411027567,1216,137.67434210526315,132.76897689768978,nas_delay,carrier_delay,late_aircraft_delay
FLL,12,6608,6.308111380145278,-0.5685679611650486,5824,31.563186813186814,25.326206896551724,3120,129.0102564102564,125.49290322580646,carrier_delay,late_aircraft_delay,nas_delay
FNT,1,76,5.157894736842105,9.210526315789474,84,32.714285714285715,47.38095238095238,52,220.30769230769232,221.23076923076923,nas_delay,carrier_delay,late_aircraft_delay
FNT,2,112,5.214285714285714,-5.25,76,31.157894736842106,21.0,36,135.66666666666666,131.11111111111111,nas_delay,late_aircraft_delay,carrier_delay
FNT,3,120,6.233333333333333,-1.1,88,31.318181818181817,32.40909090909091,80,127.75,127.7,nas_delay,late_aircraft_delay,carrier_delay
FNT,4,72,6.722222222222222,-1.0555555555555556,60,32.4,23.0,44,225.9090909090909,217.9090909090909,carrier_delay,nas_delay,late_aircraft_delay
FNT,5,72,7.0,1.1111111111111112,76,31.157894736842106,27.263157894736842,80,184.8,182.05,nas_delay,carrier_delay,late_aircraft_delay
FNT,6,84,7.333333333333333,2.3333333333333335,56,27.428571428571427,18.357142857142858,60,170.26666666666668,161.53333333333333,carrier_delay,weather_delay,nas_delay
FNT,7,116,5.655172413793103,2.5517241379310347,48,34.333333333333336,37.083333333333336,84,221.76190476190476,218.57142857142858,carrier_delay,nas_delay,late_aircraft_delay
FNT,8,64,5.375,5.9375,76,35.1578947368421,32.473684210526315,84,161.66666666666666,168.61904761904762,nas_delay,late_aircraft_delay,carrier_delay
FNT,9,96,5.375,-1.4166666666666667,68,31.470588235294116,29.58823529411765,52,117.0,109.0,carrier_delay,late_aircraft_delay,nas_delay
FNT,10,124,5.870967741935484,-2.5806451612903225,68,30.470588235294116,27.764705882352942,44,168.72727272727272,164.45454545454547,carrier_delay,late_aircraft_delay,nas_delay
FNT,11,104,6.346153846153846,2.8846153846153846,52,28.153846153846153,27.692307692307693,72,145.83333333333334,150.83333333333334,carrier_delay,nas_delay,late_aircraft_delay
FNT,12,156,6.358974358974359,5.282051282051282,144,33.888888888888886,27.771428571428572,68,165.05882352941177,152.8235294117647,nas_delay,carrier_delay,late_aircraft_delay
FOD,1,24,5.0,9.0,28,32.0,19.166666666666668,24,160.33333333333334,145.16666666666666,late_aircraft_delay,canc_B,carrier_delay
FOD,2,4,4.0,-1.0,4,27.0,17.0,12,82.33333333333333,68.0,late_aircraft_delay,weather_delay,Nessuna
FOD,3,12,7.333333333333333,18.0,24,40.833333333333336,45.166666666666664,32,269.125,267.75,late_aircraft_delay,nas_delay,carrier_delay
FOD,4,24,6.0,5.666666666666667,12,26.0,19.5,12,142.0,140.66666666666666,late_aircraft_delay,nas_delay,Nessuna
FOD,5,16,4.75,-1.5,24,24.166666666666668,27.666666666666668,20,181.6,186.6,late_aircraft_delay,nas_delay,canc_B
FOD,6,4,1.0,-6.0,36,37.333333333333336,31.22222222222222,20,334.2,331.8,late_aircraft_delay,nas_delay,carrier_delay
FOD,7,0,"","",40,34.5,31.4,28,361.7142857142857,359.42857142857144,late_aircraft_delay,nas_delay,canc_B
FOD,8,4,2.0,1.0,40,40.0,36.3,40,158.9,158.3,late_aircraft_delay,nas_delay,canc_B
FOD,9,8,4.0,0.5,44,30.90909090909091,36.63636363636363,16,350.5,344.5,late_aircraft_delay,nas_delay,carrier_delay
FOD,10,16,7.5,11.75,20,55.2,51.4,12,463.6666666666667,460.6666666666667,carrier_delay,late_aircraft_delay,nas_delay
FOD,11,20,5.4,0.4,8,25.0,13.0,16,132.0,134.0,carrier_delay,late_aircraft_delay,nas_delay
FOD,12,8,9.0,17.5,20,33.6,23.6,12,154.0,166.66666666666666,late_aircraft_delay,nas_delay,carrier_delay
FSD,1,352,6.454545454545454,8.772727272727273,336,30.452380952380953,30.916666666666668,244,158.95081967213116,162.9016393442623,nas_delay,weather_delay,carrier_delay
FSD,2,272,5.867647058823529,-4.850746268656716,232,33.43103448275862,21.379310344827587,136,173.94117647058823,169.58823529411765,carrier_delay,nas_delay,late_aircraft_delay
FSD,3,260,5.476923076923077,-3.1384615384615384,196,32.734693877551024,24.428571428571427,84,182.85714285714286,183.57142857142858,nas_delay,late_aircraft_delay,carrier_delay
FSD,4,240,6.45,-2.2666666666666666,176,33.38636363636363,28.272727272727273,72,177.27777777777777,182.58823529411765,nas_delay,carrier_delay,late_aircraft_delay
FSD,5,328,5.926829268292683,0.5121951219512195,180,35.666666666666664,28.488888888888887,164,185.9268292682927,187.6829268292683,nas_delay,late_aircraft_delay,carrier_delay
FSD,6,352,6.034090909090909,3.1704545454545454,320,30.4875,29.4625,256,172.015625,173.71875,nas_delay,carrier_delay,late_aircraft_delay
FSD,7,288,5.944444444444445,8.208333333333334,340,31.305882352941175,28.49411764705882,224,173.19642857142858,170.14285714285714,carrier_delay,nas_delay,late_aircraft_delay
FSD,8,304,5.368421052631579,3.026315789473684,324,31.296296296296298,31.3375,128,182.15625,179.90625,nas_delay,carrier_delay,late_aircraft_delay
FSD,9,260,5.184615384615385,-0.4307692307692308,212,29.962264150943398,23.92452830188679,64,124.75,114.8125,carrier_delay,nas_delay,late_aircraft_delay
FSD,10,280,5.442857142857143,0.2571428571428571,220,28.363636363636363,18.87272727272727,72,116.83333333333333,106.83333333333333,carrier_delay,nas_delay,late_aircraft_delay
FSD,11,384,6.25,7.0625,240,29.283333333333335,24.266666666666666,164,178.34146341463415,174.53658536585365,nas_delay,carrier_delay,late_aircraft_delay
FSD,12,464,5.879310344827586,0.49137931034482757,312,31.987179487179485,26.243589743589745,268,200.02985074626866,198.92424242424244,nas_delay,carrier_delay,late_aircraft_delay
FSM,1,40,5.1,11.4,48,27.916666666666668,31.0,44,319.09090909090907,324.45454545454544,nas_delay,carrier_delay,canc_B
FSM,2,40,8.7,11.1,20,36.4,39.8,4,126.0,124.0,nas_delay,late_aircraft_delay,carrier_delay
FSM,3,48,5.75,5.583333333333333,44,28.727272727272727,21.818181818181817,20,144.4,138.2,nas_delay,late_aircraft_delay,carrier_delay
FSM,4,24,4.0,3.0,44,26.454545454545453,21.727272727272727,20,139.6,148.6,weather_delay,late_aircraft_delay,nas_delay
FSM,5,68,6.9411764705882355,10.588235294117647,80,27.35,28.95,52,132.07692307692307,134.3846153846154,nas_delay,late_aircraft_delay,carrier_delay
FSM,6,64,6.25,-2.375,88,32.68181818181818,24.5,76,131.52631578947367,122.73684210526316,late_aircraft_delay,nas_delay,carrier_delay
FSM,7,28,7.0,11.714285714285714,60,32.46666666666667,25.0,52,135.0,132.3846153846154,late_aircraft_delay,carrier_delay,nas_delay
FSM,8,44,8.181818181818182,-1.0,40,37.2,35.7,20,145.6,135.4,late_aircraft_delay,nas_delay,carrier_delay
FSM,9,36,6.111111111111111,6.444444444444445,32,31.875,22.75,16,135.5,114.75,late_aircraft_delay,nas_delay,carrier_delay
FSM,10,24,5.166666666666667,24.0,28,31.571428571428573,17.714285714285715,8,102.5,103.5,nas_delay,carrier_delay,late_aircraft_delay
FSM,11,64,5.6875,-11.1875,20,25.0,16.8,16,114.0,90.0,late_aircraft_delay,canc_B,carrier_delay
FSM,12,40,5.9,-3.1,28,42.0,29.714285714285715,20,295.8,301.4,late_aircraft_delay,nas_delay,carrier_delay
FWA,1,144,6.972222222222222,4.694444444444445,188,31.638297872340427,39.02127659574468,172,162.11627906976744,158.27906976744185,nas_delay,carrier_delay,late_aircraft_delay
FWA,2,172,7.1395348837209305,-0.4186046511627907,148,29.324324324324323,20.83783783783784,72,182.72222222222223,171.72222222222223,carrier_delay,nas_delay,late_aircraft_delay
FWA,3,228,6.7368421052631575,-0.875,176,30.431818181818183,21.863636363636363,120,150.7,149.2,nas_delay,carrier_delay,late_aircraft_delay
FWA,4,184,5.217391304347826,-2.6956521739130435,160,33.25,26.3,140,146.8,148.2941176470588,carrier_delay,nas_delay,late_aircraft_delay
FWA,5,136,5.5588235294117645,2.764705882352941,176,33.04545454545455,25.90909090909091,204,198.09803921568627,197.94,carrier_delay,nas_delay,late_aircraft_delay
FWA,6,220,7.181818181818182,-0.8545454545454545,212,33.679245283018865,30.264150943396228,204,162.19607843137254,154.62745098039215,carrier_delay,late_aircraft_delay,nas_delay
FWA,7,184,7.086956521739131,5.695652173913044,252,31.571428571428573,32.904761904761905,232,136.91379310344828,139.39655172413794,carrier_delay,nas_delay,late_aircraft_delay
FWA,8,168,7.4523809523809526,4.833333333333333,208,32.84615384615385,29.0,180,163.82222222222222,164.93333333333334,carrier_delay,nas_delay,late_aircraft_delay
FWA,9,184,4.934782608695652,-1.5434782608695652,156,31.897435897435898,30.487179487179485,128,164.59375,163.0625,carrier_delay,nas_delay,late_aircraft_delay
FWA,10,196,6.612244897959184,-0.5510204081632653,168,29.785714285714285,22.19047619047619,172,137.02325581395348,127.0,carrier_delay,late_aircraft_delay,nas_delay
FWA,11,232,6.758620689655173,0.29310344827586204,180,29.977777777777778,21.355555555555554,100,187.88,182.20833333333334,carrier_delay,nas_delay,late_aircraft_delay
FWA,12,244,6.295081967213115,-0.2459016393442623,240,32.61666666666667,26.35,240,175.45,174.74576271186442,carrier_delay,nas_delay,late_aircraft_delay
GCC,1,8,2.5,21.5,12,32.333333333333336,34.333333333333336,24,183.0,185.5,nas_delay,carrier_delay,canc_B
GCC,2,24,8.833333333333334,10.4,12,21.333333333333332,10.0,8,124.5,131.0,carrier_delay,nas_delay,canc_B
GCC,3,8,9.0,12.0,4,15.0,1.0,12,176.0,203.0,nas_delay,carrier_delay,canc_B
GCC,4,20,6.2,8.0,0,"","",16,297.75,296.5,carrier_delay,nas_delay,late_aircraft_delay
GCC,5,8,8.5,8.0,8,36.5,26.0,12,244.66666666666666,242.0,nas_delay,weather_delay,carrier_delay
GCC,6,20,7.8,6.2,16,34.25,29.75,16,165.25,170.75,carrier_delay,nas_delay,late_aircraft_delay
GCC,7,16,4.75,6.0,8,34.0,37.0,16,203.75,206.25,carrier_delay,nas_delay,late_aircraft_delay
GCC,8,32,5.625,0.5,12,17.333333333333332,43.333333333333336,24,265.3333333333333,301.6,nas_delay,late_aircraft_delay,carrier_delay
GCC,9,4,9.0,0.0,8,30.5,32.5,12,107.33333333333333,82.0,late_aircraft_delay,nas_delay,carrier_delay
GCC,10,16,7.75,2.25,12,26.666666666666668,18.666666666666668,20,266.8,263.6,weather_delay,nas_delay,carrier_delay
GCC,11,24,2.6666666666666665,11.666666666666666,20,24.8,14.4,24,91.16666666666667,100.0,carrier_delay,nas_delay,late_aircraft_delay
GCC,12,20,7.4,-0.8,16,37.75,28.75,16,437.0,430.25,carrier_delay,late_aircraft_delay,nas_delay
GCK,1,4,4.0,-8.0,20,28.4,42.4,24,295.8333333333333,299.6666666666667,carrier_delay,canc_B,nas_delay
GCK,2,12,4.0,-3.6666666666666665,24,27.666666666666668,33.5,4,207.0,210.0,nas_delay,carrier_delay,weather_delay
GCK,3,36,4.444444444444445,4.888888888888889,56,32.42857142857143,30.928571428571427,20,118.0,118.2,carrier_delay,nas_delay,late_aircraft_delay
GCK,4,28,8.285714285714286,8.0,24,28.833333333333332,37.166666666666664,28,230.71428571428572,226.85714285714286,carrier_delay,nas_delay,late_aircraft_delay
GCK,5,20,8.6,7.0,32,25.25,32.625,24,187.0,189.5,carrier_delay,nas_delay,late_aircraft_delay
GCK,6,32,6.0,8.375,4,59.0,61.0,28,107.0,107.57142857142857,nas_delay,late_aircraft_delay,carrier_delay
GCK,7,56,5.214285714285714,10.785714285714286,28,30.428571428571427,38.42857142857143,12,93.33333333333333,96.33333333333333,nas_delay,carrier_delay,late_aircraft_delay
GCK,8,44,4.2727272727272725,4.545454545454546,32,22.5,25.0,20,199.8,203.8,late_aircraft_delay,nas_delay,carrier_delay
GCK,9,40,6.9,6.2,12,32.0,24.0,4,117.0,129.0,carrier_delay,nas_delay,weather_delay
GCK,10,32,8.0,-1.0,8,32.0,22.0,28,157.28571428571428,155.28571428571428,carrier_delay,nas_delay,late_aircraft_delay
GCK,11,40,6.6,-1.2,24,29.333333333333332,20.666666666666668,16,185.5,177.0,carrier_delay,nas_delay,late_aircraft_delay
GCK,12,40,6.1,-4.7,24,31.0,33.833333333333336,28,173.71428571428572,179.71428571428572,carrier_delay,nas_delay,late_aircraft_delay
GEG,1,876,6.0091324200913245,0.8949771689497716,612,32.22875816993464,28.725490196078432,320,211.25,208.95,nas_delay,carrier_delay,late_aircraft_delay
GEG,2,528,5.840909090909091,1.8484848484848484,344,31.848837209302324,28.906976744186046,176,170.38636363636363,164.27906976744185,nas_delay,carrier_delay,late_aircraft_delay
GEG,3,684,5.695906432748538,0.6491228070175439,472,34.09322033898305,27.905982905982906,192,201.79166666666666,190.85416666666666,late_aircraft_delay,carrier_delay,nas_delay
GEG,4,688,5.877906976744186,0.7558139534883721,420,29.857142857142858,24.561904761904763,144,113.19444444444444,113.25,carrier_delay,late_aircraft_delay,nas_delay
GEG,5,840,5.9904761904761905,-0.11428571428571428,600,31.626666666666665,23.886666666666667,228,162.3859649122807,158.71929824561403,late_aircraft_delay,carrier_delay,nas_delay
GEG,6,1032,6.848837209302325,0.0546875,712,29.06179775280899,21.03932584269663,332,121.50602409638554,114.72289156626506,late_aircraft_delay,carrier_delay,nas_delay
GEG,7,1232,6.0064935064935066,0.13029315960912052,768,30.572916666666668,24.198952879581153,432,171.0462962962963,167.58333333333334,carrier_delay,late_aircraft_delay,nas_delay
GEG,8,1068,6.415730337078652,3.7030075187969924,720,31.0,27.89325842696629,264,143.8181818181818,143.21212121212122,nas_delay,late_aircraft_delay,carrier_delay
GEG,9,824,5.728155339805825,2.3349514563106797,520,30.4,24.784615384615385,180,151.9111111111111,148.4,nas_delay,late_aircraft_delay,carrier_delay
GEG,10,784,5.821428571428571,0.6581632653061225,320,29.1375,23.9625,184,177.2608695652174,173.2173913043478,carrier_delay,nas_delay,late_aircraft_delay
GEG,11,776,6.149484536082475,0.22164948453608246,496,28.427419354838708,22.137096774193548,188,141.4468085106383,139.6888888888889,nas_delay,carrier_delay,late_aircraft_delay
GEG,12,1032,6.329457364341085,2.050387596899225,724,30.07182320441989,24.455555555555556,312,145.56410256410257,141.57692307692307,carrier_delay,nas_delay,late_aircraft_delay
GFK,1,72,5.444444444444445,0.5555555555555556,36,31.77777777777778,26.666666666666668,56,150.85714285714286,144.21428571428572,carrier_delay,nas_delay,late_aircraft_delay
GFK,2,12,5.333333333333333,-3.3333333333333335,16,39.5,49.5,28,241.42857142857142,233.28571428571428,nas_delay,carrier_delay,canc_B
GFK,3,44,6.636363636363637,-4.090909090909091,24,34.833333333333336,40.666666666666664,16,78.25,71.0,carrier_delay,nas_delay,weather_delay
GFK,4,24,8.333333333333334,-7.666666666666667,12,39.0,29.333333333333332,20,98.8,87.8,carrier_delay,late_aircraft_delay,weather_delay
GFK,5,8,5.5,-1.5,32,32.625,24.75,12,160.0,153.33333333333334,carrier_delay,late_aircraft_delay,weather_delay
GFK,6,36,7.777777777777778,19.444444444444443,56,36.857142857142854,50.0,40,156.3,162.5,nas_delay,carrier_delay,weather_delay
GFK,7,20,5.4,2.2,44,33.0,31.727272727272727,44,152.36363636363637,148.54545454545453,carrier_delay,nas_delay,weather_delay
GFK,8,32,6.625,21.25,48,35.25,45.5,36,152.22222222222223,160.0,nas_delay,carrier_delay,weather_delay
GFK,9,24,5.833333333333333,-4.333333333333333,44,28.545454545454547,22.181818181818183,4,642.0,623.0,carrier_delay,nas_delay,weather_delay
GFK,10,24,4.0,-0.8333333333333334,4,52.0,33.0,20,102.2,96.0,carrier_delay,nas_delay,weather_delay
GFK,11,56,5.0,5.714285714285714,20,28.4,17.2,12,105.0,103.33333333333333,carrier_delay,nas_delay,weather_delay
GFK,12,68,5.764705882352941,2.0588235294117645,44,37.45454545454545,38.54545454545455,56,181.92857142857142,174.28571428571428,nas_delay,late_aircraft_delay,carrier_delay
GGG,1,12,7.333333333333333,16.0,16,34.0,40.5,24,133.66666666666666,142.0,carrier_delay,nas_delay,weather_delay
GGG,2,0,"","",8,22.5,21.0,28,169.57142857142858,169.42857142857142,carrier_delay,nas_delay,late_aircraft_delay
GGG,3,0,"","",16,37.0,35.25,16,227.5,232.5,weather_delay,nas_delay,carrier_delay
GGG,4,8,8.5,0.5,0,"","",40,150.2,149.0,nas_delay,weather_delay,carrier_delay
GGG,5,20,4.0,1.4,16,28.5,22.25,44,175.45454545454547,175.63636363636363,carrier_delay,late_aircraft_delay,nas_delay
GGG,6,12,4.666666666666667,1.6666666666666667,12,37.0,35.0,24,142.66666666666666,122.5,late_aircraft_delay,nas_delay,weather_delay
GGG,7,28,4.428571428571429,2.5714285714285716,32,35.25,31.375,20,98.4,86.4,carrier_delay,late_aircraft_delay,nas_delay
GGG,8,24,2.6666666666666665,0.16666666666666666,28,36.142857142857146,31.0,20,113.2,104.2,late_aircraft_delay,carrier_delay,nas_delay
GGG,9,36,4.666666666666667,0.3333333333333333,16,38.25,33.5,20,145.2,135.0,carrier_delay,late_aircraft_delay,nas_delay
GGG,10,8,2.5,30.5,36,34.22222222222222,31.0,12,164.66666666666666,153.0,carrier_delay,nas_delay,Nessuna
GGG,11,24,8.333333333333334,6.5,40,34.3,23.4,28,108.57142857142857,111.57142857142857,carrier_delay,nas_delay,late_aircraft_delay
GGG,12,20,5.8,-2.2,20,35.0,23.8,32,147.5,141.875,carrier_delay,canc_B,nas_delay
GJT,1,96,6.291666666666667,1.3333333333333333,112,31.714285714285715,23.607142857142858,76,228.57894736842104,223.31578947368422,carrier_delay,late_aircraft_delay,nas_delay
GJT,2,92,7.434782608695652,4.826086956521739,92,31.47826086956522,27.17391304347826,68,166.11764705882354,161.88235294117646,carrier_delay,nas_delay,late_aircraft_delay
GJT,3,108,6.814814814814815,14.481481481481481,120,30.7,35.827586206896555,28,383.0,381.57142857142856,nas_delay,late_aircraft_delay,carrier_delay
GJT,4,96,7.583333333333333,7.708333333333333,56,37.57142857142857,36.142857142857146,40,232.3,236.5,nas_delay,carrier_delay,late_aircraft_delay
GJT,5,116,7.068965517241379,3.7241379310344827,104,34.03846153846154,28.44,132,154.63636363636363,159.58064516129033,nas_delay,carrier_delay,late_aircraft_delay
GJT,6,144,7.305555555555555,9.277777777777779,132,34.09090909090909,25.96969696969697,112,247.32142857142858,246.10714285714286,carrier_delay,nas_delay,late_aircraft_delay
GJT,7,136,6.5,2.0294117647058822,172,29.6046511627907,25.232558139534884,96,249.04166666666666,246.45833333333334,late_aircraft_delay,carrier_delay,nas_delay
GJT,8,128,8.21875,7.625,136,31.88235294117647,31.029411764705884,68,217.94117647058823,215.2941176470588,nas_delay,carrier_delay,late_aircraft_delay
GJT,9,108,5.111111111111111,2.962962962962963,108,29.62962962962963,25.846153846153847,64,238.8125,230.9375,nas_delay,carrier_delay,late_aircraft_delay
GJT,10,132,6.151515151515151,-2.4545454545454546,80,30.05,19.4,100,197.92,185.84,carrier_delay,late_aircraft_delay,nas_delay
GJT,11,152,6.368421052631579,4.552631578947368,124,34.12903225806452,29.322580645161292,132,155.5151515151515,157.12121212121212,nas_delay,carrier_delay,late_aircraft_delay
GJT,12,200,5.94,1.84,112,35.642857142857146,28.714285714285715,52,173.15384615384616,162.76923076923077,carrier_delay,nas_delay,late_aircraft_delay
GNV,1,116,5.620689655172414,-5.586206896551724,96,30.958333333333332,22.166666666666668,36,99.77777777777777,102.33333333333333,late_aircraft_delay,carrier_delay,nas_delay
GNV,2,92,6.043478260869565,-1.6363636363636365,44,42.72727272727273,37.09090909090909,8,275.5,244.5,carrier_delay,late_aircraft_delay,nas_delay
GNV,3,108,6.37037037037037,1.2962962962962963,92,29.434782608695652,23.565217391304348,40,153.7,145.2,late_aircraft_delay,carrier_delay,nas_delay
GNV,4,136,5.705882352941177,2.4705882352941178,56,38.857142857142854,31.357142857142858,76,172.21052631578948,170.89473684210526,late_aircraft_delay,carrier_delay,nas_delay
GNV,5,116,7.448275862068965,4.0,60,29.8,27.133333333333333,100,297.56,257.1304347826087,carrier_delay,late_aircraft_delay,nas_delay
GNV,6,152,6.421052631578948,-1.0789473684210527,120,29.766666666666666,21.0,80,109.75,108.26315789473684,late_aircraft_delay,carrier_delay,weather_delay
GNV,7,116,5.862068965517241,3.2142857142857144,172,33.76744186046512,29.761904761904763,168,144.57142857142858,143.76190476190476,late_aircraft_delay,carrier_delay,nas_delay
GNV,8,144,5.027777777777778,2.9722222222222223,108,30.77777777777778,25.296296296296298,80,182.7,174.9,late_aircraft_delay,carrier_delay,nas_delay
GNV,9,104,7.038461538461538,-4.0,72,32.72222222222222,25.77777777777778,60,122.73333333333333,117.4,late_aircraft_delay,nas_delay,carrier_delay
GNV,10,64,6.8125,-2.5,40,32.5,23.6,28,147.85714285714286,140.28571428571428,late_aircraft_delay,canc_B,carrier_delay
GNV,11,76,7.0,-0.3157894736842105,92,34.17391304347826,24.869565217391305,36,263.55555555555554,260.77777777777777,carrier_delay,nas_delay,late_aircraft_delay
GNV,12,132,6.363636363636363,-0.45454545454545453,88,24.90909090909091,19.363636363636363,68,152.2941176470588,146.64705882352942,carrier_delay,nas_delay,late_aircraft_delay
GPT,1,64,6.0,4.8125,100,31.92,25.16,84,204.1904761904762,208.0,late_aircraft_delay,nas_delay,weather_delay
GPT,2,48,5.083333333333333,-2.4166666666666665,64,29.375,25.375,28,287.14285714285717,276.42857142857144,carrier_delay,nas_delay,late_aircraft_delay
GPT,3,100,6.8,3.1666666666666665,60,28.933333333333334,26.0,44,200.45454545454547,200.36363636363637,late_aircraft_delay,nas_delay,carrier_delay
GPT,4,120,6.466666666666667,6.433333333333334,72,31.5,30.61111111111111,64,234.125,238.5,nas_delay,late_aircraft_delay,carrier_delay
GPT,5,152,7.026315789473684,6.157894736842105,108,32.48148148148148,32.96296296296296,116,175.06896551724137,172.71428571428572,late_aircraft_delay,nas_delay,carrier_delay
GPT,6,100,6.44,4.24,168,30.523809523809526,25.404761904761905,80,207.65,197.95,late_aircraft_delay,carrier_delay,nas_delay
GPT,7,80,5.8,1.7,156,36.58974358974359,33.69230769230769,132,222.4848484848485,218.36363636363637,late_aircraft_delay,carrier_delay,nas_delay
GPT,8,72,6.666666666666667,2.388888888888889,84,31.142857142857142,26.25,68,198.2941176470588,189.52941176470588,late_aircraft_delay,nas_delay,carrier_delay
GPT,9,68,7.294117647058823,8.117647058823529,104,32.07692307692308,27.46153846153846,92,200.95652173913044,193.7391304347826,late_aircraft_delay,carrier_delay,nas_delay
GPT,10,88,5.863636363636363,2.8181818181818183,88,32.95454545454545,27.181818181818183,20,117.6,111.6,late_aircraft_delay,carrier_delay,nas_delay
GPT,11,84,6.428571428571429,4.476190476190476,72,32.22222222222222,27.27777777777778,28,232.71428571428572,250.71428571428572,nas_delay,carrier_delay,late_aircraft_delay
GPT,12,120,5.933333333333334,3.8666666666666667,116,33.206896551724135,32.206896551724135,96,173.0,180.79166666666666,nas_delay,late_aircraft_delay,carrier_delay
GRB,1,128,5.84375,4.8125,108,35.925925925925924,26.11111111111111,208,191.57692307692307,182.44230769230768,carrier_delay,nas_delay,canc_B
GRB,2,72,8.055555555555555,0.5,48,30.25,26.916666666666668,96,232.95833333333334,218.0,nas_delay,carrier_delay,weather_delay
GRB,3,92,5.956521739130435,-3.652173913043478,116,36.89655172413793,30.75862068965517,88,146.13636363636363,135.86363636363637,carrier_delay,nas_delay,late_aircraft_delay
GRB,4,124,7.193548387096774,6.967741935483871,80,30.95,30.2,116,198.93103448275863,195.6551724137931,carrier_delay,nas_delay,late_aircraft_delay
GRB,5,96,6.416666666666667,8.708333333333334,124,35.483870967741936,29.548387096774192,160,177.275,177.475,carrier_delay,nas_delay,late_aircraft_delay
GRB,6,120,5.833333333333333,7.6,180,31.622222222222224,38.15909090909091,144,187.0,189.05555555555554,carrier_delay,nas_delay,late_aircraft_delay
GRB,7,68,7.764705882352941,10.764705882352942,104,33.73076923076923,34.76923076923077,120,142.96666666666667,143.93333333333334,carrier_delay,nas_delay,late_aircraft_delay
GRB,8,116,8.03448275862069,7.620689655172414,188,33.53191489361702,31.74468085106383,100,122.0,121.96,nas_delay,carrier_delay,late_aircraft_delay
GRB,9,156,5.871794871794871,3.0,172,28.232558139534884,23.27906976744186,68,117.17647058823529,116.17647058823529,carrier_delay,nas_delay,late_aircraft_delay
GRB,10,128,6.15625,2.40625,80,35.0,30.2,48,102.66666666666667,90.66666666666667,carrier_delay,nas_delay,late_aircraft_delay
GRB,11,100,5.12,1.24,128,31.9375,24.78125,80,153.7,147.7,carrier_delay,nas_delay,weather_delay
GRB,12,100,6.84,3.68,108,30.333333333333332,23.40740740740741,144,211.08333333333334,201.63888888888889,carrier_delay,nas_delay,weather_delay
GRI,1,28,5.714285714285714,13.285714285714286,32,26.0,33.75,52,191.23076923076923,197.30769230769232,carrier_delay,nas_delay,canc_B
GRI,2,20,6.4,6.2,24,35.0,25.666666666666668,4,410.0,408.0,nas_delay,carrier_delay,late_aircraft_delay
GRI,3,40,5.8,2.1,24,36.5,27.333333333333332,16,133.25,155.0,nas_delay,carrier_delay,late_aircraft_delay
GRI,4,36,8.11111111111111,-3.5,16,28.75,23.25,32,216.875,223.875,carrier_delay,nas_delay,late_aircraft_delay
GRI,5,64,6.5625,-0.625,40,30.2,22.5,28,297.85714285714283,293.7142857142857,carrier_delay,weather_delay,nas_delay
GRI,6,28,4.142857142857143,-1.4285714285714286,24,24.5,17.2,60,132.86666666666667,131.73333333333332,carrier_delay,nas_delay,late_aircraft_delay
GRI,7,20,4.6,2.6,28,29.428571428571427,26.714285714285715,12,221.66666666666666,214.0,carrier_delay,nas_delay,late_aircraft_delay
GRI,8,32,5.125,3.375,56,28.571428571428573,29.285714285714285,20,238.0,236.4,nas_delay,carrier_delay,late_aircraft_delay
GRI,9,28,7.714285714285714,3.0,44,30.727272727272727,33.09090909090909,28,192.42857142857142,186.85714285714286,carrier_delay,nas_delay,weather_delay
GRI,10,72,6.777777777777778,-0.7777777777777778,48,36.416666666666664,30.0,20,159.2,161.2,carrier_delay,late_aircraft_delay,nas_delay
GRI,11,56,5.857142857142857,3.4285714285714284,16,33.5,43.0,64,274.6875,273.8125,carrier_delay,nas_delay,weather_delay
GRI,12,52,5.0,-3.8461538461538463,76,31.05263157894737,28.42105263157895,56,187.07142857142858,183.71428571428572,carrier_delay,nas_delay,late_aircraft_delay
GRK,1,36,6.555555555555555,3.3333333333333335,60,33.06666666666667,40.0,60,122.93333333333334,118.46666666666667,carrier_delay,nas_delay,late_aircraft_delay
GRK,2,40,7.4,2.6,24,21.333333333333332,22.833333333333332,8,89.0,86.5,nas_delay,carrier_delay,late_aircraft_delay
GRK,3,60,6.6,6.466666666666667,52,26.307692307692307,28.76923076923077,36,84.44444444444444,78.11111111111111,late_aircraft_delay,nas_delay,carrier_delay
GRK,4,60,7.6,0.26666666666666666,36,37.333333333333336,41.0,64,215.3125,222.625,nas_delay,carrier_delay,late_aircraft_delay
GRK,5,60,6.266666666666667,6.866666666666666,104,33.0,31.26923076923077,88,163.04545454545453,168.04545454545453,carrier_delay,nas_delay,late_aircraft_delay
GRK,6,96,6.333333333333333,4.666666666666667,112,32.892857142857146,32.82142857142857,88,151.6818181818182,146.5,late_aircraft_delay,carrier_delay,nas_delay
GRK,7,96,5.833333333333333,2.375,120,35.4,31.066666666666666,92,133.7391304347826,131.6086956521739,late_aircraft_delay,carrier_delay,nas_delay
GRK,8,104,6.769230769230769,2.423076923076923,84,31.714285714285715,28.80952380952381,28,244.57142857142858,237.71428571428572,late_aircraft_delay,carrier_delay,nas_delay
GRK,9,120,6.033333333333333,5.066666666666666,76,32.63157894736842,32.526315789473685,36,124.0,119.22222222222223,late_aircraft_delay,carrier_delay,nas_delay
GRK,10,72,7.388888888888889,3.9444444444444446,56,27.0,19.428571428571427,28,122.0,116.28571428571429,carrier_delay,nas_delay,late_aircraft_delay
GRK,11,60,7.6,2.6666666666666665,80,28.85,28.85,52,109.46153846153847,104.15384615384616,late_aircraft_delay,carrier_delay,nas_delay
GRK,12,84,6.428571428571429,12.333333333333334,68,31.058823529411764,28.941176470588236,20,137.4,136.8,late_aircraft_delay,nas_delay,carrier_delay
GRR,1,780,6.897435897435898,9.133333333333333,772,31.683937823834196,32.234375,716,199.0558659217877,207.3988764044944,nas_delay,late_aircraft_delay,carrier_delay
GRR,2,544,5.970588235294118,-4.536764705882353,444,30.54954954954955,20.89090909090909,280,179.65714285714284,175.71428571428572,nas_delay,late_aircraft_delay,carrier_delay
GRR,3,600,6.233333333333333,4.1,668,31.38323353293413,27.676646706586826,400,197.54,199.44,nas_delay,late_aircraft_delay,carrier_delay
GRR,4,536,5.813432835820896,-1.5970149253731343,492,32.447154471544714,26.016260162601625,264,154.5909090909091,148.21212121212122,late_aircraft_delay,nas_delay,carrier_delay
GRR,5,668,6.473053892215569,4.090361445783133,556,31.820143884892087,29.179856115107913,444,148.13513513513513,151.12612612612614,nas_delay,late_aircraft_delay,carrier_delay
GRR,6,860,6.669767441860465,4.241860465116279,828,31.719806763285025,27.825242718446603,512,149.984375,150.09375,late_aircraft_delay,nas_delay,carrier_delay
GRR,7,908,6.066079295154185,3.7224669603524227,800,33.745,32.89,604,159.6887417218543,158.62666666666667,late_aircraft_delay,nas_delay,carrier_delay
GRR,8,876,6.45662100456621,2.2511415525114153,804,31.213930348258707,31.019900497512438,380,160.03157894736842,162.32631578947368,nas_delay,late_aircraft_delay,carrier_delay
GRR,9,792,5.863636363636363,2.95959595959596,484,29.619834710743802,25.52892561983471,180,160.84444444444443,156.93333333333334,nas_delay,carrier_delay,late_aircraft_delay
GRR,10,648,5.944444444444445,0.0,420,31.01904761904762,25.295238095238094,188,173.91489361702128,168.5744680851064,carrier_delay,late_aircraft_delay,nas_delay
GRR,11,588,5.8979591836734695,4.020408163265306,504,30.896825396825395,29.904761904761905,296,159.04054054054055,160.0,nas_delay,carrier_delay,late_aircraft_delay
GRR,12,956,6.2133891213389125,6.819327731092437,776,31.701030927835053,31.067708333333332,496,187.4516129032258,186.33333333333334,nas_delay,carrier_delay,late_aircraft_delay
GSO,1,340,6.023529411764706,1.0,252,34.25396825396825,31.841269841269842,280,176.78571428571428,170.45714285714286,nas_delay,late_aircraft_delay,carrier_delay
GSO,2,248,6.080645161290323,-1.2419354838709677,188,29.893617021276597,22.382978723404257,124,191.58064516129033,184.8709677419355,nas_delay,carrier_delay,late_aircraft_delay
GSO,3,336,6.130952380952381,-0.16666666666666666,196,30.93877551020408,25.163265306122447,144,163.61111111111111,161.97222222222223,nas_delay,late_aircraft_delay,carrier_delay
GSO,4,424,6.754716981132075,5.180952380952381,216,27.48148148148148,27.14814814814815,164,178.6341463414634,177.73170731707316,nas_delay,carrier_delay,late_aircraft_delay
GSO,5,404,5.712871287128713,5.97029702970297,372,35.086021505376344,31.63736263736264,352,161.6590909090909,162.4431818181818,nas_delay,late_aircraft_delay,carrier_delay
GSO,6,412,5.679611650485437,1.9514563106796117,364,32.86813186813187,29.054945054945055,264,166.36363636363637,165.43939393939394,late_aircraft_delay,nas_delay,carrier_delay
GSO,7,400,6.85,4.36,560,34.67857142857143,34.05,528,160.75757575757575,163.8091603053435,late_aircraft_delay,nas_delay,carrier_delay
GSO,8,388,6.309278350515464,3.577319587628866,360,32.67777777777778,31.844444444444445,416,186.1346153846154,184.34615384615384,nas_delay,late_aircraft_delay,carrier_delay
GSO,9,436,6.018348623853211,2.4403669724770642,348,31.67816091954023,26.057471264367816,196,160.30612244897958,161.30612244897958,nas_delay,late_aircraft_delay,carrier_delay
GSO,10,464,5.181034482758621,1.1120689655172413,272,28.75,21.102941176470587,120,149.3,141.8,nas_delay,carrier_delay,late_aircraft_delay
GSO,11,492,5.747967479674797,2.894308943089431,220,31.254545454545454,30.444444444444443,112,208.60714285714286,210.85714285714286,nas_delay,carrier_delay,late_aircraft_delay
GSO,12,544,6.007352941176471,3.6691176470588234,412,31.660194174757283,26.75728155339806,244,132.81967213114754,128.73333333333332,nas_delay,carrier_delay,late_aircraft_delay
GSP,1,476,6.084033613445378,-1.8235294117647058,476,33.20168067226891,27.58823529411765,372,153.78494623655914,146.67741935483872,late_aircraft_delay,carrier_delay,nas_delay
GSP,2,352,6.170454545454546,0.7613636363636364,252,29.58730158730159,20.555555555555557,148,161.64864864864865,154.6216216216216,carrier_delay,nas_delay,late_aircraft_delay
GSP,3,552,5.340579710144928,-0.10869565217391304,400,30.11,23.707070707070706,180,164.93333333333334,159.17777777777778,nas_delay,late_aircraft_delay,carrier_delay
GSP,4,556,5.870503597122302,3.9784172661870505,456,30.12280701754386,28.05263157894737,216,139.12962962962962,137.07407407407408,late_aircraft_delay,nas_delay,carrier_delay
GSP,5,752,6.441489361702128,3.3882978723404253,692,32.50289017341041,28.560693641618496,596,149.91275167785236,148.77702702702703,late_aircraft_delay,nas_delay,carrier_delay
GSP,6,672,5.982142857142857,1.880952380952381,508,31.543307086614174,25.968503937007874,368,190.08695652173913,189.20224719101122,nas_delay,late_aircraft_delay,carrier_delay
GSP,7,732,6.415300546448087,4.434065934065934,712,35.60674157303371,36.06214689265537,732,157.04371584699453,154.13114754098362,late_aircraft_delay,nas_delay,carrier_delay
GSP,8,608,5.592105263157895,2.3178807947019866,580,32.53793103448276,29.917241379310344,408,153.12745098039215,152.9009900990099,nas_delay,late_aircraft_delay,carrier_delay
GSP,9,628,6.191082802547771,1.3694267515923566,444,32.21621621621622,26.36936936936937,304,168.31578947368422,164.03947368421052,late_aircraft_delay,nas_delay,carrier_delay
GSP,10,624,5.371794871794871,0.038461538461538464,396,30.07070707070707,23.484848484848484,216,157.55555555555554,153.16666666666666,nas_delay,carrier_delay,late_aircraft_delay
GSP,11,700,6.074285714285714,2.2914285714285714,392,29.346938775510203,23.428571428571427,120,126.16666666666667,123.10344827586206,nas_delay,carrier_delay,late_aircraft_delay
GSP,12,796,6.376884422110553,0.6582914572864321,664,31.09036144578313,23.204819277108435,368,147.17391304347825,141.60227272727272,carrier_delay,late_aircraft_delay,nas_delay
GST,6,4,5.0,-8.0,0,"","",0,"","",Nessuna,Nessuna,Nessuna
GST,7,48,5.5,5.333333333333333,16,33.0,24.75,12,123.33333333333333,120.0,late_aircraft_delay,nas_delay,security_delay
GST,8,8,4.0,-3.5,12,24.666666666666668,15.666666666666666,4,224.0,220.0,canc_B,carrier_delay,nas_delay
GTF,1,68,5.117647058823529,3.411764705882353,72,31.555555555555557,23.61111111111111,96,225.66666666666666,229.41666666666666,nas_delay,late_aircraft_delay,carrier_delay
GTF,2,88,6.636363636363637,12.681818181818182,44,33.18181818181818,32.27272727272727,68,291.94117647058823,296.11764705882354,carrier_delay,nas_delay,weather_delay
GTF,3,56,6.357142857142857,4.714285714285714,44,35.27272727272727,28.545454545454547,44,218.1818181818182,221.36363636363637,carrier_delay,nas_delay,late_aircraft_delay
GTF,4,76,5.684210526315789,4.315789473684211,40,38.8,29.7,36,263.77777777777777,259.44444444444446,carrier_delay,late_aircraft_delay,nas_delay
GTF,5,40,5.2,3.2,48,36.166666666666664,29.083333333333332,32,132.5,125.375,carrier_delay,nas_delay,late_aircraft_delay
GTF,6,92,6.173913043478261,-2.0434782608695654,48,32.416666666666664,25.0,24,185.83333333333334,174.33333333333334,carrier_delay,nas_delay,late_aircraft_delay
GTF,7,92,4.6521739130434785,-5.0,40,30.7,17.5,20,327.2,317.6,carrier_delay,nas_delay,late_aircraft_delay
GTF,8,68,4.764705882352941,0.47058823529411764,32,36.75,35.125,16,120.25,127.5,nas_delay,carrier_delay,late_aircraft_delay
GTF,9,56,5.428571428571429,-0.6428571428571429,36,29.22222222222222,16.88888888888889,12,123.66666666666667,109.66666666666667,carrier_delay,late_aircraft_delay,nas_delay
GTF,10,60,5.466666666666667,1.3333333333333333,40,30.5,18.2,28,153.14285714285714,137.14285714285714,carrier_delay,nas_delay,weather_delay
GTF,11,60,5.8,0.7333333333333333,48,33.25,35.5,20,84.8,86.0,carrier_delay,nas_delay,canc_B
GTF,12,72,5.111111111111111,-2.611111111111111,44,33.81818181818182,24.636363636363637,32,236.25,232.0,carrier_delay,late_aircraft_delay,nas_delay
GTR,1,12,4.666666666666667,-14.333333333333334,8,32.0,32.0,32,156.125,160.125,late_aircraft_delay,nas_delay,canc_C
GTR,2,8,6.0,-12.5,12,25.0,9.666666666666666,0,"","",carrier_delay,late_aircraft_delay,Nessuna
GTR,3,20,5.4,5.2,12,21.666666666666668,3.3333333333333335,4,384.0,381.0,late_aircraft_delay,nas_delay,carrier_delay
GTR,4,4,9.0,8.0,12,37.666666666666664,28.333333333333332,12,118.33333333333333,112.0,carrier_delay,nas_delay,late_aircraft_delay
GTR,5,16,7.75,1.5,12,40.0,43.333333333333336,8,163.5,163.0,late_aircraft_delay,nas_delay,carrier_delay
GTR,6,12,6.0,-6.0,12,42.0,42.333333333333336,4,126.0,127.0,nas_delay,late_aircraft_delay,carrier_delay
GTR,7,12,7.333333333333333,6.5,20,28.6,23.2,28,175.42857142857142,170.71428571428572,nas_delay,late_aircraft_delay,weather_delay
GTR,8,0,"","",4,23.0,21.0,4,99.0,95.0,late_aircraft_delay,Nessuna,Nessuna
GTR,9,8,7.0,-2.0,8,22.0,10.0,8,65.0,99.0,nas_delay,carrier_delay,late_aircraft_delay
GTR,10,4,7.0,-7.0,0,"","",0,"","",nas_delay,Nessuna,Nessuna
GTR,11,20,3.8,2.2,8,29.5,29.5,4,292.0,285.0,nas_delay,carrier_delay,late_aircraft_delay
GTR,12,20,7.8,-0.8,16,33.0,46.25,12,101.33333333333333,99.0,nas_delay,carrier_delay,late_aircraft_delay
GUC,1,16,6.5,4.5,40,34.3,27.4,68,181.05882352941177,186.11764705882354,late_aircraft_delay,nas_delay,carrier_delay
GUC,2,24,9.166666666666666,2.1666666666666665,20,33.2,27.6,32,101.75,93.875,carrier_delay,nas_delay,late_aircraft_delay
GUC,3,28,5.285714285714286,-2.5714285714285716,28,35.57142857142857,37.142857142857146,44,171.54545454545453,169.8181818181818,nas_delay,carrier_delay,late_aircraft_delay
GUC,4,8,5.5,21.5,8,24.0,6.5,0,"","",nas_delay,carrier_delay,Nessuna
GUC,5,4,8.0,9.0,4,20.0,16.0,20,112.4,109.0,nas_delay,weather_delay,carrier_delay
GUC,6,12,6.333333333333333,5.666666666666667,40,36.1,31.3,12,127.0,121.0,carrier_delay,nas_delay,late_aircraft_delay
GUC,7,20,6.6,16.0,16,28.75,20.75,12,115.66666666666667,104.0,carrier_delay,nas_delay,late_aircraft_delay
GUC,8,8,10.5,-11.5,28,40.57142857142857,27.428571428571427,24,142.66666666666666,136.33333333333334,carrier_delay,late_aircraft_delay,nas_delay
GUC,9,8,5.5,-2.0,0,"","",4,63.0,57.0,carrier_delay,nas_delay,Nessuna
GUC,10,0,"","",4,22.0,20.0,8,94.5,90.5,carrier_delay,weather_delay,late_aircraft_delay
GUC,11,12,5.333333333333333,-20.333333333333332,20,43.2,28.0,12,194.33333333333334,194.0,carrier_delay,canc_B,nas_delay
GUC,12,28,7.285714285714286,-2.2857142857142856,24,35.833333333333336,21.666666666666668,36,402.22222222222223,402.3333333333333,carrier_delay,late_aircraft_delay,nas_delay
GUM,1,32,8.875,-4.75,8,17.0,-8.5,4,374.0,344.0,carrier_delay,late_aircraft_delay,Nessuna
GUM,2,40,6.0,-12.3,8,28.5,12.5,0,"","",carrier_delay,nas_delay,Nessuna
GUM,3,56,6.428571428571429,-17.571428571428573,4,32.0,-6.0,0,"","",Nessuna,Nessuna,Nessuna
GUM,4,28,2.5714285714285716,-22.571428571428573,28,21.571428571428573,-9.142857142857142,0,"","",Nessuna,Nessuna,Nessuna
GUM,5,56,8.642857142857142,-14.928571428571429,20,30.6,2.4,4,829.0,795.0,canc_A,late_aircraft_delay,carrier_delay
GUM,6,76,7.315789473684211,-0.21052631578947367,36,27.77777777777778,19.77777777777778,12,93.66666666666667,77.66666666666667,carrier_delay,nas_delay,Nessuna
GUM,7,76,7.105263157894737,-9.052631578947368,28,29.285714285714285,11.142857142857142,0,"","",carrier_delay,Nessuna,Nessuna
GUM,8,88,4.454545454545454,-4.045454545454546,20,33.8,29.0,12,91.66666666666667,80.66666666666667,carrier_delay,nas_delay,Nessuna
GUM,9,24,5.5,-6.5,12,43.0,14.666666666666666,8,130.0,109.5,carrier_delay,canc_B,canc_C
GUM,10,48,5.0,-6.083333333333333,12,23.666666666666668,16.666666666666668,0,"","",carrier_delay,nas_delay,Nessuna
GUM,11,64,5.625,1.5625,8,32.5,16.5,4,112.0,111.0,carrier_delay,canc_C,Nessuna
GUM,12,52,6.230769230769231,-3.6153846153846154,8,31.0,15.0,4,95.0,82.0,nas_delay,carrier_delay,Nessuna
HDN,1,288,7.208333333333333,6.958333333333333,240,33.18333333333333,29.433333333333334,164,193.46341463414635,191.26829268292684,late_aircraft_delay,nas_delay,carrier_delay
HDN,2,232,7.310344827586207,-0.41379310344827586,332,31.14457831325301,30.83132530120482,132,155.1818181818182,160.66666666666666,nas_delay,late_aircraft_delay,carrier_delay
HDN,3,204,6.333333333333333,3.019607843137255,208,30.807692307692307,28.48076923076923,140,324.0285714285714,336.38235294117646,nas_delay,late_aircraft_delay,carrier_delay
HDN,4,60,6.8,2.6,40,31.7,22.3,8,99.5,93.0,late_aircraft_delay,carrier_delay,nas_delay
HDN,5,16,8.5,3.25,40,31.3,15.9,28,114.28571428571429,125.71428571428571,nas_delay,late_aircraft_delay,carrier_delay
HDN,6,68,3.176470588235294,0.058823529411764705,64,28.1875,17.1875,28,99.71428571428571,94.57142857142857,carrier_delay,nas_delay,late_aircraft_delay
HDN,7,64,4.25,-7.375,100,37.12,24.04,48,140.16666666666666,132.58333333333334,carrier_delay,late_aircraft_delay,nas_delay
HDN,8,116,6.551724137931035,-2.7586206896551726,80,34.4,28.35,44,188.72727272727272,176.54545454545453,carrier_delay,nas_delay,late_aircraft_delay
HDN,9,24,6.0,4.666666666666667,24,21.333333333333332,8.5,20,145.4,135.8,carrier_delay,nas_delay,late_aircraft_delay
HDN,10,32,7.875,-7.5,16,41.25,26.0,8,103.5,84.0,carrier_delay,late_aircraft_delay,nas_delay
HDN,11,52,4.153846153846154,3.3076923076923075,52,35.76923076923077,21.076923076923077,44,140.45454545454547,148.72727272727272,late_aircraft_delay,nas_delay,carrier_delay
HDN,12,120,8.2,10.366666666666667,192,32.083333333333336,25.875,112,177.60714285714286,176.85185185185185,late_aircraft_delay,nas_delay,carrier_delay
HGR,1,8,8.5,2.5,16,28.75,37.25,4,112.0,107.0,late_aircraft_delay,carrier_delay,nas_delay
HGR,2,12,3.3333333333333335,1.6666666666666667,8,36.5,37.5,12,298.3333333333333,303.0,nas_delay,late_aircraft_delay,carrier_delay
HGR,3,24,7.166666666666667,5.166666666666667,16,40.0,45.5,8,78.0,98.0,late_aircraft_delay,nas_delay,carrier_delay
HGR,4,4,3.0,-9.0,32,35.75,27.5,4,129.0,131.0,late_aircraft_delay,carrier_delay,nas_delay
HGR,5,8,2.5,-3.0,20,25.0,22.4,12,120.66666666666667,133.33333333333334,late_aircraft_delay,nas_delay,weather_delay
HGR,6,4,3.0,-5.0,60,38.13333333333333,31.933333333333334,16,97.75,91.5,late_aircraft_delay,carrier_delay,nas_delay
HGR,7,8,8.0,-8.0,56,32.214285714285715,26.857142857142858,40,283.7,283.6,late_aircraft_delay,nas_delay,carrier_delay
HGR,8,32,6.25,8.75,24,27.166666666666668,23.166666666666668,8,113.5,137.5,nas_delay,late_aircraft_delay,carrier_delay
HGR,9,8,9.5,5.5,4,52.0,76.0,0,"","",late_aircraft_delay,nas_delay,Nessuna
HGR,10,8,2.5,1.5,12,22.0,18.333333333333332,12,172.33333333333334,169.0,late_aircraft_delay,carrier_delay,nas_delay
HGR,11,12,4.333333333333333,-10.333333333333334,8,39.0,35.5,12,390.6666666666667,388.0,carrier_delay,late_aircraft_delay,nas_delay
HGR,12,16,7.5,-2.75,12,37.333333333333336,26.333333333333332,36,234.77777777777777,226.0,late_aircraft_delay,carrier_delay,nas_delay
HHH,1,20,5.8,6.6,20,38.0,35.4,12,101.0,100.33333333333333,late_aircraft_delay,nas_delay,canc_B
HHH,2,32,6.0,2.125,28,31.714285714285715,28.285714285714285,12,100.0,98.66666666666667,late_aircraft_delay,nas_delay,carrier_delay
HHH,3,52,4.230769230769231,-0.8461538461538461,56,38.285714285714285,31.5,12,112.66666666666667,103.0,late_aircraft_delay,nas_delay,carrier_delay
HHH,4,120,6.1,5.466666666666667,108,25.85185185185185,18.23076923076923,48,135.75,126.41666666666667,late_aircraft_delay,nas_delay,carrier_delay
HHH,5,104,7.230769230769231,8.115384615384615,156,30.41025641025641,28.794871794871796,184,144.91304347826087,142.0,late_aircraft_delay,nas_delay,carrier_delay
HHH,6,116,7.517241379310345,0.13793103448275862,116,29.24137931034483,22.607142857142858,64,119.8125,111.875,late_aircraft_delay,carrier_delay,nas_delay
HHH,7,96,6.666666666666667,5.565217391304348,140,30.02857142857143,29.294117647058822,92,183.7391304347826,196.04545454545453,nas_delay,late_aircraft_delay,carrier_delay
HHH,8,132,5.7272727272727275,5.75,116,33.89655172413793,26.74074074074074,52,281.84615384615387,301.1666666666667,late_aircraft_delay,nas_delay,carrier_delay
HHH,9,68,6.9411764705882355,10.647058823529411,68,33.64705882352941,33.625,84,121.33333333333333,120.9047619047619,nas_delay,late_aircraft_delay,carrier_delay
HHH,10,44,5.909090909090909,11.181818181818182,60,31.533333333333335,32.4,28,97.28571428571429,91.0,nas_delay,late_aircraft_delay,carrier_delay
HHH,11,60,5.866666666666666,2.0,48,31.083333333333332,21.666666666666668,4,166.0,146.0,nas_delay,late_aircraft_delay,carrier_delay
HHH,12,36,7.666666666666667,10.11111111111111,56,32.92857142857143,30.857142857142858,16,135.25,142.75,late_aircraft_delay,nas_delay,carrier_delay
HIB,1,16,6.5,-12.5,16,33.25,34.0,20,111.6,101.0,carrier_delay,nas_delay,weather_delay
HIB,2,8,8.0,7.5,16,33.0,20.25,12,224.33333333333334,232.33333333333334,carrier_delay,weather_delay,nas_delay
HIB,3,8,6.5,18.5,4,15.0,-6.0,20,78.8,72.8,carrier_delay,nas_delay,weather_delay
HIB,4,8,10.0,-4.5,16,38.75,23.0,4,92.0,75.0,carrier_delay,weather_delay,Nessuna
HIB,5,4,7.0,8.0,12,34.666666666666664,22.666666666666668,8,196.5,182.0,carrier_delay,weather_delay,Nessuna
HIB,6,24,7.833333333333333,10.333333333333334,12,29.666666666666668,46.666666666666664,32,366.375,373.375,nas_delay,carrier_delay,weather_delay
HIB,7,12,9.0,23.666666666666668,20,30.8,34.0,4,68.0,71.0,carrier_delay,nas_delay,weather_delay
HIB,8,20,4.6,6.0,16,45.5,68.5,16,346.0,350.5,carrier_delay,nas_delay,weather_delay
HIB,9,16,8.25,7.0,0,"","",12,137.33333333333334,145.33333333333334,nas_delay,carrier_delay,Nessuna
HIB,10,12,5.0,3.6666666666666665,8,45.5,32.5,16,166.75,151.5,carrier_delay,weather_delay,nas_delay
HIB,11,4,10.0,4.0,8,37.0,17.5,0,"","",carrier_delay,weather_delay,Nessuna
HIB,12,16,8.0,31.5,32,32.875,12.375,28,129.14285714285714,118.0,carrier_delay,nas_delay,weather_delay
HLN,1,52,6.3076923076923075,4.153846153846154,64,29.25,37.1875,84,266.23809523809524,273.57142857142856,nas_delay,carrier_delay,late_aircraft_delay
HLN,2,44,4.363636363636363,10.090909090909092,28,32.0,37.0,28,171.71428571428572,169.42857142857142,carrier_delay,nas_delay,weather_delay
HLN,3,40,6.7,16.2,16,17.25,22.5,16,172.25,175.0,carrier_delay,nas_delay,late_aircraft_delay
HLN,4,16,7.25,7.25,20,25.0,9.2,24,243.66666666666666,242.83333333333334,carrier_delay,late_aircraft_delay,weather_delay
HLN,5,28,5.285714285714286,6.285714285714286,16,22.0,11.75,44,179.36363636363637,174.8181818181818,nas_delay,carrier_delay,weather_delay
HLN,6,28,6.714285714285714,21.0,28,27.714285714285715,33.833333333333336,28,298.0,295.14285714285717,nas_delay,carrier_delay,late_aircraft_delay
HLN,7,36,5.555555555555555,7.666666666666667,12,29.0,24.0,44,205.27272727272728,207.54545454545453,carrier_delay,nas_delay,late_aircraft_delay
HLN,8,24,5.5,9.666666666666666,28,29.428571428571427,33.142857142857146,24,464.1666666666667,466.3333333333333,nas_delay,carrier_delay,weather_delay
HLN,9,32,4.75,-1.875,20,41.8,40.2,28,147.85714285714286,150.71428571428572,nas_delay,carrier_delay,weather_delay
HLN,10,16,9.0,-4.25,12,23.0,16.0,20,322.4,318.6,carrier_delay,late_aircraft_delay,weather_delay
HLN,11,44,6.636363636363637,8.454545454545455,32,31.25,28.125,20,279.2,283.8,carrier_delay,nas_delay,late_aircraft_delay
HLN,12,32,4.625,-7.875,28,28.714285714285715,21.428571428571427,28,199.14285714285714,193.42857142857142,carrier_delay,nas_delay,weather_delay
HNL,1,5252,6.2056359482102055,-1.419969512195122,3644,29.71020856201976,20.71177117711771,1104,121.52536231884058,107.59782608695652,late_aircraft_delay,carrier_delay,weather_delay
HNL,2,4776,5.876046901172529,-1.1974789915966386,2392,29.103678929765888,15.850921273031826,860,150.72093023255815,132.3177570093458,carrier_delay,late_aircraft_delay,nas_delay
HNL,3,5364,5.445190156599552,1.3103964098728496,2032,27.476377952755904,21.46230158730159,360,124.2,113.35555555555555,carrier_delay,late_aircraft_delay,nas_delay
HNL,4,4948,5.4211802748585285,0.977327935222672,1936,28.729338842975206,23.53112033195021,688,136.08139534883722,128.0174418604651,carrier_delay,late_aircraft_delay,nas_delay
HNL,5,5208,5.631336405529954,4.149116064565718,2396,30.11686143572621,28.764214046822744,840,126.8047619047619,125.39234449760765,carrier_delay,late_aircraft_delay,nas_delay
HNL,6,5032,5.641494435612083,3.3155802861685215,2296,28.26306620209059,25.34494773519164,588,119.07482993197279,113.27397260273973,carrier_delay,late_aircraft_delay,nas_delay
HNL,7,5328,5.728978978978979,3.715251690458302,2604,28.566820276497698,25.910493827160494,768,123.9375,119.43979057591623,carrier_delay,late_aircraft_delay,nas_delay
HNL,8,4960,5.502419354838709,-0.12016129032258065,1860,29.49462365591398,20.58279569892473,564,149.31205673758865,136.53191489361703,carrier_delay,late_aircraft_delay,nas_delay
HNL,9,3800,5.109473684210526,1.5810526315789473,1308,27.99388379204893,21.767584097859327,272,147.52941176470588,143.23880597014926,carrier_delay,late_aircraft_delay,nas_delay
HNL,10,4604,5.178105994787142,1.3060869565217392,1844,28.67462039045553,22.127982646420826,516,125.27906976744185,115.52713178294573,carrier_delay,late_aircraft_delay,nas_delay
HNL,11,3640,5.1,2.360836083608361,1316,28.969604863221885,21.814589665653497,448,117.91071428571429,107.98214285714286,carrier_delay,late_aircraft_delay,nas_delay
HNL,12,4560,5.309649122807017,1.5601404741000877,2240,29.0375,22.933691756272403,612,139.26797385620915,129.60526315789474,carrier_delay,late_aircraft_delay,nas_delay
HOB,5,8,6.5,-3.0,20,21.8,26.75,16,200.25,189.5,carrier_delay,weather_delay,nas_delay
HOB,6,16,9.0,8.75,24,39.333333333333336,32.166666666666664,40,209.8,210.6,carrier_delay,nas_delay,weather_delay
HOB,7,28,8.142857142857142,-1.2857142857142858,12,37.333333333333336,33.333333333333336,28,157.85714285714286,156.85714285714286,carrier_delay,nas_delay,canc_B
HOB,8,12,4.666666666666667,7.333333333333333,60,34.266666666666666,29.8,28,218.85714285714286,202.28571428571428,carrier_delay,nas_delay,late_aircraft_delay
HOB,9,40,6.8,-4.8,12,29.333333333333332,20.666666666666668,8,467.5,450.0,carrier_delay,late_aircraft_delay,Nessuna
HOB,10,24,4.666666666666667,-5.333333333333333,12,33.0,20.333333333333332,8,473.5,458.0,carrier_delay,late_aircraft_delay,nas_delay
HOB,11,16,6.25,-4.0,44,27.454545454545453,10.0,28,200.0,191.0,carrier_delay,late_aircraft_delay,nas_delay
HOB,12,40,4.8,-1.1,36,33.0,15.88888888888889,24,278.0,263.6666666666667,carrier_delay,nas_delay,security_delay
HOU,1,4476,6.345844504021447,0.9327354260089686,3376,29.438388625592417,26.655990510083036,1260,127.12380952380953,134.05079365079365,late_aircraft_delay,nas_delay,carrier_delay
HOU,2,3604,5.60377358490566,0.5866666666666667,1912,27.956066945606693,22.08176100628931,328,105.57317073170732,100.25925925925925,carrier_delay,nas_delay,late_aircraft_delay
HOU,3,4392,6.010018214936248,-1.5824977210574294,3256,29.713759213759214,22.971744471744472,1060,119.16981132075472,113.04545454545455,late_aircraft_delay,carrier_delay,nas_delay
HOU,4,4428,6.112917795844625,-3.0416666666666665,3364,30.09155766944114,22.264600715137068,1052,134.2471482889734,128.50950570342206,late_aircraft_delay,carrier_delay,nas_delay
HOU,5,4760,6.2,-1.3398140321217245,4656,31.39003436426117,26.359173126614987,2684,150.9612518628912,145.6676602086438,late_aircraft_delay,carrier_delay,nas_delay
HOU,6,5476,6.408327246165084,-1.5054945054945055,4788,30.644110275689222,22.845507976490346,1820,128.16483516483515,121.82599118942731,late_aircraft_delay,carrier_delay,nas_delay
HOU,7,5040,6.192857142857143,-2.5349761526232113,5436,31.60927152317881,23.846607669616517,2728,130.80645161290323,124.14411764705882,late_aircraft_delay,carrier_delay,nas_delay
HOU,8,4108,5.937682570593963,-4.95405669599218,2700,30.041481481481483,19.001483679525222,864,129.09722222222223,119.98113207547169,late_aircraft_delay,carrier_delay,nas_delay
HOU,9,3852,5.838006230529595,-4.5686070686070686,2184,28.937728937728938,18.269724770642203,316,97.46835443037975,87.17721518987342,late_aircraft_delay,carrier_delay,nas_delay
HOU,10,4324,5.783533765032377,-5.0055555555555555,2420,29.54214876033058,19.051324503311257,684,123.39766081871345,117.2046783625731,late_aircraft_delay,carrier_delay,nas_delay
HOU,11,3796,5.793466807165437,-1.2939936775553214,2024,29.675889328063242,22.631683168316833,532,109.3984962406015,107.08396946564885,late_aircraft_delay,carrier_delay,nas_delay
HOU,12,4356,5.869605142332415,-0.7490808823529411,2984,30.37935656836461,25.181451612903224,1412,137.69688385269123,139.0596590909091,late_aircraft_delay,carrier_delay,nas_delay
HPN,1,652,6.613496932515337,2.3664596273291925,612,33.77777777777778,34.11920529801324,472,186.9406779661017,185.48305084745763,nas_delay,carrier_delay,late_aircraft_delay
HPN,2,580,5.820689655172414,-4.855172413793103,444,31.126126126126128,24.18918918918919,204,160.2941176470588,152.86274509803923,carrier_delay,nas_delay,late_aircraft_delay
HPN,3,580,6.220689655172414,-2.7655172413793103,488,31.040983606557376,24.925619834710744,256,168.5,162.4920634920635,nas_delay,carrier_delay,late_aircraft_delay
HPN,4,524,6.473282442748092,-1.7251908396946565,384,33.333333333333336,31.88421052631579,348,190.29885057471265,193.58823529411765,carrier_delay,nas_delay,late_aircraft_delay
HPN,5,484,6.181818181818182,-1.0416666666666667,468,33.01709401709402,29.396551724137932,304,149.32894736842104,152.10666666666665,nas_delay,late_aircraft_delay,carrier_delay
HPN,6,460,6.6173913043478265,1.0260869565217392,356,33.28089887640449,30.764044943820224,296,201.1891891891892,200.24657534246575,carrier_delay,nas_delay,late_aircraft_delay
HPN,7,484,7.190082644628099,5.445378151260504,436,33.440366972477065,35.379629629629626,540,184.38518518518518,187.12686567164178,carrier_delay,nas_delay,late_aircraft_delay
HPN,8,476,5.73109243697479,1.7966101694915255,556,31.553956834532375,32.47826086956522,468,167.65811965811966,172.3760683760684,carrier_delay,nas_delay,late_aircraft_delay
HPN,9,340,6.152941176470589,2.4819277108433737,236,34.271186440677965,32.51724137931034,232,168.5344827586207,165.43859649122808,nas_delay,carrier_delay,late_aircraft_delay
HPN,10,432,6.074074074074074,-3.0,268,33.61194029850746,25.970149253731343,172,162.53488372093022,149.5952380952381,carrier_delay,nas_delay,late_aircraft_delay
HPN,11,400,6.29,-6.04,348,32.35632183908046,24.023255813953487,188,133.36170212765958,123.61702127659575,carrier_delay,late_aircraft_delay,nas_delay
HPN,12,560,6.442857142857143,1.9928571428571429,588,31.578231292517007,30.07482993197279,536,152.73134328358208,152.67164179104478,late_aircraft_delay,nas_delay,carrier_delay
HRL,1,204,5.431372549019608,0.3333333333333333,148,33.21621621621622,27.27027027027027,96,134.25,139.43478260869566,late_aircraft_delay,nas_delay,carrier_delay
HRL,2,140,7.114285714285714,2.1142857142857143,84,28.857142857142858,21.333333333333332,16,90.5,87.25,nas_delay,late_aircraft_delay,carrier_delay
HRL,3,212,5.962264150943396,-0.1320754716981132,144,31.083333333333332,22.34285714285714,88,131.1818181818182,126.63636363636364,late_aircraft_delay,nas_delay,carrier_delay
HRL,4,164,5.560975609756097,0.0,148,31.243243243243242,30.864864864864863,88,138.86363636363637,141.5,late_aircraft_delay,nas_delay,carrier_delay
HRL,5,224,6.839285714285714,8.910714285714286,268,31.432835820895523,33.1044776119403,124,175.93548387096774,180.2,late_aircraft_delay,nas_delay,carrier_delay
HRL,6,304,6.618421052631579,7.578947368421052,196,28.081632653061224,28.020408163265305,100,143.44,142.125,late_aircraft_delay,nas_delay,carrier_delay
HRL,7,240,6.55,6.083333333333333,280,31.485714285714284,33.142857142857146,116,133.6206896551724,138.48275862068965,late_aircraft_delay,nas_delay,carrier_delay
HRL,8,148,4.918918918918919,5.162162162162162,104,29.076923076923077,24.76,48,100.41666666666667,98.91666666666667,nas_delay,late_aircraft_delay,carrier_delay
HRL,9,180,7.666666666666667,4.177777777777778,132,27.393939393939394,25.87878787878788,44,140.1818181818182,138.27272727272728,late_aircraft_delay,nas_delay,carrier_delay
HRL,10,172,6.534883720930233,4.093023255813954,128,28.78125,24.21875,40,135.8,128.8,late_aircraft_delay,nas_delay,carrier_delay
HRL,11,200,5.94,0.72,92,30.695652173913043,27.0,40,142.9,144.3,carrier_delay,late_aircraft_delay,nas_delay
HRL,12,268,5.7611940298507465,-0.373134328358209,156,34.56410256410256,33.92307692307692,112,144.17857142857142,144.28571428571428,carrier_delay,late_aircraft_delay,nas_delay
HSV,1,292,6.712328767123288,3.0136986301369864,296,31.7027027027027,30.824324324324323,280,153.07142857142858,150.1,late_aircraft_delay,nas_delay,carrier_delay
HSV,2,240,7.1,0.11666666666666667,228,28.333333333333332,23.210526315789473,112,111.25,100.5,late_aircraft_delay,nas_delay,carrier_delay
HSV,3,328,7.524390243902439,0.5,336,30.11904761904762,23.13095238095238,176,178.9090909090909,177.20454545454547,carrier_delay,late_aircraft_delay,nas_delay
HSV,4,328,6.634146341463414,2.451219512195122,308,32.76623376623377,29.44736842105263,228,155.91228070175438,147.9298245614035,carrier_delay,late_aircraft_delay,nas_delay
HSV,5,428,6.981308411214953,6.867924528301887,452,30.442477876106196,29.486725663716815,324,141.4814814814815,143.7625,nas_delay,late_aircraft_delay,carrier_delay
HSV,6,340,7.294117647058823,4.011764705882353,428,31.093457943925234,25.88785046728972,232,149.72413793103448,143.73214285714286,carrier_delay,late_aircraft_delay,nas_delay
HSV,7,468,7.153846153846154,3.675213675213675,456,31.67543859649123,27.464285714285715,388,168.17525773195877,162.69072164948454,carrier_delay,late_aircraft_delay,nas_delay
HSV,8,372,7.376344086021505,1.956043956043956,352,32.43181818181818,27.511363636363637,224,147.0,141.54545454545453,carrier_delay,late_aircraft_delay,nas_delay
HSV,9,408,7.205882352941177,4.813725490196078,344,31.63953488372093,28.406976744186046,204,170.90196078431373,166.0,carrier_delay,nas_delay,late_aircraft_delay
HSV,10,324,7.061728395061729,1.123456790123457,400,29.17,19.12,164,126.1219512195122,115.17073170731707,carrier_delay,nas_delay,late_aircraft_delay
HSV,11,392,7.183673469387755,2.010204081632653,280,28.357142857142858,21.463768115942027,180,193.93333333333334,189.36363636363637,carrier_delay,nas_delay,late_aircraft_delay
HSV,12,428,7.672897196261682,-0.14953271028037382,488,30.934426229508198,24.65573770491803,228,141.78947368421052,146.1090909090909,carrier_delay,late_aircraft_delay,nas_delay
HTS,1,16,6.25,-3.0,20,33.6,28.0,0,"","",carrier_delay,nas_delay,late_aircraft_delay
HTS,2,16,7.25,6.0,24,21.166666666666668,24.833333333333332,12,65.0,56.333333333333336,carrier_delay,late_aircraft_delay,nas_delay
HTS,3,16,9.5,12.0,20,37.8,36.2,16,446.0,446.75,carrier_delay,late_aircraft_delay,nas_delay
HTS,4,20,9.6,4.2,16,22.25,14.25,12,109.66666666666667,114.0,late_aircraft_delay,carrier_delay,nas_delay
HTS,5,12,11.0,-1.0,28,28.428571428571427,28.142857142857142,48,173.75,173.0,late_aircraft_delay,carrier_delay,nas_delay
HTS,6,72,6.666666666666667,5.777777777777778,88,33.18181818181818,31.454545454545453,76,175.1578947368421,174.52631578947367,late_aircraft_delay,carrier_delay,nas_delay
HTS,7,44,4.7272727272727275,10.545454545454545,72,34.166666666666664,32.833333333333336,36,226.77777777777777,225.77777777777777,late_aircraft_delay,nas_delay,carrier_delay
HTS,8,20,7.0,2.2,44,37.54545454545455,37.0,44,254.63636363636363,263.1818181818182,nas_delay,late_aircraft_delay,carrier_delay
HTS,9,16,4.0,-3.0,12,32.333333333333336,23.333333333333332,20,167.4,160.6,carrier_delay,late_aircraft_delay,nas_delay
HTS,10,12,7.666666666666667,2.6666666666666665,20,33.6,29.8,4,63.0,63.0,carrier_delay,canc_B,late_aircraft_delay
HTS,11,24,8.5,1.3333333333333333,20,33.4,32.8,20,162.4,159.2,carrier_delay,late_aircraft_delay,nas_delay
HTS,12,28,7.857142857142857,1.0,32,30.25,26.75,28,121.71428571428571,115.71428571428571,late_aircraft_delay,nas_delay,weather_delay
HYA,5,0,"","",0,"","",12,216.33333333333334,216.0,late_aircraft_delay,nas_delay,carrier_delay
HYA,6,20,5.6,8.6,32,37.625,41.375,32,177.0,182.625,nas_delay,late_aircraft_delay,carrier_delay
HYA,7,48,5.916666666666667,12.333333333333334,44,34.45454545454545,37.09090909090909,48,161.16666666666666,167.27272727272728,nas_delay,late_aircraft_delay,carrier_delay
HYA,8,36,8.555555555555555,15.0,28,33.42857142857143,37.833333333333336,52,225.23076923076923,234.76923076923077,nas_delay,late_aircraft_delay,carrier_delay
HYA,9,0,"","",0,"","",4,64.0,61.0,nas_delay,carrier_delay,late_aircraft_delay
HYS,1,12,9.333333333333334,12.0,36,29.0,26.333333333333332,24,147.5,145.66666666666666,late_aircraft_delay,canc_B,nas_delay
HYS,2,4,8.0,32.0,12,38.0,46.0,8,122.5,128.0,nas_delay,late_aircraft_delay,carrier_delay
HYS,3,4,1.0,26.0,8,50.0,38.0,16,108.5,106.75,carrier_delay,nas_delay,canc_B
HYS,4,28,7.714285714285714,7.857142857142857,4,30.0,20.0,16,95.5,95.5,late_aircraft_delay,nas_delay,carrier_delay
HYS,5,28,7.714285714285714,5.714285714285714,24,34.833333333333336,31.166666666666668,48,323.5833333333333,318.3333333333333,late_aircraft_delay,nas_delay,weather_delay
HYS,6,24,8.333333333333334,3.8333333333333335,4,44.0,49.0,8,229.5,212.0,carrier_delay,late_aircraft_delay,nas_delay
HYS,7,12,6.666666666666667,22.333333333333332,0,"","",24,234.33333333333334,228.0,carrier_delay,nas_delay,late_aircraft_delay
HYS,8,16,6.0,2.75,8,21.5,7.0,16,182.5,169.0,nas_delay,late_aircraft_delay,carrier_delay
HYS,9,8,7.5,-5.5,0,"","",16,221.0,209.0,carrier_delay,Nessuna,Nessuna
HYS,10,4,7.0,-11.0,4,50.0,40.0,8,201.0,186.5,late_aircraft_delay,carrier_delay,Nessuna
HYS,11,4,8.0,2.0,8,50.5,37.5,12,125.66666666666667,121.33333333333333,carrier_delay,late_aircraft_delay,nas_delay
HYS,12,20,5.4,-1.8,4,27.0,18.0,8,168.0,159.5,carrier_delay,late_aircraft_delay,canc_B
IAD,1,2456,6.058631921824104,4.161764705882353,1708,29.89929742388759,30.704918032786885,1016,152.2244094488189,153.59448818897638,nas_delay,carrier_delay,late_aircraft_delay
IAD,2,1872,5.878205128205129,-2.0471092077087794,908,31.220264317180618,20.58149779735683,448,137.375,125.15315315315316,nas_delay,carrier_delay,late_aircraft_delay
IAD,3,2336,5.8715753424657535,-4.111492281303602,1696,31.43867924528302,21.011820330969268,940,135.2808510638298,125.73931623931624,nas_delay,carrier_delay,late_aircraft_delay
IAD,4,2284,5.9562171628721545,0.47543859649122805,1596,29.476190476190474,23.62155388471178,952,143.48319327731093,133.89406779661016,nas_delay,carrier_delay,late_aircraft_delay
IAD,5,2932,5.742155525238745,4.624657534246575,1900,30.705263157894738,26.74418604651163,1376,151.87209302325581,147.0728862973761,nas_delay,carrier_delay,late_aircraft_delay
IAD,6,2988,6.242302543507363,2.8659517426273458,1972,31.198782961460445,25.29471544715447,1252,162.80830670926517,155.9776357827476,carrier_delay,nas_delay,late_aircraft_delay
IAD,7,3476,6.227848101265823,2.430219146482122,2696,30.612759643916913,26.04179104477612,1704,162.47652582159625,155.19103773584905,carrier_delay,nas_delay,late_aircraft_delay
IAD,8,3072,6.08203125,1.2320730117340286,2036,31.3811394891945,26.948616600790515,1916,187.83089770354906,180.0041841004184,carrier_delay,nas_delay,late_aircraft_delay
IAD,9,2452,5.8450244698205545,-1.3986928104575163,1288,29.23913043478261,20.8944099378882,640,153.0,142.8125,nas_delay,carrier_delay,late_aircraft_delay
IAD,10,2688,5.681547619047619,-3.1117734724292103,1228,29.693811074918568,17.295081967213115,508,130.3228346456693,116.70866141732283,carrier_delay,nas_delay,late_aircraft_delay
IAD,11,2428,5.924217462932455,-1.731023102310231,1384,29.80635838150289,21.020289855072463,712,165.6685393258427,152.80790960451978,nas_delay,carrier_delay,late_aircraft_delay
IAD,12,3568,5.90695067264574,-1.2342342342342343,2260,29.994690265486724,22.379679144385026,1216,150.49671052631578,140.27392739273927,carrier_delay,nas_delay,late_aircraft_delay
IAG,1,24,6.0,11.166666666666666,24,33.0,46.6,16,179.75,167.5,nas_delay,carrier_delay,late_aircraft_delay
IAG,2,32,5.25,-3.625,32,20.0,0.125,40,121.5,101.3,late_aircraft_delay,nas_delay,carrier_delay
IAG,3,32,6.375,-2.625,36,33.55555555555556,31.11111111111111,20,103.8,115.4,nas_delay,late_aircraft_delay,carrier_delay
IAG,4,52,8.615384615384615,-4.384615384615385,24,25.5,9.833333333333334,20,244.6,267.6,nas_delay,carrier_delay,late_aircraft_delay
IAG,5,20,4.2,-5.2,24,32.333333333333336,19.5,8,98.5,98.0,nas_delay,carrier_delay,late_aircraft_delay
IAG,6,20,5.4,-0.4,32,24.375,23.125,12,200.0,196.33333333333334,nas_delay,carrier_delay,late_aircraft_delay
IAG,7,20,9.0,9.2,56,34.57142857142857,33.357142857142854,16,142.5,148.5,late_aircraft_delay,nas_delay,carrier_delay
IAG,8,24,4.833333333333333,2.5,32,25.125,34.25,8,118.0,105.5,nas_delay,late_aircraft_delay,carrier_delay
IAG,9,20,3.4,-10.0,12,21.333333333333332,14.333333333333334,4,371.0,352.0,late_aircraft_delay,carrier_delay,nas_delay
IAG,10,12,9.0,1.6666666666666667,16,29.25,29.5,8,778.5,777.0,carrier_delay,nas_delay,late_aircraft_delay
IAG,11,20,7.2,-4.6,12,30.0,16.0,4,142.0,145.0,nas_delay,late_aircraft_delay,carrier_delay
IAG,12,12,4.0,4.666666666666667,16,26.0,27.0,16,106.25,97.75,nas_delay,late_aircraft_delay,carrier_delay
IAH,1,6748,5.98814463544754,0.14362017804154303,5012,31.250598563447724,25.606596942880127,3556,162.40382452193475,160.8909090909091,carrier_delay,nas_delay,late_aircraft_delay
IAH,2,5236,5.651642475171887,1.0099616858237548,3216,31.059701492537314,25.274875621890548,1552,128.42268041237114,121.26041666666667,carrier_delay,nas_delay,late_aircraft_delay
IAH,3,6916,6.185078079814922,0.15865662999420962,5592,31.473533619456365,24.333572969086987,3264,151.70098039215685,145.44581280788177,carrier_delay,nas_delay,late_aircraft_delay
IAH,4,6864,5.877039627039627,1.8458844133099825,5156,31.498836307214894,26.452844894777865,2836,131.1607898448519,124.98148148148148,carrier_delay,nas_delay,late_aircraft_delay
IAH,5,7404,6.163155051323609,4.181226261530114,6776,32.57556080283353,30.29745712596097,7932,162.0811901159859,161.58020304568527,carrier_delay,nas_delay,late_aircraft_delay
IAH,6,8920,6.281165919282511,3.0153153153153154,7084,32.241106719367586,28.536182336182335,5308,145.07309721175585,141.55555555555554,carrier_delay,late_aircraft_delay,nas_delay
IAH,7,7728,6.418219461697722,3.1071800208116547,8264,33.45062923523717,29.787378640776698,7844,146.19785823559408,141.2135523613963,carrier_delay,late_aircraft_delay,nas_delay
IAH,8,7940,6.052392947103274,0.7853164556962026,6220,31.434726688102895,24.873139158576052,3864,143.35507246376812,137.72460732984294,carrier_delay,late_aircraft_delay,nas_delay
IAH,9,5456,5.849706744868035,-0.23330887747615553,4148,31.69141755062681,24.089855072463767,2160,121.17407407407407,110.57355679702049,carrier_delay,late_aircraft_delay,nas_delay
IAH,10,6620,5.957703927492447,-1.0078644888082275,3900,30.655384615384616,22.896197327852004,1948,138.17453798767968,128.46296296296296,carrier_delay,late_aircraft_delay,nas_delay
IAH,11,6604,6.113264688067837,0.6278787878787879,3952,30.92914979757085,24.160081053698075,2000,133.324,127.14629258517034,carrier_delay,nas_delay,late_aircraft_delay
IAH,12,8408,6.018553758325404,-1.0372670807453417,5740,31.415331010452963,24.948879551820728,3448,154.04640371229698,153.2280701754386,carrier_delay,nas_delay,late_aircraft_delay
ICT,1,368,6.521739130434782,6.695652173913044,288,30.416666666666668,32.90277777777778,264,176.8181818181818,181.52307692307693,nas_delay,late_aircraft_delay,carrier_delay
ICT,2,236,6.305084745762712,1.1864406779661016,192,34.625,28.166666666666668,96,129.75,125.375,carrier_delay,nas_delay,late_aircraft_delay
ICT,3,376,7.074468085106383,3.4468085106382977,244,32.18032786885246,25.901639344262296,180,159.4,155.46666666666667,late_aircraft_delay,nas_delay,carrier_delay
ICT,4,412,6.048543689320389,1.7572815533980584,320,33.95,32.037974683544306,196,192.77551020408163,190.1875,carrier_delay,late_aircraft_delay,nas_delay
ICT,5,508,6.661417322834645,7.182539682539683,456,30.912280701754387,29.946428571428573,328,185.109756097561,188.65432098765433,nas_delay,carrier_delay,late_aircraft_delay
ICT,6,448,6.651785714285714,3.857142857142857,436,32.00917431192661,28.110091743119266,360,174.34444444444443,169.4111111111111,late_aircraft_delay,carrier_delay,nas_delay
ICT,7,496,7.040322580645161,6.225806451612903,464,33.01724137931034,31.114035087719298,276,135.7826086956522,131.6231884057971,late_aircraft_delay,carrier_delay,nas_delay
ICT,8,396,6.575757575757576,3.878787878787879,360,33.544444444444444,29.247191011235955,284,161.0281690140845,148.80281690140845,late_aircraft_delay,carrier_delay,nas_delay
ICT,9,288,6.375,3.4722222222222223,192,34.145833333333336,31.8125,124,203.80645161290323,200.90322580645162,nas_delay,carrier_delay,late_aircraft_delay
ICT,10,288,5.638888888888889,0.4722222222222222,276,32.31884057971015,26.985507246376812,140,152.34285714285716,145.25714285714287,carrier_delay,nas_delay,late_aircraft_delay
ICT,11,400,6.67,2.74,408,33.8235294117647,29.57843137254902,268,149.88059701492537,145.37878787878788,carrier_delay,nas_delay,late_aircraft_delay
ICT,12,500,5.32,-2.744,364,30.54945054945055,23.703296703296704,180,194.04444444444445,190.97727272727272,carrier_delay,nas_delay,late_aircraft_delay
IDA,1,92,6.043478260869565,2.652173913043478,96,30.375,25.291666666666668,52,370.53846153846155,363.7692307692308,nas_delay,weather_delay,carrier_delay
IDA,2,48,4.416666666666667,2.3333333333333335,36,31.88888888888889,20.11111111111111,64,311.9375,307.0625,nas_delay,carrier_delay,late_aircraft_delay
IDA,3,84,6.761904761904762,1.1904761904761905,68,30.11764705882353,34.64705882352941,64,218.0625,217.8125,carrier_delay,nas_delay,late_aircraft_delay
IDA,4,36,5.111111111111111,0.8888888888888888,56,25.285714285714285,20.714285714285715,52,161.53846153846155,151.23076923076923,carrier_delay,nas_delay,weather_delay
IDA,5,96,6.0,2.375,100,31.56,23.2,88,143.0,137.45454545454547,carrier_delay,nas_delay,weather_delay
IDA,6,104,6.8076923076923075,4.576923076923077,84,30.761904761904763,24.047619047619047,96,203.5,198.25,carrier_delay,nas_delay,late_aircraft_delay
IDA,7,104,8.0,3.769230769230769,108,34.592592592592595,28.962962962962962,116,117.03448275862068,112.44827586206897,carrier_delay,late_aircraft_delay,nas_delay
IDA,8,96,5.791666666666667,0.4166666666666667,140,34.6,33.371428571428574,40,102.6,98.8,carrier_delay,nas_delay,late_aircraft_delay
IDA,9,88,6.409090909090909,1.0,80,37.15,33.0,32,154.5,145.25,carrier_delay,nas_delay,late_aircraft_delay
IDA,10,104,6.461538461538462,-1.1538461538461537,112,35.607142857142854,29.814814814814813,84,187.76190476190476,181.38095238095238,carrier_delay,nas_delay,late_aircraft_delay
IDA,11,148,6.135135135135135,4.783783783783784,104,30.0,32.0,52,192.92307692307693,187.69230769230768,nas_delay,carrier_delay,late_aircraft_delay
IDA,12,144,6.361111111111111,2.942857142857143,96,29.375,16.333333333333332,116,399.9310344827586,402.0344827586207,carrier_delay,nas_delay,late_aircraft_delay
ILM,1,160,5.675,2.675,200,33.94,28.74,136,164.91176470588235,169.23529411764707,late_aircraft_delay,nas_delay,carrier_delay
ILM,2,184,6.0,-1.7826086956521738,124,35.32258064516129,25.129032258064516,48,171.83333333333334,172.91666666666666,late_aircraft_delay,nas_delay,carrier_delay
ILM,3,176,6.386363636363637,-0.8409090909090909,128,33.21875,26.5,112,159.82142857142858,153.57142857142858,late_aircraft_delay,nas_delay,carrier_delay
ILM,4,264,6.090909090909091,3.3181818181818183,264,30.0,29.318181818181817,148,125.91891891891892,129.55555555555554,nas_delay,late_aircraft_delay,carrier_delay
ILM,5,268,6.835820895522388,5.212121212121212,264,31.863636363636363,32.40909090909091,212,160.9811320754717,163.49056603773585,late_aircraft_delay,nas_delay,carrier_delay
ILM,6,308,6.0,0.1038961038961039,320,31.825,28.2625,236,187.33898305084745,183.52542372881356,late_aircraft_delay,nas_delay,carrier_delay
ILM,7,396,5.8686868686868685,3.282828282828283,456,33.166666666666664,33.584070796460175,440,173.5818181818182,179.6880733944954,late_aircraft_delay,nas_delay,carrier_delay
ILM,8,436,6.605504587155964,4.12962962962963,456,33.19298245614035,34.93805309734513,292,151.95890410958904,148.375,late_aircraft_delay,nas_delay,carrier_delay
ILM,9,288,4.972222222222222,0.4444444444444444,228,30.894736842105264,26.666666666666668,164,120.46341463414635,118.41463414634147,late_aircraft_delay,nas_delay,carrier_delay
ILM,10,328,5.682926829268292,1.7073170731707317,184,32.32608695652174,24.67391304347826,96,185.70833333333334,183.0,nas_delay,late_aircraft_delay,carrier_delay
ILM,11,260,6.292307692307692,0.6615384615384615,184,32.56521739130435,27.956521739130434,84,115.19047619047619,124.28571428571429,nas_delay,late_aircraft_delay,carrier_delay
ILM,12,328,5.817073170731708,1.7804878048780488,368,30.369565217391305,25.16304347826087,236,145.67796610169492,144.60344827586206,late_aircraft_delay,nas_delay,carrier_delay
IMT,1,12,5.0,2.6666666666666665,20,25.8,29.4,64,206.875,203.8125,carrier_delay,nas_delay,weather_delay
IMT,2,8,5.5,-10.0,8,28.0,21.5,4,409.0,409.0,carrier_delay,nas_delay,weather_delay
IMT,3,8,1.5,14.0,20,37.6,34.8,8,282.5,255.5,carrier_delay,weather_delay,nas_delay
IMT,4,4,6.0,-9.0,16,37.75,30.25,8,222.5,231.5,carrier_delay,weather_delay,nas_delay
IMT,5,8,9.5,8.0,16,36.25,31.0,12,183.66666666666666,173.0,carrier_delay,nas_delay,weather_delay
IMT,6,12,9.0,18.333333333333332,20,31.2,28.6,32,164.125,170.875,carrier_delay,nas_delay,weather_delay
IMT,7,12,5.333333333333333,7.0,20,29.8,23.2,24,208.16666666666666,200.0,carrier_delay,weather_delay,Nessuna
IMT,8,20,5.6,12.0,4,20.0,27.0,32,136.5,132.75,carrier_delay,nas_delay,canc_B
IMT,9,24,9.666666666666666,7.0,12,30.666666666666668,39.666666666666664,4,85.0,63.0,carrier_delay,nas_delay,weather_delay
IMT,10,4,12.0,13.0,4,38.0,26.0,24,151.0,143.83333333333334,carrier_delay,nas_delay,Nessuna
IMT,11,8,1.5,-5.0,8,27.5,7.5,20,209.0,196.4,carrier_delay,nas_delay,weather_delay
IMT,12,12,6.0,-1.6666666666666667,44,30.0,35.0,44,239.0,154.6,carrier_delay,nas_delay,weather_delay
IND,1,2252,6.390763765541741,2.3072824156305507,1696,31.88443396226415,29.602836879432623,940,140.22127659574468,139.3648068669528,nas_delay,carrier_delay,late_aircraft_delay
IND,2,1940,6.061855670103093,-1.5443298969072166,1164,30.281786941580755,26.186206896551724,508,170.5511811023622,171.16535433070865,nas_delay,carrier_delay,late_aircraft_delay
IND,3,2496,6.376602564102564,-0.6099518459069021,1836,29.986928104575163,24.355119825708062,1120,133.44642857142858,129.7892857142857,nas_delay,late_aircraft_delay,carrier_delay
IND,4,2316,5.81692573402418,-0.7443868739205527,1392,29.68103448275862,23.544668587896254,792,149.84343434343435,146.81725888324874,nas_delay,late_aircraft_delay,carrier_delay
IND,5,2832,5.853107344632768,1.95177304964539,2084,30.276391554702496,25.8568665377176,1292,149.6315789473684,149.12111801242236,nas_delay,late_aircraft_delay,carrier_delay
IND,6,3048,5.981627296587926,1.8969616908850726,2024,30.990118577075098,26.12375249500998,1224,140.62418300653596,137.38888888888889,nas_delay,late_aircraft_delay,carrier_delay
IND,7,2940,6.1034013605442174,1.7684931506849315,2504,31.594249201277954,28.67628205128205,1640,158.11463414634147,157.61481481481482,late_aircraft_delay,nas_delay,carrier_delay
IND,8,2376,5.961279461279461,1.373942470389171,1676,31.730310262529834,28.55263157894737,1004,152.57370517928288,151.86345381526104,nas_delay,late_aircraft_delay,carrier_delay
IND,9,2040,5.425490196078432,-0.707843137254902,1276,31.08150470219436,25.29874213836478,532,135.18796992481202,130.593984962406,late_aircraft_delay,nas_delay,carrier_delay
IND,10,2532,5.9684044233807265,-2.08716323296355,1312,29.567073170731707,20.625,476,162.41176470588235,155.11864406779662,carrier_delay,nas_delay,late_aircraft_delay
IND,11,2280,5.940350877192983,-0.3350877192982456,1096,30.003649635036496,27.5,524,142.74809160305344,146.3923076923077,nas_delay,carrier_delay,late_aircraft_delay
IND,12,2736,6.06140350877193,-1.669603524229075,1704,30.76525821596244,26.00470588235294,964,145.551867219917,141.61087866108787,nas_delay,late_aircraft_delay,carrier_delay
INL,1,12,5.333333333333333,-16.0,12,32.333333333333336,25.0,8,120.5,106.0,carrier_delay,weather_delay,canc_B
INL,2,8,7.5,-11.0,12,22.666666666666668,17.0,12,104.0,84.66666666666667,weather_delay,canc_B,carrier_delay
INL,3,8,11.5,9.5,16,30.25,24.0,8,116.5,130.5,carrier_delay,nas_delay,weather_delay
INL,4,0,"","",4,54.0,37.0,8,501.5,493.5,carrier_delay,weather_delay,Nessuna
INL,5,4,13.0,7.0,8,31.0,30.0,12,170.0,161.33333333333334,carrier_delay,weather_delay,nas_delay
INL,6,20,5.8,10.8,40,33.7,37.9,24,176.16666666666666,186.83333333333334,nas_delay,carrier_delay,weather_delay
INL,7,40,4.3,2.9,36,28.77777777777778,26.11111111111111,24,283.3333333333333,284.0,carrier_delay,nas_delay,weather_delay
INL,8,20,5.2,21.4,20,35.8,44.4,20,254.4,252.8,nas_delay,carrier_delay,weather_delay
INL,9,0,"","",20,35.2,36.8,16,249.5,235.5,carrier_delay,nas_delay,weather_delay
INL,10,8,10.0,-0.5,8,22.0,5.5,24,226.0,217.16666666666666,carrier_delay,Nessuna,Nessuna
INL,11,12,7.333333333333333,-5.333333333333333,4,23.0,15.0,20,94.6,78.6,carrier_delay,weather_delay,Nessuna
INL,12,12,6.0,4.666666666666667,24,26.333333333333332,10.5,40,269.0,267.9,carrier_delay,nas_delay,weather_delay
ISP,1,324,6.049382716049383,2.5185185185185186,288,30.65277777777778,30.97222222222222,128,173.6875,173.25,nas_delay,late_aircraft_delay,carrier_delay
ISP,2,300,5.413333333333333,-6.266666666666667,180,33.111111111111114,27.488888888888887,80,226.75,211.35,nas_delay,late_aircraft_delay,carrier_delay
ISP,3,344,6.662790697674419,-4.186046511627907,280,35.15714285714286,26.928571428571427,232,115.3103448275862,109.98275862068965,late_aircraft_delay,nas_delay,carrier_delay
ISP,4,392,5.908163265306122,-7.530612244897959,224,32.75,23.589285714285715,152,163.71052631578948,161.3684210526316,late_aircraft_delay,carrier_delay,nas_delay
ISP,5,316,5.582278481012659,-6.531645569620253,252,29.6984126984127,19.85483870967742,152,125.07894736842105,117.71052631578948,late_aircraft_delay,carrier_delay,nas_delay
ISP,6,284,6.76056338028169,-6.71830985915493,228,29.964912280701753,18.54385964912281,140,138.97142857142856,129.02941176470588,late_aircraft_delay,carrier_delay,nas_delay
ISP,7,412,6.252427184466019,-4.902912621359223,344,29.74418604651163,20.023529411764706,156,140.92307692307693,129.71794871794873,late_aircraft_delay,carrier_delay,nas_delay
ISP,8,408,6.4411764705882355,2.607843137254902,228,28.31578947368421,25.24561403508772,220,138.01818181818183,132.21818181818182,late_aircraft_delay,nas_delay,carrier_delay
ISP,9,284,5.140845070422535,-2.028169014084507,124,29.258064516129032,19.29032258064516,40,163.7,152.6,late_aircraft_delay,nas_delay,carrier_delay
ISP,10,316,6.2025316455696204,-4.1645569620253164,140,24.257142857142856,12.742857142857142,36,119.33333333333333,103.66666666666667,carrier_delay,late_aircraft_delay,canc_B
ISP,11,356,5.426966292134831,-10.202247191011235,136,27.970588235294116,11.735294117647058,48,177.5,160.0,late_aircraft_delay,carrier_delay,nas_delay
ISP,12,344,6.383720930232558,-1.813953488372093,344,31.476744186046513,24.813953488372093,196,163.89795918367346,154.75510204081633,late_aircraft_delay,carrier_delay,nas_delay
ITH,1,8,8.5,24.0,8,40.0,24.5,20,212.0,192.0,late_aircraft_delay,canc_B,nas_delay
ITH,2,4,13.0,-18.0,12,52.666666666666664,36.0,4,216.0,225.0,late_aircraft_delay,weather_delay,canc_B
ITH,3,8,9.0,-20.0,12,26.333333333333332,3.0,28,139.28571428571428,121.42857142857143,late_aircraft_delay,carrier_delay,nas_delay
ITH,4,0,"","",0,"","",20,87.4,68.6,nas_delay,late_aircraft_delay,weather_delay
ITH,5,28,3.857142857142857,-7.571428571428571,24,30.0,15.333333333333334,24,157.66666666666666,136.66666666666666,nas_delay,carrier_delay,late_aircraft_delay
ITH,6,4,6.0,-10.0,24,36.666666666666664,38.833333333333336,16,112.25,101.0,late_aircraft_delay,nas_delay,canc_C
ITH,7,12,7.0,7.333333333333333,24,34.666666666666664,40.166666666666664,40,168.1,176.7,nas_delay,late_aircraft_delay,carrier_delay
ITH,8,20,5.6,-5.6,16,24.5,18.0,36,128.22222222222223,140.55555555555554,canc_C,late_aircraft_delay,nas_delay
ITH,9,4,6.0,-9.0,4,17.0,10.0,4,461.0,453.0,weather_delay,Nessuna,Nessuna
ITH,10,4,4.0,-7.0,4,55.0,48.0,8,148.0,140.5,late_aircraft_delay,carrier_delay,Nessuna
ITH,11,8,9.0,10.5,0,"","",4,73.0,126.0,nas_delay,carrier_delay,weather_delay
ITH,12,28,5.285714285714286,-3.2857142857142856,8,35.5,31.5,20,350.8,339.4,carrier_delay,late_aircraft_delay,nas_delay
ITO,1,392,6.142857142857143,10.408163265306122,308,28.83116883116883,33.09090909090909,80,95.5,99.05,late_aircraft_delay,carrier_delay,weather_delay
ITO,2,400,5.49,6.34,112,27.035714285714285,29.5,28,92.28571428571429,94.14285714285714,late_aircraft_delay,carrier_delay,weather_delay
ITO,3,552,5.27536231884058,3.079710144927536,212,23.264150943396228,20.60377358490566,24,135.16666666666666,134.66666666666666,late_aircraft_delay,carrier_delay,nas_delay
ITO,4,476,6.302521008403361,3.277310924369748,200,27.24,25.76,44,102.0909090909091,100.81818181818181,late_aircraft_delay,carrier_delay,nas_delay
ITO,5,464,6.146551724137931,7.301724137931035,280,31.87142857142857,32.18571428571428,108,98.88888888888889,103.44444444444444,late_aircraft_delay,carrier_delay,nas_delay
ITO,6,472,5.5,5.97457627118644,252,25.555555555555557,26.825396825396826,24,82.33333333333333,84.66666666666667,late_aircraft_delay,carrier_delay,nas_delay
ITO,7,480,5.575,3.9583333333333335,176,26.181818181818183,24.568181818181817,56,109.0,107.0,late_aircraft_delay,carrier_delay,nas_delay
ITO,8,416,6.230769230769231,3.2403846153846154,140,23.771428571428572,21.085714285714285,52,107.15384615384616,104.3076923076923,late_aircraft_delay,carrier_delay,canc_B
ITO,9,316,5.556962025316456,3.721518987341772,108,25.62962962962963,23.85185185185185,8,84.0,82.0,late_aircraft_delay,carrier_delay,canc_A
ITO,10,500,6.328,5.256,192,27.125,26.208333333333332,24,88.33333333333333,85.66666666666667,late_aircraft_delay,carrier_delay,nas_delay
ITO,11,476,6.470588235294118,4.201680672268908,148,29.16216216216216,26.35135135135135,8,81.5,83.0,late_aircraft_delay,carrier_delay,nas_delay
ITO,12,544,5.985294117647059,4.4411764705882355,160,23.9,22.675,28,94.14285714285714,95.42857142857143,late_aircraft_delay,carrier_delay,weather_delay
JAC,1,284,7.352112676056338,2.242857142857143,348,33.160919540229884,26.13953488372093,212,192.8490566037736,182.28301886792454,late_aircraft_delay,nas_delay,carrier_delay
JAC,2,284,7.323943661971831,2.161764705882353,368,32.08695652173913,30.98876404494382,236,234.74576271186442,245.82142857142858,nas_delay,carrier_delay,late_aircraft_delay
JAC,3,320,7.275,1.9,268,27.746268656716417,21.417910447761194,276,270.7826086956522,266.6376811594203,nas_delay,late_aircraft_delay,carrier_delay
JAC,4,112,6.857142857142857,5.535714285714286,76,24.42105263157895,19.57894736842105,48,348.0833333333333,348.0833333333333,nas_delay,carrier_delay,late_aircraft_delay
JAC,5,176,5.818181818181818,3.7954545454545454,84,36.76190476190476,32.4,112,164.85714285714286,165.14285714285714,nas_delay,late_aircraft_delay,carrier_delay
JAC,6,340,5.952941176470588,-0.3493975903614458,264,31.606060606060606,23.727272727272727,164,189.6829268292683,183.14634146341464,late_aircraft_delay,nas_delay,carrier_delay
JAC,7,344,6.558139534883721,2.3294117647058825,308,32.311688311688314,26.506666666666668,296,181.2972972972973,173.70833333333334,carrier_delay,nas_delay,late_aircraft_delay
JAC,8,396,6.616161616161616,1.9489795918367347,304,32.75,27.666666666666668,248,178.24193548387098,173.7704918032787,nas_delay,late_aircraft_delay,carrier_delay
JAC,9,272,6.75,3.485294117647059,236,31.35593220338983,28.189655172413794,132,227.93939393939394,220.6060606060606,late_aircraft_delay,nas_delay,carrier_delay
JAC,10,108,7.2592592592592595,6.153846153846154,64,30.25,22.25,44,312.72727272727275,305.8181818181818,carrier_delay,nas_delay,late_aircraft_delay
JAC,11,76,5.368421052631579,9.31578947368421,76,35.94736842105263,31.736842105263158,88,349.04545454545456,352.1818181818182,nas_delay,carrier_delay,late_aircraft_delay
JAC,12,188,5.957446808510638,0.3191489361702128,164,30.804878048780488,29.875,236,322.8813559322034,318.91525423728814,nas_delay,carrier_delay,late_aircraft_delay
JAN,1,264,7.484848484848484,1.0153846153846153,204,35.411764705882355,35.09803921568628,144,174.11111111111111,175.6,late_aircraft_delay,nas_delay,carrier_delay
JAN,2,216,5.796296296296297,-0.07407407407407407,156,31.564102564102566,26.763157894736842,44,113.18181818181819,104.0,late_aircraft_delay,carrier_delay,nas_delay
JAN,3,260,6.2,-0.5846153846153846,228,28.789473684210527,26.228070175438596,172,159.53488372093022,152.2093023255814,late_aircraft_delay,nas_delay,carrier_delay
JAN,4,216,6.851851851851852,0.5185185185185185,240,30.5,25.516666666666666,176,193.1818181818182,192.86363636363637,late_aircraft_delay,nas_delay,carrier_delay
JAN,5,416,6.269230769230769,5.903846153846154,404,31.801980198019802,29.18,288,176.36111111111111,179.16901408450704,late_aircraft_delay,nas_delay,carrier_delay
JAN,6,368,6.358695652173913,2.0543478260869565,336,32.05952380952381,27.726190476190474,156,152.15384615384616,149.17948717948718,late_aircraft_delay,carrier_delay,nas_delay
JAN,7,288,5.555555555555555,4.628571428571429,456,33.49122807017544,33.663716814159294,308,159.55844155844156,158.1818181818182,late_aircraft_delay,carrier_delay,nas_delay
JAN,8,268,6.835820895522388,2.343283582089552,232,32.241379310344826,24.603448275862068,120,173.73333333333332,167.5,late_aircraft_delay,carrier_delay,nas_delay
JAN,9,244,5.180327868852459,3.0327868852459017,172,32.325581395348834,27.790697674418606,64,162.5625,154.6875,nas_delay,carrier_delay,late_aircraft_delay
JAN,10,296,4.72972972972973,0.3108108108108108,152,26.0,19.18421052631579,76,184.10526315789474,178.89473684210526,carrier_delay,late_aircraft_delay,nas_delay
JAN,11,400,6.72,0.96,184,28.97826086956522,23.76086956521739,72,242.0,246.35294117647058,late_aircraft_delay,carrier_delay,nas_delay
JAN,12,364,6.043956043956044,2.5054945054945055,232,29.603448275862068,25.50877192982456,180,184.22222222222223,185.62222222222223,late_aircraft_delay,nas_delay,carrier_delay
JAX,1,1344,5.842261904761905,-0.17313432835820897,1132,32.66077738515901,27.50709219858156,668,153.10179640718562,148.62874251497007,late_aircraft_delay,carrier_delay,nas_delay
JAX,2,1076,5.881040892193308,0.9626865671641791,752,31.3031914893617,26.28191489361702,392,165.3877551020408,159.46938775510205,late_aircraft_delay,carrier_delay,nas_delay
JAX,3,1464,5.937158469945355,2.877049180327869,1264,31.430379746835442,27.136507936507936,632,172.13924050632912,171.05095541401275,late_aircraft_delay,carrier_delay,nas_delay
JAX,4,1520,6.15,3.418421052631579,1124,31.797153024911033,29.658362989323845,548,164.05109489051094,160.77205882352942,late_aircraft_delay,nas_delay,carrier_delay
JAX,5,1828,6.339168490153173,3.7158590308370045,1560,32.4,30.43669250645995,1044,160.81226053639847,162.55384615384617,late_aircraft_delay,nas_delay,carrier_delay
JAX,6,1564,5.89769820971867,0.1636828644501279,1308,33.03363914373089,27.35076923076923,1012,167.70750988142294,164.9561752988048,late_aircraft_delay,carrier_delay,nas_delay
JAX,7,1540,5.974025974025974,0.6770833333333334,1580,34.4632911392405,32.10886075949367,1548,184.0594315245478,184.49739583333334,late_aircraft_delay,nas_delay,carrier_delay
JAX,8,1384,5.997109826589595,2.2005813953488373,1340,31.629850746268655,30.356495468277945,844,183.5829383886256,180.4218009478673,late_aircraft_delay,nas_delay,carrier_delay
JAX,9,1356,6.047197640117994,3.2271386430678466,828,31.106280193236714,27.120772946859905,364,159.42857142857142,155.3186813186813,late_aircraft_delay,carrier_delay,nas_delay
JAX,10,1320,5.675757575757576,0.3696969696969697,824,30.024271844660195,23.432038834951456,304,171.18421052631578,165.5,carrier_delay,nas_delay,late_aircraft_delay
JAX,11,1256,5.691082802547771,0.8980891719745223,824,30.597087378640776,25.04368932038835,412,147.0,145.1,nas_delay,late_aircraft_delay,carrier_delay
JAX,12,1892,6.264270613107822,1.9745222929936306,1516,30.514511873350923,25.485488126649077,608,159.48684210526315,157.15333333333334,late_aircraft_delay,nas_delay,carrier_delay
JFK,1,5404,6.044411547002221,-3.3323442136498516,4732,31.748943364327978,25.84915254237288,3128,141.6010230179028,141.3128205128205,nas_delay,carrier_delay,late_aircraft_delay
JFK,2,4552,6.1493848857644995,-5.618165784832452,3684,31.36156351791531,21.850924918389556,2264,132.15371024734984,125.50267379679144,carrier_delay,nas_delay,late_aircraft_delay
JFK,3,5192,6.26040061633282,-6.343653250773994,4908,32.95436022819886,22.159574468085108,3556,138.56130483689537,130.04960541149944,carrier_delay,nas_delay,late_aircraft_delay
JFK,4,5192,6.311248073959939,-2.337962962962963,5136,31.445482866043612,23.6783762685402,2836,137.80818053596616,131.83309759547384,nas_delay,carrier_delay,late_aircraft_delay
JFK,5,5772,6.2217602217602215,-0.5260960334029228,5728,32.17039106145251,26.179146256123165,3372,146.5658362989324,142.74285714285713,nas_delay,carrier_delay,late_aircraft_delay
JFK,6,5708,6.549404344779258,-1.1916842847075406,5804,32.96140592694693,27.94871794871795,4064,154.00492125984252,149.96633663366336,nas_delay,carrier_delay,late_aircraft_delay
JFK,7,6528,6.368872549019608,0.7269372693726938,6676,32.50569203115638,27.19024683925346,5560,163.0273381294964,157.87255611875452,carrier_delay,nas_delay,late_aircraft_delay
JFK,8,5976,6.404283801874163,4.516150740242261,6276,33.029318036966224,30.75897435897436,4784,152.46989966555185,152.32523051131602,nas_delay,carrier_delay,late_aircraft_delay
JFK,9,4872,6.301313628899836,-3.732128184059162,3736,30.63169164882227,22.4983922829582,1920,139.11041666666668,131.54791666666668,nas_delay,carrier_delay,late_aircraft_delay
JFK,10,5576,6.12338593974175,-6.458333333333333,3500,29.542857142857144,15.831807780320366,1324,140.81268882175226,128.52279635258358,carrier_delay,nas_delay,late_aircraft_delay
JFK,11,4392,6.179417122040073,-5.270566727605119,3356,30.34088200238379,19.470728793309437,1472,120.62228260869566,109.82016348773843,carrier_delay,nas_delay,late_aircraft_delay
JFK,12,6840,6.2216374269005845,-2.779472140762463,6228,31.773281952472704,24.186855670103093,3736,132.62847965738757,126.35123523093448,carrier_delay,nas_delay,late_aircraft_delay
JLN,1,4,1.0,-9.0,16,21.75,22.75,20,337.6,328.6,carrier_delay,canc_B,nas_delay
JLN,2,12,2.0,-8.666666666666666,4,53.0,35.0,8,128.5,97.0,carrier_delay,canc_B,weather_delay
JLN,3,12,7.0,-6.0,12,37.0,32.666666666666664,20,228.2,220.2,carrier_delay,nas_delay,late_aircraft_delay
JLN,4,12,12.0,20.0,16,33.5,37.0,16,103.75,95.75,carrier_delay,nas_delay,weather_delay
JLN,5,12,4.666666666666667,4.333333333333333,8,29.0,33.5,36,185.77777777777777,180.88888888888889,carrier_delay,nas_delay,late_aircraft_delay
JLN,6,12,3.3333333333333335,-2.6666666666666665,8,52.0,44.0,36,207.77777777777777,206.77777777777777,nas_delay,late_aircraft_delay,weather_delay
JLN,7,20,7.0,-2.0,20,38.2,29.0,4,72.0,79.0,nas_delay,carrier_delay,canc_B
JLN,8,24,8.333333333333334,2.0,12,21.0,-2.0,16,370.25,371.25,carrier_delay,nas_delay,late_aircraft_delay
JLN,9,20,7.8,-1.6,20,25.4,13.2,28,168.85714285714286,163.57142857142858,late_aircraft_delay,nas_delay,carrier_delay
JLN,10,8,1.5,6.0,28,37.285714285714285,23.142857142857142,8,67.5,53.5,carrier_delay,late_aircraft_delay,nas_delay
JLN,11,4,13.0,29.0,12,28.666666666666668,13.666666666666666,24,355.3333333333333,348.0,carrier_delay,late_aircraft_delay,nas_delay
JLN,12,12,8.0,6.0,8,30.0,24.5,20,241.2,227.0,carrier_delay,late_aircraft_delay,nas_delay
JMS,1,12,3.0,-14.666666666666666,8,45.0,34.0,4,99.0,71.0,canc_B,late_aircraft_delay,nas_delay
JMS,2,8,2.0,4.5,20,32.8,28.8,16,651.75,649.0,canc_B,nas_delay,weather_delay
JMS,3,16,6.75,-3.0,8,43.0,35.0,20,290.8,291.0,carrier_delay,nas_delay,late_aircraft_delay
JMS,4,12,2.6666666666666665,4.0,4,15.0,14.0,4,111.0,101.0,late_aircraft_delay,carrier_delay,Nessuna
JMS,5,0,"","",0,"","",8,95.5,111.0,nas_delay,late_aircraft_delay,weather_delay
JMS,6,12,13.0,15.333333333333334,8,17.5,38.0,16,127.0,138.75,canc_C,nas_delay,late_aircraft_delay
JMS,7,28,8.714285714285714,9.285714285714286,28,31.571428571428573,25.285714285714285,8,167.0,169.0,carrier_delay,late_aircraft_delay,nas_delay
JMS,8,12,4.666666666666667,3.0,16,30.25,25.25,4,151.0,151.0,carrier_delay,late_aircraft_delay,canc_B
JMS,9,0,"","",20,30.8,24.8,8,113.5,127.0,carrier_delay,nas_delay,late_aircraft_delay
JMS,10,16,5.0,4.75,12,43.333333333333336,37.333333333333336,8,590.5,587.0,carrier_delay,nas_delay,late_aircraft_delay
JMS,11,20,7.2,3.2,16,22.75,22.25,32,249.25,246.125,late_aircraft_delay,canc_B,nas_delay
JMS,12,20,7.2,1.4,16,33.0,42.5,24,501.1666666666667,500.1666666666667,nas_delay,late_aircraft_delay,weather_delay
JNU,1,136,6.647058823529412,15.147058823529411,228,31.473684210526315,39.25454545454546,136,162.38235294117646,162.78125,nas_delay,late_aircraft_delay,carrier_delay
JNU,2,92,6.0,7.6521739130434785,80,35.85,31.842105263157894,48,143.5,146.0,nas_delay,late_aircraft_delay,carrier_delay
JNU,3,120,6.3,6.310344827586207,104,35.07692307692308,35.92,44,138.36363636363637,134.0,late_aircraft_delay,nas_delay,carrier_delay
JNU,4,108,6.148148148148148,2.925925925925926,108,29.925925925925927,25.5,44,104.0,100.54545454545455,late_aircraft_delay,nas_delay,carrier_delay
JNU,5,192,6.270833333333333,4.0,128,26.59375,26.46875,48,140.16666666666666,140.25,nas_delay,late_aircraft_delay,carrier_delay
JNU,6,272,6.132352941176471,4.073529411764706,180,29.466666666666665,27.866666666666667,68,159.11764705882354,156.41176470588235,late_aircraft_delay,nas_delay,carrier_delay
JNU,7,324,6.469135802469136,6.703703703703703,352,28.420454545454547,27.40909090909091,76,115.78947368421052,118.21052631578948,late_aircraft_delay,nas_delay,carrier_delay
JNU,8,292,6.821917808219178,3.888888888888889,256,30.5,30.09375,108,167.74074074074073,171.57692307692307,late_aircraft_delay,nas_delay,carrier_delay
JNU,9,140,5.542857142857143,3.6,104,28.73076923076923,23.653846153846153,68,160.76470588235293,157.05882352941177,nas_delay,late_aircraft_delay,carrier_delay
JNU,10,116,5.413793103448276,0.6551724137931034,76,35.21052631578947,34.78947368421053,64,156.0625,154.75,nas_delay,carrier_delay,late_aircraft_delay
JNU,11,88,6.318181818181818,7.681818181818182,84,27.571428571428573,32.61904761904762,28,117.28571428571429,120.14285714285714,nas_delay,late_aircraft_delay,carrier_delay
JNU,12,188,5.574468085106383,9.063829787234043,116,33.275862068965516,39.3448275862069,84,144.76190476190476,168.3,nas_delay,late_aircraft_delay,carrier_delay
JST,1,16,5.0,-3.5,24,30.833333333333332,25.333333333333332,40,150.6,144.0,late_aircraft_delay,canc_B,nas_delay
JST,2,16,4.0,-14.0,24,30.0,7.833333333333333,4,66.0,52.0,canc_B,carrier_delay,late_aircraft_delay
JST,3,0,"","",8,34.0,35.5,12,106.66666666666667,96.0,carrier_delay,nas_delay,late_aircraft_delay
JST,4,8,9.0,12.0,28,37.42857142857143,50.714285714285715,40,178.4,172.1,carrier_delay,late_aircraft_delay,nas_delay
JST,5,8,11.5,2.0,16,34.0,27.75,48,175.91666666666666,174.33333333333334,late_aircraft_delay,nas_delay,carrier_delay
JST,6,12,11.0,1.0,28,45.285714285714285,39.42857142857143,12,237.33333333333334,235.66666666666666,carrier_delay,late_aircraft_delay,nas_delay
JST,7,16,5.25,-1.25,28,31.428571428571427,27.0,12,233.33333333333334,230.33333333333334,carrier_delay,late_aircraft_delay,Nessuna
JST,8,24,8.5,12.5,16,36.5,37.75,16,97.25,92.5,nas_delay,carrier_delay,late_aircraft_delay
JST,9,20,9.2,6.6,12,33.666666666666664,31.0,24,284.0,282.1666666666667,carrier_delay,late_aircraft_delay,nas_delay
JST,10,12,2.3333333333333335,-9.333333333333334,16,36.5,43.5,24,135.33333333333334,134.33333333333334,nas_delay,late_aircraft_delay,carrier_delay
JST,11,4,5.0,-10.0,20,23.6,14.2,20,154.4,151.8,carrier_delay,late_aircraft_delay,nas_delay
JST,12,28,6.285714285714286,3.857142857142857,12,23.0,20.333333333333332,48,486.3333333333333,484.75,late_aircraft_delay,nas_delay,carrier_delay
KOA,1,1148,6.02787456445993,5.097560975609756,704,29.261363636363637,26.619318181818183,240,218.18333333333334,201.91666666666666,late_aircraft_delay,carrier_delay,nas_delay
KOA,2,1052,5.916349809885932,1.5893536121673004,528,26.931818181818183,17.85496183206107,232,181.43103448275863,173.39655172413794,late_aircraft_delay,carrier_delay,nas_delay
KOA,3,1088,5.966911764705882,1.2941176470588236,316,28.746835443037973,25.075949367088608,112,192.75,184.67857142857142,carrier_delay,late_aircraft_delay,nas_delay
KOA,4,892,5.618834080717488,0.6036036036036037,384,29.510416666666668,23.395833333333332,184,161.58695652173913,157.8695652173913,late_aircraft_delay,carrier_delay,nas_delay
KOA,5,980,5.848979591836735,5.36734693877551,564,29.01418439716312,27.59285714285714,172,145.51162790697674,143.85714285714286,late_aircraft_delay,carrier_delay,nas_delay
KOA,6,920,5.369565217391305,3.4565217391304346,440,28.554545454545455,25.9,112,229.42857142857142,226.28571428571428,carrier_delay,late_aircraft_delay,nas_delay
KOA,7,1132,5.826855123674911,3.198581560283688,516,27.06201550387597,24.031007751937985,172,256.1860465116279,240.97560975609755,late_aircraft_delay,carrier_delay,nas_delay
KOA,8,1044,5.5440613026819925,0.5325670498084292,436,28.03669724770642,20.18348623853211,184,165.2391304347826,148.77777777777777,late_aircraft_delay,carrier_delay,nas_delay
KOA,9,672,5.208333333333333,1.625,288,29.84722222222222,24.194444444444443,104,116.96153846153847,109.11538461538461,late_aircraft_delay,carrier_delay,nas_delay
KOA,10,812,5.093596059113301,1.187192118226601,384,30.604166666666668,29.489583333333332,148,140.8108108108108,135.32432432432432,late_aircraft_delay,carrier_delay,nas_delay
KOA,11,708,5.813559322033898,1.0677966101694916,312,28.897435897435898,23.397435897435898,92,199.30434782608697,193.17391304347825,carrier_delay,late_aircraft_delay,nas_delay
KOA,12,944,5.88135593220339,0.711864406779661,516,27.25581395348837,19.2890625,116,143.3793103448276,135.0,late_aircraft_delay,carrier_delay,nas_delay
KTN,1,64,7.8125,3.5,104,32.69230769230769,30.541666666666668,52,127.46153846153847,127.25,late_aircraft_delay,nas_delay,canc_A
KTN,2,44,6.181818181818182,2.272727272727273,48,36.25,50.5,8,175.0,168.5,nas_delay,late_aircraft_delay,weather_delay
KTN,3,44,5.818181818181818,5.181818181818182,52,34.69230769230769,32.30769230769231,32,86.25,88.375,late_aircraft_delay,nas_delay,canc_A
KTN,4,68,6.411764705882353,1.411764705882353,52,24.923076923076923,21.846153846153847,32,78.25,74.375,late_aircraft_delay,carrier_delay,nas_delay
KTN,5,120,4.966666666666667,2.033333333333333,108,30.296296296296298,26.40740740740741,36,166.88888888888889,161.44444444444446,late_aircraft_delay,carrier_delay,nas_delay
KTN,6,140,5.828571428571428,4.057142857142857,124,27.0,24.258064516129032,40,124.9,125.0,late_aircraft_delay,carrier_delay,nas_delay
KTN,7,176,6.0227272727272725,4.909090909090909,160,32.05,32.7,60,131.8,128.53333333333333,late_aircraft_delay,nas_delay,carrier_delay
KTN,8,268,7.074626865671642,6.2272727272727275,196,26.408163265306122,25.791666666666668,80,161.8,158.1578947368421,late_aircraft_delay,nas_delay,carrier_delay
KTN,9,112,7.107142857142857,5.75,60,32.86666666666667,33.13333333333333,24,118.5,111.33333333333333,late_aircraft_delay,nas_delay,carrier_delay
KTN,10,100,5.52,0.92,48,33.0,32.25,24,112.83333333333333,114.66666666666667,late_aircraft_delay,nas_delay,carrier_delay
KTN,11,68,4.882352941176471,2.9411764705882355,76,30.0,28.473684210526315,16,78.25,85.25,late_aircraft_delay,nas_delay,carrier_delay
KTN,12,104,5.730769230769231,1.4615384615384615,88,26.454545454545453,22.863636363636363,44,143.9090909090909,134.63636363636363,late_aircraft_delay,nas_delay,carrier_delay
LAN,1,48,6.833333333333333,9.0,32,26.125,21.0,76,179.89473684210526,193.89473684210526,carrier_delay,nas_delay,late_aircraft_delay
LAN,2,28,5.0,5.571428571428571,28,34.714285714285715,29.142857142857142,16,86.5,79.5,nas_delay,carrier_delay,late_aircraft_delay
LAN,3,40,7.0,9.6,52,35.84615384615385,31.0,44,269.09090909090907,270.8181818181818,carrier_delay,late_aircraft_delay,nas_delay
LAN,4,24,5.833333333333333,0.8333333333333334,36,22.88888888888889,20.11111111111111,72,140.38888888888889,139.61111111111111,carrier_delay,nas_delay,late_aircraft_delay
LAN,5,36,6.222222222222222,1.3333333333333333,44,41.18181818181818,47.54545454545455,48,137.25,134.75,carrier_delay,nas_delay,late_aircraft_delay
LAN,6,32,7.0,3.625,72,34.44444444444444,33.5,84,142.47619047619048,139.23809523809524,carrier_delay,weather_delay,nas_delay
LAN,7,48,3.9166666666666665,1.6666666666666667,56,29.357142857142858,32.07142857142857,56,131.71428571428572,134.21428571428572,late_aircraft_delay,carrier_delay,nas_delay
LAN,8,36,5.777777777777778,-0.8888888888888888,56,35.57142857142857,37.57142857142857,56,213.21428571428572,217.85714285714286,carrier_delay,nas_delay,late_aircraft_delay
LAN,9,44,7.0,-4.545454545454546,44,39.81818181818182,32.0,20,116.6,129.4,carrier_delay,weather_delay,late_aircraft_delay
LAN,10,60,6.533333333333333,0.9333333333333333,60,36.8,32.333333333333336,20,102.6,105.8,carrier_delay,nas_delay,late_aircraft_delay
LAN,11,48,5.583333333333333,10.833333333333334,48,26.0,22.416666666666668,32,146.5,155.375,carrier_delay,nas_delay,weather_delay
LAN,12,16,9.25,25.0,44,42.45454545454545,41.54545454545455,24,146.0,148.66666666666666,carrier_delay,nas_delay,weather_delay
LAR,1,4,2.0,-7.0,12,42.0,58.0,4,118.0,112.0,canc_B,late_aircraft_delay,nas_delay
LAR,2,12,8.666666666666666,3.6666666666666665,8,24.0,36.0,12,108.66666666666667,97.66666666666667,carrier_delay,nas_delay,canc_B
LAR,3,0,"","",16,31.5,40.25,16,328.75,318.5,nas_delay,weather_delay,carrier_delay
LAR,4,8,9.5,9.0,4,15.0,18.0,4,65.0,69.0,carrier_delay,nas_delay,canc_B
LAR,5,12,9.666666666666666,37.0,8,44.5,40.5,12,102.0,95.33333333333333,weather_delay,nas_delay,late_aircraft_delay
LAR,6,24,5.166666666666667,19.166666666666668,8,26.5,21.0,28,290.2857142857143,285.2857142857143,carrier_delay,nas_delay,late_aircraft_delay
LAR,7,20,5.6,-2.6,4,18.0,5.0,16,124.0,119.25,canc_C,weather_delay,nas_delay
LAR,8,8,1.0,-4.0,36,36.22222222222222,32.44444444444444,20,275.8,269.4,late_aircraft_delay,nas_delay,carrier_delay
LAR,9,16,6.25,9.75,16,40.75,34.25,16,93.5,77.0,late_aircraft_delay,carrier_delay,nas_delay
LAR,10,8,5.5,6.0,16,35.25,18.75,16,375.5,371.75,carrier_delay,weather_delay,nas_delay
LAR,11,16,7.25,-8.5,16,33.75,21.75,24,125.0,108.83333333333333,carrier_delay,late_aircraft_delay,canc_B
LAR,12,20,8.2,2.4,8,28.0,13.5,12,104.66666666666667,82.0,carrier_delay,late_aircraft_delay,nas_delay
LAS,1,11724,6.2316615489594,0.7909681833732467,9292,31.226861816616445,25.401897369555844,3592,127.99443207126949,122.29608938547486,late_aircraft_delay,carrier_delay,nas_delay
LAS,2,11164,6.188821211035471,-0.9249281609195402,8336,30.92898272552783,23.94460500963391,3492,123.30584192439862,118.1036866359447,late_aircraft_delay,carrier_delay,nas_delay
LAS,3,12456,6.31470777135517,1.372347266881029,10972,31.711629602624864,26.91374269005848,6264,132.8927203065134,129.0684580934101,late_aircraft_delay,carrier_delay,nas_delay
LAS,4,12464,6.198973042362002,-1.3995499839279975,10176,30.98624213836478,23.779353821907012,3816,127.90461215932915,120.6042105263158,late_aircraft_delay,carrier_delay,nas_delay
LAS,5,14408,6.189339255968906,-2.0348577802565533,12336,31.55739299610895,23.803513337670786,4988,135.8468323977546,129.62834008097167,late_aircraft_delay,carrier_delay,nas_delay
LAS,6,14440,6.481717451523545,0.6511303377058331,12916,30.91452462062558,24.94294670846395,5176,138.53323029366305,132.52631578947367,carrier_delay,late_aircraft_delay,nas_delay
LAS,7,13860,6.625108225108225,1.3049853372434017,14664,32.119203491543914,27.46407927332783,7800,140.25794871794872,136.68565510098395,carrier_delay,late_aircraft_delay,nas_delay
LAS,8,12276,6.208536982730531,0.44681549573210766,10348,31.20834943950522,25.82254290171607,5408,128.32248520710058,122.8538404175988,carrier_delay,late_aircraft_delay,nas_delay
LAS,9,11512,6.06636553161918,-1.4416579588993381,8724,30.723979825767998,23.418658088235293,3940,118.67817258883248,111.36874361593463,late_aircraft_delay,carrier_delay,nas_delay
LAS,10,13868,6.020190366310931,-1.572006940427993,9044,29.77001326846528,23.79080053073861,2852,127.41374474053296,123.66760563380282,nas_delay,carrier_delay,late_aircraft_delay
LAS,11,12132,6.021760633036598,-4.0813492063492065,7728,29.59679089026915,19.156201349247535,2480,124.6241935483871,117.59223300970874,carrier_delay,late_aircraft_delay,nas_delay
LAS,12,12908,6.259993802293152,-2.904628766697732,8852,30.27519204699503,21.62318181818182,3424,133.5268691588785,127.17840375586854,carrier_delay,late_aircraft_delay,nas_delay
LAW,1,12,10.666666666666666,10.333333333333334,20,41.0,33.6,48,218.5,219.16666666666666,carrier_delay,weather_delay,nas_delay
LAW,2,16,7.5,5.25,8,34.5,38.0,12,220.33333333333334,220.33333333333334,nas_delay,weather_delay,carrier_delay
LAW,3,40,8.3,2.3,16,31.25,25.0,40,276.6,268.3,carrier_delay,late_aircraft_delay,nas_delay
LAW,4,28,4.428571428571429,8.857142857142858,44,38.81818181818182,42.72727272727273,28,212.42857142857142,208.85714285714286,carrier_delay,nas_delay,late_aircraft_delay
LAW,5,12,6.333333333333333,8.666666666666666,44,37.63636363636363,37.0,32,144.375,139.5,carrier_delay,canc_B,nas_delay
LAW,6,4,1.0,3.0,12,44.333333333333336,48.0,44,110.54545454545455,109.54545454545455,carrier_delay,nas_delay,weather_delay
LAW,7,40,5.9,9.3,28,25.571428571428573,30.285714285714285,48,263.3333333333333,270.5833333333333,nas_delay,carrier_delay,weather_delay
LAW,8,12,9.666666666666666,17.0,20,27.2,24.8,12,108.66666666666667,108.66666666666667,carrier_delay,nas_delay,late_aircraft_delay
LAW,9,28,7.857142857142857,13.571428571428571,16,44.0,51.0,16,178.0,179.5,nas_delay,carrier_delay,weather_delay
LAW,10,36,6.888888888888889,1.5555555555555556,32,36.5,34.0,20,291.2,282.8,carrier_delay,late_aircraft_delay,nas_delay
LAW,11,36,7.777777777777778,9.88888888888889,32,43.25,54.25,20,126.8,124.2,carrier_delay,nas_delay,weather_delay
LAW,12,24,5.833333333333333,4.833333333333333,56,29.928571428571427,28.642857142857142,24,195.16666666666666,220.33333333333334,nas_delay,carrier_delay,weather_delay
LAX,1,9352,5.899914456800684,1.8068669527896997,6524,31.589209074187615,25.90221402214022,3308,154.4147521160822,147.80269607843138,carrier_delay,nas_delay,late_aircraft_delay
LAX,2,9064,6.133274492497794,-1.254087494476359,6924,30.86250722125939,23.57779063042221,3144,147.03944020356235,141.31417624521072,carrier_delay,nas_delay,late_aircraft_delay
LAX,3,10800,6.157037037037037,2.026384243775548,8640,31.529166666666665,27.319702602230482,4300,142.9906976744186,139.2443820224719,nas_delay,carrier_delay,late_aircraft_delay
LAX,4,9756,5.9831898318983185,0.2352455633512175,7156,31.658468418110676,26.94627867935087,3828,150.5287356321839,146.5157894736842,nas_delay,carrier_delay,late_aircraft_delay
LAX,5,11500,6.103304347826087,0.438288920056101,9600,31.8275,26.75241698192518,5184,145.20756172839506,140.03178294573644,carrier_delay,nas_delay,late_aircraft_delay
LAX,6,11984,6.119158878504673,1.909456740442656,9880,31.091093117408906,26.49531568228106,4976,135.49035369774919,131.3548387096774,carrier_delay,nas_delay,late_aircraft_delay
LAX,7,11784,6.093686354378819,0.5028941096356827,10280,31.311284046692606,26.385367762128325,5912,150.7449255751015,145.46766507828454,carrier_delay,nas_delay,late_aircraft_delay
LAX,8,10432,5.985429447852761,-0.1581986143187067,7760,31.377319587628865,26.353790613718413,4140,147.7111111111111,144.5578231292517,carrier_delay,nas_delay,late_aircraft_delay
LAX,9,8748,5.858710562414266,-2.6556776556776556,5556,30.778977681785456,23.093073593073594,2724,153.66519823788545,146.11487481590575,carrier_delay,nas_delay,late_aircraft_delay
LAX,10,8776,5.7169553327256155,-0.9119525547445255,5892,29.896809232858114,24.22674813306178,2620,141.90381679389313,136.25574272588054,carrier_delay,nas_delay,late_aircraft_delay
LAX,11,9308,5.9149119037387194,-5.2265288544358315,5844,30.940451745379878,19.86529209621993,2820,137.8241134751773,130.5099715099715,carrier_delay,nas_delay,late_aircraft_delay
LAX,12,10580,5.880907372400756,-1.6418023475956076,7780,31.38508997429306,23.06333676622039,4024,140.90854870775348,134.564,carrier_delay,nas_delay,late_aircraft_delay
LBB,1,164,5.560975609756097,2.4878048780487805,204,31.745098039215687,23.980392156862745,192,166.95833333333334,162.9375,late_aircraft_delay,nas_delay,carrier_delay
LBB,2,180,6.155555555555556,8.28888888888889,132,30.96969696969697,26.363636363636363,72,115.61111111111111,115.66666666666667,nas_delay,carrier_delay,late_aircraft_delay
LBB,3,152,6.2894736842105265,4.7105263157894735,216,31.833333333333332,29.943396226415093,112,266.2857142857143,264.2857142857143,nas_delay,late_aircraft_delay,carrier_delay
LBB,4,216,6.185185185185185,2.1481481481481484,248,33.32258064516129,28.806451612903224,100,166.6,165.84,late_aircraft_delay,nas_delay,carrier_delay
LBB,5,288,5.791666666666667,-0.4507042253521127,276,36.507246376811594,34.43283582089552,224,200.625,197.85714285714286,late_aircraft_delay,nas_delay,carrier_delay
LBB,6,264,5.818181818181818,3.787878787878788,216,31.537037037037038,27.64814814814815,148,186.6216216216216,183.75675675675674,late_aircraft_delay,carrier_delay,nas_delay
LBB,7,272,6.205882352941177,2.9411764705882355,236,31.338983050847457,27.76271186440678,124,151.61290322580646,150.61290322580646,late_aircraft_delay,nas_delay,carrier_delay
LBB,8,192,7.020833333333333,1.5625,144,34.27777777777778,27.77777777777778,84,178.52380952380952,178.95238095238096,late_aircraft_delay,carrier_delay,nas_delay
LBB,9,192,6.3125,3.9791666666666665,188,33.255319148936174,32.97872340425532,48,97.75,92.08333333333333,nas_delay,late_aircraft_delay,carrier_delay
LBB,10,204,6.549019607843137,1.3529411764705883,144,33.25,25.916666666666668,80,191.8,189.45,late_aircraft_delay,nas_delay,carrier_delay
LBB,11,308,5.87012987012987,1.5324675324675325,228,32.21052631578947,29.140350877192983,148,149.94594594594594,150.43243243243242,late_aircraft_delay,nas_delay,carrier_delay
LBB,12,308,5.545454545454546,-0.2857142857142857,252,32.80952380952381,25.06451612903226,200,146.96,148.89795918367346,late_aircraft_delay,carrier_delay,nas_delay
LBE,1,16,3.75,-1.75,8,28.5,36.0,12,133.0,129.66666666666666,late_aircraft_delay,nas_delay,weather_delay
LBE,2,20,5.6,-8.4,32,31.375,24.375,8,77.0,61.0,late_aircraft_delay,nas_delay,weather_delay
LBE,3,20,4.6,-9.0,32,27.5,40.75,4,86.0,93.0,nas_delay,late_aircraft_delay,canc_B
LBE,4,4,2.0,-21.0,24,32.5,25.166666666666668,8,429.0,416.0,nas_delay,late_aircraft_delay,carrier_delay
LBE,5,20,9.4,-1.2,32,33.25,21.125,16,123.75,113.75,nas_delay,late_aircraft_delay,carrier_delay
LBE,6,20,5.0,-4.4,24,25.5,17.333333333333332,8,125.0,116.0,late_aircraft_delay,nas_delay,carrier_delay
LBE,7,16,8.0,4.5,40,35.0,27.0,28,92.28571428571429,80.57142857142857,carrier_delay,late_aircraft_delay,nas_delay
LBE,8,4,8.0,-11.0,12,31.0,17.333333333333332,12,102.33333333333333,98.0,canc_B,carrier_delay,late_aircraft_delay
LBE,9,4,1.0,-10.0,4,25.0,13.0,20,128.2,120.8,late_aircraft_delay,nas_delay,canc_A
LBE,10,16,5.25,1.75,8,36.5,31.5,0,"","",canc_B,carrier_delay,late_aircraft_delay
LBE,11,20,6.8,-0.2,4,34.0,54.0,12,152.66666666666666,136.33333333333334,nas_delay,late_aircraft_delay,carrier_delay
LBE,12,24,5.666666666666667,-18.5,8,33.0,11.5,12,102.0,98.0,nas_delay,weather_delay,carrier_delay
LBF,1,20,8.4,3.6,16,29.0,23.0,20,346.0,352.2,nas_delay,late_aircraft_delay,carrier_delay
LBF,2,16,8.75,12.25,8,47.5,37.0,4,62.0,116.0,nas_delay,late_aircraft_delay,carrier_delay
LBF,3,0,"","",16,24.5,18.5,8,693.5,688.5,canc_B,weather_delay,nas_delay
LBF,4,4,4.0,16.0,20,20.4,23.6,8,68.0,67.0,carrier_delay,late_aircraft_delay,nas_delay
LBF,5,8,6.0,4.0,4,43.0,41.0,4,815.0,821.0,nas_delay,canc_B,carrier_delay
LBF,6,8,3.0,2.5,20,29.2,27.8,16,142.75,143.0,nas_delay,late_aircraft_delay,carrier_delay
LBF,7,16,1.0,1.5,8,27.5,24.5,12,92.0,109.33333333333333,carrier_delay,nas_delay,late_aircraft_delay
LBF,8,28,6.0,10.571428571428571,12,39.0,46.666666666666664,16,87.0,81.75,nas_delay,late_aircraft_delay,carrier_delay
LBF,9,8,8.5,15.5,20,35.8,34.6,16,320.0,318.25,late_aircraft_delay,nas_delay,carrier_delay
LBF,10,12,6.0,-1.6666666666666667,12,31.666666666666668,29.0,0,"","",late_aircraft_delay,carrier_delay,nas_delay
LBF,11,12,6.666666666666667,-2.0,12,32.666666666666664,28.333333333333332,16,172.75,165.0,late_aircraft_delay,carrier_delay,canc_B
LBF,12,8,6.5,-7.5,12,24.0,14.666666666666666,12,183.0,166.66666666666666,carrier_delay,late_aircraft_delay,Nessuna
LBL,1,4,10.0,-2.0,4,26.0,34.0,0,"","",canc_B,carrier_delay,nas_delay
LBL,2,8,3.5,-2.0,12,40.0,38.666666666666664,8,317.0,309.5,late_aircraft_delay,nas_delay,carrier_delay
LBL,3,20,8.2,8.8,20,21.4,24.8,4,195.0,212.0,nas_delay,late_aircraft_delay,canc_B
LBL,4,12,7.0,1.3333333333333333,12,22.666666666666668,20.0,8,281.5,279.0,carrier_delay,weather_delay,late_aircraft_delay
LBL,5,8,2.5,1.0,12,32.0,26.333333333333332,36,212.88888888888889,211.88888888888889,late_aircraft_delay,nas_delay,carrier_delay
LBL,6,28,5.857142857142857,1.2857142857142858,16,27.0,22.25,12,458.6666666666667,487.0,carrier_delay,nas_delay,late_aircraft_delay
LBL,7,12,3.0,0.6666666666666666,24,26.333333333333332,20.166666666666668,8,106.0,107.0,canc_C,carrier_delay,nas_delay
LBL,8,24,6.833333333333333,5.666666666666667,40,36.6,31.9,32,169.0,167.375,carrier_delay,late_aircraft_delay,nas_delay
LBL,9,8,4.0,1.5,28,27.571428571428573,21.714285714285715,12,137.0,128.0,late_aircraft_delay,nas_delay,carrier_delay
LBL,10,8,7.5,3.0,24,37.166666666666664,36.5,8,113.5,101.5,late_aircraft_delay,nas_delay,weather_delay
LBL,11,20,6.6,7.0,20,39.4,47.2,12,80.66666666666667,79.0,late_aircraft_delay,nas_delay,canc_B
LBL,12,12,11.0,10.666666666666666,4,50.0,45.0,12,133.33333333333334,122.66666666666667,carrier_delay,late_aircraft_delay,weather_delay
LCH,1,24,4.5,-1.1666666666666667,16,28.75,25.25,44,326.27272727272725,327.27272727272725,carrier_delay,nas_delay,canc_B
LCH,2,4,13.0,17.0,24,33.0,30.666666666666668,28,231.71428571428572,224.28571428571428,carrier_delay,late_aircraft_delay,nas_delay
LCH,3,20,8.6,1.6,12,34.666666666666664,26.0,24,274.8333333333333,273.1666666666667,carrier_delay,nas_delay,weather_delay
LCH,4,20,6.0,13.4,12,29.333333333333332,25.0,40,186.3,187.7,nas_delay,weather_delay,carrier_delay
LCH,5,32,5.875,5.75,32,31.0,27.75,68,304.88235294117646,310.2352941176471,nas_delay,late_aircraft_delay,weather_delay
LCH,6,16,6.25,2.0,20,39.8,29.6,44,166.72727272727272,171.72727272727272,carrier_delay,weather_delay,nas_delay
LCH,7,44,8.363636363636363,2.8181818181818183,40,33.5,27.3,36,156.66666666666666,159.0,nas_delay,late_aircraft_delay,carrier_delay
LCH,8,20,3.8,-3.6,24,45.666666666666664,35.833333333333336,28,199.42857142857142,192.85714285714286,carrier_delay,late_aircraft_delay,weather_delay
LCH,9,24,7.833333333333333,7.833333333333333,40,26.8,22.7,36,233.22222222222223,225.88888888888889,carrier_delay,nas_delay,late_aircraft_delay
LCH,10,20,9.2,3.2,40,34.8,25.8,36,203.11111111111111,192.11111111111111,carrier_delay,late_aircraft_delay,weather_delay
LCH,11,24,7.0,-1.5,24,37.166666666666664,27.666666666666668,44,178.8181818181818,169.63636363636363,carrier_delay,canc_B,weather_delay
LCH,12,24,5.166666666666667,6.666666666666667,36,34.55555555555556,33.55555555555556,32,160.5,162.75,nas_delay,carrier_delay,late_aircraft_delay
LCK,1,40,8.2,2.2,28,36.0,30.142857142857142,12,84.0,93.33333333333333,late_aircraft_delay,nas_delay,carrier_delay
LCK,2,36,6.222222222222222,-8.25,24,23.666666666666668,13.5,16,84.0,76.25,carrier_delay,nas_delay,late_aircraft_delay
LCK,3,28,6.142857142857143,2.7142857142857144,60,27.6,20.866666666666667,44,113.45454545454545,116.9090909090909,late_aircraft_delay,nas_delay,carrier_delay
LCK,4,32,6.125,-6.375,28,29.714285714285715,19.285714285714285,24,164.83333333333334,168.0,late_aircraft_delay,nas_delay,carrier_delay
LCK,5,44,7.181818181818182,5.636363636363637,36,28.11111111111111,23.77777777777778,36,304.6666666666667,300.22222222222223,late_aircraft_delay,nas_delay,carrier_delay
LCK,6,76,6.2631578947368425,4.684210526315789,88,35.81818181818182,38.45454545454545,36,126.66666666666667,126.33333333333333,late_aircraft_delay,nas_delay,carrier_delay
LCK,7,44,5.636363636363637,10.636363636363637,68,33.1764705882353,35.94117647058823,64,175.75,178.875,late_aircraft_delay,nas_delay,carrier_delay
LCK,8,56,7.142857142857143,5.785714285714286,56,34.42857142857143,33.714285714285715,56,115.35714285714286,117.0,late_aircraft_delay,nas_delay,carrier_delay
LCK,9,32,8.875,7.25,40,31.6,33.7,32,138.875,135.625,late_aircraft_delay,carrier_delay,nas_delay
LCK,10,36,6.888888888888889,2.5555555555555554,16,35.0,33.0,8,107.5,107.5,late_aircraft_delay,nas_delay,carrier_delay
LCK,11,32,8.5,-0.125,28,41.42857142857143,27.714285714285715,12,86.66666666666667,77.33333333333333,late_aircraft_delay,carrier_delay,nas_delay
LCK,12,40,7.5,0.0,48,31.666666666666668,32.09090909090909,68,204.76470588235293,204.2941176470588,late_aircraft_delay,carrier_delay,nas_delay
LEX,1,280,6.442857142857143,7.428571428571429,268,32.71641791044776,32.59701492537314,256,185.40625,182.453125,nas_delay,late_aircraft_delay,carrier_delay
LEX,2,296,5.905405405405405,1.0405405405405406,236,32.220338983050844,22.694915254237287,88,194.3181818181818,183.0909090909091,carrier_delay,nas_delay,late_aircraft_delay
LEX,3,280,7.385714285714286,1.4857142857142858,280,31.8,23.585714285714285,168,183.21428571428572,175.85714285714286,late_aircraft_delay,nas_delay,carrier_delay
LEX,4,384,6.625,1.6842105263157894,224,28.25,26.142857142857142,164,154.3658536585366,149.25,nas_delay,late_aircraft_delay,carrier_delay
LEX,5,416,6.894230769230769,3.6310679611650487,356,34.03370786516854,29.089887640449437,332,151.97590361445782,157.73170731707316,late_aircraft_delay,nas_delay,carrier_delay
LEX,6,456,6.552631578947368,1.280701754385965,400,30.2,23.98,268,221.44776119402985,220.75757575757575,late_aircraft_delay,carrier_delay,nas_delay
LEX,7,384,5.958333333333333,5.819148936170213,444,31.27927927927928,29.20909090909091,468,171.94871794871796,169.72649572649573,late_aircraft_delay,nas_delay,carrier_delay
LEX,8,276,6.840579710144928,5.449275362318841,344,32.76744186046512,31.44705882352941,244,167.04918032786884,160.7377049180328,late_aircraft_delay,nas_delay,carrier_delay
LEX,9,340,7.105882352941176,5.352941176470588,364,31.164835164835164,25.043956043956044,140,149.42857142857142,150.11428571428573,carrier_delay,late_aircraft_delay,nas_delay
LEX,10,352,5.204545454545454,1.9090909090909092,276,30.202898550724637,21.405797101449274,116,150.86206896551724,142.20689655172413,nas_delay,carrier_delay,late_aircraft_delay
LEX,11,284,5.802816901408451,2.211267605633803,192,32.25,24.645833333333332,116,153.9655172413793,160.32142857142858,nas_delay,carrier_delay,late_aircraft_delay
LEX,12,372,6.129032258064516,-1.043010752688172,344,31.976744186046513,27.773809523809526,212,211.49056603773585,203.8490566037736,late_aircraft_delay,nas_delay,carrier_delay
LFT,1,72,6.055555555555555,10.055555555555555,96,32.333333333333336,28.083333333333332,112,185.42857142857142,191.5,late_aircraft_delay,weather_delay,nas_delay
LFT,2,108,6.518518518518518,6.666666666666667,96,30.625,23.25,36,133.0,129.88888888888889,weather_delay,carrier_delay,late_aircraft_delay
LFT,3,128,5.96875,-0.7741935483870968,108,32.629629629629626,26.925925925925927,88,174.6818181818182,172.27272727272728,nas_delay,carrier_delay,late_aircraft_delay
LFT,4,112,6.714285714285714,6.962962962962963,56,34.857142857142854,39.357142857142854,92,166.1304347826087,176.47826086956522,nas_delay,late_aircraft_delay,weather_delay
LFT,5,108,5.888888888888889,1.8846153846153846,104,28.346153846153847,28.115384615384617,124,186.83870967741936,190.6206896551724,late_aircraft_delay,nas_delay,weather_delay
LFT,6,144,6.694444444444445,1.8333333333333333,112,30.25,27.0,124,207.32258064516128,204.56666666666666,carrier_delay,late_aircraft_delay,nas_delay
LFT,7,156,6.9743589743589745,4.487179487179487,172,32.04651162790697,27.953488372093023,180,196.44444444444446,195.77777777777777,carrier_delay,late_aircraft_delay,nas_delay
LFT,8,100,7.12,4.28,112,33.892857142857146,28.0,80,194.35,188.1,carrier_delay,nas_delay,late_aircraft_delay
LFT,9,96,5.708333333333333,-2.25,100,28.56,26.36,56,269.85714285714283,266.42857142857144,carrier_delay,late_aircraft_delay,nas_delay
LFT,10,108,7.148148148148148,-2.1481481481481484,72,28.555555555555557,18.38888888888889,76,151.8421052631579,142.73684210526315,carrier_delay,late_aircraft_delay,nas_delay
LFT,11,124,6.451612903225806,1.2903225806451613,84,33.714285714285715,25.61904761904762,92,194.3913043478261,191.77272727272728,late_aircraft_delay,carrier_delay,nas_delay
LFT,12,168,4.738095238095238,3.619047619047619,76,29.473684210526315,23.105263157894736,92,181.34782608695653,188.08695652173913,nas_delay,late_aircraft_delay,weather_delay
LGA,1,6104,6.150720838794233,-2.4369250985545334,5796,32.668046928916496,27.387275242047025,4480,144.33660714285713,147.5202156334232,nas_delay,late_aircraft_delay,carrier_delay
LGA,2,5852,5.943267259056733,-7.2835616438356166,4388,31.07383773928897,17.23674588665448,2696,148.76557863501483,135.97155688622755,late_aircraft_delay,carrier_delay,nas_delay
LGA,3,6016,6.3251329787234045,-5.520319786808794,5696,32.53300561797753,20.815808045165845,3336,133.32254196642685,123.6978417266187,late_aircraft_delay,carrier_delay,nas_delay
LGA,4,6244,5.9916720051249195,-2.8944658944658945,5080,31.707086614173228,23.072612470402525,3292,153.03280680437425,146.15712545676004,carrier_delay,nas_delay,late_aircraft_delay
LGA,5,6476,6.351451513279803,-0.2736318407960199,6304,31.79060913705584,27.065384615384616,5072,143.52129337539432,142.45995241871532,nas_delay,late_aircraft_delay,carrier_delay
LGA,6,6312,6.226235741444867,-1.239795918367347,6328,32.87420986093552,27.986040609137056,4952,157.4184168012924,153.25790754257906,nas_delay,carrier_delay,late_aircraft_delay
LGA,7,6860,6.274052478134111,2.3594847775175642,7568,32.9122621564482,31.122405534858967,7008,154.9549086757991,152.1524741081703,nas_delay,late_aircraft_delay,carrier_delay
LGA,8,7084,6.1518915866741954,1.404991491775383,6528,32.1390931372549,30.665636588380718,5728,160.3344972067039,157.87350667603656,nas_delay,carrier_delay,late_aircraft_delay
LGA,9,5488,5.94533527696793,-3.304093567251462,3944,30.917849898580123,23.008130081300813,1872,134.18376068376068,126.11158798283262,nas_delay,carrier_delay,late_aircraft_delay
LGA,10,6040,5.911920529801325,-4.9105367793240555,4264,30.52908067542214,21.048918156161808,1996,148.12825651302606,139.87726358148893,carrier_delay,nas_delay,late_aircraft_delay
LGA,11,5820,5.952577319587629,-5.369580178940124,4216,31.05787476280835,19.780834914611006,2012,121.37773359840955,109.2874251497006,late_aircraft_delay,carrier_delay,nas_delay
LGA,12,7620,6.203674540682415,-1.88145416227608,7392,32.23106060606061,25.257994579945798,4008,131.40419161676647,125.92384769539078,late_aircraft_delay,carrier_delay,nas_delay
LGB,1,1104,5.771739130434782,1.602189781021898,716,29.324022346368714,24.977653631284916,276,104.33333333333333,102.42028985507247,late_aircraft_delay,carrier_delay,nas_delay
LGB,2,1280,5.665625,-2.4875,700,28.662857142857142,20.913793103448278,232,103.34482758620689,94.62068965517241,late_aircraft_delay,carrier_delay,nas_delay
LGB,3,1452,5.402203856749312,-0.9393939393939394,792,29.757575757575758,25.050761421319798,272,111.25,104.68181818181819,late_aircraft_delay,carrier_delay,nas_delay
LGB,4,1276,5.918495297805642,-1.5660377358490567,724,29.4585635359116,21.461111111111112,220,113.27272727272727,103.85454545454546,late_aircraft_delay,carrier_delay,nas_delay
LGB,5,1564,5.595907928388747,-3.335897435897436,932,30.6480686695279,22.637931034482758,300,122.90666666666667,117.50666666666666,late_aircraft_delay,carrier_delay,nas_delay
LGB,6,1656,5.908212560386473,-1.910411622276029,800,30.745,23.295,228,121.42105263157895,113.71929824561404,late_aircraft_delay,carrier_delay,nas_delay
LGB,7,1480,5.591891891891892,-1.013550135501355,1088,30.09926470588235,23.653136531365313,316,112.83544303797468,105.50632911392405,late_aircraft_delay,carrier_delay,nas_delay
LGB,8,1136,5.443661971830986,0.4416961130742049,488,30.770491803278688,26.92622950819672,160,109.7,104.175,late_aircraft_delay,carrier_delay,nas_delay
LGB,9,1112,5.302158273381295,-2.8050541516245486,504,28.53968253968254,21.952380952380953,184,131.8695652173913,125.82608695652173,late_aircraft_delay,carrier_delay,nas_delay
LGB,10,1036,5.482625482625482,-1.3474903474903475,600,31.28,23.886666666666667,296,115.48648648648648,107.41891891891892,late_aircraft_delay,carrier_delay,nas_delay
LGB,11,964,5.763485477178423,-4.730290456431535,468,31.11965811965812,21.663793103448278,148,112.08108108108108,102.29729729729729,late_aircraft_delay,carrier_delay,nas_delay
LGB,12,1088,6.272058823529412,0.1992619926199262,812,31.24137931034483,25.128712871287128,476,132.23529411764707,124.7983193277311,late_aircraft_delay,carrier_delay,nas_delay
LIH,1,1112,6.309352517985611,5.733812949640288,860,29.804651162790698,27.665116279069768,276,172.7826086956522,158.83333333333334,late_aircraft_delay,carrier_delay,nas_delay
LIH,2,1164,6.491408934707904,2.429553264604811,520,29.576923076923077,18.661538461538463,104,197.03846153846155,181.76923076923077,late_aircraft_delay,carrier_delay,nas_delay
LIH,3,1176,5.8061224489795915,1.8197278911564625,440,25.845454545454544,21.154545454545456,60,164.86666666666667,154.66666666666666,carrier_delay,late_aircraft_delay,nas_delay
LIH,4,872,5.31651376146789,1.5091743119266054,460,29.88695652173913,25.12280701754386,132,166.15151515151516,163.33333333333334,late_aircraft_delay,carrier_delay,nas_delay
LIH,5,1020,5.450980392156863,3.6431372549019607,560,29.178571428571427,27.978571428571428,188,128.25531914893617,124.65957446808511,late_aircraft_delay,carrier_delay,nas_delay
LIH,6,1100,5.909090909090909,4.007299270072993,456,27.464912280701753,26.105263157894736,156,112.97435897435898,109.64102564102564,late_aircraft_delay,carrier_delay,nas_delay
LIH,7,1140,5.505263157894737,3.8943661971830985,560,31.72142857142857,29.55,132,154.0,151.54545454545453,late_aircraft_delay,carrier_delay,nas_delay
LIH,8,964,5.842323651452282,0.27385892116182575,352,31.261363636363637,22.829545454545453,96,188.29166666666666,185.6086956521739,late_aircraft_delay,carrier_delay,canc_A
LIH,9,752,5.425531914893617,1.5212765957446808,328,29.0609756097561,23.80246913580247,68,233.11764705882354,238.3125,late_aircraft_delay,carrier_delay,nas_delay
LIH,10,900,6.0088888888888885,2.0044444444444443,356,26.10112359550562,22.370786516853933,68,110.11764705882354,104.6470588235294,late_aircraft_delay,carrier_delay,nas_delay
LIH,11,684,5.8654970760233915,0.6666666666666666,280,32.67142857142857,24.185714285714287,88,103.4090909090909,96.33333333333333,late_aircraft_delay,carrier_delay,nas_delay
LIH,12,1040,5.657692307692308,1.193050193050193,448,29.348214285714285,23.756756756756758,136,156.47058823529412,147.47058823529412,late_aircraft_delay,carrier_delay,nas_delay
LIT,1,444,6.900900900900901,3.3513513513513513,480,33.125,28.266666666666666,344,149.17441860465115,154.13953488372093,nas_delay,late_aircraft_delay,carrier_delay
LIT,2,356,5.640449438202247,2.1363636363636362,248,31.225806451612904,26.032258064516128,104,185.5,176.76923076923077,nas_delay,late_aircraft_delay,carrier_delay
LIT,3,440,6.209090909090909,2.0727272727272728,356,31.786516853932586,26.46067415730337,264,131.92424242424244,129.0,late_aircraft_delay,nas_delay,carrier_delay
LIT,4,628,6.630573248407643,0.8910256410256411,468,28.29059829059829,23.413793103448278,308,184.5194805194805,186.89333333333335,carrier_delay,nas_delay,late_aircraft_delay
LIT,5,820,6.009756097560976,1.0738916256157636,772,31.248704663212436,28.335078534031414,564,148.46099290780143,157.35507246376812,nas_delay,late_aircraft_delay,carrier_delay
LIT,6,756,5.915343915343915,3.1117021276595747,664,31.13855421686747,27.433734939759034,428,161.34579439252337,161.42990654205607,late_aircraft_delay,carrier_delay,nas_delay
LIT,7,920,6.595652173913043,4.6695652173913045,872,32.03211009174312,31.931192660550458,512,158.9609375,158.5078125,nas_delay,late_aircraft_delay,carrier_delay
LIT,8,632,6.082278481012659,0.2229299363057325,480,30.983333333333334,27.058333333333334,252,160.3015873015873,156.44444444444446,late_aircraft_delay,nas_delay,carrier_delay
LIT,9,516,6.348837209302325,2.007751937984496,444,30.74774774774775,24.65765765765766,224,160.64285714285714,156.375,late_aircraft_delay,nas_delay,carrier_delay
LIT,10,760,6.41578947368421,1.0894736842105264,364,30.52747252747253,24.208791208791208,184,201.7608695652174,195.65217391304347,carrier_delay,nas_delay,late_aircraft_delay
LIT,11,480,6.333333333333333,1.05,360,32.87777777777778,30.22222222222222,148,166.43243243243242,168.08333333333334,nas_delay,carrier_delay,late_aircraft_delay
LIT,12,664,6.493975903614458,0.5903614457831325,532,30.593984962406015,26.022556390977442,280,137.11428571428573,138.17142857142858,late_aircraft_delay,carrier_delay,nas_delay
LNK,1,44,7.090909090909091,3.272727272727273,36,23.88888888888889,26.444444444444443,36,160.44444444444446,172.66666666666666,late_aircraft_delay,nas_delay,canc_B
LNK,2,12,7.666666666666667,-2.3333333333333335,24,20.333333333333332,9.5,8,71.5,62.0,carrier_delay,Nessuna,Nessuna
LNK,3,24,5.833333333333333,3.8333333333333335,12,36.666666666666664,22.333333333333332,8,282.5,265.5,carrier_delay,late_aircraft_delay,nas_delay
LNK,4,28,5.857142857142857,2.142857142857143,32,42.5,36.875,40,350.4,342.9,carrier_delay,late_aircraft_delay,nas_delay
LNK,5,48,6.416666666666667,0.9,84,33.714285714285715,34.95238095238095,84,191.52380952380952,192.95,nas_delay,carrier_delay,late_aircraft_delay
LNK,6,84,6.0,-0.25,76,34.05263157894737,26.157894736842106,60,162.06666666666666,158.06666666666666,carrier_delay,nas_delay,late_aircraft_delay
LNK,7,60,4.733333333333333,7.066666666666666,80,32.7,27.65,92,153.6086956521739,147.47826086956522,carrier_delay,late_aircraft_delay,nas_delay
LNK,8,84,5.9523809523809526,-0.5714285714285714,132,36.21212121212121,28.666666666666668,72,205.77777777777777,204.44444444444446,carrier_delay,nas_delay,late_aircraft_delay
LNK,9,76,7.631578947368421,-3.1578947368421053,56,36.142857142857146,21.428571428571427,60,217.4,203.0,carrier_delay,late_aircraft_delay,nas_delay
LNK,10,52,6.0,-1.2307692307692308,40,37.6,27.7,40,133.2,113.1,carrier_delay,weather_delay,late_aircraft_delay
LNK,11,92,5.913043478260869,-2.4347826086956523,64,31.625,20.875,44,126.54545454545455,115.0909090909091,carrier_delay,late_aircraft_delay,nas_delay
LNK,12,60,5.666666666666667,4.066666666666666,60,33.13333333333333,22.866666666666667,60,155.73333333333332,137.26666666666668,carrier_delay,late_aircraft_delay,nas_delay
LRD,1,60,6.533333333333333,2.6,60,22.866666666666667,24.133333333333333,64,152.875,145.5,late_aircraft_delay,nas_delay,carrier_delay
LRD,2,28,3.7142857142857144,6.0,48,32.416666666666664,34.166666666666664,8,150.0,150.5,late_aircraft_delay,nas_delay,carrier_delay
LRD,3,52,8.23076923076923,10.846153846153847,48,30.083333333333332,30.5,44,129.63636363636363,128.0909090909091,late_aircraft_delay,nas_delay,carrier_delay
LRD,4,56,5.5,-2.7857142857142856,36,37.111111111111114,30.666666666666668,72,142.5,143.5,late_aircraft_delay,nas_delay,carrier_delay
LRD,5,96,7.125,5.375,76,35.421052631578945,33.0,104,219.69230769230768,231.2,late_aircraft_delay,nas_delay,carrier_delay
LRD,6,116,7.586206896551724,5.862068965517241,124,30.870967741935484,29.677419354838708,44,109.9090909090909,105.0909090909091,late_aircraft_delay,nas_delay,carrier_delay
LRD,7,124,7.903225806451613,9.566666666666666,96,33.333333333333336,32.666666666666664,80,209.1,207.0,late_aircraft_delay,nas_delay,carrier_delay
LRD,8,44,6.2727272727272725,4.0,60,32.06666666666667,30.933333333333334,20,156.8,153.6,late_aircraft_delay,nas_delay,carrier_delay
LRD,9,96,6.208333333333333,3.4166666666666665,40,35.4,30.3,20,388.2,383.0,late_aircraft_delay,nas_delay,carrier_delay
LRD,10,48,7.833333333333333,0.5,32,28.375,24.125,32,136.25,132.875,late_aircraft_delay,carrier_delay,nas_delay
LRD,11,36,4.888888888888889,-1.2222222222222223,36,25.22222222222222,17.555555555555557,52,131.3846153846154,126.66666666666667,late_aircraft_delay,nas_delay,carrier_delay
LRD,12,64,7.8125,7.75,60,24.8,19.333333333333332,48,197.33333333333334,201.16666666666666,late_aircraft_delay,nas_delay,carrier_delay
LSE,1,4,1.0,1.0,8,28.5,5.5,4,113.0,99.0,carrier_delay,canc_B,Nessuna
LSE,2,4,1.0,-21.0,0,"","",0,"","",Nessuna,Nessuna,Nessuna
LSE,5,24,8.166666666666666,4.5,16,37.5,35.25,28,137.28571428571428,149.16666666666666,late_aircraft_delay,nas_delay,carrier_delay
LSE,6,4,13.0,12.0,4,15.0,16.0,0,"","",late_aircraft_delay,nas_delay,Nessuna
LSE,7,20,4.0,-0.6,28,25.0,21.428571428571427,16,158.0,150.75,carrier_delay,late_aircraft_delay,nas_delay
LSE,8,28,6.0,4.428571428571429,8,30.5,23.5,8,227.5,221.0,nas_delay,carrier_delay,late_aircraft_delay
LSE,9,28,5.0,4.857142857142857,24,36.833333333333336,47.5,12,81.33333333333333,86.33333333333333,nas_delay,carrier_delay,late_aircraft_delay
LSE,10,4,3.0,-4.0,4,17.0,17.0,8,95.5,88.0,carrier_delay,nas_delay,late_aircraft_delay
LSE,11,12,8.666666666666666,-5.333333333333333,8,24.0,19.5,8,581.5,584.5,late_aircraft_delay,carrier_delay,nas_delay
LSE,12,0,"","",4,15.0,26.0,0,"","",nas_delay,late_aircraft_delay,Nessuna
LWS,1,28,7.428571428571429,16.0,44,33.81818181818182,21.363636363636363,56,233.42857142857142,231.0,carrier_delay,nas_delay,late_aircraft_delay
LWS,2,28,5.428571428571429,-3.0,16,27.0,26.0,32,231.875,225.625,carrier_delay,nas_delay,late_aircraft_delay
LWS,3,20,6.8,1.6,12,39.333333333333336,31.0,12,220.66666666666666,221.33333333333334,carrier_delay,late_aircraft_delay,nas_delay
LWS,4,24,5.0,-5.333333333333333,12,24.666666666666668,14.666666666666666,16,120.25,108.5,carrier_delay,weather_delay,Nessuna
LWS,5,36,7.111111111111111,1.2222222222222223,24,27.5,26.0,8,376.5,365.0,carrier_delay,nas_delay,weather_delay
LWS,6,40,6.3,-3.8,16,18.75,1.75,20,243.2,224.2,carrier_delay,Nessuna,Nessuna
LWS,7,44,6.636363636363637,0.7272727272727273,28,34.142857142857146,23.285714285714285,12,447.0,437.6666666666667,carrier_delay,weather_delay,Nessuna
LWS,8,40,5.8,-0.8,24,25.166666666666668,19.166666666666668,12,104.33333333333333,100.33333333333333,carrier_delay,nas_delay,weather_delay
LWS,9,16,9.5,10.0,20,35.6,33.2,16,351.0,342.5,carrier_delay,nas_delay,late_aircraft_delay
LWS,10,32,3.0,-3.375,32,26.125,20.5,8,269.0,258.0,carrier_delay,nas_delay,security_delay
LWS,11,20,4.2,-3.0,24,27.333333333333332,16.5,0,"","",carrier_delay,weather_delay,Nessuna
LWS,12,32,8.25,0.875,4,57.0,89.0,32,290.75,283.125,carrier_delay,weather_delay,nas_delay
MAF,1,276,6.7101449275362315,2.6470588235294117,264,34.166666666666664,30.757575757575758,184,139.84782608695653,140.58695652173913,late_aircraft_delay,nas_delay,carrier_delay
MAF,2,236,5.322033898305085,0.05084745762711865,156,31.025641025641026,26.28205128205128,64,169.25,162.8125,nas_delay,carrier_delay,late_aircraft_delay
MAF,3,356,5.089887640449438,-0.011235955056179775,232,31.689655172413794,28.25862068965517,148,148.1891891891892,142.45945945945945,late_aircraft_delay,nas_delay,carrier_delay
MAF,4,292,6.1506849315068495,4.082191780821918,280,35.41428571428571,31.420289855072465,220,150.92727272727274,148.27272727272728,late_aircraft_delay,nas_delay,carrier_delay
MAF,5,584,6.7465753424657535,5.7172413793103445,540,33.05185185185185,31.895522388059703,444,176.35135135135135,176.1,nas_delay,carrier_delay,late_aircraft_delay
MAF,6,452,6.168141592920354,1.4107142857142858,548,31.248175182481752,30.918518518518518,340,135.69411764705882,134.44578313253012,carrier_delay,late_aircraft_delay,nas_delay
MAF,7,508,6.653543307086614,5.2204724409448815,516,31.155038759689923,28.434108527131784,296,140.25675675675674,136.63513513513513,late_aircraft_delay,carrier_delay,nas_delay
MAF,8,344,5.709302325581396,3.255813953488372,300,29.786666666666665,27.10810810810811,180,154.35555555555555,149.9318181818182,late_aircraft_delay,carrier_delay,nas_delay
MAF,9,356,6.022471910112359,2.50561797752809,296,32.54054054054054,26.91891891891892,100,157.16,149.6,carrier_delay,late_aircraft_delay,nas_delay
MAF,10,320,5.5625,3.0125,216,31.35185185185185,24.944444444444443,108,161.4814814814815,154.4814814814815,carrier_delay,nas_delay,late_aircraft_delay
MAF,11,356,6.51685393258427,2.0919540229885056,236,32.20338983050848,28.728813559322035,144,136.41666666666666,128.33333333333334,late_aircraft_delay,carrier_delay,nas_delay
MAF,12,416,6.509615384615385,2.3398058252427183,300,29.626666666666665,24.945945945945947,216,161.75925925925927,158.59259259259258,nas_delay,carrier_delay,late_aircraft_delay
MBS,1,64,5.375,10.333333333333334,88,36.95454545454545,43.45454545454545,152,146.60526315789474,145.10526315789474,nas_delay,carrier_delay,canc_B
MBS,2,44,6.2727272727272725,-4.909090909090909,24,34.333333333333336,39.166666666666664,36,231.11111111111111,223.0,carrier_delay,late_aircraft_delay,nas_delay
MBS,3,56,5.928571428571429,3.4285714285714284,28,26.857142857142858,33.42857142857143,36,210.77777777777777,199.66666666666666,carrier_delay,nas_delay,late_aircraft_delay
MBS,4,40,5.3,-4.4,36,37.0,34.77777777777778,44,134.45454545454547,134.63636363636363,carrier_delay,nas_delay,late_aircraft_delay
MBS,5,16,4.25,3.0,68,36.529411764705884,33.11764705882353,88,127.68181818181819,127.0909090909091,nas_delay,late_aircraft_delay,carrier_delay
MBS,6,72,6.833333333333333,5.055555555555555,52,31.846153846153847,32.23076923076923,88,176.22727272727272,173.45454545454547,carrier_delay,nas_delay,weather_delay
MBS,7,68,6.588235294117647,1.0,92,34.26086956521739,28.91304347826087,84,121.14285714285714,121.52380952380952,carrier_delay,nas_delay,late_aircraft_delay
MBS,8,100,7.6,0.72,68,33.94117647058823,30.176470588235293,80,176.35,174.9,carrier_delay,nas_delay,late_aircraft_delay
MBS,9,40,7.3,10.7,52,36.69230769230769,29.153846153846153,32,124.625,122.375,carrier_delay,late_aircraft_delay,nas_delay
MBS,10,84,7.523809523809524,3.5238095238095237,72,28.38888888888889,25.22222222222222,64,183.0625,177.375,carrier_delay,nas_delay,late_aircraft_delay
MBS,11,84,6.666666666666667,7.571428571428571,56,32.214285714285715,24.142857142857142,72,145.27777777777777,141.77777777777777,carrier_delay,nas_delay,weather_delay
MBS,12,112,7.285714285714286,10.642857142857142,128,32.125,31.225806451612904,100,148.92,149.0,carrier_delay,nas_delay,late_aircraft_delay
MCI,1,2652,6.16289592760181,5.5604229607250755,2232,30.88888888888889,31.84864864864865,1172,158.63481228668942,167.80344827586208,nas_delay,carrier_delay,late_aircraft_delay
MCI,2,2180,5.61651376146789,-0.3798165137614679,1176,28.727891156462587,23.252559726962456,496,179.69354838709677,176.4471544715447,nas_delay,late_aircraft_delay,carrier_delay
MCI,3,2852,5.981767180925666,-1.8366197183098592,1868,30.319057815845824,24.111587982832617,696,139.72988505747125,137.94827586206895,late_aircraft_delay,nas_delay,carrier_delay
MCI,4,3028,5.940554821664465,-0.5687830687830688,2016,30.553571428571427,24.089463220675945,844,156.2654028436019,152.8436018957346,late_aircraft_delay,carrier_delay,nas_delay
MCI,5,3644,5.620197585071351,1.4547461368653423,2396,31.263772954924875,27.685092127303182,1472,150.5679347826087,149.37883008356545,late_aircraft_delay,nas_delay,carrier_delay
MCI,6,3596,6.196885428253615,1.6421404682274248,2524,30.91917591125198,27.205741626794257,1160,161.47241379310344,158.82926829268294,late_aircraft_delay,nas_delay,carrier_delay
MCI,7,3328,6.094951923076923,2.353437876960193,2792,31.41977077363897,28.47041847041847,1620,154.99012345679012,152.95037220843673,late_aircraft_delay,carrier_delay,nas_delay
MCI,8,2664,5.8108108108108105,1.8048048048048049,1920,30.397916666666667,26.49895178197065,988,141.87044534412956,138.44489795918366,late_aircraft_delay,nas_delay,carrier_delay
MCI,9,2516,5.771065182829889,0.8306709265175719,1292,29.953560371517028,23.826625386996906,480,142.36666666666667,136.03333333333333,nas_delay,late_aircraft_delay,carrier_delay
MCI,10,2796,5.663805436337626,-0.9083094555873925,1292,29.188854489164086,22.386996904024766,468,170.11111111111111,163.65811965811966,late_aircraft_delay,nas_delay,carrier_delay
MCI,11,2512,5.455414012738854,-0.85828025477707,1352,29.825443786982248,22.183431952662723,612,143.0392156862745,139.62091503267973,nas_delay,late_aircraft_delay,carrier_delay
MCI,12,2924,5.9138166894664845,-3.1904109589041094,2076,29.01926782273603,19.283236994219653,776,152.840206185567,144.81675392670158,late_aircraft_delay,carrier_delay,nas_delay
MCO,1,11948,6.330097087378641,1.5710932260228034,10196,30.770498234601806,26.32166732206056,4924,147.77822908204712,145.11673469387756,carrier_delay,nas_delay,late_aircraft_delay
MCO,2,10172,6.079040503342509,2.1813880126182967,7112,30.525871766029248,26.173618940248026,3200,126.46875,120.16145181476845,nas_delay,carrier_delay,late_aircraft_delay
MCO,3,11840,6.4246621621621625,3.9475110057568576,11144,31.97666905958363,29.82818116462976,7320,141.09344262295082,140.63949671772428,nas_delay,carrier_delay,late_aircraft_delay
MCO,4,10664,6.055138784696174,0.4477443609022556,7600,30.94684210526316,24.42457805907173,4120,143.39611650485438,137.70731707317074,carrier_delay,late_aircraft_delay,nas_delay
MCO,5,10932,6.100256128796195,2.8993733873940286,9580,31.955323590814196,30.301799916282963,6024,138.80146082337316,138.27655310621242,nas_delay,carrier_delay,late_aircraft_delay
MCO,6,10072,6.141779189833201,-0.3942652329749104,9112,32.4108867427568,26.746919014084508,6780,147.55870206489675,142.7909199522103,late_aircraft_delay,carrier_delay,nas_delay
MCO,7,10280,6.41011673151751,1.8801717408274785,10420,32.59040307101728,28.322928709055876,7996,150.68984492246122,146.44399596367305,late_aircraft_delay,carrier_delay,nas_delay
MCO,8,8860,6.203611738148984,1.4075249320036265,8764,32.52350524874487,29.157653528872594,6064,136.43139841688654,132.477858559154,late_aircraft_delay,nas_delay,carrier_delay
MCO,9,7648,5.879707112970712,1.3953854221289985,4928,29.97077922077922,25.929268292682927,1836,127.06753812636165,122.03930131004367,nas_delay,carrier_delay,late_aircraft_delay
MCO,10,8280,5.877777777777778,-1.7868535524407927,4836,29.231596360628618,20.597510373443985,1708,127.50819672131148,117.20657276995306,carrier_delay,canc_B,late_aircraft_delay
MCO,11,8768,5.853558394160584,-2.3379058070416097,5412,30.052475979305246,22.92524056254626,2056,122.84241245136187,117.228515625,carrier_delay,nas_delay,late_aircraft_delay
MCO,12,11164,6.269079183088499,-1.0832735104091888,8140,30.845700245700247,22.96646942800789,4532,132.07413945278023,126.37477797513321,late_aircraft_delay,carrier_delay,nas_delay
MCW,1,20,7.4,6.4,28,35.42857142857143,22.333333333333332,28,178.85714285714286,171.57142857142858,late_aircraft_delay,canc_B,nas_delay
MCW,2,12,5.0,-21.0,0,"","",12,127.0,122.0,carrier_delay,canc_B,late_aircraft_delay
MCW,3,0,"","",20,39.2,44.6,28,312.7142857142857,300.57142857142856,late_aircraft_delay,nas_delay,carrier_delay
MCW,4,8,9.5,17.0,12,39.333333333333336,32.666666666666664,16,303.75,295.5,late_aircraft_delay,carrier_delay,nas_delay
MCW,5,16,6.0,8.25,16,32.0,33.0,20,172.4,169.2,nas_delay,late_aircraft_delay,carrier_delay
MCW,6,20,4.2,3.4,24,21.0,19.0,28,251.28571428571428,250.71428571428572,late_aircraft_delay,nas_delay,Nessuna
MCW,7,28,7.428571428571429,15.142857142857142,24,45.833333333333336,50.833333333333336,28,358.7142857142857,361.2857142857143,late_aircraft_delay,nas_delay,carrier_delay
MCW,8,20,8.0,8.2,40,34.6,39.9,32,169.625,171.75,late_aircraft_delay,nas_delay,carrier_delay
MCW,9,12,10.333333333333334,3.6666666666666665,8,41.5,28.5,20,279.0,264.2,late_aircraft_delay,carrier_delay,nas_delay
MCW,10,0,"","",12,41.666666666666664,26.0,8,68.5,45.5,carrier_delay,late_aircraft_delay,Nessuna
MCW,11,12,7.0,13.333333333333334,16,46.75,43.75,36,397.8888888888889,394.55555555555554,late_aircraft_delay,nas_delay,carrier_delay
MCW,12,8,10.0,-1.0,12,22.333333333333332,24.666666666666668,16,130.5,136.75,canc_B,late_aircraft_delay,nas_delay
MDT,1,156,6.230769230769231,4.7105263157894735,124,31.774193548387096,34.806451612903224,124,187.7741935483871,186.74193548387098,nas_delay,late_aircraft_delay,carrier_delay
MDT,2,140,4.2,-9.885714285714286,108,30.88888888888889,21.74074074074074,68,204.05882352941177,198.76470588235293,carrier_delay,nas_delay,late_aircraft_delay
MDT,3,216,6.703703703703703,0.25925925925925924,152,32.10526315789474,27.973684210526315,68,176.64705882352942,176.47058823529412,nas_delay,late_aircraft_delay,carrier_delay
MDT,4,272,6.147058823529412,-3.014925373134328,168,33.666666666666664,26.595238095238095,60,144.66666666666666,144.26666666666668,late_aircraft_delay,carrier_delay,nas_delay
MDT,5,288,6.944444444444445,2.111111111111111,232,32.98275862068966,30.120689655172413,176,137.6590909090909,137.20454545454547,nas_delay,late_aircraft_delay,carrier_delay
MDT,6,284,6.47887323943662,0.9577464788732394,268,30.28358208955224,25.761194029850746,164,195.390243902439,192.29268292682926,carrier_delay,late_aircraft_delay,nas_delay
MDT,7,280,5.585714285714285,2.0428571428571427,296,33.932432432432435,32.32432432432432,256,161.625,163.5,carrier_delay,late_aircraft_delay,nas_delay
MDT,8,348,6.505747126436781,4.402298850574713,252,30.952380952380953,33.903225806451616,192,248.52083333333334,245.97916666666666,carrier_delay,nas_delay,late_aircraft_delay
MDT,9,220,6.636363636363637,1.5636363636363637,192,30.479166666666668,25.395833333333332,120,189.53333333333333,183.5,carrier_delay,late_aircraft_delay,nas_delay
MDT,10,316,5.569620253164557,-3.2278481012658227,144,29.0,18.5,80,234.95,227.85,carrier_delay,late_aircraft_delay,nas_delay
MDT,11,284,5.943661971830986,-2.8309859154929575,168,31.69047619047619,22.952380952380953,112,143.92857142857142,129.92857142857142,carrier_delay,late_aircraft_delay,nas_delay
MDT,12,344,5.790697674418604,0.046511627906976744,220,28.490909090909092,22.145454545454545,184,146.91304347826087,140.93478260869566,carrier_delay,nas_delay,late_aircraft_delay
MDW,1,5368,6.139344262295082,1.6080476900149032,4104,30.562378167641327,26.310176125244617,1644,137.2603406326034,135.25862068965517,carrier_delay,nas_delay,late_aircraft_delay
MDW,2,4648,5.923407917383821,-2.9707401032702236,2236,28.767441860465116,20.77101967799642,576,121.78472222222223,112.68055555555556,carrier_delay,nas_delay,late_aircraft_delay
MDW,3,6208,5.936855670103093,-1.6795865633074936,4792,30.47829716193656,22.862646566164155,1628,118.58968058968058,112.51351351351352,late_aircraft_delay,carrier_delay,nas_delay
MDW,4,6592,6.016383495145631,-0.2291793313069909,4548,30.3183817062445,24.133802816901408,1412,128.07082152974505,122.25212464589235,late_aircraft_delay,carrier_delay,nas_delay
MDW,5,6652,6.262778111846061,2.1830815709969786,6540,31.417737003058104,28.833642547928264,3080,118.37142857142857,117.16057441253264,late_aircraft_delay,carrier_delay,nas_delay
MDW,6,8144,6.539292730844794,1.2461690558576373,7296,30.552083333333332,26.688741721854306,2824,129.17988668555242,128.17045454545453,carrier_delay,late_aircraft_delay,nas_delay
MDW,7,8596,6.550953932061424,1.3813757604117922,7716,30.846552617936755,26.604590505998956,3232,120.3490099009901,116.07970112079701,late_aircraft_delay,carrier_delay,nas_delay
MDW,8,7388,6.086626962642122,0.2359002169197397,5432,30.27098674521355,26.7960088691796,1960,113.02857142857142,109.75664621676891,late_aircraft_delay,carrier_delay,nas_delay
MDW,9,7084,5.882552230378318,-1.11092246745897,3856,28.355809128630707,21.454261954261955,716,113.29608938547486,107.03954802259886,carrier_delay,late_aircraft_delay,nas_delay
MDW,10,6268,5.989151244416082,-3.505121638924456,3320,28.632530120481928,18.717391304347824,728,111.93956043956044,101.31318681318682,carrier_delay,late_aircraft_delay,nas_delay
MDW,11,4832,6.062913907284768,-2.6172328086164045,2560,29.384375,20.9,932,140.79828326180257,133.23605150214593,carrier_delay,late_aircraft_delay,nas_delay
MDW,12,6096,6.148950131233596,-3.3289473684210527,4472,29.924865831842578,21.894973070017954,1348,116.42136498516321,108.94311377245509,carrier_delay,late_aircraft_delay,nas_delay
MEI,1,12,7.666666666666667,-12.666666666666666,12,22.666666666666668,-0.6666666666666666,16,93.25,59.75,canc_B,late_aircraft_delay,carrier_delay
MEI,2,0,"","",12,40.333333333333336,17.0,20,160.8,140.0,late_aircraft_delay,carrier_delay,weather_delay
MEI,3,8,10.5,-1.0,8,30.5,38.5,16,338.25,330.5,nas_delay,weather_delay,carrier_delay
MEI,4,4,12.0,12.0,12,30.0,25.0,16,358.75,358.25,carrier_delay,nas_delay,late_aircraft_delay
MEI,5,20,4.6,12.0,20,30.0,36.4,40,217.9,245.3,nas_delay,late_aircraft_delay,weather_delay
MEI,6,24,5.166666666666667,13.0,4,21.0,31.0,16,465.0,466.0,carrier_delay,nas_delay,late_aircraft_delay
MEI,7,16,6.0,2.75,16,42.5,58.5,36,126.77777777777777,124.22222222222223,nas_delay,carrier_delay,late_aircraft_delay
MEI,8,20,6.4,6.8,28,25.571428571428573,21.285714285714285,0,"","",late_aircraft_delay,nas_delay,carrier_delay
MEI,9,4,14.0,24.0,8,20.5,18.0,12,237.0,237.0,carrier_delay,nas_delay,late_aircraft_delay
MEI,10,20,6.2,2.6,12,33.0,24.333333333333332,8,87.0,88.5,carrier_delay,nas_delay,Nessuna
MEI,11,12,3.0,29.666666666666668,16,30.0,29.75,4,61.0,73.0,carrier_delay,nas_delay,Nessuna
MEI,12,24,6.833333333333333,5.833333333333333,28,29.857142857142858,32.57142857142857,4,164.0,193.0,nas_delay,carrier_delay,late_aircraft_delay
MEM,1,824,5.650485436893204,4.305825242718447,852,32.244131455399064,29.530516431924884,468,194.15384615384616,197.36521739130436,nas_delay,late_aircraft_delay,carrier_delay
MEM,2,624,6.282051282051282,-0.47435897435897434,440,30.663636363636364,25.5,184,164.93478260869566,157.69565217391303,nas_delay,carrier_delay,late_aircraft_delay
MEM,3,924,5.904761904761905,-0.7434782608695653,768,31.15625,23.354166666666668,360,148.87777777777777,144.63333333333333,late_aircraft_delay,nas_delay,carrier_delay
MEM,4,988,5.866396761133603,-0.044534412955465584,608,30.75,24.276315789473685,396,226.08080808080808,222.24242424242425,carrier_delay,late_aircraft_delay,nas_delay
MEM,5,1296,6.410493827160494,1.4733542319749215,1224,31.133986928104576,26.301324503311257,736,172.8641304347826,175.53591160220995,carrier_delay,late_aircraft_delay,nas_delay
MEM,6,1308,6.162079510703364,-0.2,1068,31.131086142322097,25.909774436090224,644,171.91304347826087,168.22012578616352,carrier_delay,late_aircraft_delay,nas_delay
MEM,7,1324,6.401812688821752,2.280966767371601,1172,31.573378839590443,26.795221843003414,972,163.6172839506173,160.38429752066116,carrier_delay,late_aircraft_delay,nas_delay
MEM,8,1020,6.0,1.763779527559055,756,32.84126984126984,28.8994708994709,428,184.0467289719626,182.29245283018867,nas_delay,late_aircraft_delay,carrier_delay
MEM,9,964,6.224066390041494,2.012448132780083,676,30.562130177514792,26.34319526627219,288,155.26388888888889,151.70422535211267,nas_delay,late_aircraft_delay,carrier_delay
MEM,10,1124,5.637010676156583,-1.782918149466192,604,29.112582781456954,19.165562913907284,284,169.26760563380282,160.7605633802817,carrier_delay,nas_delay,late_aircraft_delay
MEM,11,1024,6.05859375,-0.7450980392156863,552,32.14492753623188,26.268115942028984,304,119.17105263157895,116.72368421052632,nas_delay,carrier_delay,late_aircraft_delay
MEM,12,1280,6.165625,-0.509375,904,31.411504424778762,23.125,392,172.74489795918367,170.0,carrier_delay,nas_delay,late_aircraft_delay
MFE,1,112,6.357142857142857,1.4642857142857142,128,32.5,29.5,88,288.72727272727275,286.3636363636364,late_aircraft_delay,nas_delay,carrier_delay
MFE,2,96,5.458333333333333,5.333333333333333,88,33.72727272727273,29.681818181818183,48,134.75,141.41666666666666,nas_delay,late_aircraft_delay,carrier_delay
MFE,3,108,5.814814814814815,2.7037037037037037,104,33.07692307692308,31.576923076923077,104,133.96153846153845,136.96153846153845,nas_delay,late_aircraft_delay,carrier_delay
MFE,4,112,8.214285714285714,9.428571428571429,120,30.833333333333332,30.655172413793103,120,155.06666666666666,157.16666666666666,nas_delay,late_aircraft_delay,carrier_delay
MFE,5,148,7.378378378378378,13.027027027027026,156,33.58974358974359,29.743589743589745,304,177.0921052631579,178.71621621621622,carrier_delay,nas_delay,late_aircraft_delay
MFE,6,244,5.934426229508197,6.327868852459017,212,32.35849056603774,27.849056603773583,228,183.6140350877193,184.9298245614035,carrier_delay,nas_delay,late_aircraft_delay
MFE,7,200,6.84,5.68,256,32.046875,34.28125,264,158.33333333333334,158.57575757575756,carrier_delay,late_aircraft_delay,nas_delay
MFE,8,176,5.5,2.627906976744186,152,31.57894736842105,29.842105263157894,184,156.91304347826087,155.5,late_aircraft_delay,carrier_delay,nas_delay
MFE,9,156,7.230769230769231,4.9743589743589745,132,31.424242424242426,27.484848484848484,92,126.82608695652173,117.65217391304348,late_aircraft_delay,carrier_delay,nas_delay
MFE,10,128,6.5,2.125,136,33.911764705882355,30.205882352941178,52,248.0,244.69230769230768,nas_delay,late_aircraft_delay,carrier_delay
MFE,11,100,7.04,3.44,160,33.425,28.35,124,146.80645161290323,150.74193548387098,late_aircraft_delay,nas_delay,carrier_delay
MFE,12,160,6.475,-1.1,152,32.10526315789474,25.94736842105263,144,143.44444444444446,156.33333333333334,carrier_delay,nas_delay,late_aircraft_delay
MFR,1,128,6.8125,-1.8125,100,30.2,19.44,116,207.06896551724137,198.68965517241378,carrier_delay,late_aircraft_delay,nas_delay
MFR,2,92,5.565217391304348,-2.739130434782609,104,32.11538461538461,23.03846153846154,112,131.25,131.64285714285714,nas_delay,carrier_delay,late_aircraft_delay
MFR,3,140,7.4,-0.5428571428571428,144,33.05555555555556,25.36111111111111,88,152.5909090909091,154.04545454545453,nas_delay,carrier_delay,late_aircraft_delay
MFR,4,104,6.115384615384615,3.4615384615384617,92,32.0,29.391304347826086,76,204.94736842105263,202.3684210526316,carrier_delay,nas_delay,late_aircraft_delay
MFR,5,136,5.205882352941177,2.0588235294117645,144,32.25,28.63888888888889,84,209.33333333333334,203.28571428571428,carrier_delay,nas_delay,late_aircraft_delay
MFR,6,252,6.4603174603174605,1.8253968253968254,184,30.32608695652174,25.652173913043477,96,106.66666666666667,101.20833333333333,carrier_delay,nas_delay,late_aircraft_delay
MFR,7,208,6.8076923076923075,0.3269230769230769,168,31.523809523809526,26.047619047619047,144,147.38888888888889,143.61111111111111,carrier_delay,late_aircraft_delay,nas_delay
MFR,8,164,6.341463414634147,2.926829268292683,128,29.65625,23.387096774193548,92,237.56521739130434,235.91304347826087,carrier_delay,nas_delay,late_aircraft_delay
MFR,9,156,6.205128205128205,4.282051282051282,128,27.625,20.25,72,159.11111111111111,153.33333333333334,carrier_delay,nas_delay,late_aircraft_delay
MFR,10,120,5.4,1.9666666666666666,120,26.3,23.666666666666668,44,124.18181818181819,119.81818181818181,carrier_delay,nas_delay,late_aircraft_delay
MFR,11,132,5.96969696969697,3.3636363636363638,108,32.851851851851855,28.925925925925927,84,316.42857142857144,312.57142857142856,carrier_delay,nas_delay,weather_delay
MFR,12,228,5.824561403508772,-3.263157894736842,136,34.6764705882353,26.176470588235293,108,211.03703703703704,195.23076923076923,carrier_delay,late_aircraft_delay,nas_delay
MGM,1,120,6.066666666666666,2.3,124,32.16129032258065,28.29032258064516,84,202.38095238095238,194.66666666666666,carrier_delay,late_aircraft_delay,nas_delay
MGM,2,76,6.157894736842105,0.5263157894736842,92,32.869565217391305,27.652173913043477,32,153.875,152.25,carrier_delay,nas_delay,late_aircraft_delay
MGM,3,116,4.827586206896552,-1.6206896551724137,96,31.291666666666668,25.791666666666668,44,209.8181818181818,200.9090909090909,late_aircraft_delay,nas_delay,carrier_delay
MGM,4,112,5.464285714285714,-0.42857142857142855,60,26.333333333333332,27.533333333333335,48,136.16666666666666,130.41666666666666,nas_delay,late_aircraft_delay,carrier_delay
MGM,5,112,6.107142857142857,7.107142857142857,72,31.0,29.055555555555557,104,236.30769230769232,233.1153846153846,carrier_delay,nas_delay,weather_delay
MGM,6,88,6.045454545454546,-2.272727272727273,128,31.28125,21.322580645161292,64,185.375,178.9375,late_aircraft_delay,carrier_delay,nas_delay
MGM,7,140,7.9714285714285715,5.142857142857143,108,30.14814814814815,33.333333333333336,152,155.1578947368421,155.31578947368422,carrier_delay,nas_delay,late_aircraft_delay
MGM,8,96,5.583333333333333,3.5833333333333335,100,29.72,23.48,32,282.5,281.125,carrier_delay,late_aircraft_delay,nas_delay
MGM,9,132,6.0,1.393939393939394,72,30.944444444444443,29.11111111111111,64,138.8125,112.33333333333333,late_aircraft_delay,nas_delay,carrier_delay
MGM,10,108,5.333333333333333,-5.423076923076923,68,32.294117647058826,26.88235294117647,32,136.875,132.375,late_aircraft_delay,carrier_delay,nas_delay
MGM,11,128,5.59375,-1.84375,120,31.466666666666665,27.4,40,155.4,153.66666666666666,carrier_delay,nas_delay,late_aircraft_delay
MGM,12,124,6.0,-1.3333333333333333,176,35.15909090909091,32.36363636363637,104,201.80769230769232,199.23076923076923,carrier_delay,nas_delay,late_aircraft_delay
MGW,12,12,10.0,8.666666666666666,16,27.75,34.5,44,244.63636363636363,230.72727272727272,carrier_delay,late_aircraft_delay,nas_delay
MHK,1,36,9.0,4.555555555555555,44,31.454545454545453,25.636363636363637,32,167.375,168.875,late_aircraft_delay,nas_delay,weather_delay
MHK,2,32,5.75,3.375,4,15.0,-11.0,8,126.5,108.0,carrier_delay,nas_delay,Nessuna
MHK,3,24,8.5,-2.5,16,24.75,12.75,8,401.0,393.5,carrier_delay,late_aircraft_delay,canc_B
MHK,4,24,5.0,-11.166666666666666,20,30.8,20.2,16,120.0,82.33333333333333,late_aircraft_delay,carrier_delay,nas_delay
MHK,5,28,3.857142857142857,2.0,28,27.142857142857142,20.142857142857142,36,120.55555555555556,129.66666666666666,late_aircraft_delay,carrier_delay,nas_delay
MHK,6,36,5.555555555555555,-3.6666666666666665,40,31.9,38.5,24,250.83333333333334,275.4,late_aircraft_delay,nas_delay,carrier_delay
MHK,7,60,7.266666666666667,-5.266666666666667,36,27.333333333333332,16.0,20,128.4,118.6,late_aircraft_delay,nas_delay,carrier_delay
MHK,8,28,8.142857142857142,3.0,36,35.111111111111114,23.77777777777778,12,125.0,113.0,late_aircraft_delay,nas_delay,carrier_delay
MHK,9,44,3.909090909090909,-11.090909090909092,20,29.0,12.8,8,78.0,63.0,nas_delay,late_aircraft_delay,carrier_delay
MHK,10,64,5.75,-12.0,20,23.6,4.4,16,91.5,75.5,late_aircraft_delay,carrier_delay,nas_delay
MHK,11,60,6.0,-9.2,16,23.25,19.5,16,157.75,175.25,late_aircraft_delay,nas_delay,canc_B
MHK,12,48,5.416666666666667,-10.166666666666666,32,20.5,7.0,16,193.25,177.75,canc_B,carrier_delay,nas_delay
MHT,1,212,4.90566037735849,-2.2452830188679247,164,29.29268292682927,26.609756097560975,132,138.57575757575756,150.75757575757575,nas_delay,late_aircraft_delay,carrier_delay
MHT,2,164,5.609756097560975,-6.780487804878049,112,29.285714285714285,18.142857142857142,48,123.91666666666667,121.66666666666667,nas_delay,late_aircraft_delay,carrier_delay
MHT,3,232,7.189655172413793,-3.7241379310344827,212,32.490566037735846,28.057692307692307,120,162.3,161.86666666666667,nas_delay,late_aircraft_delay,carrier_delay
MHT,4,272,5.4411764705882355,-2.073529411764706,208,34.57692307692308,29.03846153846154,92,167.7826086956522,177.34782608695653,late_aircraft_delay,nas_delay,carrier_delay
MHT,5,296,5.27027027027027,1.2465753424657535,264,32.27272727272727,29.727272727272727,148,177.2972972972973,180.2972972972973,late_aircraft_delay,nas_delay,carrier_delay
MHT,6,356,5.921348314606742,-2.247191011235955,204,30.941176470588236,28.96078431372549,96,191.16666666666666,186.25,late_aircraft_delay,nas_delay,carrier_delay
MHT,7,268,6.985074626865671,0.8484848484848485,376,30.329787234042552,26.0,212,151.35849056603774,152.26415094339623,late_aircraft_delay,carrier_delay,nas_delay
MHT,8,404,5.9504950495049505,1.4,252,32.73015873015873,30.428571428571427,180,206.48888888888888,208.26666666666668,nas_delay,late_aircraft_delay,carrier_delay
MHT,9,252,6.698412698412699,-2.3492063492063493,144,31.0,23.916666666666668,76,175.6315789473684,164.89473684210526,late_aircraft_delay,nas_delay,carrier_delay
MHT,10,344,6.104651162790698,-4.3604651162790695,252,28.063492063492063,17.825396825396826,100,124.32,112.28,carrier_delay,late_aircraft_delay,nas_delay
MHT,11,224,5.571428571428571,-6.714285714285714,88,28.454545454545453,13.772727272727273,52,145.3846153846154,134.30769230769232,late_aircraft_delay,nas_delay,carrier_delay
MHT,12,208,5.173076923076923,-4.6923076923076925,208,31.173076923076923,23.627450980392158,96,185.41666666666666,166.52173913043478,late_aircraft_delay,nas_delay,carrier_delay
MIA,1,8224,6.278696498054475,2.2290748898678414,8332,31.85981757081133,29.66055930568949,3940,145.9472081218274,143.70618556701032,carrier_delay,nas_delay,late_aircraft_delay
MIA,2,7108,6.014068655036579,4.220281690140845,5620,30.83914590747331,28.995010691375622,2716,145.56995581737849,142.61447562776956,nas_delay,carrier_delay,late_aircraft_delay
MIA,3,7656,6.212121212121212,3.075955997904662,7596,32.67719852553976,31.39683377308707,5440,162.99338235294118,163.8929889298893,nas_delay,late_aircraft_delay,carrier_delay
MIA,4,6620,6.032628398791541,0.6014536644457904,5484,31.681983953318746,26.504761904761907,3040,153.0013157894737,148.00132802124833,carrier_delay,nas_delay,late_aircraft_delay
MIA,5,7324,6.2850901146914255,3.328579264947888,7344,32.775054466230934,30.64277899343545,4912,145.03745928338762,144.62908496732027,carrier_delay,late_aircraft_delay,nas_delay
MIA,6,5860,6.4382252559726965,-0.03906785469499657,6832,33.1943793911007,29.09747504403993,5356,162.1023151605676,157.05155420773312,late_aircraft_delay,carrier_delay,nas_delay
MIA,7,6156,6.187134502923977,0.8434839554682384,6944,32.82027649769585,27.782028985507246,5312,158.53614457831324,152.78349735049204,carrier_delay,late_aircraft_delay,nas_delay
MIA,8,5744,6.243036211699164,1.0781032078103208,6508,33.24585125998771,28.82828906732551,5572,144.30653266331657,139.2478323699422,late_aircraft_delay,carrier_delay,nas_delay
MIA,9,4508,5.898846495119787,1.491103202846975,3612,31.410852713178294,27.470588235294116,1720,136.46046511627907,133.6056338028169,nas_delay,carrier_delay,late_aircraft_delay
MIA,10,4740,5.886075949367089,-2.492814877430262,3292,31.48359659781288,22.347560975609756,1576,134.08629441624365,124.64030612244898,carrier_delay,late_aircraft_delay,nas_delay
MIA,11,5732,5.515701325889742,-4.102869139258223,3884,30.925849639546858,21.223711340206187,1876,129.6950959488273,120.38841201716738,carrier_delay,late_aircraft_delay,nas_delay
MIA,12,7404,6.191247974068071,-1.265836491608013,6852,32.19964973730298,26.221700879765397,3456,131.92013888888889,125.91142191142191,carrier_delay,late_aircraft_delay,nas_delay
MKE,1,1532,5.953002610966058,3.3743455497382198,1060,33.70943396226415,31.674242424242426,784,198.99489795918367,200.34358974358975,nas_delay,carrier_delay,late_aircraft_delay
MKE,2,1032,5.546511627906977,-2.11284046692607,744,31.763440860215052,19.881720430107528,256,186.75,178.09375,nas_delay,late_aircraft_delay,carrier_delay
MKE,3,1620,6.283950617283951,1.8024691358024691,1208,32.397350993377486,28.488372093023255,748,137.33155080213905,133.58288770053477,late_aircraft_delay,nas_delay,carrier_delay
MKE,4,1300,6.218461538461538,0.6111111111111112,796,30.65326633165829,24.171717171717173,556,171.37410071942446,169.80575539568346,late_aircraft_delay,nas_delay,carrier_delay
MKE,5,1464,6.073770491803279,1.4986301369863013,1092,32.282051282051285,27.967032967032967,876,170.95890410958904,171.86301369863014,late_aircraft_delay,nas_delay,carrier_delay
MKE,6,1476,5.856368563685637,1.1141304347826086,1168,31.013698630136986,27.57191780821918,676,154.23076923076923,148.289156626506,late_aircraft_delay,nas_delay,carrier_delay
MKE,7,1712,5.614485981308412,0.9088785046728972,1444,32.51523545706371,30.93854748603352,1020,158.83529411764707,158.80876494023903,late_aircraft_delay,carrier_delay,nas_delay
MKE,8,1580,6.291139240506329,2.9489795918367347,1024,32.21875,28.388235294117646,672,129.6904761904762,128.49404761904762,nas_delay,late_aircraft_delay,carrier_delay
MKE,9,1344,5.958333333333333,-0.4226190476190476,808,29.905940594059405,24.415841584158414,364,167.82417582417582,164.3846153846154,nas_delay,carrier_delay,late_aircraft_delay
MKE,10,1492,5.7479892761394105,-3.045576407506702,792,29.95959595959596,22.04040404040404,376,189.30851063829786,179.5,carrier_delay,late_aircraft_delay,nas_delay
MKE,11,1208,5.5364238410596025,-1.5264900662251655,768,31.473958333333332,24.03125,356,159.97752808988764,152.79545454545453,carrier_delay,nas_delay,late_aircraft_delay
MKE,12,1412,6.186968838526912,-1.8238636363636365,1116,30.559139784946236,25.108303249097474,640,161.70625,161.18867924528303,carrier_delay,nas_delay,late_aircraft_delay
MLB,1,68,5.0,-1.8823529411764706,92,34.08695652173913,23.272727272727273,76,159.31578947368422,156.94736842105263,late_aircraft_delay,carrier_delay,nas_delay
MLB,2,56,4.714285714285714,-1.1428571428571428,84,34.19047619047619,31.428571428571427,12,130.0,123.33333333333333,late_aircraft_delay,nas_delay,carrier_delay
MLB,3,104,6.230769230769231,4.68,148,28.89189189189189,25.37837837837838,40,131.1,122.1,late_aircraft_delay,carrier_delay,nas_delay
MLB,4,88,6.363636363636363,-1.2272727272727273,76,29.0,21.63157894736842,56,183.14285714285714,179.5,late_aircraft_delay,carrier_delay,nas_delay
MLB,5,96,6.5,4.5,88,36.77272727272727,36.95454545454545,84,201.0952380952381,201.28571428571428,late_aircraft_delay,nas_delay,carrier_delay
MLB,6,104,6.1923076923076925,-1.0384615384615385,64,32.375,21.5625,56,134.35714285714286,125.76923076923077,late_aircraft_delay,carrier_delay,nas_delay
MLB,7,156,6.3076923076923075,6.128205128205129,96,36.25,33.125,108,122.07407407407408,133.66666666666666,late_aircraft_delay,nas_delay,carrier_delay
MLB,8,100,6.32,1.2083333333333333,92,36.82608695652174,28.52173913043478,80,117.8,129.35,late_aircraft_delay,carrier_delay,nas_delay
MLB,9,112,5.75,3.607142857142857,48,25.5,32.916666666666664,32,118.625,126.75,nas_delay,late_aircraft_delay,carrier_delay
MLB,10,52,5.384615384615385,4.6923076923076925,28,26.285714285714285,20.857142857142858,28,120.28571428571429,110.28571428571429,canc_B,nas_delay,late_aircraft_delay
MLB,11,68,5.117647058823529,4.294117647058823,68,29.764705882352942,23.235294117647058,20,131.2,135.8,late_aircraft_delay,carrier_delay,nas_delay
MLB,12,152,6.868421052631579,2.5135135135135136,132,31.545454545454547,25.515151515151516,56,197.64285714285714,201.57142857142858,late_aircraft_delay,carrier_delay,nas_delay
MLI,1,160,5.35,6.675,164,30.317073170731707,37.0,176,212.1590909090909,217.04545454545453,nas_delay,canc_B,late_aircraft_delay
MLI,2,128,6.25,-2.0,84,29.714285714285715,21.333333333333332,64,209.25,196.625,nas_delay,carrier_delay,late_aircraft_delay
MLI,3,112,5.821428571428571,1.25,128,32.0,25.25,88,137.1818181818182,135.04545454545453,nas_delay,late_aircraft_delay,carrier_delay
MLI,4,124,6.387096774193548,0.8064516129032258,144,33.638888888888886,30.694444444444443,60,276.8666666666667,282.92857142857144,nas_delay,late_aircraft_delay,carrier_delay
MLI,5,192,6.354166666666667,1.3541666666666667,168,32.904761904761905,31.095238095238095,208,203.55769230769232,206.78846153846155,nas_delay,late_aircraft_delay,carrier_delay
MLI,6,140,6.4,2.7714285714285714,144,36.083333333333336,32.416666666666664,124,167.25806451612902,165.8709677419355,late_aircraft_delay,nas_delay,carrier_delay
MLI,7,164,6.902439024390244,5.45,224,30.821428571428573,30.660714285714285,184,132.82608695652175,130.17391304347825,late_aircraft_delay,carrier_delay,nas_delay
MLI,8,148,5.891891891891892,3.72972972972973,140,31.857142857142858,35.22857142857143,116,126.3103448275862,122.58620689655173,nas_delay,late_aircraft_delay,carrier_delay
MLI,9,140,4.914285714285715,1.1428571428571428,120,35.833333333333336,28.8,64,153.6875,155.5,nas_delay,carrier_delay,late_aircraft_delay
MLI,10,104,7.115384615384615,-0.6538461538461539,88,35.22727272727273,30.363636363636363,36,145.66666666666666,138.0,carrier_delay,late_aircraft_delay,nas_delay
MLI,11,116,5.586206896551724,-0.896551724137931,124,31.612903225806452,26.548387096774192,80,139.2,140.55,carrier_delay,nas_delay,late_aircraft_delay
MLI,12,224,5.660714285714286,-3.690909090909091,124,35.483870967741936,22.5,136,261.88235294117646,256.24242424242425,carrier_delay,nas_delay,late_aircraft_delay
MLU,1,40,5.0,8.4,84,28.61904761904762,27.952380952380953,80,177.15,183.65,nas_delay,late_aircraft_delay,carrier_delay
MLU,2,36,6.888888888888889,5.555555555555555,32,33.5,30.125,20,124.2,119.0,late_aircraft_delay,nas_delay,carrier_delay
MLU,3,52,6.6923076923076925,4.076923076923077,84,33.38095238095238,27.142857142857142,20,160.6,157.8,late_aircraft_delay,nas_delay,carrier_delay
MLU,4,64,8.0625,5.6875,68,32.05882352941177,26.41176470588235,40,126.5,123.9,late_aircraft_delay,nas_delay,carrier_delay
MLU,5,96,6.375,2.2083333333333335,40,27.1,21.6,96,175.0,172.91666666666666,late_aircraft_delay,nas_delay,carrier_delay
MLU,6,84,6.571428571428571,0.5714285714285714,64,30.125,17.875,60,117.33333333333333,115.0,late_aircraft_delay,carrier_delay,nas_delay
MLU,7,104,6.615384615384615,-0.6923076923076923,76,35.31578947368421,38.68421052631579,104,144.96153846153845,141.34615384615384,late_aircraft_delay,nas_delay,carrier_delay
MLU,8,64,7.0,3.0,32,26.625,23.5,44,214.0909090909091,202.1818181818182,carrier_delay,late_aircraft_delay,nas_delay
MLU,9,80,8.15,11.75,96,31.833333333333332,31.458333333333332,56,153.57142857142858,150.85714285714286,nas_delay,carrier_delay,late_aircraft_delay
MLU,10,68,4.9411764705882355,-1.9411764705882353,28,40.0,30.714285714285715,12,203.0,191.66666666666666,carrier_delay,late_aircraft_delay,nas_delay
MLU,11,96,6.125,2.6666666666666665,44,32.90909090909091,23.818181818181817,72,181.16666666666666,175.72222222222223,late_aircraft_delay,carrier_delay,nas_delay
MLU,12,60,7.333333333333333,2.6,48,35.666666666666664,31.166666666666668,52,124.0,114.76923076923077,carrier_delay,nas_delay,late_aircraft_delay
MOB,1,100,3.72,0.88,84,31.666666666666668,30.85,64,187.5,185.875,nas_delay,late_aircraft_delay,carrier_delay
MOB,2,88,5.5,1.1818181818181819,68,30.0,25.11764705882353,36,291.77777777777777,291.55555555555554,carrier_delay,nas_delay,late_aircraft_delay
MOB,3,64,7.8125,5.75,80,32.15,26.45,56,118.64285714285714,117.76923076923077,late_aircraft_delay,nas_delay,carrier_delay
MOB,4,92,6.086956521739131,-0.782608695652174,80,25.0,30.9,12,150.33333333333334,200.33333333333334,nas_delay,late_aircraft_delay,carrier_delay
MOB,5,124,6.548387096774194,11.161290322580646,96,37.458333333333336,38.291666666666664,64,219.25,240.4375,nas_delay,late_aircraft_delay,carrier_delay
MOB,6,100,5.32,4.44,112,34.25,27.785714285714285,60,123.4,117.66666666666667,late_aircraft_delay,carrier_delay,nas_delay
MOB,7,88,5.363636363636363,0.2727272727272727,100,36.0,32.708333333333336,108,117.62962962962963,114.77777777777777,late_aircraft_delay,nas_delay,carrier_delay
MOB,8,120,6.333333333333333,1.6333333333333333,44,24.636363636363637,18.727272727272727,28,137.57142857142858,127.0,late_aircraft_delay,nas_delay,carrier_delay
MOB,9,88,6.409090909090909,1.6818181818181819,64,29.25,24.6875,40,228.9,226.2,nas_delay,late_aircraft_delay,carrier_delay
MOB,10,84,7.0,-1.3333333333333333,36,27.666666666666668,29.11111111111111,12,72.66666666666667,67.33333333333333,nas_delay,carrier_delay,late_aircraft_delay
MOB,11,112,5.607142857142857,-1.7142857142857142,72,30.11111111111111,26.38888888888889,36,127.44444444444444,130.5,nas_delay,late_aircraft_delay,carrier_delay
MOB,12,100,6.24,2.0,96,31.083333333333332,30.875,80,248.0,251.6,nas_delay,late_aircraft_delay,carrier_delay
MOT,1,108,7.148148148148148,2.8518518518518516,60,39.06666666666667,38.84615384615385,124,257.80645161290323,257.41379310344826,nas_delay,carrier_delay,canc_B
MOT,2,72,4.777777777777778,-3.611111111111111,48,31.75,23.916666666666668,44,227.72727272727272,227.63636363636363,nas_delay,carrier_delay,weather_delay
MOT,3,84,6.285714285714286,-3.9523809523809526,36,27.77777777777778,27.444444444444443,28,201.28571428571428,205.0,nas_delay,carrier_delay,canc_B
MOT,4,44,5.818181818181818,3.090909090909091,36,28.88888888888889,17.11111111111111,36,164.22222222222223,153.11111111111111,carrier_delay,nas_delay,late_aircraft_delay
MOT,5,76,5.2631578947368425,3.263157894736842,68,30.941176470588236,18.647058823529413,28,127.14285714285714,123.28571428571429,carrier_delay,nas_delay,late_aircraft_delay
MOT,6,128,5.9375,13.625,124,34.483870967741936,34.46666666666667,84,239.52380952380952,243.52380952380952,nas_delay,carrier_delay,weather_delay
MOT,7,148,5.756756756756757,2.7027027027027026,92,37.869565217391305,38.26086956521739,68,173.47058823529412,169.52941176470588,carrier_delay,nas_delay,weather_delay
MOT,8,64,5.8125,12.625,120,31.866666666666667,30.96551724137931,52,199.92307692307693,199.76923076923077,carrier_delay,nas_delay,weather_delay
MOT,9,48,6.666666666666667,3.75,76,34.89473684210526,30.63157894736842,16,321.25,320.75,carrier_delay,nas_delay,late_aircraft_delay
MOT,10,76,5.157894736842105,0.6842105263157895,68,26.058823529411764,23.58823529411765,16,204.0,202.0,carrier_delay,nas_delay,late_aircraft_delay
MOT,11,136,5.764705882352941,5.235294117647059,52,36.84615384615385,46.38461538461539,68,181.47058823529412,184.8235294117647,carrier_delay,nas_delay,weather_delay
MOT,12,120,5.566666666666666,6.766666666666667,112,35.464285714285715,29.928571428571427,108,205.74074074074073,201.7037037037037,carrier_delay,nas_delay,weather_delay
MQT,1,20,7.4,-3.6,4,31.0,14.0,4,65.0,44.0,canc_B,late_aircraft_delay,nas_delay
MQT,2,28,3.5714285714285716,-13.285714285714286,16,33.0,10.75,24,155.0,123.66666666666667,carrier_delay,late_aircraft_delay,weather_delay
MQT,3,16,5.75,24.25,8,21.0,4.5,8,101.5,73.0,late_aircraft_delay,nas_delay,weather_delay
MQT,4,4,2.0,-7.0,20,36.0,29.6,40,209.0,205.5,carrier_delay,nas_delay,weather_delay
MQT,5,24,9.166666666666666,6.5,40,41.4,46.5,20,133.0,135.2,nas_delay,late_aircraft_delay,weather_delay
MQT,6,36,9.222222222222221,3.125,40,37.0,48.4,24,152.5,161.66666666666666,carrier_delay,nas_delay,late_aircraft_delay
MQT,7,56,5.071428571428571,9.857142857142858,60,30.266666666666666,27.6,36,143.22222222222223,142.11111111111111,carrier_delay,late_aircraft_delay,nas_delay
MQT,8,36,6.333333333333333,8.0,72,28.0,28.61111111111111,24,181.33333333333334,189.33333333333334,nas_delay,carrier_delay,late_aircraft_delay
MQT,9,28,7.142857142857143,3.5714285714285716,24,24.833333333333332,23.0,12,115.66666666666667,111.0,carrier_delay,nas_delay,late_aircraft_delay
MQT,10,20,7.4,2.2,8,42.5,37.5,16,133.5,124.0,carrier_delay,nas_delay,late_aircraft_delay
MQT,11,20,10.2,1.8,28,41.714285714285715,36.142857142857146,4,97.0,79.0,carrier_delay,weather_delay,nas_delay
MQT,12,36,7.666666666666667,-5.666666666666667,52,27.23076923076923,14.076923076923077,40,190.9,183.4,carrier_delay,weather_delay,nas_delay
MRY,1,136,6.676470588235294,2.0294117647058822,100,26.8,22.64,80,134.8,129.5,late_aircraft_delay,nas_delay,carrier_delay
MRY,2,104,7.115384615384615,6.153846153846154,80,30.85,30.4,80,270.3,263.95,carrier_delay,nas_delay,late_aircraft_delay
MRY,3,132,6.181818181818182,0.06060606060606061,132,32.878787878787875,32.09090909090909,40,464.8,465.6,nas_delay,carrier_delay,late_aircraft_delay
MRY,4,148,6.72972972972973,7.0,100,31.92,30.04,76,181.1578947368421,179.68421052631578,nas_delay,carrier_delay,late_aircraft_delay
MRY,5,136,5.352941176470588,3.735294117647059,172,36.325581395348834,33.83720930232558,104,142.3846153846154,156.5,late_aircraft_delay,nas_delay,carrier_delay
MRY,6,188,5.829787234042553,4.319148936170213,192,30.875,31.130434782608695,136,147.23529411764707,144.5,carrier_delay,late_aircraft_delay,nas_delay
MRY,7,228,6.842105263157895,5.732142857142857,232,31.482758620689655,30.879310344827587,152,241.81578947368422,247.97297297297297,late_aircraft_delay,carrier_delay,nas_delay
MRY,8,192,6.395833333333333,5.5,140,33.142857142857146,31.514285714285716,128,130.5625,128.125,nas_delay,carrier_delay,late_aircraft_delay
MRY,9,176,6.931818181818182,5.295454545454546,140,37.25714285714286,36.02857142857143,88,182.22727272727272,184.33333333333334,carrier_delay,late_aircraft_delay,nas_delay
MRY,10,196,5.755102040816326,3.9591836734693877,132,33.54545454545455,31.78787878787879,104,144.3846153846154,144.42307692307693,carrier_delay,nas_delay,late_aircraft_delay
MRY,11,164,6.414634146341464,5.634146341463414,180,32.75555555555555,28.91111111111111,96,175.83333333333334,175.5,late_aircraft_delay,carrier_delay,nas_delay
MRY,12,168,7.380952380952381,-0.047619047619047616,176,36.52272727272727,33.06818181818182,152,214.47368421052633,210.07894736842104,carrier_delay,nas_delay,late_aircraft_delay
MSN,1,364,6.5054945054945055,5.010989010989011,332,34.602409638554214,33.91566265060241,440,178.0090909090909,178.58715596330276,nas_delay,carrier_delay,late_aircraft_delay
MSN,2,276,5.492753623188406,-6.246376811594203,196,34.16326530612245,27.714285714285715,152,165.3684210526316,150.0,carrier_delay,nas_delay,late_aircraft_delay
MSN,3,328,5.963414634146342,2.8292682926829267,340,34.05882352941177,26.2,216,230.88888888888889,222.46296296296296,nas_delay,carrier_delay,late_aircraft_delay
MSN,4,284,5.957746478873239,6.042857142857143,320,30.025,25.088607594936708,304,207.8421052631579,209.93421052631578,carrier_delay,nas_delay,late_aircraft_delay
MSN,5,368,6.858695652173913,5.706521739130435,436,33.79816513761468,35.07339449541284,468,207.51282051282053,205.23076923076923,carrier_delay,nas_delay,late_aircraft_delay
MSN,6,456,5.833333333333333,4.745614035087719,456,33.48245614035088,31.309734513274336,424,184.04716981132074,185.5,nas_delay,carrier_delay,late_aircraft_delay
MSN,7,448,7.223214285714286,5.232142857142857,440,35.43636363636364,35.054545454545455,376,157.7127659574468,156.98936170212767,carrier_delay,nas_delay,late_aircraft_delay
MSN,8,396,6.03030303030303,5.424242424242424,420,32.06666666666667,30.60952380952381,372,160.4516129032258,159.29032258064515,nas_delay,carrier_delay,late_aircraft_delay
MSN,9,260,5.7846153846153845,4.609375,304,30.42105263157895,27.236842105263158,196,173.81632653061226,167.12244897959184,carrier_delay,nas_delay,late_aircraft_delay
MSN,10,320,6.2875,0.9625,232,30.448275862068964,22.06896551724138,124,143.61290322580646,136.51612903225808,carrier_delay,nas_delay,late_aircraft_delay
MSN,11,304,6.2368421052631575,1.605263157894737,264,32.34848484848485,26.818181818181817,156,137.43589743589743,138.87179487179486,nas_delay,carrier_delay,late_aircraft_delay
MSN,12,436,6.486238532110092,5.256880733944954,476,31.54621848739496,24.73109243697479,332,170.3734939759036,169.4268292682927,carrier_delay,nas_delay,late_aircraft_delay
MSO,1,152,6.894736842105263,3.972972972972973,112,29.75,26.642857142857142,120,231.06666666666666,236.36666666666667,nas_delay,carrier_delay,weather_delay
MSO,2,76,3.6315789473684212,-1.105263157894737,64,29.1875,22.9375,40,126.9,127.7,nas_delay,carrier_delay,late_aircraft_delay
MSO,3,80,6.15,2.1,64,26.625,25.0625,44,139.36363636363637,136.9090909090909,nas_delay,carrier_delay,late_aircraft_delay
MSO,4,76,5.7894736842105265,4.421052631578948,84,33.57142857142857,25.285714285714285,44,215.9090909090909,210.36363636363637,carrier_delay,nas_delay,late_aircraft_delay
MSO,5,248,6.370967741935484,3.5,144,34.47222222222222,30.4,84,122.9047619047619,122.42857142857143,nas_delay,late_aircraft_delay,carrier_delay
MSO,6,324,6.172839506172839,-0.9753086419753086,260,31.676923076923078,23.46875,172,179.32558139534885,174.02380952380952,carrier_delay,late_aircraft_delay,nas_delay
MSO,7,468,6.213675213675214,2.6120689655172415,324,32.358024691358025,28.691358024691358,216,191.62962962962962,187.33962264150944,carrier_delay,late_aircraft_delay,nas_delay
MSO,8,384,5.989583333333333,1.8333333333333333,292,31.643835616438356,26.08219178082192,128,130.34375,126.19354838709677,carrier_delay,nas_delay,late_aircraft_delay
MSO,9,244,6.19672131147541,0.9344262295081968,140,29.82857142857143,21.0,72,122.27777777777777,117.77777777777777,late_aircraft_delay,carrier_delay,nas_delay
MSO,10,156,5.435897435897436,3.282051282051282,108,32.370370370370374,32.0,48,198.08333333333334,194.25,nas_delay,carrier_delay,late_aircraft_delay
MSO,11,120,6.866666666666666,3.8333333333333335,52,34.23076923076923,30.23076923076923,60,162.66666666666666,159.0,carrier_delay,nas_delay,late_aircraft_delay
MSO,12,148,5.297297297297297,3.972972972972973,112,24.571428571428573,18.428571428571427,80,225.05,224.6,carrier_delay,nas_delay,late_aircraft_delay
MSP,1,5184,5.986882716049383,-2.2892498066511986,4128,31.631782945736433,23.544303797468356,2716,172.41531664212076,164.12314540059347,carrier_delay,nas_delay,late_aircraft_delay
MSP,2,4100,6.04390243902439,-4.001956947162427,2716,30.883652430044183,18.787923416789397,1288,148.0248447204969,134.75862068965517,carrier_delay,nas_delay,late_aircraft_delay
MSP,3,5056,6.117088607594937,0.620744259699129,4024,31.100397614314115,27.397602397602398,2176,145.96323529411765,145.12615955473098,nas_delay,carrier_delay,late_aircraft_delay
MSP,4,4876,6.051681706316653,0.19490131578947367,3584,31.177455357142858,24.60290827740492,1664,136.65144230769232,132.22650602409638,carrier_delay,nas_delay,late_aircraft_delay
MSP,5,5916,6.226504394861393,3.7308474576271187,4752,31.21969696969697,29.05223251895535,2804,135.39942938659058,134.35479256080114,nas_delay,carrier_delay,late_aircraft_delay
MSP,6,7656,6.499477533960293,4.827315541601256,8528,32.69559099437148,31.81625939849624,4560,135.15877192982455,134.53439153439155,nas_delay,carrier_delay,late_aircraft_delay
MSP,7,7584,6.355485232067511,2.2572789835892006,8012,32.73689465801298,27.750752256770312,5584,148.40472779369628,143.67245119305858,carrier_delay,nas_delay,late_aircraft_delay
MSP,8,7856,6.192973523421589,2.347427407030056,7164,32.402010050251256,29.220662549129703,3272,134.9437652811736,132.1941031941032,carrier_delay,nas_delay,late_aircraft_delay
MSP,9,4784,5.839464882943144,-1.505439330543933,3416,30.843091334894613,22.388235294117646,1180,121.64745762711864,113.5513698630137,carrier_delay,nas_delay,late_aircraft_delay
MSP,10,4232,5.9886578449905485,-0.6209829867674859,2844,31.67369901547117,23.974647887323943,1164,132.30584192439864,122.92682926829268,carrier_delay,nas_delay,late_aircraft_delay
MSP,11,4624,5.650519031141869,0.32493483927019984,2884,30.930651872399444,25.334722222222222,1332,133.6936936936937,131.74018126888217,nas_delay,carrier_delay,late_aircraft_delay
MSP,12,6936,6.143598615916955,1.3358381502890173,5228,31.881407804131598,26.698461538461537,3096,151.61627906976744,147.72881355932202,carrier_delay,nas_delay,late_aircraft_delay
MSY,1,3024,6.211640211640212,1.970899470899471,2612,31.551301684532923,25.502304147465438,1388,158.85590778097983,156.6184971098266,late_aircraft_delay,carrier_delay,nas_delay
MSY,2,3032,5.953825857519789,0.5072655217965654,1760,30.23181818181818,24.364464692482915,612,129.359477124183,123.7124183006536,late_aircraft_delay,nas_delay,carrier_delay
MSY,3,3320,6.243373493975904,0.3474065138721351,2872,31.34401114206128,26.09344490934449,1336,158.2994011976048,154.51807228915663,late_aircraft_delay,nas_delay,carrier_delay
MSY,4,3156,5.9569074778200255,0.9021601016518425,2152,30.62267657992565,25.970204841713223,1204,180.4983388704319,178.9700996677741,late_aircraft_delay,nas_delay,carrier_delay
MSY,5,3708,6.021574973031283,3.617551462621885,3192,30.974937343358395,28.86180904522613,2124,156.4990583804143,157.80188679245282,late_aircraft_delay,nas_delay,carrier_delay
MSY,6,3124,6.137003841229193,1.4967824967824968,2868,30.95536959553696,27.30672268907563,1328,166.960843373494,166.10942249240122,late_aircraft_delay,nas_delay,carrier_delay
MSY,7,3236,6.210135970333745,1.1339950372208436,3360,32.647619047619045,29.577430972388957,2332,149.5917667238422,146.65576592082616,late_aircraft_delay,carrier_delay,nas_delay
MSY,8,2492,6.285714285714286,-0.1996779388083736,2168,31.418819188191883,26.194444444444443,1188,155.67003367003366,148.839590443686,late_aircraft_delay,carrier_delay,nas_delay
MSY,9,2412,5.885572139303482,1.2308970099667773,1716,30.804195804195803,25.151869158878505,544,142.4264705882353,133.71851851851852,late_aircraft_delay,carrier_delay,nas_delay
MSY,10,3568,6.173766816143497,0.12331838565022421,1784,28.556053811659194,21.591928251121075,672,139.32142857142858,131.54166666666666,carrier_delay,late_aircraft_delay,nas_delay
MSY,11,3228,5.991325898389095,-0.2531017369727047,1864,30.23175965665236,24.375809935205183,732,143.9398907103825,140.40883977900552,late_aircraft_delay,carrier_delay,nas_delay
MSY,12,3020,5.943046357615894,-0.026490066225165563,2452,30.822185970636216,24.81967213114754,1176,147.2721088435374,146.1541095890411,late_aircraft_delay,carrier_delay,nas_delay
MTJ,1,216,7.5,4.444444444444445,208,30.98076923076923,25.46153846153846,136,159.2941176470588,160.58823529411765,late_aircraft_delay,nas_delay,carrier_delay
MTJ,2,240,6.566666666666666,-0.9,232,30.79310344827586,23.086206896551722,112,128.5,134.71428571428572,late_aircraft_delay,nas_delay,carrier_delay
MTJ,3,184,5.978260869565218,4.065217391304348,216,32.833333333333336,28.807692307692307,76,168.42105263157896,162.31578947368422,nas_delay,late_aircraft_delay,carrier_delay
MTJ,4,48,7.666666666666667,2.0,52,32.69230769230769,23.923076923076923,20,164.0,161.0,late_aircraft_delay,carrier_delay,nas_delay
MTJ,5,60,6.533333333333333,-0.9333333333333333,76,28.736842105263158,25.263157894736842,68,117.29411764705883,127.76470588235294,nas_delay,late_aircraft_delay,carrier_delay
MTJ,6,108,5.444444444444445,3.3461538461538463,128,36.03125,27.71875,88,280.59090909090907,280.9047619047619,nas_delay,late_aircraft_delay,carrier_delay
MTJ,7,104,6.153846153846154,-0.92,124,28.225806451612904,23.633333333333333,124,138.1290322580645,128.63333333333333,late_aircraft_delay,nas_delay,carrier_delay
MTJ,8,128,5.25,1.3125,72,35.27777777777778,34.22222222222222,52,143.84615384615384,140.92307692307693,nas_delay,late_aircraft_delay,carrier_delay
MTJ,9,84,6.333333333333333,0.47619047619047616,52,29.76923076923077,14.615384615384615,36,253.11111111111111,242.33333333333334,late_aircraft_delay,carrier_delay,nas_delay
MTJ,10,44,5.363636363636363,-2.727272727272727,32,26.25,10.75,4,119.0,115.0,late_aircraft_delay,nas_delay,carrier_delay
MTJ,11,68,5.529411764705882,2.7058823529411766,56,30.857142857142858,18.642857142857142,44,130.0,133.45454545454547,late_aircraft_delay,carrier_delay,nas_delay
MTJ,12,128,6.53125,-5.59375,152,29.894736842105264,29.763157894736842,100,145.8,152.12,late_aircraft_delay,nas_delay,carrier_delay
MVY,5,16,6.75,3.25,4,52.0,47.0,16,216.0,223.5,nas_delay,late_aircraft_delay,canc_A
MVY,6,100,7.0,8.4,84,33.476190476190474,44.57142857142857,100,225.68,228.56,nas_delay,late_aircraft_delay,carrier_delay
MVY,7,148,7.027027027027027,4.722222222222222,156,31.692307692307693,31.358974358974358,156,203.69230769230768,201.97435897435898,nas_delay,late_aircraft_delay,carrier_delay
MVY,8,196,6.979591836734694,11.122448979591837,204,31.294117647058822,32.98039215686274,144,191.86111111111111,196.33333333333334,nas_delay,late_aircraft_delay,carrier_delay
MVY,9,12,6.0,18.333333333333332,12,27.333333333333332,31.0,16,136.75,158.0,nas_delay,carrier_delay,late_aircraft_delay
MVY,10,12,7.0,4.0,12,40.0,40.333333333333336,4,290.0,274.0,late_aircraft_delay,nas_delay,Nessuna
MYR,1,240,6.3,-0.7333333333333333,264,31.803030303030305,20.393939393939394,216,146.24074074074073,143.7962962962963,late_aircraft_delay,nas_delay,carrier_delay
MYR,2,252,5.571428571428571,-1.253968253968254,192,30.666666666666668,20.25,156,222.28205128205127,216.7948717948718,late_aircraft_delay,nas_delay,carrier_delay
MYR,3,484,6.421487603305785,1.0909090909090908,436,32.15596330275229,26.477064220183486,224,142.91071428571428,138.6727272727273,late_aircraft_delay,nas_delay,carrier_delay
MYR,4,512,6.484375,2.640625,496,30.81451612903226,26.764227642276424,320,134.4,130.2051282051282,late_aircraft_delay,nas_delay,carrier_delay
MYR,5,772,7.0932642487046635,4.7927461139896375,844,31.075829383886255,28.587677725118482,456,143.67543859649123,142.16964285714286,nas_delay,late_aircraft_delay,carrier_delay
MYR,6,984,6.504065040650406,2.2804878048780486,964,32.07883817427386,29.112033195020746,748,172.80213903743316,169.47027027027028,late_aircraft_delay,nas_delay,carrier_delay
MYR,7,948,6.531645569620253,1.6101694915254237,1292,31.743034055727556,27.599378881987576,932,167.82403433476395,163.98275862068965,late_aircraft_delay,nas_delay,carrier_delay
MYR,8,964,6.713692946058091,3.3875,912,31.644736842105264,30.05286343612335,640,137.075,137.0314465408805,late_aircraft_delay,nas_delay,carrier_delay
MYR,9,632,6.284810126582278,0.6075949367088608,444,29.7027027027027,24.48181818181818,268,132.11940298507463,127.2089552238806,late_aircraft_delay,nas_delay,carrier_delay
MYR,10,608,6.065789473684211,1.8486842105263157,352,30.5,24.329545454545453,228,142.6140350877193,135.7719298245614,late_aircraft_delay,nas_delay,carrier_delay
MYR,11,368,6.119565217391305,-0.6956521739130435,360,29.877777777777776,27.022222222222222,156,132.23076923076923,127.74358974358974,nas_delay,late_aircraft_delay,carrier_delay
MYR,12,448,6.803571428571429,-0.6576576576576577,388,32.48453608247423,27.835051546391753,268,138.77611940298507,134.42424242424244,late_aircraft_delay,nas_delay,carrier_delay
OAJ,1,24,7.166666666666667,1.8333333333333333,8,23.5,28.5,24,317.0,305.8333333333333,late_aircraft_delay,nas_delay,carrier_delay
OAJ,2,28,4.857142857142857,-1.8571428571428572,12,33.0,18.0,8,208.0,196.5,carrier_delay,late_aircraft_delay,Nessuna
OAJ,3,60,5.4,-4.066666666666666,24,20.166666666666668,14.0,16,140.25,141.0,carrier_delay,nas_delay,late_aircraft_delay
OAJ,4,60,4.8,3.066666666666667,36,29.333333333333332,15.777777777777779,12,83.0,73.66666666666667,late_aircraft_delay,nas_delay,carrier_delay
OAJ,5,36,6.666666666666667,4.222222222222222,44,31.0,27.818181818181817,48,136.91666666666666,136.41666666666666,late_aircraft_delay,nas_delay,carrier_delay
OAJ,6,52,5.384615384615385,-5.769230769230769,4,19.0,7.0,16,95.75,83.5,nas_delay,late_aircraft_delay,carrier_delay
OAJ,7,92,8.304347826086957,4.826086956521739,88,34.90909090909091,32.95454545454545,132,152.93939393939394,156.0,carrier_delay,late_aircraft_delay,nas_delay
OAJ,8,112,6.214285714285714,-0.5714285714285714,72,31.5,21.61111111111111,64,236.5,235.625,carrier_delay,late_aircraft_delay,nas_delay
OAJ,9,104,8.0,5.115384615384615,68,31.294117647058822,32.1764705882353,64,195.4375,188.625,late_aircraft_delay,nas_delay,carrier_delay
OAJ,10,76,7.315789473684211,6.7368421052631575,60,24.866666666666667,21.133333333333333,44,98.63636363636364,94.0,nas_delay,late_aircraft_delay,carrier_delay
OAJ,11,28,3.142857142857143,-1.7142857142857142,32,26.125,10.25,32,203.25,190.75,nas_delay,carrier_delay,late_aircraft_delay
OAJ,12,68,7.705882352941177,-1.5294117647058822,56,30.071428571428573,26.142857142857142,52,184.46153846153845,177.46153846153845,nas_delay,carrier_delay,late_aircraft_delay
OAK,1,3012,6.140770252324037,0.4627659574468085,2140,29.57196261682243,22.782771535580526,584,110.18493150684931,103.8082191780822,late_aircraft_delay,carrier_delay,nas_delay
OAK,2,3032,5.963060686015831,-1.0580474934036939,1824,29.223684210526315,22.175824175824175,564,113.9645390070922,109.1418439716312,late_aircraft_delay,carrier_delay,nas_delay
OAK,3,3008,6.0438829787234045,0.5300400534045394,2084,30.46641074856046,25.621153846153845,692,113.35838150289017,110.00578034682081,late_aircraft_delay,carrier_delay,nas_delay
OAK,4,3200,5.63875,-0.5919899874843555,1756,28.838268792710707,22.378132118451024,508,101.25984251968504,94.96850393700787,late_aircraft_delay,carrier_delay,nas_delay
OAK,5,3668,5.797164667393675,-0.6564885496183206,2212,29.428571428571427,22.309782608695652,744,113.35483870967742,106.25405405405405,late_aircraft_delay,carrier_delay,nas_delay
OAK,6,3400,6.075294117647059,-0.4016489988221437,2820,30.540425531914895,23.62215909090909,788,105.37055837563452,98.8730964467005,late_aircraft_delay,carrier_delay,nas_delay
OAK,7,3524,6.146424517593643,1.2443181818181819,2568,30.102803738317757,25.162246489859594,980,110.07755102040817,107.08979591836734,carrier_delay,late_aircraft_delay,nas_delay
OAK,8,2968,5.749326145552561,-1.1037735849056605,1964,30.78818737270876,24.329938900203665,700,110.70285714285714,104.93142857142857,late_aircraft_delay,carrier_delay,nas_delay
OAK,9,2832,5.892655367231638,-1.0084745762711864,1692,29.05673758865248,22.075829383886255,644,112.3913043478261,107.32298136645963,late_aircraft_delay,carrier_delay,nas_delay
OAK,10,2792,5.808022922636103,-0.7079136690647482,1608,29.865671641791046,24.05223880597015,548,120.48905109489051,116.72262773722628,late_aircraft_delay,carrier_delay,nas_delay
OAK,11,2508,6.15311004784689,-2.549520766773163,1372,29.25655976676385,20.497076023391813,312,96.25641025641026,90.43589743589743,late_aircraft_delay,carrier_delay,nas_delay
OAK,12,2820,5.939007092198581,-2.2489331436699858,2052,30.066276803118907,21.613725490196078,720,117.50555555555556,112.41340782122904,late_aircraft_delay,carrier_delay,nas_delay
OGG,1,1940,6.02680412371134,0.7012448132780082,1316,29.574468085106382,25.969325153374232,400,134.08,122.91489361702128,late_aircraft_delay,carrier_delay,nas_delay
OGG,2,1692,6.026004728132388,0.24881516587677724,944,29.233050847457626,17.97872340425532,264,139.3030303030303,125.42424242424242,late_aircraft_delay,carrier_delay,nas_delay
OGG,3,1760,5.415909090909091,1.0227790432801822,844,28.644549763033176,22.118483412322274,204,151.47058823529412,143.32,carrier_delay,late_aircraft_delay,nas_delay
OGG,4,1488,5.68010752688172,0.7661290322580645,700,31.234285714285715,27.857142857142858,236,156.0,149.79661016949152,carrier_delay,late_aircraft_delay,nas_delay
OGG,5,1804,5.651884700665189,5.2727272727272725,1012,29.83399209486166,29.130434782608695,256,122.21875,122.40625,carrier_delay,late_aircraft_delay,nas_delay
OGG,6,1832,5.873362445414847,4.050328227571116,636,28.39622641509434,25.333333333333332,192,168.20833333333334,157.25531914893617,carrier_delay,late_aircraft_delay,nas_delay
OGG,7,1912,5.7468619246861925,3.3807531380753137,940,29.72340425531915,25.557446808510637,268,184.62686567164178,179.11940298507463,late_aircraft_delay,carrier_delay,nas_delay
OGG,8,1832,5.329694323144105,-1.8908296943231442,756,28.687830687830687,20.952380952380953,220,166.2,156.25454545454545,late_aircraft_delay,carrier_delay,nas_delay
OGG,9,1340,5.614925373134328,1.8477611940298508,488,27.450819672131146,23.172131147540984,132,136.54545454545453,125.84848484848484,late_aircraft_delay,carrier_delay,nas_delay
OGG,10,1640,5.685365853658537,1.6219512195121952,696,28.333333333333332,23.902298850574713,152,118.42105263157895,109.97368421052632,late_aircraft_delay,carrier_delay,nas_delay
OGG,11,1312,5.7560975609756095,2.143730886850153,460,28.47826086956522,22.63478260869565,156,137.23076923076923,129.15384615384616,carrier_delay,late_aircraft_delay,nas_delay
OGG,12,1552,5.762886597938144,1.4355670103092784,788,28.83248730964467,21.974358974358974,236,151.67796610169492,143.1551724137931,late_aircraft_delay,carrier_delay,nas_delay
OKC,1,788,6.101522842639594,5.505102040816326,664,32.34939759036145,30.666666666666668,448,187.91071428571428,187.48214285714286,nas_delay,late_aircraft_delay,carrier_delay
OKC,2,608,5.671052631578948,3.9139072847682117,396,31.8989898989899,28.97979797979798,248,148.90322580645162,145.79032258064515,nas_delay,carrier_delay,late_aircraft_delay
OKC,3,768,5.817708333333333,0.4583333333333333,708,30.70056497175141,25.033898305084747,300,133.04,127.12162162162163,late_aircraft_delay,nas_delay,carrier_delay
OKC,4,1012,6.229249011857707,0.5776892430278885,708,30.47457627118644,26.073863636363637,316,160.32911392405063,152.62025316455697,late_aircraft_delay,carrier_delay,nas_delay
OKC,5,1400,6.3428571428571425,2.824712643678161,1100,31.265454545454546,28.083941605839417,648,151.30246913580248,150.9320987654321,late_aircraft_delay,nas_delay,carrier_delay
OKC,6,1168,5.767123287671233,2.058219178082192,1096,29.653284671532848,25.106227106227106,504,175.73015873015873,173.61904761904762,carrier_delay,late_aircraft_delay,nas_delay
OKC,7,1132,6.045936395759718,2.282142857142857,1136,30.985915492957748,27.918149466192173,732,140.98360655737704,136.17222222222222,late_aircraft_delay,carrier_delay,nas_delay
OKC,8,956,6.2594142259414225,2.409282700421941,812,31.74384236453202,28.247524752475247,552,174.52173913043478,168.24087591240877,nas_delay,carrier_delay,late_aircraft_delay
OKC,9,880,5.5181818181818185,1.3744292237442923,708,29.610169491525422,24.259887005649716,300,207.85333333333332,201.94666666666666,carrier_delay,late_aircraft_delay,nas_delay
OKC,10,928,5.418103448275862,-0.38362068965517243,576,31.77777777777778,26.479166666666668,344,146.96511627906978,142.3372093023256,carrier_delay,nas_delay,late_aircraft_delay
OKC,11,872,6.0,0.42201834862385323,700,30.94857142857143,26.222857142857144,324,140.55555555555554,137.34567901234567,carrier_delay,late_aircraft_delay,nas_delay
OKC,12,928,6.232758620689655,-0.46551724137931033,724,31.558011049723756,25.917127071823206,404,156.52475247524754,155.64,carrier_delay,late_aircraft_delay,nas_delay
OMA,1,1240,6.422580645161291,4.883495145631068,928,32.74568965517241,34.62770562770563,796,175.17587939698493,185.10050251256283,nas_delay,carrier_delay,late_aircraft_delay
OMA,2,808,5.876237623762377,-1.4653465346534653,552,32.02173913043478,23.63768115942029,276,155.17391304347825,148.63768115942028,nas_delay,late_aircraft_delay,carrier_delay
OMA,3,1192,6.010067114093959,0.32094594594594594,940,30.83404255319149,23.927350427350426,468,143.01709401709402,137.9059829059829,late_aircraft_delay,carrier_delay,nas_delay
OMA,4,1116,6.10752688172043,1.6630824372759856,724,29.486187845303867,22.65745856353591,416,163.16346153846155,160.125,late_aircraft_delay,nas_delay,carrier_delay
OMA,5,1336,6.167664670658683,2.4011976047904193,1420,31.929577464788732,28.776203966005667,908,176.66519823788545,175.35111111111112,late_aircraft_delay,nas_delay,carrier_delay
OMA,6,1596,6.12531328320802,2.386934673366834,1328,31.246987951807228,27.34036144578313,700,161.58285714285714,159.28735632183907,carrier_delay,late_aircraft_delay,nas_delay
OMA,7,1588,5.952141057934509,1.8071065989847717,1260,31.044444444444444,28.71794871794872,764,162.64921465968587,156.9206349206349,late_aircraft_delay,carrier_delay,nas_delay
OMA,8,1156,5.8477508650519034,1.3598615916955017,916,30.899563318777293,28.07079646017699,476,128.43697478991598,128.10169491525423,nas_delay,late_aircraft_delay,carrier_delay
OMA,9,1068,6.0411985018726595,0.30711610486891383,536,31.12686567164179,24.71641791044776,220,144.74545454545455,142.1090909090909,carrier_delay,nas_delay,late_aircraft_delay
OMA,10,1192,5.352348993288591,-2.9832214765100673,636,28.962264150943398,22.22012578616352,248,163.79032258064515,157.32258064516128,carrier_delay,nas_delay,late_aircraft_delay
OMA,11,1208,5.271523178807947,-1.5548172757475083,628,29.50955414012739,22.296774193548387,244,195.4262295081967,189.68852459016392,nas_delay,carrier_delay,late_aircraft_delay
OMA,12,1244,6.289389067524116,-3.2765273311897105,988,29.68825910931174,19.898373983739837,448,160.1875,155.64545454545456,carrier_delay,late_aircraft_delay,nas_delay
OME,1,8,3.0,-1.0,20,31.2,26.25,8,79.5,81.5,late_aircraft_delay,nas_delay,canc_B
OME,2,8,5.5,8.5,20,40.2,38.8,0,"","",late_aircraft_delay,nas_delay,canc_A
OME,3,16,3.25,3.25,28,26.428571428571427,30.428571428571427,4,172.0,171.0,carrier_delay,nas_delay,late_aircraft_delay
OME,4,4,1.0,11.0,12,48.666666666666664,51.333333333333336,8,144.5,157.0,nas_delay,late_aircraft_delay,carrier_delay
OME,5,12,7.666666666666667,13.666666666666666,4,31.0,30.0,0,"","",nas_delay,carrier_delay,late_aircraft_delay
OME,6,12,8.666666666666666,15.666666666666666,16,30.5,36.75,4,132.0,139.0,nas_delay,late_aircraft_delay,carrier_delay
OME,7,20,4.8,9.2,24,28.333333333333332,36.833333333333336,0,"","",late_aircraft_delay,nas_delay,carrier_delay
OME,8,36,8.0,13.333333333333334,32,31.25,36.0,8,94.5,112.5,late_aircraft_delay,nas_delay,carrier_delay
OME,9,8,6.5,6.5,8,20.0,25.0,0,"","",late_aircraft_delay,nas_delay,carrier_delay
OME,10,12,3.0,4.0,16,31.25,34.0,8,83.5,91.5,late_aircraft_delay,nas_delay,canc_B
OME,11,8,7.5,8.5,0,"","",8,69.5,68.0,nas_delay,late_aircraft_delay,Nessuna
OME,12,16,5.0,10.25,20,28.6,31.2,0,"","",late_aircraft_delay,nas_delay,carrier_delay
ONT,1,1164,5.865979381443299,-1.5051546391752577,756,32.28042328042328,25.142857142857142,436,173.1559633027523,167.44036697247705,late_aircraft_delay,carrier_delay,nas_delay
ONT,2,1144,5.4825174825174825,-4.143356643356643,760,30.889473684210525,24.46031746031746,348,173.20689655172413,166.77011494252875,late_aircraft_delay,carrier_delay,nas_delay
ONT,3,1428,6.056022408963585,-1.330532212885154,1044,32.49808429118774,28.382239382239383,476,166.71428571428572,166.41176470588235,late_aircraft_delay,nas_delay,carrier_delay
ONT,4,1500,5.917333333333334,-0.7406417112299465,1088,30.378676470588236,26.71323529411765,384,158.59375,153.90625,late_aircraft_delay,nas_delay,carrier_delay
ONT,5,1780,5.898876404494382,-0.006772009029345372,1304,30.8159509202454,26.916923076923077,592,159.3918918918919,155.1891891891892,late_aircraft_delay,nas_delay,carrier_delay
ONT,6,1852,5.978401727861771,-0.06060606060606061,1208,30.496688741721854,25.029900332225914,524,166.9083969465649,163.73643410852713,late_aircraft_delay,carrier_delay,nas_delay
ONT,7,1788,6.085011185682327,0.2825112107623318,1264,32.265822784810126,27.556962025316455,552,145.20289855072463,138.73529411764707,late_aircraft_delay,carrier_delay,nas_delay
ONT,8,1516,5.675461741424802,0.5092838196286472,884,31.334841628959275,27.529411764705884,480,130.45,127.64166666666667,late_aircraft_delay,nas_delay,carrier_delay
ONT,9,1404,5.666666666666667,-1.3542857142857143,884,30.1131221719457,22.615384615384617,428,144.26168224299064,139.54205607476635,late_aircraft_delay,nas_delay,carrier_delay
ONT,10,1608,5.532338308457711,-1.8029925187032418,772,29.761658031088082,23.82383419689119,332,148.2289156626506,136.95180722891567,carrier_delay,late_aircraft_delay,nas_delay
ONT,11,1512,5.507936507936508,-2.201058201058201,824,31.533980582524272,23.88118811881188,308,155.1038961038961,149.8181818181818,late_aircraft_delay,carrier_delay,nas_delay
ONT,12,1664,5.461538461538462,-1.314769975786925,880,30.181818181818183,23.94090909090909,416,148.35576923076923,144.93203883495147,late_aircraft_delay,carrier_delay,nas_delay
ORD,1,12968,6.082356570018507,3.1405137728257504,11732,32.19740879645414,30.500858221764503,9888,151.8252427184466,150.67347772783,nas_delay,carrier_delay,late_aircraft_delay
ORD,2,10168,5.73682140047207,-2.1702127659574466,6648,30.935619735258726,23.009090909090908,3396,138.64782096584216,132.19454329774615,carrier_delay,nas_delay,late_aircraft_delay
ORD,3,13140,6.039573820395738,-0.3652439024390244,10092,31.67340467697186,25.232270916334663,5460,128.03956043956043,121.92862398822663,nas_delay,carrier_delay,late_aircraft_delay
ORD,4,15312,6.113636363636363,1.007843137254902,11424,31.377450980392158,27.06966924700915,5932,142.08968307484827,138.0189445196211,nas_delay,carrier_delay,late_aircraft_delay
ORD,5,16740,6.203823178016727,5.149543927028325,15604,33.02922327608306,33.37477477477478,14308,159.6021805982667,160.34787503518154,nas_delay,late_aircraft_delay,carrier_delay
ORD,6,17660,6.199093997734995,2.8675902793549852,15924,32.65887967847274,29.449015648662293,11956,143.56774841083976,140.8908723475918,carrier_delay,nas_delay,late_aircraft_delay
ORD,7,18148,6.23694070972008,2.6866829160203856,17068,32.61612374033279,30.160084626234134,13184,147.98452669902912,143.77294981640148,carrier_delay,nas_delay,late_aircraft_delay
ORD,8,18416,6.222415291051259,2.8245690595679687,17220,32.74401858304297,30.69936930623686,11912,137.3619879113499,133.87495775599865,nas_delay,carrier_delay,late_aircraft_delay
ORD,9,15488,5.837035123966942,0.21205068528575122,10960,31.412408759124087,24.533284564740306,4936,131.7876823338736,123.206672091131,carrier_delay,nas_delay,late_aircraft_delay
ORD,10,16132,5.874287131167865,-1.2603726708074534,10072,30.7077045274027,21.571315057608263,4056,127.33037475345168,118.13649851632047,carrier_delay,nas_delay,late_aircraft_delay
ORD,11,13384,5.842498505678422,1.6461262339216274,8724,31.696011004126547,29.00919963201472,4600,135.88695652173914,134.70731707317074,nas_delay,carrier_delay,late_aircraft_delay
ORD,12,18604,6.021715760051602,-0.5043122035360069,12500,31.47776,25.12091084028223,7224,141.47895902547066,135.3247624371157,carrier_delay,nas_delay,late_aircraft_delay
ORF,1,688,6.226744186046512,0.3081395348837209,572,33.80419580419581,29.90909090909091,380,166.29473684210527,162.2842105263158,late_aircraft_delay,nas_delay,carrier_delay
ORF,2,688,6.354651162790698,-0.1686046511627907,396,30.08080808080808,22.275510204081634,188,150.59574468085106,145.46808510638297,nas_delay,late_aircraft_delay,carrier_delay
ORF,3,1012,6.126482213438735,-2.205533596837945,628,32.210191082802545,24.70063694267516,432,169.2685185185185,164.86915887850466,nas_delay,late_aircraft_delay,carrier_delay
ORF,4,956,6.2133891213389125,1.819327731092437,740,31.92972972972973,25.994565217391305,416,156.90384615384616,152.24271844660194,late_aircraft_delay,nas_delay,carrier_delay
ORF,5,1160,6.462068965517242,0.9895833333333334,1000,30.1,26.221774193548388,676,158.698224852071,155.30357142857142,late_aircraft_delay,nas_delay,carrier_delay
ORF,6,1356,6.271386430678466,1.168141592920354,1192,31.20469798657718,24.5993265993266,632,186.4240506329114,183.60509554140128,carrier_delay,late_aircraft_delay,nas_delay
ORF,7,1408,6.448863636363637,2.146551724137931,1392,32.9051724137931,30.392441860465116,1060,174.0566037735849,174.08333333333334,late_aircraft_delay,carrier_delay,nas_delay
ORF,8,1348,6.12759643916914,2.244047619047619,1068,32.059925093632955,28.68679245283019,708,173.80225988700565,171.6193181818182,late_aircraft_delay,nas_delay,carrier_delay
ORF,9,1060,5.584905660377358,2.2452830188679247,624,30.69871794871795,28.019354838709678,364,127.46153846153847,129.14285714285714,nas_delay,late_aircraft_delay,carrier_delay
ORF,10,1024,6.40625,-0.18359375,736,30.07608695652174,22.16393442622951,232,193.22413793103448,191.1206896551724,nas_delay,late_aircraft_delay,carrier_delay
ORF,11,960,5.9125,-0.2833333333333333,600,29.14666666666667,21.373333333333335,280,139.5,133.7246376811594,nas_delay,carrier_delay,late_aircraft_delay
ORF,12,1368,5.815789473684211,-1.956140350877193,916,30.554585152838428,23.46288209606987,484,163.80165289256198,156.33333333333334,carrier_delay,nas_delay,late_aircraft_delay
ORH,1,48,9.5,6.083333333333333,60,29.666666666666668,29.0,28,219.71428571428572,222.14285714285714,nas_delay,carrier_delay,late_aircraft_delay
ORH,2,72,6.777777777777778,-9.777777777777779,104,32.46153846153846,14.423076923076923,48,112.58333333333333,119.83333333333333,late_aircraft_delay,nas_delay,carrier_delay
ORH,3,64,5.75,-3.25,132,33.45454545454545,30.125,88,120.13636363636364,118.63636363636364,late_aircraft_delay,nas_delay,carrier_delay
ORH,4,48,4.916666666666667,2.272727272727273,36,32.888888888888886,30.22222222222222,28,111.57142857142857,123.28571428571429,nas_delay,late_aircraft_delay,carrier_delay
ORH,5,72,6.333333333333333,-12.666666666666666,56,28.142857142857142,29.214285714285715,56,254.0,250.42857142857142,late_aircraft_delay,nas_delay,carrier_delay
ORH,6,56,6.571428571428571,-15.785714285714286,52,36.0,22.333333333333332,40,252.5,243.4,nas_delay,late_aircraft_delay,carrier_delay
ORH,7,64,6.5625,-1.75,64,34.8125,24.125,84,167.1904761904762,172.35,late_aircraft_delay,nas_delay,carrier_delay
ORH,8,40,9.2,7.0,52,34.30769230769231,30.384615384615383,72,139.83333333333334,140.72222222222223,late_aircraft_delay,nas_delay,carrier_delay
ORH,9,28,6.714285714285714,8.571428571428571,16,25.75,29.0,12,181.33333333333334,172.5,nas_delay,carrier_delay,late_aircraft_delay
ORH,10,36,6.444444444444445,-8.666666666666666,32,34.75,29.0,12,115.33333333333333,106.0,late_aircraft_delay,nas_delay,carrier_delay
ORH,11,60,8.533333333333333,-2.4,28,34.285714285714285,12.285714285714286,24,181.33333333333334,174.33333333333334,late_aircraft_delay,carrier_delay,nas_delay
ORH,12,64,6.125,1.25,60,34.4,26.866666666666667,44,207.36363636363637,203.36363636363637,late_aircraft_delay,nas_delay,carrier_delay
OTH,1,16,5.5,-5.25,4,19.0,19.0,8,132.0,127.5,carrier_delay,weather_delay,canc_B
OTH,2,8,13.5,19.5,16,42.75,41.75,12,149.0,153.0,nas_delay,late_aircraft_delay,canc_B
OTH,3,8,12.0,5.0,20,31.4,33.6,8,120.0,132.5,nas_delay,late_aircraft_delay,canc_B
OTH,4,20,4.6,6.0,52,36.07692307692308,42.15384615384615,12,89.0,93.0,nas_delay,carrier_delay,late_aircraft_delay
OTH,5,12,9.666666666666666,15.666666666666666,28,39.714285714285715,41.857142857142854,16,572.0,558.25,nas_delay,carrier_delay,weather_delay
OTH,6,20,6.4,-10.0,8,25.0,10.0,12,89.33333333333333,86.33333333333333,nas_delay,late_aircraft_delay,Nessuna
OTH,7,20,7.4,-2.4,16,43.5,30.75,28,280.14285714285717,271.57142857142856,late_aircraft_delay,carrier_delay,nas_delay
OTH,8,16,5.5,6.75,40,28.7,21.11111111111111,28,118.14285714285714,106.57142857142857,late_aircraft_delay,nas_delay,carrier_delay
OTH,9,28,5.0,-1.6666666666666667,64,27.5,18.375,12,435.3333333333333,424.6666666666667,late_aircraft_delay,carrier_delay,nas_delay
OTH,10,20,4.8,-4.8,12,39.333333333333336,32.333333333333336,20,403.2,397.4,carrier_delay,nas_delay,late_aircraft_delay
OTH,11,8,10.5,16.5,20,33.2,32.4,0,"","",nas_delay,late_aircraft_delay,carrier_delay
OTH,12,12,5.333333333333333,-11.333333333333334,16,33.5,25.5,8,140.5,135.0,late_aircraft_delay,nas_delay,carrier_delay
OTZ,1,16,4.0,5.0,8,43.0,43.0,4,82.0,98.0,canc_B,nas_delay,late_aircraft_delay
OTZ,2,4,2.0,8.0,16,28.25,29.25,0,"","",late_aircraft_delay,canc_A,nas_delay
OTZ,3,16,8.75,5.5,0,"","",8,235.5,231.5,canc_B,late_aircraft_delay,carrier_delay
OTZ,4,12,6.0,9.333333333333334,12,30.666666666666668,26.0,8,142.5,144.0,canc_B,late_aircraft_delay,nas_delay
OTZ,5,4,2.0,1.0,4,34.0,31.0,0,"","",late_aircraft_delay,Nessuna,Nessuna
OTZ,6,4,11.0,11.0,8,23.5,24.5,8,157.0,164.0,late_aircraft_delay,nas_delay,Nessuna
OTZ,7,0,"","",12,37.0,40.0,4,421.0,412.0,late_aircraft_delay,nas_delay,carrier_delay
OTZ,8,24,9.166666666666666,6.5,0,"","",0,"","",nas_delay,Nessuna,Nessuna
OTZ,9,0,"","",8,39.5,49.0,0,"","",nas_delay,carrier_delay,late_aircraft_delay
OTZ,10,0,"","",12,34.666666666666664,34.0,0,"","",canc_B,late_aircraft_delay,security_delay
OTZ,11,4,5.0,-3.0,8,38.0,39.0,0,"","",canc_B,late_aircraft_delay,nas_delay
OTZ,12,8,12.0,12.5,16,35.5,37.5,4,105.0,105.0,late_aircraft_delay,carrier_delay,nas_delay
PAE,1,60,5.466666666666667,3.3076923076923075,56,30.142857142857142,35.36363636363637,8,83.0,72.0,canc_A,nas_delay,carrier_delay
PAE,2,64,7.125,5.875,44,28.272727272727273,41.63636363636363,4,231.0,266.0,nas_delay,carrier_delay,late_aircraft_delay
PAE,3,76,6.0,2.3684210526315788,44,35.45454545454545,37.0,20,194.8,209.2,nas_delay,carrier_delay,late_aircraft_delay
PAE,4,80,5.0,5.55,32,39.25,39.0,16,134.25,131.0,nas_delay,carrier_delay,late_aircraft_delay
PAE,5,40,3.8,-0.8,24,33.0,29.833333333333332,8,135.0,115.5,nas_delay,late_aircraft_delay,carrier_delay
PAE,6,44,7.2727272727272725,-5.909090909090909,8,40.0,35.0,16,87.5,68.0,late_aircraft_delay,carrier_delay,nas_delay
PAE,7,48,5.75,-11.75,48,34.416666666666664,24.666666666666668,0,"","",late_aircraft_delay,nas_delay,carrier_delay
PAE,8,40,5.5,-5.0,28,28.857142857142858,16.142857142857142,8,69.5,52.5,nas_delay,carrier_delay,late_aircraft_delay
PAE,9,20,4.6,-9.8,8,38.0,25.0,16,73.75,62.75,late_aircraft_delay,carrier_delay,Nessuna
PAE,10,48,5.25,5.833333333333333,16,25.0,23.25,4,71.0,68.0,nas_delay,late_aircraft_delay,carrier_delay
PAE,11,76,5.894736842105263,-1.0,28,33.0,31.285714285714285,12,106.66666666666667,116.0,late_aircraft_delay,nas_delay,carrier_delay
PAE,12,104,5.423076923076923,-6.1923076923076925,52,27.46153846153846,14.76923076923077,20,93.2,90.4,nas_delay,late_aircraft_delay,carrier_delay
PBG,1,16,10.0,1.25,32,37.125,23.875,24,178.33333333333334,185.5,late_aircraft_delay,nas_delay,weather_delay
PBG,2,48,8.5,-7.333333333333333,44,37.0,24.09090909090909,24,111.0,125.5,nas_delay,late_aircraft_delay,carrier_delay
PBG,3,52,6.6923076923076925,9.76923076923077,48,27.333333333333332,17.25,24,139.33333333333334,132.5,nas_delay,late_aircraft_delay,carrier_delay
PBG,4,40,5.2,-16.2,36,26.77777777777778,13.333333333333334,12,146.0,151.66666666666666,nas_delay,carrier_delay,late_aircraft_delay
PBG,5,4,1.0,9.0,24,35.666666666666664,35.333333333333336,12,507.6666666666667,515.6666666666666,nas_delay,late_aircraft_delay,carrier_delay
PBG,6,28,5.571428571428571,-7.285714285714286,20,39.6,39.8,20,324.4,330.4,nas_delay,late_aircraft_delay,carrier_delay
PBG,7,28,8.857142857142858,5.571428571428571,36,30.88888888888889,26.88888888888889,16,138.5,144.0,nas_delay,carrier_delay,late_aircraft_delay
PBG,8,24,7.0,8.166666666666666,32,36.5,31.142857142857142,28,181.0,186.42857142857142,late_aircraft_delay,nas_delay,carrier_delay
PBG,9,8,4.0,9.5,12,33.666666666666664,32.333333333333336,0,"","",nas_delay,late_aircraft_delay,carrier_delay
PBG,10,24,5.166666666666667,-8.333333333333334,8,23.0,23.0,8,103.5,78.5,canc_B,carrier_delay,late_aircraft_delay
PBG,11,20,7.0,-11.6,8,16.5,15.0,8,118.5,91.5,nas_delay,carrier_delay,weather_delay
PBG,12,24,10.5,5.333333333333333,68,32.88235294117647,38.625,40,417.2,421.1,nas_delay,late_aircraft_delay,weather_delay
PBI,1,1816,6.332599118942731,-3.7827050997782705,1796,31.56347438752784,25.242761692650333,1124,170.81494661921707,166.0863309352518,late_aircraft_delay,carrier_delay,nas_delay
PBI,2,1644,6.45985401459854,1.1508515815085159,1284,30.838006230529594,22.894080996884735,732,167.31147540983608,159.27322404371586,late_aircraft_delay,carrier_delay,nas_delay
PBI,3,2116,6.2835538752362945,0.6496212121212122,2020,32.34455445544555,25.717131474103585,1436,151.76044568245126,146.974930362117,late_aircraft_delay,carrier_delay,nas_delay
PBI,4,1700,5.9811764705882355,-0.12529550827423167,1324,32.003021148036254,26.03647416413374,1000,163.088,155.085020242915,late_aircraft_delay,carrier_delay,nas_delay
PBI,5,1776,6.245495495495495,3.1013513513513513,1312,32.28658536585366,30.024615384615384,1120,164.1392857142857,164.06071428571428,late_aircraft_delay,nas_delay,carrier_delay
PBI,6,1204,5.913621262458472,1.7491638795986622,1048,32.083969465648856,27.505791505791507,952,167.10084033613447,160.2770562770563,late_aircraft_delay,carrier_delay,nas_delay
PBI,7,1216,6.2105263157894735,4.398671096345515,1240,31.106451612903225,30.807817589576548,1132,163.3922261484099,164.46975088967972,late_aircraft_delay,nas_delay,carrier_delay
PBI,8,1212,6.303630363036303,5.003300330033003,1240,34.064516129032256,33.49185667752443,992,157.0040322580645,154.6829268292683,late_aircraft_delay,nas_delay,carrier_delay
PBI,9,1036,6.096525096525096,0.3127413127413127,836,31.593301435406698,25.6555023923445,332,175.50602409638554,169.78313253012047,late_aircraft_delay,carrier_delay,nas_delay
PBI,10,1144,5.828671328671328,-1.0804195804195804,772,29.735751295336787,20.82901554404145,376,149.2659574468085,141.0215053763441,late_aircraft_delay,carrier_delay,nas_delay
PBI,11,1408,5.8835227272727275,-0.6761363636363636,1032,30.988372093023255,24.686046511627907,484,130.4793388429752,126.34710743801652,nas_delay,late_aircraft_delay,carrier_delay
PBI,12,1872,6.222222222222222,2.7558886509635974,2092,32.814531548757174,28.63984674329502,1436,145.40389972144845,141.82584269662922,late_aircraft_delay,carrier_delay,nas_delay
PDX,1,2960,6.22027027027027,1.8084239130434783,2080,31.638461538461538,28.263969171483623,1324,157.33534743202418,155.04242424242423,nas_delay,carrier_delay,late_aircraft_delay
PDX,2,2288,5.881118881118881,2.007017543859649,1424,32.10674157303371,29.690140845070424,704,136.8806818181818,136.6818181818182,nas_delay,carrier_delay,late_aircraft_delay
PDX,3,2820,5.821276595744681,1.5832147937411096,1936,31.793388429752067,29.80745341614907,816,140.16666666666666,138.98522167487684,nas_delay,late_aircraft_delay,carrier_delay
PDX,4,2380,5.927731092436975,1.5564924114671164,1972,32.48073022312373,28.512244897959185,908,153.0660792951542,150.29955947136563,nas_delay,carrier_delay,late_aircraft_delay
PDX,5,2952,5.894308943089431,0.24489795918367346,2480,31.088709677419356,24.909531502423263,1224,146.1764705882353,142.75986842105263,nas_delay,late_aircraft_delay,carrier_delay
PDX,6,4096,6.390625,-0.8408203125,3228,30.573729863692687,22.82608695652174,1364,137.65982404692082,131.0235294117647,late_aircraft_delay,carrier_delay,nas_delay
PDX,7,3928,6.089613034623218,1.0346938775510204,3024,31.174603174603174,26.23474801061008,1424,147.39606741573033,143.12359550561797,late_aircraft_delay,carrier_delay,nas_delay
PDX,8,3884,5.868177136972194,1.8810754912099277,2480,30.824193548387097,27.170967741935485,1176,146.9795918367347,144.48464163822527,nas_delay,late_aircraft_delay,carrier_delay
PDX,9,3096,5.660206718346253,1.0595084087968951,1788,30.064876957494405,26.317673378076062,780,136.84102564102565,134.42487046632124,nas_delay,carrier_delay,late_aircraft_delay
PDX,10,3264,5.306372549019608,0.8329238329238329,1620,30.66172839506173,26.70864197530864,572,140.75524475524475,135.91608391608392,nas_delay,carrier_delay,late_aircraft_delay
PDX,11,3076,5.854356306892067,0.19401041666666666,1640,29.3,24.946341463414633,572,144.45454545454547,145.67832167832168,nas_delay,carrier_delay,late_aircraft_delay
PDX,12,4296,5.818435754189944,1.0326797385620916,2500,29.5616,22.3184,1044,143.35632183908046,135.67307692307693,nas_delay,carrier_delay,late_aircraft_delay
PGD,1,288,6.458333333333333,-3.5,336,33.76190476190476,25.93975903614458,176,134.5909090909091,133.65116279069767,late_aircraft_delay,carrier_delay,nas_delay
PGD,2,320,6.5875,6.475,272,32.5735294117647,31.220588235294116,100,195.52,204.04,nas_delay,carrier_delay,late_aircraft_delay
PGD,3,384,6.552083333333333,3.53125,436,34.00917431192661,33.018348623853214,272,155.52941176470588,153.80882352941177,late_aircraft_delay,carrier_delay,nas_delay
PGD,4,276,6.188405797101449,3.0434782608695654,136,34.911764705882355,31.939393939393938,152,163.76315789473685,160.05263157894737,carrier_delay,nas_delay,late_aircraft_delay
PGD,5,200,7.42,5.6,228,29.24561403508772,29.5,144,170.88888888888889,178.41666666666666,nas_delay,late_aircraft_delay,carrier_delay
PGD,6,256,7.234375,5.046875,232,29.517241379310345,27.224137931034484,196,141.3469387755102,146.0,nas_delay,late_aircraft_delay,carrier_delay
PGD,7,288,7.625,8.152777777777779,296,32.310810810810814,36.054054054054056,196,145.3469387755102,146.69387755102042,nas_delay,late_aircraft_delay,carrier_delay
PGD,8,156,5.333333333333333,3.4871794871794872,204,32.411764705882355,28.96,188,165.82978723404256,166.06382978723406,carrier_delay,nas_delay,late_aircraft_delay
PGD,9,112,6.5,-2.857142857142857,128,31.0,27.21875,80,133.05,131.15,carrier_delay,late_aircraft_delay,nas_delay
PGD,10,224,7.125,-1.1964285714285714,236,28.915254237288135,22.864406779661017,120,161.53333333333333,154.63333333333333,canc_B,carrier_delay,late_aircraft_delay
PGD,11,332,7.289156626506024,2.4578313253012047,216,26.51851851851852,23.814814814814813,56,126.64285714285714,123.85714285714286,carrier_delay,nas_delay,late_aircraft_delay
PGD,12,380,7.126315789473685,3.0,432,32.51851851851852,28.74074074074074,356,161.58426966292134,159.77272727272728,late_aircraft_delay,nas_delay,carrier_delay
PHL,1,3808,6.1533613445378155,5.287974683544304,3540,32.438418079096046,35.15340909090909,2564,161.5616224648986,172.30612244897958,nas_delay,late_aircraft_delay,carrier_delay
PHL,2,3536,6.222850678733032,-3.560588901472254,2328,30.518900343642613,21.628227194492254,1308,142.41896024464833,130.95705521472394,nas_delay,late_aircraft_delay,carrier_delay
PHL,3,4324,6.1017576318223865,-4.0148423005565865,3844,30.81789802289282,21.03537981269511,2288,146.01048951048952,138.03671328671328,late_aircraft_delay,carrier_delay,nas_delay
PHL,4,4512,5.995567375886525,-0.955595026642984,3328,30.32451923076923,22.169675090252706,2196,155.0928961748634,149.18943533697632,nas_delay,carrier_delay,late_aircraft_delay
PHL,5,5556,6.370050395968322,2.007953723788865,4764,32.21998320738875,27.826160337552743,3376,147.80805687203792,143.04534606205252,nas_delay,late_aircraft_delay,carrier_delay
PHL,6,6172,6.121840570317564,-1.4067576348278104,5732,32.46336357292394,25.795087719298245,4020,160.518407960199,153.916,carrier_delay,late_aircraft_delay,nas_delay
PHL,7,6220,6.178778135048232,1.6987718164188752,7072,32.81221719457014,28.515358361774744,5948,153.82649630127773,148.2052667116813,carrier_delay,late_aircraft_delay,nas_delay
PHL,8,6928,6.2702078521939955,3.761046511627907,7008,32.4263698630137,33.25558739255014,5248,163.81631097560975,165.8415007656968,carrier_delay,nas_delay,late_aircraft_delay
PHL,9,4500,6.173333333333333,1.001779359430605,3732,31.356913183279744,27.11063372717508,2004,135.00798403193613,125.78842315369262,nas_delay,carrier_delay,late_aircraft_delay
PHL,10,5028,6.026252983293556,-2.194908512330947,3304,30.02784503631961,21.719660194174757,1632,163.7549019607843,154.11793611793613,carrier_delay,nas_delay,late_aircraft_delay
PHL,11,3724,5.904403866809882,-4.1,2568,32.10436137071651,21.985959438377535,1428,146.18207282913164,135.44225352112676,carrier_delay,late_aircraft_delay,nas_delay
PHL,12,5276,5.996209249431387,-1.5984790874524715,4184,31.08317399617591,24.779270633397314,2520,152.8111111111111,146.19551282051282,carrier_delay,nas_delay,late_aircraft_delay
PHX,1,11012,6.148928441699963,1.6774781341107872,8716,31.19458467186783,25.697513812154696,3632,148.30947136563876,142.83222958057394,late_aircraft_delay,carrier_delay,nas_delay
PHX,2,11360,5.880985915492958,-0.9580098800282286,7120,29.956741573033707,23.026434195725535,2196,127.72859744990893,122.77247706422018,carrier_delay,late_aircraft_delay,nas_delay
PHX,3,14000,6.007142857142857,0.49041487839771103,10352,31.48531684698609,25.693261037955075,4408,137.71869328493648,133.09636363636363,late_aircraft_delay,carrier_delay,nas_delay
PHX,4,13916,6.081920091980455,-0.8767676767676768,9360,30.616239316239316,23.306769494430164,3608,131.56541019955654,123.95982142857143,carrier_delay,late_aircraft_delay,nas_delay
PHX,5,14032,6.043899657924744,-0.23875035826884494,11184,31.82331902718169,25.2268635217861,5564,131.16822429906543,124.59480894015861,late_aircraft_delay,carrier_delay,nas_delay
PHX,6,12600,6.191428571428571,1.9968152866242037,10524,31.09045990117826,26.702857142857145,4692,127.70673486786019,122.95209580838323,carrier_delay,late_aircraft_delay,nas_delay
PHX,7,11908,6.201545179711118,1.9355817875210792,10856,31.83198231392778,27.04225352112676,6248,149.47951344430217,145.34565499351493,late_aircraft_delay,carrier_delay,nas_delay
PHX,8,10880,5.94889705882353,1.4246119733924612,8212,31.555284948855334,28.19755501222494,4344,136.32872928176795,135.30475302889096,late_aircraft_delay,carrier_delay,nas_delay
PHX,9,10292,5.933151962689467,-1.0536964980544747,6552,30.721611721611723,23.087622549019606,2408,130.24584717607974,123.61166666666666,carrier_delay,late_aircraft_delay,nas_delay
PHX,10,12300,5.660162601626016,0.047200520833333336,7744,30.612086776859503,24.72567287784679,3084,127.39948119325551,122.82704811443433,carrier_delay,late_aircraft_delay,nas_delay
PHX,11,12128,5.880936675461742,-2.9101123595505616,7732,30.256078634247284,21.281639004149376,2764,124.29811866859623,117.07871720116619,carrier_delay,late_aircraft_delay,nas_delay
PHX,12,13176,5.927747419550698,-0.8743535138424094,9176,30.83435047951177,23.841346153846153,3992,130.20140280561122,123.97575757575757,carrier_delay,late_aircraft_delay,nas_delay
PIA,1,172,6.1395348837209305,-0.046511627906976744,160,30.05,29.375,148,176.72972972972974,174.55555555555554,nas_delay,late_aircraft_delay,canc_B
PIA,2,160,5.975,-2.075,48,29.916666666666668,27.916666666666668,68,157.0,144.76470588235293,carrier_delay,nas_delay,late_aircraft_delay
PIA,3,184,7.3478260869565215,-1.6956521739130435,124,30.225806451612904,27.129032258064516,120,157.33333333333334,155.66666666666666,late_aircraft_delay,nas_delay,carrier_delay
PIA,4,148,5.5675675675675675,4.45945945945946,120,31.233333333333334,29.4,76,187.94736842105263,184.57894736842104,nas_delay,late_aircraft_delay,carrier_delay
PIA,5,148,7.0,7.378378378378378,148,35.270270270270274,35.91891891891892,160,152.5,157.175,nas_delay,late_aircraft_delay,carrier_delay
PIA,6,200,7.12,2.92,212,28.471698113207548,24.943396226415093,136,185.0,180.64705882352942,late_aircraft_delay,carrier_delay,nas_delay
PIA,7,184,7.043478260869565,6.195652173913044,200,33.56,35.9,88,222.6818181818182,224.77272727272728,late_aircraft_delay,nas_delay,carrier_delay
PIA,8,164,6.073170731707317,1.146341463414634,148,31.0,27.216216216216218,100,196.12,195.2,late_aircraft_delay,nas_delay,carrier_delay
PIA,9,132,5.0,2.909090909090909,104,29.153846153846153,28.23076923076923,104,192.65384615384616,193.19230769230768,nas_delay,carrier_delay,late_aircraft_delay
PIA,10,160,6.775,2.975,124,33.064516129032256,26.903225806451612,52,169.23076923076923,153.23076923076923,carrier_delay,late_aircraft_delay,nas_delay
PIA,11,124,5.096774193548387,-5.838709677419355,124,30.870967741935484,27.70967741935484,100,158.32,153.48,late_aircraft_delay,carrier_delay,nas_delay
PIA,12,200,6.68,0.44,212,30.433962264150942,32.38461538461539,148,164.05405405405406,163.08333333333334,nas_delay,late_aircraft_delay,carrier_delay
PIB,1,24,6.666666666666667,-12.166666666666666,16,40.0,18.5,16,441.25,164.66666666666666,canc_B,late_aircraft_delay,carrier_delay
PIB,2,0,"","",16,44.5,34.25,16,141.25,130.5,late_aircraft_delay,nas_delay,carrier_delay
PIB,3,12,7.666666666666667,15.333333333333334,28,32.714285714285715,33.0,20,317.2,313.4,nas_delay,late_aircraft_delay,carrier_delay
PIB,4,12,4.666666666666667,6.333333333333333,24,29.666666666666668,26.5,8,160.5,188.5,late_aircraft_delay,nas_delay,carrier_delay
PIB,5,20,4.0,14.2,28,32.57142857142857,32.142857142857146,24,278.5,281.8333333333333,late_aircraft_delay,nas_delay,canc_B
PIB,6,24,6.0,0.8333333333333334,12,29.666666666666668,28.0,8,183.5,187.0,late_aircraft_delay,carrier_delay,nas_delay
PIB,7,8,5.5,37.5,16,25.75,27.0,28,139.57142857142858,140.71428571428572,late_aircraft_delay,carrier_delay,nas_delay
PIB,8,16,6.0,7.5,28,38.142857142857146,33.285714285714285,12,424.3333333333333,417.6666666666667,carrier_delay,late_aircraft_delay,nas_delay
PIB,9,0,"","",16,24.25,16.25,12,214.66666666666666,210.0,late_aircraft_delay,nas_delay,carrier_delay
PIB,10,24,8.166666666666666,5.5,16,33.0,26.25,16,142.0,131.5,late_aircraft_delay,nas_delay,carrier_delay
PIB,11,16,6.0,-9.25,12,38.333333333333336,43.333333333333336,8,95.5,90.5,carrier_delay,nas_delay,weather_delay
PIB,12,32,5.125,4.25,8,25.5,23.0,12,76.33333333333333,71.33333333333333,carrier_delay,late_aircraft_delay,canc_B
PIE,1,232,6.482758620689655,-1.103448275862069,264,34.015151515151516,29.484848484848484,164,181.29268292682926,175.5121951219512,late_aircraft_delay,nas_delay,carrier_delay
PIE,2,192,6.770833333333333,5.083333333333333,252,30.80952380952381,29.919354838709676,132,139.6060606060606,143.12121212121212,nas_delay,late_aircraft_delay,carrier_delay
PIE,3,296,6.3108108108108105,4.945945945945946,400,32.08,32.47,160,141.3,137.2,late_aircraft_delay,nas_delay,carrier_delay
PIE,4,208,6.019230769230769,3.269230769230769,204,33.372549019607845,30.352941176470587,96,152.0,149.625,nas_delay,carrier_delay,late_aircraft_delay
PIE,5,332,6.180722891566265,3.9518072289156625,372,30.333333333333332,27.666666666666668,212,190.49056603773585,189.0943396226415,nas_delay,late_aircraft_delay,carrier_delay
PIE,6,468,6.82051282051282,6.085470085470085,528,33.11363636363637,32.75757575757576,344,149.17441860465115,153.1529411764706,nas_delay,late_aircraft_delay,carrier_delay
PIE,7,560,6.307142857142857,4.764285714285714,704,34.19886363636363,34.05113636363637,464,132.67241379310346,133.4695652173913,nas_delay,weather_delay,late_aircraft_delay
PIE,8,284,8.112676056338028,3.8857142857142857,332,32.433734939759034,31.27710843373494,284,163.32394366197184,164.7,nas_delay,weather_delay,carrier_delay
PIE,9,176,7.045454545454546,5.613636363636363,240,28.8,25.45,116,183.75862068965517,183.3448275862069,carrier_delay,nas_delay,late_aircraft_delay
PIE,10,216,6.148148148148148,1.528301886792453,188,31.53191489361702,26.23404255319149,88,143.4090909090909,138.54545454545453,canc_B,nas_delay,carrier_delay
PIE,11,236,5.796610169491525,6.9491525423728815,232,27.82758620689655,28.56896551724138,112,123.96428571428571,125.21428571428571,nas_delay,carrier_delay,late_aircraft_delay
PIE,12,348,6.7011494252873565,5.069767441860465,432,30.36111111111111,30.14814814814815,308,135.80519480519482,139.57142857142858,late_aircraft_delay,nas_delay,carrier_delay
PIH,1,12,1.6666666666666667,24.333333333333332,8,32.5,31.5,8,101.5,105.0,weather_delay,nas_delay,carrier_delay
PIH,2,4,3.0,10.0,0,"","",4,240.0,230.0,carrier_delay,Nessuna,Nessuna
PIH,3,8,4.5,10.5,0,"","",12,133.0,130.33333333333334,weather_delay,carrier_delay,nas_delay
PIH,4,0,"","",0,"","",16,136.0,122.5,carrier_delay,weather_delay,Nessuna
PIH,5,20,4.6,-4.2,4,43.0,29.0,16,103.25,96.0,carrier_delay,weather_delay,Nessuna
PIH,6,12,5.333333333333333,-2.3333333333333335,8,24.5,21.5,16,137.0,133.0,carrier_delay,Nessuna,Nessuna
PIH,7,4,1.0,-2.0,4,53.0,50.0,8,97.0,89.5,carrier_delay,Nessuna,Nessuna
PIH,8,4,3.0,0.0,0,"","",8,71.0,62.0,weather_delay,carrier_delay,Nessuna
PIH,9,4,8.0,-1.0,0,"","",4,255.0,247.0,carrier_delay,Nessuna,Nessuna
PIH,10,0,"","",4,18.0,5.0,0,"","",carrier_delay,Nessuna,Nessuna
PIH,11,4,7.0,10.0,0,"","",0,"","",carrier_delay,Nessuna,Nessuna
PIH,12,4,1.0,-24.0,12,29.333333333333332,25.0,0,"","",carrier_delay,nas_delay,weather_delay
PIT,1,1812,5.821192052980132,3.0022075055187636,1240,31.358064516129033,27.954692556634303,736,175.34782608695653,174.70108695652175,nas_delay,late_aircraft_delay,carrier_delay
PIT,2,1344,5.294642857142857,-3.5952380952380953,1000,30.648,20.28,424,147.5943396226415,143.78301886792454,nas_delay,late_aircraft_delay,carrier_delay
PIT,3,1792,5.84375,-0.9910514541387024,1456,30.195054945054945,24.0633608815427,848,151.17924528301887,147.78301886792454,nas_delay,late_aircraft_delay,carrier_delay
PIT,4,1792,6.058035714285714,1.9865771812080537,1368,31.0906432748538,25.01466275659824,652,177.19018404907976,174.88819875776397,nas_delay,late_aircraft_delay,carrier_delay
PIT,5,2180,6.271559633027523,4.080733944954129,1900,31.749473684210525,29.076271186440678,1176,145.13945578231292,147.08532423208192,nas_delay,late_aircraft_delay,carrier_delay
PIT,6,2300,5.886956521739131,1.7486910994764397,2084,32.45873320537428,28.848076923076924,1224,140.27777777777777,136.95081967213116,late_aircraft_delay,nas_delay,carrier_delay
PIT,7,2340,6.225641025641026,2.6821305841924397,2272,31.7693661971831,29.40989399293286,1596,150.04010025062658,150.27638190954775,late_aircraft_delay,nas_delay,carrier_delay
PIT,8,2304,6.265625,2.947735191637631,1900,33.23157894736842,31.503171247357294,1332,163.0900900900901,162.99698795180723,nas_delay,late_aircraft_delay,carrier_delay
PIT,9,1676,5.677804295942721,0.15035799522673032,1100,30.607272727272726,26.766423357664234,516,174.015503875969,167.7906976744186,nas_delay,carrier_delay,late_aircraft_delay
PIT,10,2240,5.678571428571429,-4.371428571428571,1100,28.28727272727273,18.727272727272727,456,158.16666666666666,151.5,nas_delay,carrier_delay,late_aircraft_delay
PIT,11,1764,5.526077097505669,-2.3560090702947845,956,29.761506276150627,23.373949579831933,448,110.13392857142857,107.5625,nas_delay,carrier_delay,late_aircraft_delay
PIT,12,2636,5.921092564491654,0.624048706240487,1672,30.916267942583733,25.968824940047963,844,141.3222748815166,139.31578947368422,nas_delay,carrier_delay,late_aircraft_delay
PLN,1,4,8.0,-12.0,20,34.0,26.0,32,277.375,271.375,canc_B,carrier_delay,weather_delay
PLN,2,0,"","",4,28.0,1.0,20,149.6,135.0,carrier_delay,weather_delay,nas_delay
PLN,3,8,4.5,-0.5,16,32.5,26.0,12,157.66666666666666,144.33333333333334,carrier_delay,weather_delay,nas_delay
PLN,4,12,8.333333333333334,-0.3333333333333333,12,22.333333333333332,27.666666666666668,40,133.6,136.1,carrier_delay,nas_delay,weather_delay
PLN,5,8,7.0,-5.5,28,39.57142857142857,31.142857142857142,32,174.25,171.25,carrier_delay,weather_delay,nas_delay
PLN,6,16,5.75,2.5,40,38.2,33.6,40,134.2,130.9,carrier_delay,weather_delay,nas_delay
PLN,7,20,4.2,-6.8,52,31.384615384615383,25.384615384615383,56,103.92857142857143,98.35714285714286,carrier_delay,nas_delay,weather_delay
PLN,8,48,5.583333333333333,4.083333333333333,28,36.714285714285715,33.0,44,116.9090909090909,108.27272727272727,carrier_delay,weather_delay,nas_delay
PLN,9,16,5.25,0.75,16,38.5,32.5,20,246.2,242.6,carrier_delay,nas_delay,weather_delay
PLN,10,12,4.666666666666667,2.0,16,38.75,28.25,12,228.0,225.0,carrier_delay,nas_delay,weather_delay
PLN,11,16,6.5,14.0,12,27.666666666666668,23.0,28,167.85714285714286,166.85714285714286,carrier_delay,nas_delay,security_delay
PLN,12,16,7.75,-5.75,28,36.714285714285715,32.0,20,218.6,213.0,carrier_delay,nas_delay,canc_B
PNS,1,472,6.762711864406779,3.0762711864406778,396,30.585858585858585,27.11111111111111,308,170.2207792207792,166.8,late_aircraft_delay,nas_delay,carrier_delay
PNS,2,356,6.325842696629214,2.146067415730337,296,29.594594594594593,23.027027027027028,164,247.0487804878049,247.0,late_aircraft_delay,nas_delay,carrier_delay
PNS,3,560,6.692857142857143,2.0575539568345325,652,32.90184049079755,26.33128834355828,348,158.98850574712642,158.816091954023,late_aircraft_delay,nas_delay,carrier_delay
PNS,4,668,6.191616766467066,3.783132530120482,484,32.396694214876035,26.375,280,206.4,204.5,late_aircraft_delay,nas_delay,carrier_delay
PNS,5,752,6.335106382978723,5.074866310160428,792,32.45454545454545,30.62121212121212,636,197.0251572327044,198.79746835443038,late_aircraft_delay,nas_delay,carrier_delay
PNS,6,848,6.44811320754717,2.4056603773584904,820,31.98048780487805,27.04433497536946,460,176.12173913043478,172.52631578947367,late_aircraft_delay,nas_delay,carrier_delay
PNS,7,792,6.888888888888889,4.005050505050505,972,31.925925925925927,26.673553719008265,748,174.46524064171123,175.13513513513513,late_aircraft_delay,nas_delay,carrier_delay
PNS,8,604,7.039735099337748,3.2550335570469797,532,33.03007518796993,30.19083969465649,296,182.77027027027026,182.02702702702703,late_aircraft_delay,nas_delay,carrier_delay
PNS,9,536,5.850746268656716,0.8208955223880597,368,29.92391304347826,26.369565217391305,148,147.35135135135135,141.13513513513513,late_aircraft_delay,nas_delay,carrier_delay
PNS,10,660,5.4363636363636365,-0.28484848484848485,368,28.391304347826086,22.934782608695652,124,175.96774193548387,172.29032258064515,carrier_delay,late_aircraft_delay,nas_delay
PNS,11,500,5.84,-0.384,268,28.970149253731343,22.70149253731343,108,167.14814814814815,174.22222222222223,late_aircraft_delay,nas_delay,carrier_delay
PNS,12,628,5.929936305732484,-0.6730769230769231,540,33.74074074074074,30.548148148148147,300,182.53333333333333,182.17567567567568,late_aircraft_delay,carrier_delay,nas_delay
PPG,1,8,9.0,6.0,8,32.5,32.5,0,"","",late_aircraft_delay,carrier_delay,Nessuna
PPG,2,4,4.0,-7.0,16,26.0,28.25,0,"","",carrier_delay,late_aircraft_delay,Nessuna
PPG,3,16,2.0,-10.25,0,"","",0,"","",carrier_delay,Nessuna,Nessuna
PPG,4,12,4.666666666666667,21.0,8,42.0,37.5,0,"","",carrier_delay,late_aircraft_delay,Nessuna
PPG,5,28,7.0,8.285714285714286,4,50.0,42.0,0,"","",carrier_delay,late_aircraft_delay,Nessuna
PPG,6,4,7.0,4.0,8,31.0,32.0,4,70.0,66.0,carrier_delay,late_aircraft_delay,Nessuna
PPG,7,24,9.5,5.666666666666667,12,23.0,16.0,4,1087.0,1088.0,carrier_delay,late_aircraft_delay,Nessuna
PPG,8,12,3.3333333333333335,-14.0,0,"","",12,248.66666666666666,236.66666666666666,late_aircraft_delay,carrier_delay,Nessuna
PPG,9,16,7.5,-5.5,4,21.0,9.0,4,123.0,127.0,carrier_delay,Nessuna,Nessuna
PPG,10,24,8.5,-2.6666666666666665,0,"","",0,"","",Nessuna,Nessuna,Nessuna
PPG,11,12,10.333333333333334,-2.0,12,15.666666666666666,8.333333333333334,0,"","",Nessuna,Nessuna,Nessuna
PPG,12,4,9.0,-3.0,0,"","",0,"","",Nessuna,Nessuna,Nessuna
PQI,9,16,4.75,-3.25,12,28.0,15.333333333333334,4,575.0,564.0,carrier_delay,Nessuna,Nessuna
PQI,10,24,5.0,-1.3333333333333333,16,18.0,12.25,0,"","",carrier_delay,nas_delay,Nessuna
PQI,11,12,5.666666666666667,16.333333333333332,16,23.0,9.5,0,"","",nas_delay,carrier_delay,Nessuna
PQI,12,20,4.8,9.0,4,16.0,20.0,8,138.5,130.5,nas_delay,carrier_delay,security_delay
PRC,1,24,6.333333333333333,0.6666666666666666,20,29.4,18.8,20,187.6,184.2,nas_delay,late_aircraft_delay,carrier_delay
PRC,2,12,5.0,-4.333333333333333,24,28.833333333333332,23.5,24,432.1666666666667,422.8333333333333,carrier_delay,nas_delay,late_aircraft_delay
PRC,3,24,9.5,6.5,12,32.666666666666664,28.333333333333332,24,145.5,134.0,carrier_delay,nas_delay,late_aircraft_delay
PRC,4,16,6.75,29.5,24,31.666666666666668,34.666666666666664,28,362.57142857142856,356.42857142857144,carrier_delay,nas_delay,late_aircraft_delay
PRC,5,12,5.0,1.3333333333333333,40,29.8,31.8,28,244.0,241.14285714285714,nas_delay,weather_delay,carrier_delay
PRC,6,36,6.444444444444445,1.3333333333333333,24,35.166666666666664,31.333333333333332,36,104.22222222222223,110.88888888888889,nas_delay,carrier_delay,late_aircraft_delay
PRC,7,36,6.555555555555555,-8.777777777777779,28,35.142857142857146,28.142857142857142,28,127.28571428571429,125.71428571428571,carrier_delay,late_aircraft_delay,nas_delay
PRC,8,8,9.0,6.0,36,28.666666666666668,29.444444444444443,68,276.6470588235294,271.70588235294116,nas_delay,carrier_delay,late_aircraft_delay
PRC,9,28,6.142857142857143,0.8333333333333334,16,27.25,19.5,4,179.0,177.0,carrier_delay,late_aircraft_delay,nas_delay
PRC,10,12,8.666666666666666,7.0,12,37.0,33.0,16,442.25,444.75,carrier_delay,nas_delay,late_aircraft_delay
PRC,11,12,4.666666666666667,-2.0,24,46.666666666666664,45.0,16,118.75,107.5,carrier_delay,late_aircraft_delay,nas_delay
PRC,12,16,4.75,-4.75,16,44.75,32.5,28,136.42857142857142,132.71428571428572,carrier_delay,late_aircraft_delay,nas_delay
PSC,1,148,6.027027027027027,6.162162162162162,160,29.175,32.075,204,177.11764705882354,174.27450980392157,nas_delay,weather_delay,carrier_delay
PSC,2,88,6.090909090909091,-1.3333333333333333,108,32.666666666666664,30.333333333333332,56,169.92857142857142,159.57142857142858,carrier_delay,nas_delay,late_aircraft_delay
PSC,3,80,4.8,-2.6,84,35.04761904761905,30.38095238095238,40,110.9,113.7,carrier_delay,nas_delay,late_aircraft_delay
PSC,4,84,7.238095238095238,2.0952380952380953,136,28.441176470588236,25.529411764705884,36,107.55555555555556,103.77777777777777,nas_delay,carrier_delay,late_aircraft_delay
PSC,5,148,6.108108108108108,0.08108108108108109,120,28.9,24.4,60,117.6,115.06666666666666,nas_delay,carrier_delay,late_aircraft_delay
PSC,6,156,6.333333333333333,5.897435897435898,156,29.205128205128204,27.846153846153847,72,154.88888888888889,147.44444444444446,carrier_delay,nas_delay,late_aircraft_delay
PSC,7,240,5.283333333333333,2.966666666666667,196,30.3265306122449,27.755102040816325,72,300.6666666666667,300.6111111111111,carrier_delay,nas_delay,late_aircraft_delay
PSC,8,208,5.884615384615385,6.8076923076923075,156,30.743589743589745,32.84615384615385,64,121.8125,122.5,nas_delay,carrier_delay,late_aircraft_delay
PSC,9,144,5.583333333333333,0.1388888888888889,112,33.107142857142854,27.071428571428573,80,160.05,157.3,carrier_delay,nas_delay,weather_delay
PSC,10,180,6.155555555555556,1.9555555555555555,100,30.84,23.8,88,95.18181818181819,85.04545454545455,carrier_delay,nas_delay,late_aircraft_delay
PSC,11,232,5.827586206896552,0.7413793103448276,176,30.15909090909091,22.431818181818183,64,132.9375,132.93333333333334,carrier_delay,nas_delay,late_aircraft_delay
PSC,12,236,6.305084745762712,1.3620689655172413,188,30.893617021276597,24.27659574468085,152,184.44736842105263,174.31578947368422,carrier_delay,nas_delay,weather_delay
PSE,1,52,5.923076923076923,7.615384615384615,28,31.285714285714285,29.857142857142858,36,189.77777777777777,194.66666666666666,nas_delay,carrier_delay,late_aircraft_delay
PSE,2,20,7.2,4.0,48,40.666666666666664,38.416666666666664,0,"","",late_aircraft_delay,nas_delay,carrier_delay
PSE,3,28,3.5714285714285716,0.8571428571428571,52,26.923076923076923,23.384615384615383,36,133.88888888888889,133.11111111111111,late_aircraft_delay,nas_delay,carrier_delay
PSE,4,52,5.615384615384615,1.9230769230769231,28,39.57142857142857,28.857142857142858,32,107.125,91.71428571428571,late_aircraft_delay,nas_delay,carrier_delay
PSE,5,36,6.111111111111111,-2.0,56,33.214285714285715,26.357142857142858,24,98.83333333333333,87.0,late_aircraft_delay,nas_delay,carrier_delay
PSE,6,28,5.142857142857143,3.4285714285714284,48,38.75,31.666666666666668,40,158.0,144.9,late_aircraft_delay,carrier_delay,nas_delay
PSE,7,44,9.090909090909092,0.6363636363636364,44,33.54545454545455,25.818181818181817,48,107.91666666666667,97.0,late_aircraft_delay,carrier_delay,nas_delay
PSE,8,52,5.0,-2.3076923076923075,36,32.666666666666664,28.22222222222222,60,117.46666666666667,111.46666666666667,late_aircraft_delay,nas_delay,carrier_delay
PSE,9,4,6.0,28.0,8,30.0,16.5,4,75.0,69.0,late_aircraft_delay,nas_delay,carrier_delay
PSE,10,12,6.0,-0.3333333333333333,8,18.5,21.5,4,79.0,58.0,canc_B,late_aircraft_delay,nas_delay
PSE,11,16,8.25,2.0,4,36.0,27.0,4,71.0,69.0,late_aircraft_delay,carrier_delay,Nessuna
PSE,12,48,7.916666666666667,6.083333333333333,44,28.0,23.454545454545453,24,203.5,198.16666666666666,late_aircraft_delay,nas_delay,carrier_delay
PSG,1,32,6.625,8.428571428571429,40,37.0,47.2,8,88.0,86.0,late_aircraft_delay,nas_delay,weather_delay
PSG,2,20,6.2,3.6,20,31.2,29.5,4,211.0,211.0,late_aircraft_delay,canc_B,nas_delay
PSG,3,16,8.5,12.75,12,36.0,39.0,8,120.0,116.5,late_aircraft_delay,nas_delay,Nessuna
PSG,4,28,6.714285714285714,5.857142857142857,24,33.666666666666664,39.833333333333336,8,214.0,75.0,late_aircraft_delay,nas_delay,Nessuna
PSG,5,52,4.076923076923077,3.3076923076923075,44,27.90909090909091,29.181818181818183,12,186.66666666666666,183.0,late_aircraft_delay,nas_delay,carrier_delay
PSG,6,56,5.5,4.071428571428571,28,30.285714285714285,27.714285714285715,8,94.5,97.0,late_aircraft_delay,nas_delay,carrier_delay
PSG,7,60,7.0,5.333333333333333,24,34.166666666666664,32.0,0,"","",late_aircraft_delay,carrier_delay,nas_delay
PSG,8,32,3.625,1.0,40,30.0,28.4,12,137.66666666666666,147.0,late_aircraft_delay,nas_delay,canc_B
PSG,9,12,8.666666666666666,22.333333333333332,20,22.4,18.0,4,209.0,207.0,late_aircraft_delay,nas_delay,security_delay
PSG,10,8,5.0,2.5,12,42.333333333333336,48.666666666666664,8,117.5,117.0,late_aircraft_delay,nas_delay,canc_B
PSG,11,20,8.8,8.2,8,39.5,49.5,8,153.0,231.0,carrier_delay,late_aircraft_delay,nas_delay
PSG,12,20,8.0,10.6,4,36.0,30.0,24,99.83333333333333,111.0,late_aircraft_delay,nas_delay,canc_B
PSM,1,12,7.0,-6.333333333333333,16,28.75,15.5,16,296.5,312.25,nas_delay,carrier_delay,late_aircraft_delay
PSM,2,16,9.75,-4.5,16,24.5,1.0,4,1075.0,1048.0,nas_delay,carrier_delay,late_aircraft_delay
PSM,3,20,3.6,2.6,8,38.0,45.0,16,170.0,164.0,late_aircraft_delay,nas_delay,carrier_delay
PSM,4,32,4.625,-13.125,20,24.0,16.8,12,122.66666666666667,154.33333333333334,nas_delay,late_aircraft_delay,carrier_delay
PSM,5,36,7.0,-1.7777777777777777,8,43.0,39.5,12,164.0,172.66666666666666,nas_delay,carrier_delay,late_aircraft_delay
PSM,6,8,5.5,5.5,12,45.0,56.0,12,134.0,127.33333333333333,late_aircraft_delay,nas_delay,carrier_delay
PSM,7,16,6.25,31.0,16,47.25,43.75,16,155.0,144.5,late_aircraft_delay,nas_delay,carrier_delay
PSM,8,16,3.0,-10.25,4,35.0,18.0,20,375.0,371.2,carrier_delay,late_aircraft_delay,weather_delay
PSM,9,8,9.0,2.5,12,28.333333333333332,7.666666666666667,8,138.0,126.5,late_aircraft_delay,nas_delay,weather_delay
PSM,10,24,4.5,-1.6666666666666667,4,46.0,35.0,4,110.0,105.0,carrier_delay,nas_delay,canc_B
PSM,11,16,3.75,-3.5,8,28.5,11.0,0,"","",late_aircraft_delay,Nessuna,Nessuna
PSM,12,20,4.8,-11.2,16,41.25,21.0,12,114.66666666666667,105.33333333333333,late_aircraft_delay,nas_delay,carrier_delay
PSP,1,644,5.838509316770186,1.2111801242236024,576,32.625,30.03472222222222,392,130.8877551020408,126.18367346938776,nas_delay,late_aircraft_delay,carrier_delay
PSP,2,800,6.06,-0.6633165829145728,760,31.278947368421054,24.675531914893618,400,156.35,155.49,nas_delay,carrier_delay,late_aircraft_delay
PSP,3,1184,6.726351351351352,1.7118644067796611,1072,31.690298507462686,28.775280898876403,488,155.672131147541,152.1,nas_delay,late_aircraft_delay,carrier_delay
PSP,4,992,6.44758064516129,3.2448979591836733,792,31.085858585858585,30.370558375634516,400,154.77,149.05050505050505,nas_delay,late_aircraft_delay,carrier_delay
PSP,5,640,5.98125,1.6540880503144655,592,33.439189189189186,30.020408163265305,300,151.74666666666667,148.77027027027026,nas_delay,late_aircraft_delay,carrier_delay
PSP,6,328,5.878048780487805,2.814814814814815,276,33.7536231884058,29.782608695652176,148,120.78378378378379,121.48648648648648,carrier_delay,nas_delay,late_aircraft_delay
PSP,7,304,7.052631578947368,4.2894736842105265,276,33.36231884057971,32.411764705882355,156,139.97435897435898,138.46153846153845,nas_delay,carrier_delay,late_aircraft_delay
PSP,8,256,6.421875,4.5625,292,33.78082191780822,32.054794520547944,132,136.06060606060606,140.21875,nas_delay,carrier_delay,late_aircraft_delay
PSP,9,256,6.3125,1.828125,276,32.91304347826087,32.20289855072464,116,103.82758620689656,98.93103448275862,nas_delay,carrier_delay,late_aircraft_delay
PSP,10,504,6.0476190476190474,2.4047619047619047,308,33.90909090909091,29.86842105263158,168,167.64285714285714,166.4047619047619,nas_delay,carrier_delay,late_aircraft_delay
PSP,11,676,5.863905325443787,2.7218934911242605,456,30.75438596491228,27.464912280701753,184,145.5,149.62222222222223,nas_delay,carrier_delay,late_aircraft_delay
PSP,12,756,6.571428571428571,2.7195767195767195,600,30.753333333333334,26.892617449664428,272,176.2941176470588,171.97058823529412,carrier_delay,nas_delay,late_aircraft_delay
PVD,1,540,6.222222222222222,0.849624060150376,484,30.429752066115704,27.316666666666666,364,161.6153846153846,166.21978021978023,nas_delay,late_aircraft_delay,carrier_delay
PVD,2,508,5.590551181102362,-5.874015748031496,296,26.66216216216216,19.405405405405407,104,164.57692307692307,156.15384615384616,nas_delay,late_aircraft_delay,carrier_delay
PVD,3,616,5.5064935064935066,-2.3398692810457518,420,31.761904761904763,27.133333333333333,252,159.73015873015873,157.33333333333334,late_aircraft_delay,nas_delay,carrier_delay
PVD,4,744,5.672043010752688,-4.43010752688172,412,30.961165048543688,24.88118811881188,248,168.5483870967742,167.38709677419354,late_aircraft_delay,carrier_delay,nas_delay
PVD,5,780,5.9282051282051285,-1.3435897435897435,652,32.24539877300614,25.487654320987655,464,169.30172413793105,167.00862068965517,late_aircraft_delay,carrier_delay,nas_delay
PVD,6,752,6.25531914893617,-0.6470588235294118,628,30.280254777070063,24.69871794871795,420,203.88571428571427,200.71428571428572,late_aircraft_delay,nas_delay,carrier_delay
PVD,7,884,6.126696832579186,1.3772727272727272,752,31.97340425531915,29.845744680851062,672,187.16666666666666,185.64457831325302,late_aircraft_delay,nas_delay,carrier_delay
PVD,8,956,5.510460251046025,1.7669491525423728,700,31.885714285714286,32.367816091954026,476,176.92436974789916,179.05882352941177,nas_delay,late_aircraft_delay,carrier_delay
PVD,9,612,5.790849673202614,0.5228758169934641,388,26.7319587628866,22.989583333333332,200,170.0,164.68,nas_delay,carrier_delay,late_aircraft_delay
PVD,10,836,5.746411483253588,-3.3076923076923075,452,29.646017699115045,22.43362831858407,168,186.07142857142858,176.23809523809524,carrier_delay,late_aircraft_delay,nas_delay
PVD,11,768,5.921875,-5.604166666666667,360,30.533333333333335,17.818181818181817,152,136.57894736842104,122.21052631578948,late_aircraft_delay,carrier_delay,nas_delay
PVD,12,924,6.6147186147186146,1.12987012987013,616,32.5,27.947712418300654,292,174.78082191780823,169.04109589041096,nas_delay,late_aircraft_delay,carrier_delay
PVU,1,80,8.75,-1.2,68,33.529411764705884,21.235294117647058,40,173.8,173.1,carrier_delay,nas_delay,weather_delay
PVU,2,64,6.125,-3.3125,32,33.125,21.25,12,178.66666666666666,163.33333333333334,carrier_delay,nas_delay,late_aircraft_delay
PVU,3,88,6.181818181818182,-2.6363636363636362,56,37.785714285714285,35.357142857142854,52,283.46153846153845,286.38461538461536,nas_delay,carrier_delay,late_aircraft_delay
PVU,4,36,3.888888888888889,-1.3333333333333333,32,34.5,33.75,32,188.875,186.5,carrier_delay,nas_delay,late_aircraft_delay
PVU,5,80,7.15,9.0,56,28.071428571428573,20.857142857142858,24,134.83333333333334,134.0,nas_delay,carrier_delay,late_aircraft_delay
PVU,6,76,4.894736842105263,1.7894736842105263,56,32.0,32.214285714285715,36,196.11111111111111,196.44444444444446,carrier_delay,nas_delay,late_aircraft_delay
PVU,7,72,5.222222222222222,4.055555555555555,72,35.0,32.333333333333336,80,248.1,246.4,carrier_delay,nas_delay,late_aircraft_delay
PVU,8,48,6.166666666666667,6.416666666666667,36,33.888888888888886,33.888888888888886,12,115.66666666666667,126.33333333333333,nas_delay,carrier_delay,late_aircraft_delay
PVU,9,56,8.0,6.0,40,32.4,30.6,44,113.36363636363636,115.54545454545455,carrier_delay,nas_delay,late_aircraft_delay
PVU,10,92,6.3478260869565215,6.260869565217392,80,31.85,27.15,92,170.7826086956522,176.52173913043478,carrier_delay,nas_delay,late_aircraft_delay
PVU,11,148,7.648648648648648,1.6216216216216217,140,35.2,28.457142857142856,116,191.89655172413794,193.53571428571428,carrier_delay,nas_delay,late_aircraft_delay
PVU,12,152,4.815789473684211,-3.710526315789474,116,34.827586206896555,23.88888888888889,88,263.90909090909093,250.6818181818182,carrier_delay,nas_delay,late_aircraft_delay
PWM,1,340,6.023529411764706,-1.9047619047619047,244,31.524590163934427,28.540983606557376,196,251.75510204081633,256.61224489795916,nas_delay,late_aircraft_delay,carrier_delay
PWM,2,312,6.705128205128205,-7.0256410256410255,184,26.456521739130434,9.065217391304348,68,238.23529411764707,226.05882352941177,late_aircraft_delay,carrier_delay,nas_delay
PWM,3,284,6.23943661971831,-4.704225352112676,180,29.22222222222222,20.386363636363637,160,174.575,166.25641025641025,late_aircraft_delay,nas_delay,carrier_delay
PWM,4,288,6.5,1.4027777777777777,200,33.5,27.08,120,230.66666666666666,234.23333333333332,nas_delay,late_aircraft_delay,carrier_delay
PWM,5,380,6.410526315789474,1.0105263157894737,336,33.44047619047619,28.476190476190474,216,197.40740740740742,190.59259259259258,late_aircraft_delay,carrier_delay,nas_delay
PWM,6,640,6.8875,5.725,604,34.12582781456954,33.16,468,172.89743589743588,171.31623931623932,late_aircraft_delay,nas_delay,carrier_delay
PWM,7,848,6.09433962264151,3.444976076555024,752,32.06382978723404,33.96808510638298,520,166.63846153846154,167.0390625,late_aircraft_delay,nas_delay,carrier_delay
PWM,8,892,6.331838565022421,3.665158371040724,804,29.895522388059703,31.54228855721393,460,167.5304347826087,170.37719298245614,nas_delay,late_aircraft_delay,carrier_delay
PWM,9,696,6.086206896551724,0.735632183908046,432,31.5,24.981308411214954,220,232.4909090909091,226.14545454545456,nas_delay,late_aircraft_delay,carrier_delay
PWM,10,852,6.295774647887324,-2.511737089201878,540,31.68888888888889,22.696296296296296,284,203.25352112676057,192.74285714285713,carrier_delay,late_aircraft_delay,nas_delay
PWM,11,324,5.419753086419753,-2.345679012345679,308,29.584415584415584,18.16883116883117,148,146.16216216216216,134.32432432432432,carrier_delay,nas_delay,late_aircraft_delay
PWM,12,384,6.291666666666667,-0.34375,328,28.9390243902439,18.804878048780488,204,247.45098039215685,242.76470588235293,nas_delay,late_aircraft_delay,carrier_delay
RAP,1,120,6.0,0.8,104,37.30769230769231,34.61538461538461,100,181.84,169.64,carrier_delay,nas_delay,weather_delay
RAP,2,116,6.0344827586206895,6.896551724137931,56,33.357142857142854,31.071428571428573,96,396.6666666666667,388.25,nas_delay,carrier_delay,late_aircraft_delay
RAP,3,104,4.884615384615385,-3.0,88,31.136363636363637,25.954545454545453,76,167.31578947368422,162.31578947368422,nas_delay,carrier_delay,late_aircraft_delay
RAP,4,128,4.71875,2.71875,108,30.59259259259259,24.77777777777778,64,155.375,153.0,nas_delay,carrier_delay,weather_delay
RAP,5,176,5.795454545454546,-2.5,112,32.107142857142854,26.571428571428573,148,150.21621621621622,145.7027027027027,nas_delay,carrier_delay,late_aircraft_delay
RAP,6,284,6.126760563380282,0.8732394366197183,324,31.54320987654321,26.825,200,173.78,171.72,carrier_delay,late_aircraft_delay,nas_delay
RAP,7,452,5.725663716814159,5.1946902654867255,404,33.24752475247525,32.09,212,169.67924528301887,166.37254901960785,nas_delay,carrier_delay,late_aircraft_delay
RAP,8,408,6.470588235294118,4.568627450980392,288,31.73611111111111,29.314285714285713,124,178.51612903225808,178.16129032258064,nas_delay,carrier_delay,late_aircraft_delay
RAP,9,260,5.461538461538462,0.3076923076923077,216,28.685185185185187,25.0,64,276.25,270.9375,carrier_delay,nas_delay,late_aircraft_delay
RAP,10,232,6.017241379310345,-1.4137931034482758,112,28.75,18.357142857142858,72,135.33333333333334,130.1764705882353,nas_delay,carrier_delay,late_aircraft_delay
RAP,11,196,6.551020408163265,3.306122448979592,120,30.366666666666667,20.9,128,134.46875,131.28125,nas_delay,carrier_delay,late_aircraft_delay
RAP,12,336,5.988095238095238,3.9285714285714284,104,29.076923076923077,20.384615384615383,132,174.0909090909091,165.06060606060606,carrier_delay,nas_delay,late_aircraft_delay
RDD,1,16,6.5,-5.0,16,19.75,4.0,20,207.8,204.4,late_aircraft_delay,nas_delay,carrier_delay
RDD,2,28,6.142857142857143,-0.42857142857142855,28,38.0,31.714285714285715,12,143.33333333333334,140.0,carrier_delay,nas_delay,late_aircraft_delay
RDD,3,52,5.076923076923077,2.5384615384615383,12,32.333333333333336,25.333333333333332,8,246.0,238.5,carrier_delay,nas_delay,canc_B
RDD,4,28,6.714285714285714,6.285714285714286,24,35.5,33.0,8,109.0,105.0,nas_delay,carrier_delay,late_aircraft_delay
RDD,5,52,5.3076923076923075,9.846153846153847,48,28.25,35.416666666666664,20,245.6,243.8,nas_delay,late_aircraft_delay,carrier_delay
RDD,6,88,5.954545454545454,2.409090909090909,64,30.125,24.375,28,206.85714285714286,203.28571428571428,late_aircraft_delay,nas_delay,carrier_delay
RDD,7,56,6.571428571428571,9.214285714285714,48,38.083333333333336,30.666666666666668,32,143.25,135.875,late_aircraft_delay,nas_delay,carrier_delay
RDD,8,44,8.181818181818182,4.454545454545454,48,33.333333333333336,38.5,36,146.55555555555554,137.44444444444446,nas_delay,late_aircraft_delay,carrier_delay
RDD,9,44,5.0,0.36363636363636365,60,28.4,33.06666666666667,28,216.0,210.14285714285714,nas_delay,late_aircraft_delay,carrier_delay
RDD,10,32,4.375,2.125,52,34.61538461538461,31.76923076923077,44,300.45454545454544,290.3636363636364,carrier_delay,nas_delay,late_aircraft_delay
RDD,11,76,7.0,3.5789473684210527,48,33.833333333333336,35.0,36,276.1111111111111,276.3333333333333,nas_delay,late_aircraft_delay,carrier_delay
RDD,12,48,5.083333333333333,1.5833333333333333,52,25.615384615384617,26.692307692307693,44,157.36363636363637,151.54545454545453,carrier_delay,nas_delay,late_aircraft_delay
RDM,1,264,6.7727272727272725,1.893939393939394,208,30.326923076923077,39.80769230769231,268,298.5970149253731,303.07575757575756,nas_delay,weather_delay,carrier_delay
RDM,2,236,6.0508474576271185,4.915254237288136,224,31.0,40.07142857142857,192,258.3958333333333,260.8125,nas_delay,carrier_delay,weather_delay
RDM,3,256,6.046875,5.71875,260,32.753846153846155,28.815384615384616,156,177.87179487179486,175.02564102564102,nas_delay,carrier_delay,late_aircraft_delay
RDM,4,160,5.975,2.625,140,35.457142857142856,36.94285714285714,128,212.65625,212.90625,nas_delay,carrier_delay,late_aircraft_delay
RDM,5,156,6.897435897435898,0.6578947368421053,212,33.301886792452834,28.923076923076923,88,239.4090909090909,233.6818181818182,nas_delay,carrier_delay,late_aircraft_delay
RDM,6,276,6.927536231884058,1.681159420289855,224,28.678571428571427,24.892857142857142,124,131.51612903225808,129.51612903225808,carrier_delay,nas_delay,late_aircraft_delay
RDM,7,332,5.481927710843373,0.37349397590361444,336,31.023809523809526,27.16867469879518,180,167.88888888888889,165.5681818181818,carrier_delay,nas_delay,late_aircraft_delay
RDM,8,280,6.214285714285714,6.028985507246377,204,32.372549019607845,32.01960784313726,128,250.78125,249.75,nas_delay,carrier_delay,late_aircraft_delay
RDM,9,332,6.783132530120482,7.096385542168675,172,30.41860465116279,31.511627906976745,120,156.13333333333333,158.2,nas_delay,carrier_delay,late_aircraft_delay
RDM,10,248,5.709677419354839,4.564516129032258,144,35.72222222222222,32.02777777777778,116,129.89655172413794,130.72413793103448,carrier_delay,nas_delay,late_aircraft_delay
RDM,11,200,5.94,1.68,112,33.357142857142854,33.964285714285715,56,126.78571428571429,126.42857142857143,nas_delay,carrier_delay,late_aircraft_delay
RDM,12,316,6.468354430379747,-1.1645569620253164,204,32.490196078431374,24.58823529411765,156,206.0,201.48717948717947,carrier_delay,nas_delay,canc_B
RDU,1,2412,6.266998341625207,1.812603648424544,2112,32.44318181818182,27.55977229601518,1336,162.75149700598803,160.3063063063063,nas_delay,late_aircraft_delay,carrier_delay
RDU,2,2272,6.049295774647887,-2.2680776014109347,1448,29.38121546961326,22.58839779005525,624,155.92948717948718,148.5897435897436,nas_delay,late_aircraft_delay,carrier_delay
RDU,3,3112,5.947300771208226,-1.5708762886597938,2416,30.50662251655629,23.137645107794363,1220,178.78360655737706,175.69078947368422,late_aircraft_delay,carrier_delay,nas_delay
RDU,4,3308,5.5840386940749696,1.0242718446601942,2180,31.03119266055046,28.210332103321033,1332,161.39339339339338,158.94848484848484,late_aircraft_delay,nas_delay,carrier_delay
RDU,5,3516,6.364050056882822,3.2525714285714287,2968,32.22371967654986,29.742895805142084,2164,150.7264325323475,150.85528756957328,nas_delay,late_aircraft_delay,carrier_delay
RDU,6,3876,5.996904024767802,0.4708939708939709,3204,32.41323345817728,28.1325,1876,158.60767590618337,154.0581896551724,late_aircraft_delay,carrier_delay,nas_delay
RDU,7,3212,6.460772104607721,1.5405742821473158,3752,32.68976545842217,30.51127819548872,2868,153.77405857740587,152.03076923076924,late_aircraft_delay,nas_delay,carrier_delay
RDU,8,3536,6.409502262443439,0.32690124858115777,3088,32.25259067357513,28.102730819245775,2340,183.9059829059829,180.0360205831904,late_aircraft_delay,nas_delay,carrier_delay
RDU,9,2752,6.0145348837209305,1.227405247813411,1892,30.646934460887948,24.515923566878982,1128,170.51418439716312,164.76868327402136,nas_delay,late_aircraft_delay,carrier_delay
RDU,10,3500,5.845714285714286,-1.414187643020595,1896,29.968354430379748,22.421940928270043,772,172.49740932642487,165.8082901554404,nas_delay,carrier_delay,late_aircraft_delay
RDU,11,2648,5.8700906344410875,-0.11178247734138973,1704,31.046948356807512,23.330985915492956,848,142.6509433962264,136.59241706161137,nas_delay,late_aircraft_delay,carrier_delay
RDU,12,3600,6.0377777777777775,-1.917686318131257,2600,30.863076923076925,22.45846153846154,1220,130.69508196721313,124.63245033112582,nas_delay,late_aircraft_delay,carrier_delay
RFD,1,40,5.0,-6.3,32,32.0,24.625,8,664.0,654.5,nas_delay,carrier_delay,late_aircraft_delay
RFD,2,56,7.5,-7.5,36,31.555555555555557,19.0,16,73.75,73.5,nas_delay,late_aircraft_delay,carrier_delay
RFD,3,44,6.636363636363637,-5.818181818181818,60,38.6,41.06666666666667,32,262.75,294.2857142857143,nas_delay,late_aircraft_delay,weather_delay
RFD,4,20,7.0,1.6,12,39.333333333333336,30.0,28,300.7142857142857,294.57142857142856,late_aircraft_delay,nas_delay,carrier_delay
RFD,5,40,4.0,-4.6,48,31.916666666666668,30.5,20,110.2,114.8,late_aircraft_delay,nas_delay,carrier_delay
RFD,6,44,7.7272727272727275,6.454545454545454,44,28.09090909090909,26.818181818181817,20,209.4,206.6,late_aircraft_delay,nas_delay,carrier_delay
RFD,7,80,7.4,5.8,48,32.75,27.833333333333332,52,134.92307692307693,137.84615384615384,nas_delay,late_aircraft_delay,carrier_delay
RFD,8,32,6.0,0.0,32,35.0,28.75,40,116.9,117.1,late_aircraft_delay,carrier_delay,nas_delay
RFD,9,28,5.714285714285714,-1.5714285714285714,12,27.0,15.333333333333334,24,565.0,565.6666666666666,carrier_delay,nas_delay,late_aircraft_delay
RFD,10,48,8.416666666666666,2.0,48,32.75,34.083333333333336,24,132.33333333333334,129.66666666666666,late_aircraft_delay,carrier_delay,nas_delay
RFD,11,36,5.111111111111111,0.3333333333333333,40,26.9,26.0,8,213.0,208.0,late_aircraft_delay,carrier_delay,nas_delay
RFD,12,92,6.913043478260869,-4.681818181818182,36,30.666666666666668,21.555555555555557,32,285.75,281.875,late_aircraft_delay,carrier_delay,nas_delay
RHI,1,24,7.166666666666667,-0.3333333333333333,20,28.4,12.0,16,133.0,115.75,carrier_delay,weather_delay,nas_delay
RHI,2,12,5.0,-1.3333333333333333,8,25.0,28.0,12,172.0,149.0,carrier_delay,nas_delay,weather_delay
RHI,3,12,6.666666666666667,-13.666666666666666,8,26.0,-2.5,12,83.66666666666667,61.666666666666664,carrier_delay,canc_B,nas_delay
RHI,4,0,"","",16,30.5,12.5,4,234.0,224.0,weather_delay,carrier_delay,Nessuna
RHI,5,0,"","",8,45.0,32.5,12,117.66666666666667,105.33333333333333,carrier_delay,nas_delay,weather_delay
RHI,6,24,7.166666666666667,22.333333333333332,48,34.833333333333336,49.25,48,152.25,153.16666666666666,carrier_delay,nas_delay,weather_delay
RHI,7,68,5.647058823529412,5.647058823529412,80,36.5,43.95,44,119.72727272727273,116.81818181818181,nas_delay,carrier_delay,weather_delay
RHI,8,44,3.909090909090909,5.909090909090909,76,33.94736842105263,34.89473684210526,12,145.33333333333334,144.66666666666666,carrier_delay,nas_delay,weather_delay
RHI,9,8,4.0,16.5,16,20.75,21.75,8,266.0,259.0,nas_delay,weather_delay,carrier_delay
RHI,10,4,8.0,-9.0,12,31.333333333333332,18.666666666666668,16,118.0,95.0,carrier_delay,Nessuna,Nessuna
RHI,11,8,8.0,-6.0,16,36.5,23.75,12,83.33333333333333,69.0,carrier_delay,weather_delay,Nessuna
RHI,12,16,3.75,1.25,24,30.833333333333332,20.5,40,233.1,231.4,carrier_delay,nas_delay,canc_B
RIC,1,640,5.91875,2.8125,648,32.21604938271605,30.025,372,209.27956989247312,208.05376344086022,nas_delay,late_aircraft_delay,carrier_delay
RIC,2,728,5.972527472527473,-2.1758241758241756,508,29.637795275590552,22.365079365079364,232,178.81034482758622,170.63793103448276,nas_delay,carrier_delay,late_aircraft_delay
RIC,3,832,5.639423076923077,-0.125,720,33.172222222222224,27.983333333333334,416,159.34615384615384,157.35922330097088,nas_delay,late_aircraft_delay,carrier_delay
RIC,4,864,6.356481481481482,2.1348837209302327,760,31.810526315789474,25.173684210526314,408,155.9313725490196,152.71,nas_delay,carrier_delay,late_aircraft_delay
RIC,5,1132,6.102473498233215,-0.4326241134751773,976,32.8155737704918,27.2880658436214,636,177.125786163522,177.58490566037736,nas_delay,late_aircraft_delay,carrier_delay
RIC,6,1076,6.5092936802973975,-0.6654275092936803,864,31.319444444444443,23.572093023255814,592,176.67567567567568,173.18493150684932,carrier_delay,late_aircraft_delay,nas_delay
RIC,7,1076,6.24907063197026,-0.5355805243445693,1096,33.36131386861314,29.518382352941178,792,171.2070707070707,167.73979591836735,late_aircraft_delay,carrier_delay,nas_delay
RIC,8,944,5.766949152542373,2.2245762711864407,864,31.324074074074073,26.490654205607477,480,162.35,157.86666666666667,late_aircraft_delay,nas_delay,carrier_delay
RIC,9,820,5.931707317073171,0.7463414634146341,480,31.066666666666666,26.166666666666668,212,141.18867924528303,140.9056603773585,nas_delay,carrier_delay,late_aircraft_delay
RIC,10,812,6.044334975369458,-4.315270935960591,500,31.024,23.32,144,187.27777777777777,178.77777777777777,nas_delay,late_aircraft_delay,carrier_delay
RIC,11,768,5.916666666666667,-2.7708333333333335,520,29.9,19.914728682170544,204,128.13725490196077,120.11764705882354,carrier_delay,nas_delay,late_aircraft_delay
RIC,12,1152,6.059027777777778,-2.2334494773519165,980,30.616326530612245,23.46530612244898,388,129.68041237113403,123.62886597938144,carrier_delay,nas_delay,late_aircraft_delay
RIW,1,8,2.0,10.0,0,"","",12,199.0,184.0,nas_delay,carrier_delay,late_aircraft_delay
RIW,2,4,3.0,"",20,29.6,19.4,4,321.0,317.0,carrier_delay,canc_B,nas_delay
RIW,3,0,"","",4,21.0,-3.0,4,529.0,514.0,canc_B,carrier_delay,Nessuna
RIW,4,0,"","",4,54.0,46.0,16,244.5,247.75,carrier_delay,nas_delay,late_aircraft_delay
RIW,5,8,4.0,16.5,4,28.0,6.0,8,584.0,584.0,nas_delay,late_aircraft_delay,carrier_delay
RIW,6,0,"","",12,31.333333333333332,36.0,8,214.0,217.5,carrier_delay,nas_delay,late_aircraft_delay
RIW,7,8,7.5,16.0,8,44.0,45.5,16,148.5,150.5,nas_delay,carrier_delay,late_aircraft_delay
RIW,8,20,9.0,11.2,16,42.75,53.0,28,319.14285714285717,324.7142857142857,nas_delay,late_aircraft_delay,carrier_delay
RIW,9,28,7.142857142857143,10.0,8,25.0,20.5,20,162.8,169.8,nas_delay,late_aircraft_delay,carrier_delay
RIW,10,8,2.0,3.0,16,22.75,28.0,12,325.6666666666667,326.3333333333333,carrier_delay,late_aircraft_delay,nas_delay
RIW,11,28,7.571428571428571,10.285714285714286,16,22.5,10.75,16,317.25,314.25,carrier_delay,late_aircraft_delay,nas_delay
RIW,12,24,6.666666666666667,-6.5,12,21.0,7.333333333333333,4,124.0,111.0,carrier_delay,late_aircraft_delay,Nessuna
RKS,1,8,7.0,30.5,4,26.0,11.0,8,176.0,176.0,nas_delay,late_aircraft_delay,carrier_delay
RKS,2,24,5.0,1.4,4,16.0,7.0,8,136.0,128.5,weather_delay,nas_delay,late_aircraft_delay
RKS,3,12,4.666666666666667,-7.333333333333333,0,"","",12,321.0,303.0,canc_B,weather_delay,late_aircraft_delay
RKS,4,12,6.333333333333333,18.666666666666668,12,23.666666666666668,22.0,8,188.0,188.0,nas_delay,late_aircraft_delay,carrier_delay
RKS,5,8,3.5,1.0,4,57.0,55.0,20,369.2,364.2,carrier_delay,nas_delay,late_aircraft_delay
RKS,6,8,5.5,-1.5,0,"","",4,149.0,154.0,carrier_delay,nas_delay,Nessuna
RKS,7,16,8.0,6.25,4,37.0,30.0,24,217.5,218.83333333333334,carrier_delay,nas_delay,late_aircraft_delay
RKS,8,12,9.666666666666666,5.666666666666667,4,37.0,39.0,24,314.0,334.8333333333333,carrier_delay,nas_delay,Nessuna
RKS,9,20,5.4,-0.6,12,26.666666666666668,24.666666666666668,12,128.33333333333334,135.33333333333334,nas_delay,carrier_delay,late_aircraft_delay
RKS,10,32,4.5,2.25,8,33.5,20.0,28,454.0,462.0,carrier_delay,nas_delay,late_aircraft_delay
RKS,11,20,7.2,-8.6,12,38.666666666666664,44.0,20,121.2,132.2,nas_delay,carrier_delay,canc_B
RKS,12,24,8.0,-14.666666666666666,24,21.833333333333332,11.166666666666666,12,378.0,369.3333333333333,late_aircraft_delay,nas_delay,weather_delay
RNO,1,912,6.2105263157894735,-0.9955947136563876,716,29.821229050279328,24.16759776536313,428,159.7196261682243,157.55140186915887,nas_delay,late_aircraft_delay,carrier_delay
RNO,2,928,5.6594827586206895,-0.13852813852813853,604,31.589403973509935,28.913333333333334,448,169.75,174.48648648648648,nas_delay,late_aircraft_delay,carrier_delay
RNO,3,960,5.9125,4.497907949790795,852,32.201877934272304,33.160377358490564,496,169.8790322580645,172.77868852459017,nas_delay,late_aircraft_delay,carrier_delay
RNO,4,744,6.048387096774194,3.075268817204301,744,31.376344086021504,28.618279569892472,344,191.32558139534885,193.40697674418604,nas_delay,late_aircraft_delay,carrier_delay
RNO,5,980,5.608163265306122,-0.5371900826446281,692,32.15028901734104,27.55491329479769,428,165.73831775700936,165.1214953271028,late_aircraft_delay,nas_delay,carrier_delay
RNO,6,1168,6.085616438356165,0.9484536082474226,980,31.485714285714284,24.28688524590164,408,183.23529411764707,177.27450980392157,late_aircraft_delay,carrier_delay,nas_delay
RNO,7,1196,6.464882943143813,2.9899665551839463,1032,31.310077519379846,26.797665369649806,680,168.21764705882353,165.23529411764707,late_aircraft_delay,carrier_delay,nas_delay
RNO,8,1232,5.954545454545454,1.4234527687296417,980,30.228571428571428,24.778688524590162,512,138.5,134.2890625,late_aircraft_delay,carrier_delay,nas_delay
RNO,9,1204,5.764119601328904,1.495016611295681,756,31.402116402116402,27.5,352,135.22727272727272,130.8181818181818,late_aircraft_delay,nas_delay,carrier_delay
RNO,10,1048,5.870229007633588,2.545801526717557,716,31.966480446927374,29.324022346368714,256,125.0625,124.390625,nas_delay,late_aircraft_delay,carrier_delay
RNO,11,908,5.916299559471366,2.947136563876652,544,31.301470588235293,29.029850746268657,300,175.2,172.1891891891892,nas_delay,carrier_delay,late_aircraft_delay
RNO,12,1032,5.686046511627907,-1.3346303501945525,820,29.75121951219512,23.284313725490197,412,134.2233009708738,128.59803921568627,carrier_delay,late_aircraft_delay,nas_delay
ROA,1,120,6.233333333333333,4.266666666666667,116,36.241379310344826,38.241379310344826,124,202.41935483870967,203.29032258064515,late_aircraft_delay,carrier_delay,nas_delay
ROA,2,104,6.115384615384615,6.076923076923077,84,28.523809523809526,21.952380952380953,16,281.0,275.75,nas_delay,carrier_delay,late_aircraft_delay
ROA,3,152,6.2368421052631575,4.0,92,28.347826086956523,27.08695652173913,28,193.42857142857142,184.14285714285714,carrier_delay,nas_delay,late_aircraft_delay
ROA,4,92,6.0,0.5217391304347826,104,29.923076923076923,28.53846153846154,40,302.1,292.6,late_aircraft_delay,nas_delay,carrier_delay
ROA,5,164,6.560975609756097,0.9024390243902439,124,30.612903225806452,29.032258064516128,72,189.11111111111111,195.83333333333334,nas_delay,carrier_delay,late_aircraft_delay
ROA,6,128,6.5625,3.40625,132,31.939393939393938,27.181818181818183,108,250.1851851851852,246.66666666666666,carrier_delay,late_aircraft_delay,nas_delay
ROA,7,144,5.805555555555555,1.3888888888888888,128,36.8125,40.46875,116,154.41379310344828,145.79310344827587,carrier_delay,nas_delay,late_aircraft_delay
ROA,8,128,5.90625,3.375,88,27.90909090909091,27.5,80,190.25,182.8,nas_delay,carrier_delay,late_aircraft_delay
ROA,9,104,5.846153846153846,4.461538461538462,60,30.2,26.866666666666667,40,206.0,199.4,carrier_delay,late_aircraft_delay,nas_delay
ROA,10,120,6.066666666666666,2.466666666666667,140,30.228571428571428,27.735294117647058,36,254.77777777777777,251.44444444444446,carrier_delay,late_aircraft_delay,nas_delay
ROA,11,148,5.972972972972973,0.972972972972973,100,28.32,22.28,76,124.73684210526316,119.63157894736842,carrier_delay,nas_delay,late_aircraft_delay
ROA,12,192,6.625,-2.2083333333333335,208,30.384615384615383,28.365384615384617,120,185.76666666666668,175.73333333333332,late_aircraft_delay,carrier_delay,nas_delay
ROC,1,656,5.945121951219512,0.9329268292682927,516,31.085271317829456,30.078740157480315,332,163.6867469879518,169.47560975609755,nas_delay,late_aircraft_delay,carrier_delay
ROC,2,604,6.172185430463577,-2.384105960264901,304,29.5,21.36842105263158,184,200.02173913043478,196.35555555555555,carrier_delay,nas_delay,late_aircraft_delay
ROC,3,568,6.161971830985915,-2.2535211267605635,300,29.226666666666667,22.826666666666668,180,149.24444444444444,149.61363636363637,nas_delay,late_aircraft_delay,carrier_delay
ROC,4,516,5.984496124031008,-2.612403100775194,372,29.032258064516128,21.0752688172043,196,176.26530612244898,172.3877551020408,late_aircraft_delay,carrier_delay,nas_delay
ROC,5,592,6.425675675675675,0.3310810810810811,508,31.52755905511811,26.409448818897637,300,154.28,153.04109589041096,late_aircraft_delay,nas_delay,carrier_delay
ROC,6,616,6.3311688311688314,0.3355263157894737,500,30.504,23.496,300,144.36,138.54666666666665,late_aircraft_delay,carrier_delay,nas_delay
ROC,7,892,5.865470852017937,0.06306306306306306,624,30.69871794871795,24.72258064516129,520,167.92307692307693,166.2325581395349,late_aircraft_delay,nas_delay,carrier_delay
ROC,8,792,6.378787878787879,1.2878787878787878,652,28.63803680981595,23.614906832298136,440,155.4909090909091,154.84545454545454,nas_delay,late_aircraft_delay,carrier_delay
ROC,9,604,5.622516556291391,0.0728476821192053,332,29.03614457831325,23.734939759036145,148,176.0810810810811,171.7027027027027,nas_delay,carrier_delay,late_aircraft_delay
ROC,10,656,5.9817073170731705,-0.07317073170731707,400,27.21,22.23,100,152.32,150.88,carrier_delay,late_aircraft_delay,nas_delay
ROC,11,524,5.6183206106870225,-1.8931297709923665,352,30.306818181818183,22.431818181818183,128,113.875,106.09375,carrier_delay,late_aircraft_delay,nas_delay
ROC,12,848,6.518867924528302,1.4622641509433962,668,30.15568862275449,24.760479041916167,328,153.97560975609755,151.5609756097561,nas_delay,carrier_delay,late_aircraft_delay
ROW,1,12,3.6666666666666665,-1.3333333333333333,16,34.25,27.5,36,201.88888888888889,198.33333333333334,carrier_delay,nas_delay,canc_B
ROW,2,56,6.928571428571429,-0.9285714285714286,0,"","",24,229.66666666666666,227.16666666666666,carrier_delay,nas_delay,weather_delay
ROW,3,40,5.3,-3.6,32,24.25,16.0,20,152.2,147.0,nas_delay,carrier_delay,weather_delay
ROW,4,28,7.428571428571429,1.7142857142857142,36,28.444444444444443,24.77777777777778,12,274.6666666666667,276.0,nas_delay,carrier_delay,late_aircraft_delay
ROW,5,32,6.5,7.5,28,39.714285714285715,33.714285714285715,44,181.45454545454547,174.54545454545453,carrier_delay,canc_B,weather_delay
ROW,6,32,9.5,14.375,44,38.72727272727273,38.54545454545455,56,263.2857142857143,267.84615384615387,carrier_delay,nas_delay,weather_delay
ROW,7,44,6.818181818181818,2.8181818181818183,32,28.125,20.375,60,205.13333333333333,201.0,carrier_delay,nas_delay,late_aircraft_delay
ROW,8,24,3.8333333333333335,2.8333333333333335,24,33.166666666666664,27.333333333333332,40,304.2,300.9,carrier_delay,nas_delay,weather_delay
ROW,9,48,6.666666666666667,6.916666666666667,36,30.11111111111111,31.666666666666668,28,167.42857142857142,167.0,nas_delay,carrier_delay,weather_delay
ROW,10,48,6.5,3.25,52,34.92307692307692,32.84615384615385,32,222.125,215.75,carrier_delay,nas_delay,canc_B
ROW,11,52,3.6923076923076925,3.6923076923076925,64,29.4375,31.875,32,125.125,126.375,carrier_delay,nas_delay,weather_delay
ROW,12,40,4.8,0.6,36,33.888888888888886,28.22222222222222,32,106.0,102.875,carrier_delay,canc_B,late_aircraft_delay
RST,1,32,5.875,-2.25,8,36.0,23.0,36,133.44444444444446,121.11111111111111,canc_B,carrier_delay,late_aircraft_delay
RST,2,20,4.4,-11.2,20,27.0,7.4,12,80.33333333333333,66.33333333333333,carrier_delay,nas_delay,late_aircraft_delay
RST,3,36,7.222222222222222,2.6666666666666665,52,27.76923076923077,23.692307692307693,40,160.9,156.9,carrier_delay,nas_delay,weather_delay
RST,4,60,7.4,3.2666666666666666,60,27.6,21.866666666666667,36,187.0,190.55555555555554,carrier_delay,nas_delay,late_aircraft_delay
RST,5,48,5.583333333333333,4.666666666666667,64,34.4375,32.0625,72,134.5,136.16666666666666,carrier_delay,nas_delay,weather_delay
RST,6,24,6.0,10.0,60,32.0,35.93333333333333,60,159.66666666666666,159.0,nas_delay,carrier_delay,late_aircraft_delay
RST,7,32,6.625,11.375,48,27.25,31.583333333333332,60,205.2,211.73333333333332,nas_delay,late_aircraft_delay,carrier_delay
RST,8,56,7.928571428571429,13.928571428571429,56,30.5,33.714285714285715,20,85.4,88.5,nas_delay,late_aircraft_delay,carrier_delay
RST,9,28,3.4285714285714284,-0.7142857142857143,52,34.15384615384615,35.69230769230769,20,265.4,258.8,carrier_delay,nas_delay,late_aircraft_delay
RST,10,40,8.5,0.7,40,27.6,26.0,8,116.0,105.0,carrier_delay,nas_delay,late_aircraft_delay
RST,11,28,6.0,3.2857142857142856,24,33.666666666666664,34.166666666666664,16,155.25,154.25,carrier_delay,nas_delay,weather_delay
RST,12,32,6.0,6.25,44,31.818181818181817,22.454545454545453,60,182.2,174.0,carrier_delay,weather_delay,nas_delay
RSW,1,2120,6.622641509433962,0.2339622641509434,2140,32.26728971962617,25.334586466165412,1352,143.1301775147929,138.53012048192772,late_aircraft_delay,nas_delay,carrier_delay
RSW,2,2096,6.240458015267175,3.3051823416506716,1600,31.4425,28.5775,744,160.4516129032258,151.8108108108108,nas_delay,late_aircraft_delay,carrier_delay
RSW,3,2732,6.46705710102489,3.4222873900293256,2876,31.630041724617524,29.813370473537603,1904,153.3781512605042,151.41894736842104,late_aircraft_delay,nas_delay,carrier_delay
RSW,4,1864,5.626609442060086,0.1010752688172043,1384,30.794797687861273,26.139130434782608,1008,165.70238095238096,160.11553784860558,late_aircraft_delay,nas_delay,carrier_delay
RSW,5,1540,5.987012987012987,4.6587926509186355,1412,33.22379603399433,33.13636363636363,1072,133.40298507462686,135.7348484848485,late_aircraft_delay,nas_delay,carrier_delay
RSW,6,1176,6.282312925170068,1.8762886597938144,972,32.39506172839506,29.850622406639005,796,199.41708542713567,195.0,late_aircraft_delay,nas_delay,carrier_delay
RSW,7,1068,6.089887640449438,3.842696629213483,1416,33.23163841807909,30.427350427350426,1088,159.5110294117647,158.54981549815497,late_aircraft_delay,nas_delay,carrier_delay
RSW,8,1016,6.019685039370079,3.9563492063492065,1060,32.33584905660377,30.50763358778626,772,191.60621761658032,188.9578947368421,late_aircraft_delay,nas_delay,carrier_delay
RSW,9,804,5.9054726368159205,2.1393034825870645,596,28.77181208053691,25.16778523489933,264,155.3181818181818,148.4,late_aircraft_delay,nas_delay,carrier_delay
RSW,10,972,6.189300411522634,-2.1358024691358026,596,29.563758389261746,21.899328859060404,296,169.1216216216216,162.32432432432432,canc_B,late_aircraft_delay,carrier_delay
RSW,11,1264,5.651898734177215,-0.5682539682539682,808,31.900990099009903,26.163366336633665,404,139.6039603960396,136.4257425742574,nas_delay,late_aircraft_delay,carrier_delay
RSW,12,1800,6.528888888888889,2.3652561247216037,1888,32.33898305084746,30.04255319148936,1412,168.94334277620396,166.54261363636363,late_aircraft_delay,nas_delay,carrier_delay
SAF,1,32,6.75,10.0,32,28.875,44.625,28,137.0,143.71428571428572,carrier_delay,nas_delay,weather_delay
SAF,2,12,8.333333333333334,-1.3333333333333333,16,24.0,21.25,28,188.0,183.0,carrier_delay,late_aircraft_delay,nas_delay
SAF,3,36,7.555555555555555,7.333333333333333,44,37.63636363636363,37.36363636363637,24,160.33333333333334,159.0,carrier_delay,nas_delay,weather_delay
SAF,4,48,6.25,19.333333333333332,64,38.5625,35.125,56,319.0,314.2142857142857,nas_delay,carrier_delay,late_aircraft_delay
SAF,5,64,5.3125,5.0,60,35.93333333333333,29.6,128,172.875,168.09375,carrier_delay,weather_delay,late_aircraft_delay
SAF,6,104,6.923076923076923,0.4,108,34.51851851851852,28.333333333333332,184,143.34782608695653,138.8695652173913,nas_delay,carrier_delay,late_aircraft_delay
SAF,7,68,6.352941176470588,3.6470588235294117,152,35.23684210526316,32.78947368421053,112,152.03571428571428,145.64285714285714,carrier_delay,nas_delay,late_aircraft_delay
SAF,8,108,6.666666666666667,1.2962962962962963,104,29.73076923076923,26.36,116,142.10344827586206,136.6551724137931,carrier_delay,nas_delay,late_aircraft_delay
SAF,9,100,7.92,10.2,108,34.074074074074076,31.703703703703702,80,118.3,114.85,carrier_delay,nas_delay,late_aircraft_delay
SAF,10,64,7.75,2.3125,184,33.82608695652174,25.304347826086957,84,117.52380952380952,105.80952380952381,carrier_delay,late_aircraft_delay,nas_delay
SAF,11,88,5.409090909090909,9.545454545454545,104,31.53846153846154,30.5,140,226.4857142857143,230.22857142857143,nas_delay,carrier_delay,canc_B
SAF,12,148,6.135135135135135,-7.324324324324325,112,30.0,15.464285714285714,96,205.875,199.0,carrier_delay,nas_delay,late_aircraft_delay
SAN,1,4840,5.731404958677686,0.9643153526970955,3280,30.004878048780487,25.356532356532355,1460,143.02191780821917,137.91160220994476,late_aircraft_delay,nas_delay,carrier_delay
SAN,2,4516,6.086802480070859,-1.0277033065236818,3464,30.864896073903,24.457607433217188,1412,140.30878186968837,134.77142857142857,nas_delay,late_aircraft_delay,carrier_delay
SAN,3,5520,6.086956521739131,0.4956268221574344,4476,32.092046470062556,27.325539568345324,1924,137.20997920997922,133.8580375782881,nas_delay,late_aircraft_delay,carrier_delay
SAN,4,5488,6.21865889212828,-0.07085463842220599,4276,31.11131898971001,25.727272727272727,1844,148.2407809110629,146.59477124183007,nas_delay,late_aircraft_delay,carrier_delay
SAN,5,5920,6.141891891891892,0.4578804347826087,5084,31.911093627065302,26.33122529644269,2148,151.09310986964618,146.26865671641792,late_aircraft_delay,nas_delay,carrier_delay
SAN,6,6896,6.202436194895592,2.359302325581395,6120,31.604575163398692,29.376555337262605,2676,136.2421524663677,135.65615615615616,late_aircraft_delay,nas_delay,carrier_delay
SAN,7,6804,6.182245737801293,3.9026548672566372,6444,31.733705772811916,30.071830106183636,3224,141.7245657568238,139.98004987531172,late_aircraft_delay,nas_delay,carrier_delay
SAN,8,6264,6.0242656449553005,4.7007064868336546,4748,30.540859309182814,29.754653130287647,1828,132.1378555798687,131.19867549668874,nas_delay,late_aircraft_delay,carrier_delay
SAN,9,5536,5.804913294797688,2.9304347826086956,4024,31.6779324055666,30.04187437686939,1576,119.86548223350253,118.23529411764706,nas_delay,late_aircraft_delay,carrier_delay
SAN,10,5984,6.155748663101604,5.922459893048129,4964,31.90088638195004,34.29862792574657,2520,144.10476190476192,147.85828025477707,nas_delay,late_aircraft_delay,carrier_delay
SAN,11,5512,6.030478955007257,0.9832605531295487,4088,30.59784735812133,27.63913470993117,1712,133.55607476635515,132.70725995316158,nas_delay,late_aircraft_delay,carrier_delay
SAN,12,5980,6.069565217391304,4.49832327297116,4956,31.979015334947537,32.00565428109854,3552,173.143018018018,176.38713318284425,nas_delay,late_aircraft_delay,carrier_delay
SAT,1,2008,6.129482071713148,0.726,1544,32.0,25.62077922077922,784,162.81632653061226,159.55384615384617,late_aircraft_delay,nas_delay,carrier_delay
SAT,2,1516,5.989445910290238,1.8148148148148149,1092,28.76923076923077,24.831501831501832,408,163.08823529411765,159.11764705882354,nas_delay,late_aircraft_delay,carrier_delay
SAT,3,2260,6.065486725663717,-0.6283185840707964,1884,32.14861995753716,25.19402985074627,872,156.39908256880733,153.8394495412844,late_aircraft_delay,nas_delay,carrier_delay
SAT,4,2092,6.0688336520076485,-0.4435946462715105,1692,30.22931442080378,23.90307328605201,888,172.64414414414415,174.31363636363636,late_aircraft_delay,carrier_delay,nas_delay
SAT,5,2740,5.991240875912409,1.5226277372262773,2044,31.162426614481408,27.308447937131632,1320,158.0030303030303,157.1768292682927,late_aircraft_delay,nas_delay,carrier_delay
SAT,6,2676,6.062780269058296,1.0195195195195195,2160,30.855555555555554,25.992578849721706,1164,156.6872852233677,151.87152777777777,late_aircraft_delay,carrier_delay,nas_delay
SAT,7,2576,6.246894409937888,3.107981220657277,2400,31.496666666666666,28.536666666666665,1828,162.5164113785558,159.86373626373626,late_aircraft_delay,nas_delay,carrier_delay
SAT,8,1916,5.88517745302714,-0.7064989517819706,1580,30.762025316455695,26.53061224489796,876,154.1917808219178,149.74429223744292,late_aircraft_delay,nas_delay,carrier_delay
SAT,9,1896,5.845991561181434,0.11839323467230443,1268,30.7602523659306,23.981072555205046,584,172.63698630136986,164.32876712328766,late_aircraft_delay,carrier_delay,nas_delay
SAT,10,2172,5.5764272559852675,-1.0736648250460405,1296,29.811728395061728,21.510835913312693,528,164.1590909090909,153.08396946564886,late_aircraft_delay,carrier_delay,nas_delay
SAT,11,2048,5.583984375,-1.345703125,1172,30.31058020477816,23.119453924914676,520,162.2846153846154,157.2,carrier_delay,late_aircraft_delay,nas_delay
SAT,12,2360,5.866101694915254,-0.08163265306122448,1668,30.160671462829736,24.97596153846154,844,174.17535545023696,172.53333333333333,late_aircraft_delay,carrier_delay,nas_delay
SAV,1,720,6.372222222222222,-1.6611111111111112,612,32.529411764705884,24.7682119205298,360,223.36666666666667,219.59550561797752,late_aircraft_delay,carrier_delay,nas_delay
SAV,2,548,6.240875912408759,-2.4160583941605838,380,30.96842105263158,23.48421052631579,156,155.35897435897436,148.5897435897436,late_aircraft_delay,carrier_delay,nas_delay
SAV,3,960,6.075,-1.275,704,29.568181818181817,23.194285714285716,324,157.12345679012347,153.35,late_aircraft_delay,carrier_delay,nas_delay
SAV,4,1108,6.350180505415162,2.2779783393501805,852,29.615023474178404,25.194312796208532,308,169.0,163.66233766233765,late_aircraft_delay,carrier_delay,nas_delay
SAV,5,1328,5.743975903614458,1.7764350453172206,1096,32.24452554744526,27.116788321167885,676,157.88165680473372,157.44642857142858,late_aircraft_delay,nas_delay,carrier_delay
SAV,6,1220,6.160655737704918,-0.33223684210526316,872,29.59633027522936,24.045871559633028,404,166.02970297029702,162.52,carrier_delay,late_aircraft_delay,nas_delay
SAV,7,1052,6.326996197718631,0.4961832061068702,1208,31.99337748344371,28.44518272425249,916,178.2008733624454,176.98245614035088,late_aircraft_delay,carrier_delay,nas_delay
SAV,8,912,6.017543859649122,0.6447368421052632,740,31.783783783783782,27.313513513513513,504,166.04761904761904,165.28,late_aircraft_delay,nas_delay,carrier_delay
SAV,9,1024,6.14453125,0.234375,552,29.89855072463768,23.48175182481752,324,162.91358024691357,159.2469135802469,carrier_delay,late_aircraft_delay,nas_delay
SAV,10,1168,5.674657534246576,-1.7842465753424657,668,29.772455089820358,21.964071856287426,184,165.54347826086956,157.41304347826087,late_aircraft_delay,carrier_delay,nas_delay
SAV,11,1076,5.836431226765799,-0.44609665427509293,652,29.88957055214724,25.368098159509202,292,159.75342465753425,158.34246575342465,nas_delay,carrier_delay,late_aircraft_delay
SAV,12,1276,6.482758620689655,1.89937106918239,976,32.028688524590166,27.741803278688526,480,174.85,172.38135593220338,carrier_delay,late_aircraft_delay,nas_delay
SBA,1,212,6.169811320754717,3.0,208,31.78846153846154,27.826923076923077,148,150.32432432432432,143.78378378378378,late_aircraft_delay,nas_delay,carrier_delay
SBA,2,224,6.875,3.8035714285714284,264,30.954545454545453,30.060606060606062,156,173.12820512820514,172.23076923076923,nas_delay,late_aircraft_delay,carrier_delay
SBA,3,232,6.913793103448276,0.7931034482758621,272,32.76470588235294,29.83582089552239,204,169.13725490196077,172.68627450980392,nas_delay,late_aircraft_delay,carrier_delay
SBA,4,228,7.0701754385964914,2.2982456140350878,248,34.66129032258065,33.66129032258065,272,252.55882352941177,250.55882352941177,nas_delay,late_aircraft_delay,carrier_delay
SBA,5,280,6.128571428571429,1.0714285714285714,268,33.17910447761194,28.666666666666668,168,127.21428571428571,122.54761904761905,late_aircraft_delay,nas_delay,carrier_delay
SBA,6,424,6.09433962264151,0.12264150943396226,260,28.953846153846154,23.78125,164,151.09756097560975,146.9,late_aircraft_delay,carrier_delay,nas_delay
SBA,7,364,5.626373626373627,-0.4444444444444444,248,33.725806451612904,30.048387096774192,220,166.78181818181818,162.63636363636363,carrier_delay,late_aircraft_delay,nas_delay
SBA,8,272,5.735294117647059,3.6911764705882355,232,27.344827586206897,22.24137931034483,92,180.95652173913044,176.95652173913044,nas_delay,carrier_delay,late_aircraft_delay
SBA,9,220,5.290909090909091,-1.1272727272727272,236,29.35593220338983,25.655172413793103,116,230.17241379310346,223.3448275862069,late_aircraft_delay,carrier_delay,nas_delay
SBA,10,300,5.986666666666666,-1.5866666666666667,240,31.566666666666666,26.7,144,206.05555555555554,207.08333333333334,late_aircraft_delay,nas_delay,carrier_delay
SBA,11,300,6.1866666666666665,-0.56,200,30.78,23.3,172,202.0,198.06976744186048,late_aircraft_delay,nas_delay,carrier_delay
SBA,12,332,5.9879518072289155,0.7108433734939759,228,30.157894736842106,23.54385964912281,168,160.35714285714286,153.1904761904762,late_aircraft_delay,carrier_delay,nas_delay
SBN,1,284,5.507042253521127,3.0285714285714285,292,33.32876712328767,35.821917808219176,312,187.33333333333334,190.0,nas_delay,carrier_delay,weather_delay
SBN,2,240,6.683333333333334,-0.6833333333333333,196,28.448979591836736,14.83673469387755,100,143.92,133.32,carrier_delay,nas_delay,late_aircraft_delay
SBN,3,292,6.397260273972603,-0.136986301369863,208,31.596153846153847,21.076923076923077,116,165.86206896551724,164.06896551724137,carrier_delay,nas_delay,late_aircraft_delay
SBN,4,272,5.955882352941177,-1.6567164179104477,188,28.46808510638298,23.148936170212767,136,160.58823529411765,161.38235294117646,carrier_delay,nas_delay,late_aircraft_delay
SBN,5,276,5.942028985507246,4.666666666666667,344,33.51162790697674,25.651162790697676,340,168.56470588235294,165.72941176470587,carrier_delay,late_aircraft_delay,nas_delay
SBN,6,248,6.419354838709677,4.508196721311475,248,33.16129032258065,22.491803278688526,192,163.35416666666666,157.41666666666666,carrier_delay,late_aircraft_delay,nas_delay
SBN,7,280,5.828571428571428,8.428571428571429,320,31.6625,27.3625,280,139.65714285714284,139.88571428571427,carrier_delay,nas_delay,late_aircraft_delay
SBN,8,364,7.230769230769231,1.5333333333333334,296,29.5,26.135135135135137,264,147.56060606060606,138.83076923076922,carrier_delay,nas_delay,late_aircraft_delay
SBN,9,268,6.626865671641791,3.8358208955223883,244,33.459016393442624,25.885245901639344,132,167.72727272727272,165.24242424242425,carrier_delay,nas_delay,late_aircraft_delay
SBN,10,336,6.25,-3.8333333333333335,256,29.453125,17.6875,120,151.63333333333333,144.6,carrier_delay,nas_delay,late_aircraft_delay
SBN,11,316,6.531645569620253,-0.8607594936708861,172,28.74418604651163,21.25581395348837,172,179.86046511627907,176.52380952380952,carrier_delay,nas_delay,late_aircraft_delay
SBN,12,412,6.330097087378641,2.7254901960784315,340,31.576470588235296,28.301204819277107,244,171.72131147540983,168.9016393442623,carrier_delay,nas_delay,late_aircraft_delay
SBP,1,100,6.88,0.96,136,35.38235294117647,35.88235294117647,92,172.04347826086956,170.47826086956522,carrier_delay,nas_delay,late_aircraft_delay
SBP,2,112,5.321428571428571,-0.8214285714285714,128,34.9375,37.4375,104,226.73076923076923,225.30769230769232,nas_delay,carrier_delay,late_aircraft_delay
SBP,3,160,7.225,7.25,128,28.5,26.625,100,154.16,152.0,nas_delay,carrier_delay,late_aircraft_delay
SBP,4,188,6.74468085106383,3.7872340425531914,184,33.26086956521739,26.431818181818183,68,124.23529411764706,122.29411764705883,carrier_delay,nas_delay,late_aircraft_delay
SBP,5,136,5.970588235294118,2.0588235294117645,96,35.875,30.458333333333332,116,177.06896551724137,179.48275862068965,nas_delay,late_aircraft_delay,carrier_delay
SBP,6,120,5.9,1.8666666666666667,180,30.4,28.266666666666666,92,149.08695652173913,153.72727272727272,nas_delay,carrier_delay,late_aircraft_delay
SBP,7,176,6.931818181818182,7.181818181818182,136,34.411764705882355,29.294117647058822,136,181.3235294117647,176.47058823529412,carrier_delay,late_aircraft_delay,nas_delay
SBP,8,172,5.953488372093023,6.190476190476191,100,32.48,32.0,136,165.0,166.26470588235293,carrier_delay,nas_delay,late_aircraft_delay
SBP,9,156,4.435897435897436,0.7948717948717948,156,30.256410256410255,28.025641025641026,108,266.9259259259259,262.3333333333333,carrier_delay,nas_delay,late_aircraft_delay
SBP,10,200,5.66,5.24,180,31.444444444444443,29.288888888888888,148,222.56756756756758,221.6216216216216,carrier_delay,late_aircraft_delay,nas_delay
SBP,11,188,6.872340425531915,0.14893617021276595,212,32.62264150943396,24.49056603773585,108,119.62962962962963,119.52,carrier_delay,nas_delay,late_aircraft_delay
SBP,12,168,7.261904761904762,2.761904761904762,172,31.162790697674417,24.186046511627907,232,172.77586206896552,170.74137931034483,carrier_delay,late_aircraft_delay,nas_delay
SCC,1,12,4.0,-2.6666666666666665,8,26.5,20.0,16,112.5,119.5,late_aircraft_delay,canc_B,nas_delay
SCC,2,20,8.4,6.6,4,22.0,24.0,12,114.66666666666667,119.0,late_aircraft_delay,nas_delay,canc_B
SCC,3,16,7.0,8.75,4,19.0,20.0,8,116.5,117.0,nas_delay,late_aircraft_delay,canc_B
SCC,4,4,13.0,16.0,20,39.6,42.4,12,152.33333333333334,158.66666666666666,late_aircraft_delay,nas_delay,carrier_delay
SCC,5,0,"","",24,37.333333333333336,34.833333333333336,4,63.0,59.0,late_aircraft_delay,nas_delay,canc_A
SCC,6,12,10.333333333333334,12.666666666666666,12,37.333333333333336,33.666666666666664,4,66.0,61.0,late_aircraft_delay,nas_delay,canc_B
SCC,7,8,6.0,5.0,8,35.5,26.0,4,185.0,189.0,late_aircraft_delay,nas_delay,canc_B
SCC,8,8,2.5,-2.0,20,23.8,23.2,8,157.5,150.0,late_aircraft_delay,nas_delay,carrier_delay
SCC,9,8,6.0,11.5,4,35.0,29.0,0,"","",late_aircraft_delay,Nessuna,Nessuna
SCC,10,4,3.0,12.0,16,38.25,42.25,8,251.5,247.5,late_aircraft_delay,nas_delay,canc_B
SCC,11,16,7.0,2.5,8,47.0,46.0,0,"","",late_aircraft_delay,carrier_delay,Nessuna
SCC,12,20,4.6,8.6,8,18.0,16.5,4,126.0,125.0,canc_B,late_aircraft_delay,nas_delay
SCE,1,4,3.0,-18.0,12,35.666666666666664,31.0,0,"","",canc_B,carrier_delay,nas_delay
SCE,2,0,"","",12,23.333333333333332,27.0,4,166.0,167.0,carrier_delay,nas_delay,canc_B
SCE,3,20,9.0,4.2,8,22.0,10.5,8,116.5,111.5,nas_delay,carrier_delay,late_aircraft_delay
SCE,4,16,6.75,6.0,28,37.142857142857146,32.0,24,131.16666666666666,129.2,carrier_delay,late_aircraft_delay,nas_delay
SCE,5,28,8.714285714285714,7.428571428571429,44,34.27272727272727,30.727272727272727,48,133.58333333333334,142.0,nas_delay,late_aircraft_delay,carrier_delay
SCE,6,36,8.333333333333334,5.666666666666667,36,29.0,27.333333333333332,48,159.66666666666666,139.36363636363637,late_aircraft_delay,carrier_delay,nas_delay
SCE,7,12,5.333333333333333,11.333333333333334,8,46.5,70.5,8,91.0,82.5,nas_delay,carrier_delay,weather_delay
SCE,8,24,6.166666666666667,7.833333333333333,20,31.6,33.0,12,73.66666666666667,72.33333333333333,late_aircraft_delay,nas_delay,weather_delay
SCE,9,0,"","",0,"","",8,169.5,160.5,late_aircraft_delay,carrier_delay,nas_delay
SCE,10,32,8.875,11.125,20,32.6,34.2,16,213.0,211.5,nas_delay,late_aircraft_delay,carrier_delay
SCE,11,12,2.6666666666666665,2.6666666666666665,20,33.6,36.8,28,172.71428571428572,164.42857142857142,carrier_delay,late_aircraft_delay,nas_delay
SCE,12,0,"","",20,29.6,38.6,12,71.66666666666667,76.66666666666667,nas_delay,late_aircraft_delay,carrier_delay
SCK,1,32,3.625,7.125,32,27.25,26.625,20,128.0,129.6,late_aircraft_delay,nas_delay,carrier_delay
SCK,2,28,5.428571428571429,2.4285714285714284,4,27.0,15.0,20,202.6,205.4,late_aircraft_delay,nas_delay,carrier_delay
SCK,3,32,5.125,11.875,36,37.22222222222222,46.55555555555556,20,121.6,127.0,nas_delay,late_aircraft_delay,carrier_delay
SCK,4,24,7.166666666666667,10.833333333333334,24,25.5,37.0,8,93.5,94.0,nas_delay,carrier_delay,late_aircraft_delay
SCK,5,28,6.571428571428571,7.857142857142857,20,41.0,40.2,8,85.5,81.5,nas_delay,late_aircraft_delay,carrier_delay
SCK,6,28,7.142857142857143,7.0,68,32.11764705882353,29.823529411764707,8,98.0,97.0,late_aircraft_delay,carrier_delay,nas_delay
SCK,7,52,8.692307692307692,7.076923076923077,48,32.083333333333336,32.25,24,456.3333333333333,461.5,nas_delay,carrier_delay,late_aircraft_delay
SCK,8,40,6.5,5.0,32,37.625,40.875,24,195.0,192.83333333333334,late_aircraft_delay,carrier_delay,nas_delay
SCK,9,44,8.272727272727273,6.0,40,37.2,38.4,24,187.0,186.5,carrier_delay,late_aircraft_delay,nas_delay
SCK,10,44,8.454545454545455,7.818181818181818,44,26.818181818181817,27.818181818181817,20,90.6,83.0,late_aircraft_delay,nas_delay,carrier_delay
SCK,11,48,7.416666666666667,0.4166666666666667,68,33.11764705882353,33.35294117647059,0,"","",late_aircraft_delay,nas_delay,carrier_delay
SCK,12,44,7.0,4.909090909090909,68,33.588235294117645,24.352941176470587,48,102.66666666666667,101.41666666666667,late_aircraft_delay,carrier_delay,nas_delay
SDF,1,784,6.3979591836734695,2.3435897435897437,772,31.38860103626943,29.536458333333332,576,182.27777777777777,185.1958041958042,nas_delay,carrier_delay,late_aircraft_delay
SDF,2,844,5.606635071090047,0.5260663507109005,512,31.3828125,23.503937007874015,204,141.72549019607843,142.50980392156862,nas_delay,carrier_delay,late_aircraft_delay
SDF,3,936,6.739316239316239,2.3162393162393164,848,32.24528301886792,26.183962264150942,416,156.77884615384616,153.625,nas_delay,late_aircraft_delay,carrier_delay
SDF,4,1036,6.845559845559846,2.1042471042471043,784,30.28061224489796,25.331632653061224,396,135.7171717171717,133.95876288659792,carrier_delay,nas_delay,late_aircraft_delay
SDF,5,1436,6.345403899721449,3.8022284122562673,1292,30.86377708978328,27.981308411214954,788,161.46700507614213,161.0102564102564,nas_delay,late_aircraft_delay,carrier_delay
SDF,6,1068,5.898876404494382,1.3932584269662922,956,30.01255230125523,27.228813559322035,576,185.02777777777777,183.19718309859155,nas_delay,carrier_delay,late_aircraft_delay
SDF,7,1200,6.366666666666666,3.2416107382550337,1212,32.584158415841586,31.826666666666668,904,173.98230088495575,175.03555555555556,nas_delay,late_aircraft_delay,carrier_delay
SDF,8,980,6.114285714285714,1.8040816326530613,828,31.053140096618357,29.053140096618357,564,181.36170212765958,180.14598540145985,nas_delay,carrier_delay,late_aircraft_delay
SDF,9,1060,5.992452830188679,1.9811320754716981,684,31.84795321637427,29.55294117647059,372,158.06451612903226,156.58695652173913,nas_delay,carrier_delay,late_aircraft_delay
SDF,10,968,5.946280991735537,-0.47520661157024796,556,32.75539568345324,23.848920863309353,260,182.75384615384615,179.36923076923077,nas_delay,carrier_delay,late_aircraft_delay
SDF,11,788,5.9238578680203045,1.3622448979591837,544,33.580882352941174,29.82962962962963,276,163.30434782608697,161.53623188405797,nas_delay,carrier_delay,late_aircraft_delay
SDF,12,1044,6.593869731800766,0.05405405405405406,780,30.46153846153846,24.98974358974359,416,167.98076923076923,164.38834951456312,nas_delay,late_aircraft_delay,carrier_delay
SEA,1,8556,6.165965404394577,-0.6489815253434391,7348,31.56940664126293,24.66481994459834,3876,137.58513931888544,130.6171548117155,carrier_delay,nas_delay,late_aircraft_delay
SEA,2,6764,5.934949733885275,1.8428232502965598,4460,30.343497757847533,25.03052064631957,1544,135.74352331606218,132.6935064935065,nas_delay,carrier_delay,late_aircraft_delay
SEA,3,8856,6.118789521228545,1.4243659420289856,7252,30.730281301709873,26.010503040353786,2452,139.1125611745514,135.91816693944352,nas_delay,carrier_delay,late_aircraft_delay
SEA,4,9292,6.170899698665519,1.7614125753660637,7308,30.604269293924467,25.615257958287597,2412,121.02155887230514,116.18604651162791,nas_delay,carrier_delay,late_aircraft_delay
SEA,5,12028,6.198204190222813,1.765744751749417,10044,30.597769812823575,25.461323763955342,3088,121.59715025906736,116.85992217898833,nas_delay,carrier_delay,late_aircraft_delay
SEA,6,14300,6.491748251748252,1.1020751542344362,12660,30.015797788309637,23.995571021828535,3560,130.31910112359552,122.35180995475113,carrier_delay,nas_delay,late_aircraft_delay
SEA,7,14428,6.2095924591072915,3.6357579122709605,12112,30.20343461030383,26.57933090427294,3768,135.8619957537155,131.50371944739638,carrier_delay,nas_delay,late_aircraft_delay
SEA,8,13736,6.322073383808969,4.26779463243874,11568,30.395228215767634,28.18943343760862,3944,123.50304259634889,120.55453618756371,nas_delay,carrier_delay,late_aircraft_delay
SEA,9,11940,6.215745393634841,3.934228187919463,8648,30.081868640148013,26.463177396943028,2344,117.5085324232082,112.82222222222222,nas_delay,carrier_delay,late_aircraft_delay
SEA,10,9848,6.080828594638505,1.6819845465636438,6112,29.50785340314136,24.7838370565046,1680,125.07380952380953,118.33812949640287,nas_delay,carrier_delay,late_aircraft_delay
SEA,11,8628,5.877607788595271,0.14881780250347706,5212,29.20951650038373,22.37557603686636,1460,135.6931506849315,130.38736263736263,nas_delay,carrier_delay,late_aircraft_delay
SEA,12,10080,6.2670634920634924,-0.6666666666666666,7576,30.243928194297784,23.105151354221988,2648,126.18126888217523,118.08194233687405,carrier_delay,nas_delay,late_aircraft_delay
SFB,1,292,6.986301369863014,4.319444444444445,360,30.266666666666666,25.133333333333333,196,165.42857142857142,143.85106382978722,carrier_delay,late_aircraft_delay,nas_delay
SFB,2,384,6.3125,7.729166666666667,408,32.34313725490196,32.029411764705884,120,147.1,145.9,nas_delay,carrier_delay,late_aircraft_delay
SFB,3,488,6.459016393442623,6.30327868852459,584,32.273972602739725,30.856164383561644,288,136.5,138.76388888888889,nas_delay,carrier_delay,late_aircraft_delay
SFB,4,368,6.641304347826087,4.153846153846154,272,29.073529411764707,29.573529411764707,168,205.11904761904762,203.14285714285714,nas_delay,carrier_delay,late_aircraft_delay
SFB,5,432,6.638888888888889,4.055555555555555,416,29.865384615384617,30.346153846153847,240,126.5,124.86666666666666,late_aircraft_delay,nas_delay,carrier_delay
SFB,6,592,7.0608108108108105,4.472602739726027,680,31.1,30.54437869822485,416,140.09615384615384,138.57692307692307,carrier_delay,nas_delay,late_aircraft_delay
SFB,7,604,6.735099337748345,4.28476821192053,672,31.636904761904763,31.523809523809526,440,131.6909090909091,133.74545454545455,carrier_delay,late_aircraft_delay,nas_delay
SFB,8,328,6.146341463414634,4.8765432098765435,400,33.72,32.07,308,154.64935064935065,152.75324675324674,late_aircraft_delay,nas_delay,carrier_delay
SFB,9,220,6.6909090909090905,4.581818181818182,244,32.540983606557376,27.491803278688526,144,124.5,122.80555555555556,carrier_delay,nas_delay,late_aircraft_delay
SFB,10,408,6.519607843137255,1.8217821782178218,312,27.32051282051282,24.128205128205128,196,160.0,158.53061224489795,carrier_delay,canc_B,late_aircraft_delay
SFB,11,328,5.853658536585366,3.6219512195121952,420,29.714285714285715,32.285714285714285,120,98.4,100.46666666666667,carrier_delay,nas_delay,late_aircraft_delay
SFB,12,584,6.719178082191781,3.1875,816,32.23039215686274,28.862068965517242,448,143.14285714285714,140.70535714285714,carrier_delay,late_aircraft_delay,nas_delay
SFO,1,6936,6.306805074971165,-0.7213872832369942,5420,31.14760147601476,23.28941524796447,2912,148.18956043956044,138.1258644536653,carrier_delay,late_aircraft_delay,nas_delay
SFO,2,6964,6.359563469270534,-2.1136101499423297,6512,31.447174447174447,22.268142681426813,3876,158.72549019607843,150.29771784232366,late_aircraft_delay,carrier_delay,nas_delay
SFO,3,7944,6.39778449144008,0.28939393939393937,8416,32.838878326996195,26.583015267175572,4264,136.3095684803002,129.77046095954844,late_aircraft_delay,nas_delay,carrier_delay
SFO,4,7720,6.419170984455959,-2.55607476635514,7832,32.376915219611845,24.10701484895033,4432,130.34657039711192,121.17391304347827,late_aircraft_delay,nas_delay,carrier_delay
SFO,5,8324,6.3801057184046135,-3.064935064935065,8352,32.564655172413794,22.01009130225853,3936,133.6910569105691,123.30346232179227,late_aircraft_delay,carrier_delay,nas_delay
SFO,6,7840,6.1959183673469385,-3.387525562372188,6724,31.502676977989292,22.708982035928145,3728,142.67489270386267,132.6216216216216,late_aircraft_delay,carrier_delay,nas_delay
SFO,7,8576,5.932835820895522,0.2826392138511933,6876,31.23676556137289,24.72403733955659,4020,148.54726368159203,142.0900900900901,carrier_delay,late_aircraft_delay,nas_delay
SFO,8,9096,6.295074758135444,-0.10458958517210945,6832,31.795081967213115,24.883734586024662,3276,138.86813186813185,131.5808823529412,late_aircraft_delay,carrier_delay,nas_delay
SFO,9,7596,5.991574512901527,1.0026371308016877,5568,31.496408045977013,26.94881038211968,2212,151.33092224231464,146.264116575592,nas_delay,late_aircraft_delay,carrier_delay
SFO,10,8328,6.079731027857829,-0.5505293551491819,5604,30.62740899357602,24.452789699570815,2480,138.96451612903226,131.8481421647819,carrier_delay,nas_delay,late_aircraft_delay
SFO,11,8044,6.306812531079065,-1.908909905425585,6336,31.34027777777778,22.98606713109563,3976,138.78370221327967,131.84576612903226,late_aircraft_delay,carrier_delay,nas_delay
SFO,12,8880,6.27072072072072,-0.5589164785553047,6944,32.20334101382488,24.39364161849711,3868,137.5667011375388,129.98333333333332,carrier_delay,late_aircraft_delay,nas_delay
SGF,1,384,6.270833333333333,3.7916666666666665,336,30.773809523809526,36.92857142857143,312,241.60256410256412,258.4871794871795,nas_delay,late_aircraft_delay,carrier_delay
SGF,2,308,5.714285714285714,1.2597402597402598,208,27.807692307692307,17.75,84,93.57142857142857,84.71428571428571,nas_delay,carrier_delay,late_aircraft_delay
SGF,3,360,6.2444444444444445,0.3333333333333333,240,30.383333333333333,21.633333333333333,188,155.10638297872342,151.6595744680851,late_aircraft_delay,carrier_delay,nas_delay
SGF,4,440,5.818181818181818,2.4272727272727272,300,28.986666666666668,27.554054054054053,212,192.1320754716981,197.7843137254902,nas_delay,late_aircraft_delay,carrier_delay
SGF,5,528,7.007575757575758,4.045454545454546,472,31.050847457627118,31.582608695652173,388,169.76288659793815,166.9255319148936,late_aircraft_delay,nas_delay,carrier_delay
SGF,6,544,6.154411764705882,1.911764705882353,588,30.72108843537415,25.401360544217688,352,163.57954545454547,162.4367816091954,late_aircraft_delay,carrier_delay,nas_delay
SGF,7,656,6.280487804878049,3.8658536585365852,552,29.5,26.434782608695652,420,158.65714285714284,158.5,carrier_delay,late_aircraft_delay,nas_delay
SGF,8,608,5.901315789473684,3.6315789473684212,496,31.991935483870968,27.81451612903226,312,180.33333333333334,176.1038961038961,carrier_delay,late_aircraft_delay,nas_delay
SGF,9,532,6.2556390977443606,1.5,400,29.46,26.77,224,160.39285714285714,153.98181818181817,carrier_delay,late_aircraft_delay,nas_delay
SGF,10,548,6.306569343065694,-0.8759124087591241,352,28.920454545454547,21.75,160,216.25,207.0,carrier_delay,nas_delay,late_aircraft_delay
SGF,11,464,6.586206896551724,3.7155172413793105,308,30.792207792207794,26.94736842105263,192,160.625,160.02083333333334,carrier_delay,nas_delay,late_aircraft_delay
SGF,12,652,6.49079754601227,0.9386503067484663,552,32.39855072463768,28.108695652173914,304,185.3421052631579,182.72,carrier_delay,late_aircraft_delay,nas_delay
SGU,1,72,7.555555555555555,5.333333333333333,72,30.61111111111111,28.166666666666668,24,175.5,167.83333333333334,carrier_delay,nas_delay,late_aircraft_delay
SGU,2,48,6.083333333333333,3.9166666666666665,64,28.8125,25.9375,32,202.0,199.25,carrier_delay,nas_delay,late_aircraft_delay
SGU,3,52,6.461538461538462,5.230769230769231,28,28.142857142857142,18.285714285714285,20,160.2,165.2,carrier_delay,nas_delay,weather_delay
SGU,4,108,5.925925925925926,1.7037037037037037,56,31.285714285714285,32.42857142857143,36,325.8888888888889,324.8888888888889,carrier_delay,nas_delay,weather_delay
SGU,5,88,4.7727272727272725,-1.5909090909090908,44,31.363636363636363,24.636363636363637,40,177.5,175.7,carrier_delay,nas_delay,weather_delay
SGU,6,76,7.157894736842105,4.684210526315789,52,39.38461538461539,32.15384615384615,52,166.0,158.6153846153846,carrier_delay,nas_delay,weather_delay
SGU,7,72,7.333333333333333,2.3333333333333335,88,37.5,31.863636363636363,56,147.35714285714286,137.57142857142858,carrier_delay,nas_delay,weather_delay
SGU,8,88,8.409090909090908,6.7272727272727275,68,36.411764705882355,31.470588235294116,68,364.94117647058823,362.0,carrier_delay,nas_delay,weather_delay
SGU,9,100,5.44,2.56,24,23.0,25.333333333333332,20,151.4,141.4,carrier_delay,nas_delay,late_aircraft_delay
SGU,10,72,5.388888888888889,1.8888888888888888,104,29.53846153846154,26.307692307692307,52,145.15384615384616,140.46153846153845,carrier_delay,nas_delay,weather_delay
SGU,11,68,6.117647058823529,-0.23529411764705882,68,34.88235294117647,28.0625,96,156.91666666666666,150.25,carrier_delay,nas_delay,late_aircraft_delay
SGU,12,92,6.130434782608695,-0.7391304347826086,64,36.375,26.666666666666668,64,212.3125,207.875,carrier_delay,nas_delay,weather_delay
SHR,1,20,8.4,3.6,12,20.0,5.0,24,178.66666666666666,168.0,canc_B,carrier_delay,nas_delay
SHR,2,12,7.0,-9.0,8,35.5,67.0,8,108.5,118.0,carrier_delay,nas_delay,canc_B
SHR,3,20,3.2,3.8,4,23.0,3.0,4,112.0,138.0,nas_delay,canc_B,late_aircraft_delay
SHR,4,4,7.0,-2.0,0,"","",4,403.0,412.0,carrier_delay,nas_delay,Nessuna
SHR,5,12,8.0,6.666666666666667,16,32.5,25.25,8,220.0,220.5,carrier_delay,late_aircraft_delay,nas_delay
SHR,6,12,5.666666666666667,12.333333333333334,12,41.0,38.333333333333336,12,214.66666666666666,211.33333333333334,carrier_delay,nas_delay,late_aircraft_delay
SHR,7,8,2.5,4.5,16,45.0,44.5,20,138.4,137.6,carrier_delay,nas_delay,late_aircraft_delay
SHR,8,12,9.0,9.666666666666666,8,39.5,39.0,12,247.0,261.0,nas_delay,carrier_delay,late_aircraft_delay
SHR,9,20,6.4,-0.4,8,28.0,25.0,12,259.0,258.0,carrier_delay,nas_delay,Nessuna
SHR,10,12,4.333333333333333,18.666666666666668,8,34.0,35.5,12,260.6666666666667,254.0,carrier_delay,late_aircraft_delay,nas_delay
SHR,11,4,4.0,4.0,8,47.0,53.0,8,140.5,134.0,carrier_delay,canc_B,nas_delay
SHR,12,8,11.0,13.0,8,18.0,5.5,4,261.0,271.0,carrier_delay,nas_delay,late_aircraft_delay
SHV,1,204,7.411764705882353,4.078431372549019,104,33.80769230769231,30.884615384615383,104,276.15384615384613,280.1923076923077,nas_delay,late_aircraft_delay,canc_B
SHV,2,116,6.931034482758621,4.137931034482759,84,30.38095238095238,28.19047619047619,40,124.5,118.1,nas_delay,late_aircraft_delay,carrier_delay
SHV,3,152,6.368421052631579,-0.05263157894736842,128,29.09375,23.59375,72,139.16666666666666,141.61111111111111,late_aircraft_delay,nas_delay,weather_delay
SHV,4,216,5.314814814814815,1.037037037037037,116,27.75862068965517,21.551724137931036,100,258.32,261.6,late_aircraft_delay,nas_delay,weather_delay
SHV,5,244,5.672131147540983,0.09836065573770492,196,31.163265306122447,29.918367346938776,176,170.0909090909091,170.3181818181818,late_aircraft_delay,weather_delay,carrier_delay
SHV,6,172,6.5813953488372094,-0.13953488372093023,208,36.42307692307692,34.17307692307692,140,149.02857142857144,145.82857142857142,late_aircraft_delay,carrier_delay,nas_delay
SHV,7,256,5.828125,1.78125,284,33.70422535211268,33.36619718309859,208,198.25,191.05769230769232,late_aircraft_delay,carrier_delay,nas_delay
SHV,8,180,6.022222222222222,4.777777777777778,136,35.0,29.38235294117647,100,154.72,152.8,late_aircraft_delay,carrier_delay,nas_delay
SHV,9,156,5.9743589743589745,-0.8205128205128205,124,32.483870967741936,29.870967741935484,96,151.91666666666666,146.08333333333334,late_aircraft_delay,carrier_delay,nas_delay
SHV,10,156,6.17948717948718,0.9487179487179487,156,31.692307692307693,21.82051282051282,32,125.875,120.375,carrier_delay,late_aircraft_delay,nas_delay
SHV,11,176,6.113636363636363,0.7954545454545454,100,27.16,21.48,48,189.41666666666666,191.33333333333334,nas_delay,carrier_delay,late_aircraft_delay
SHV,12,348,6.931034482758621,3.586206896551724,220,31.363636363636363,27.09090909090909,156,190.71794871794873,188.4102564102564,carrier_delay,nas_delay,late_aircraft_delay
SIT,1,32,2.625,-0.25,60,27.666666666666668,31.8,16,189.0,197.0,late_aircraft_delay,nas_delay,carrier_delay
SIT,2,8,7.0,-1.0,24,34.333333333333336,31.5,16,147.0,137.66666666666666,nas_delay,late_aircraft_delay,carrier_delay
SIT,3,28,7.142857142857143,9.428571428571429,32,33.125,35.375,4,71.0,77.0,nas_delay,late_aircraft_delay,weather_delay
SIT,4,40,5.8,2.0,24,33.833333333333336,40.833333333333336,8,106.5,108.5,nas_delay,carrier_delay,late_aircraft_delay
SIT,5,56,8.5,5.285714285714286,48,26.25,21.416666666666668,12,203.0,177.0,nas_delay,late_aircraft_delay,carrier_delay
SIT,6,64,6.4375,8.9375,52,34.15384615384615,36.23076923076923,44,207.27272727272728,201.63636363636363,nas_delay,carrier_delay,late_aircraft_delay
SIT,7,80,7.0,5.95,72,36.111111111111114,32.77777777777778,32,272.5,272.875,late_aircraft_delay,nas_delay,carrier_delay
SIT,8,88,6.681818181818182,7.909090909090909,80,32.7,29.65,56,192.85714285714286,186.14285714285714,late_aircraft_delay,nas_delay,carrier_delay
SIT,9,60,5.733333333333333,3.142857142857143,48,30.25,32.083333333333336,12,119.33333333333333,113.33333333333333,late_aircraft_delay,nas_delay,carrier_delay
SIT,10,28,5.142857142857143,3.7142857142857144,32,40.25,40.125,12,111.33333333333333,108.66666666666667,late_aircraft_delay,weather_delay,nas_delay
SIT,11,40,5.6,12.0,36,34.0,35.25,4,113.0,109.0,late_aircraft_delay,nas_delay,carrier_delay
SIT,12,52,6.923076923076923,10.692307692307692,20,42.2,49.5,16,126.0,117.75,nas_delay,late_aircraft_delay,weather_delay
SJC,1,2240,6.121428571428571,-0.49464285714285716,1780,30.73932584269663,24.263513513513512,620,121.85806451612903,114.30967741935484,late_aircraft_delay,carrier_delay,nas_delay
SJC,2,2540,5.529133858267716,-2.1181102362204722,1428,30.893557422969188,23.415730337078653,496,127.04032258064517,120.41129032258064,late_aircraft_delay,carrier_delay,nas_delay
SJC,3,2784,5.793103448275862,0.3793103448275862,1616,30.678217821782177,23.99255583126551,672,119.48214285714286,115.96428571428571,late_aircraft_delay,carrier_delay,nas_delay
SJC,4,2760,5.671014492753623,0.16521739130434782,1556,30.051413881748072,23.876606683804628,552,131.41304347826087,126.17647058823529,late_aircraft_delay,carrier_delay,nas_delay
SJC,5,2952,5.596205962059621,0.5551020408163265,2004,30.894211576846306,25.51,760,124.87368421052632,118.0952380952381,late_aircraft_delay,carrier_delay,nas_delay
SJC,6,3616,5.788716814159292,0.5692137320044297,2512,29.722929936305732,25.11464968152866,1008,123.38492063492063,111.63346613545816,late_aircraft_delay,carrier_delay,nas_delay
SJC,7,3280,6.040243902439024,2.5556915544675642,2144,30.63992537313433,26.318949343339586,1164,126.52920962199313,122.5085910652921,late_aircraft_delay,carrier_delay,nas_delay
SJC,8,2836,5.792665726375176,0.925035360678925,1956,29.78527607361963,24.813905930470348,676,133.10059171597632,127.31952662721893,late_aircraft_delay,nas_delay,carrier_delay
SJC,9,2496,5.381410256410256,1.3173076923076923,1812,31.12362030905077,27.432671081677704,612,111.75816993464052,106.50657894736842,nas_delay,late_aircraft_delay,carrier_delay
SJC,10,2656,5.629518072289157,-0.5948795180722891,1948,30.86652977412731,24.156378600823047,876,128.24657534246575,124.59633027522936,late_aircraft_delay,nas_delay,carrier_delay
SJC,11,2492,5.985553772070626,-1.4807073954983923,1596,28.842105263157894,19.698492462311556,576,110.36111111111111,101.68531468531468,late_aircraft_delay,carrier_delay,nas_delay
SJC,12,2936,6.028610354223433,-1.3907103825136613,2008,30.657370517928285,24.07815631262525,928,130.79741379310346,125.23376623376623,late_aircraft_delay,carrier_delay,nas_delay
SJT,1,12,6.0,5.666666666666667,72,30.11111111111111,29.944444444444443,28,401.57142857142856,396.7142857142857,weather_delay,late_aircraft_delay,nas_delay
SJT,2,20,6.8,1.4,12,29.0,24.0,20,121.0,119.6,nas_delay,late_aircraft_delay,carrier_delay
SJT,3,12,5.666666666666667,-2.6666666666666665,28,27.0,23.857142857142858,16,89.0,83.0,late_aircraft_delay,nas_delay,carrier_delay
SJT,4,28,8.285714285714286,6.714285714285714,32,33.75,27.5,36,127.33333333333333,127.22222222222223,late_aircraft_delay,carrier_delay,nas_delay
SJT,5,32,4.125,5.75,32,36.75,41.625,56,219.28571428571428,218.14285714285714,carrier_delay,late_aircraft_delay,nas_delay
SJT,6,12,5.0,2.3333333333333335,52,29.23076923076923,34.0,24,149.33333333333334,152.83333333333334,nas_delay,carrier_delay,late_aircraft_delay
SJT,7,32,5.5,15.0,32,35.625,31.625,44,136.1818181818182,133.36363636363637,carrier_delay,nas_delay,late_aircraft_delay
SJT,8,20,7.0,7.6,16,28.5,31.0,24,136.66666666666666,134.0,nas_delay,late_aircraft_delay,carrier_delay
SJT,9,28,5.857142857142857,5.142857142857143,36,29.666666666666668,31.333333333333332,20,219.4,213.2,carrier_delay,nas_delay,late_aircraft_delay
SJT,10,36,5.555555555555555,8.555555555555555,32,31.875,26.875,8,98.5,91.5,nas_delay,carrier_delay,late_aircraft_delay
SJT,11,28,3.142857142857143,2.857142857142857,28,29.714285714285715,39.714285714285715,32,147.625,142.625,nas_delay,carrier_delay,late_aircraft_delay
SJT,12,48,6.75,-3.8333333333333335,36,30.22222222222222,33.888888888888886,24,97.5,81.0,carrier_delay,canc_B,nas_delay
SJU,1,1912,6.48744769874477,3.5849056603773586,2060,31.792233009708738,28.853801169590643,1252,166.63258785942492,163.11074918566774,late_aircraft_delay,carrier_delay,nas_delay
SJU,2,1696,6.125,3.607565011820331,1444,31.98891966759003,28.454293628808863,864,178.14814814814815,175.97652582159625,nas_delay,carrier_delay,late_aircraft_delay
SJU,3,2092,6.3441682600382405,5.665377176015474,2068,31.97678916827853,31.130859375,1320,189.03030303030303,188.70426829268294,nas_delay,carrier_delay,late_aircraft_delay
SJU,4,1748,6.414187643020595,2.4055299539170507,1352,30.87869822485207,26.074404761904763,816,169.97549019607843,166.2929292929293,nas_delay,late_aircraft_delay,carrier_delay
SJU,5,2084,6.243761996161228,2.346228239845261,1836,31.4400871459695,28.75496688741722,1140,204.11929824561403,193.90579710144928,nas_delay,late_aircraft_delay,carrier_delay
SJU,6,2308,6.213171577123051,1.8143607705779334,2368,31.636824324324323,28.230240549828178,1388,176.32276657060518,172.2332361516035,late_aircraft_delay,nas_delay,carrier_delay
SJU,7,2648,6.217522658610272,1.9129770992366413,2484,33.412238325281805,27.75242718446602,1640,166.0390243902439,159.8992628992629,carrier_delay,late_aircraft_delay,nas_delay
SJU,8,1920,6.63125,3.343157894736842,2128,33.12593984962406,25.97537878787879,1652,161.68765133171914,156.9264705882353,late_aircraft_delay,carrier_delay,nas_delay
SJU,9,1392,6.281609195402299,-1.5994236311239194,772,30.04663212435233,21.110526315789475,512,153.78125,144.0708661417323,carrier_delay,late_aircraft_delay,nas_delay
SJU,10,1416,6.220338983050848,-0.125,1040,30.392307692307693,22.234615384615385,448,176.04464285714286,167.25454545454545,carrier_delay,late_aircraft_delay,nas_delay
SJU,11,1888,6.197033898305085,-2.882978723404255,1400,31.554285714285715,23.710601719197708,652,160.2085889570552,151.8136645962733,carrier_delay,late_aircraft_delay,nas_delay
SJU,12,2208,6.77536231884058,3.68488160291439,2368,31.322635135135137,26.883248730964468,1144,157.76923076923077,153.81052631578947,late_aircraft_delay,carrier_delay,nas_delay
SLC,1,6552,6.191086691086691,2.6754439681567668,4992,31.31971153846154,26.332797427652732,2668,165.1544227886057,161.49848484848485,carrier_delay,nas_delay,late_aircraft_delay
SLC,2,5580,5.807168458781362,-0.9655419956927495,3436,28.911525029103608,22.007001166861144,1400,136.7942857142857,129.1391304347826,nas_delay,carrier_delay,late_aircraft_delay
SLC,3,6252,6.0786948176583495,1.3677130044843049,4264,30.809568480300186,27.56484962406015,2068,152.96131528046422,146.197265625,carrier_delay,nas_delay,late_aircraft_delay
SLC,4,5096,6.086342229199372,0.6490952006294256,3696,31.5487012987013,26.039003250270856,1876,133.9125799573561,129.66666666666666,carrier_delay,nas_delay,late_aircraft_delay
SLC,5,5928,6.319838056680162,0.5442866801893171,4568,31.450087565674256,25.76733977172959,2228,134.14183123877916,129.6552346570397,carrier_delay,nas_delay,late_aircraft_delay
SLC,6,6004,6.317788141239174,0.6404269513008672,5280,31.76439393939394,25.43730886850153,2596,157.31278890600925,148.97822706065318,carrier_delay,late_aircraft_delay,nas_delay
SLC,7,6112,6.095549738219895,1.3022950819672132,5388,31.2724573125464,26.259314456035767,3624,154.6401766004415,148.29542920847268,carrier_delay,late_aircraft_delay,nas_delay
SLC,8,6004,6.042638241172551,1.4725935828877006,4932,31.61557177615572,27.27591836734694,2684,154.01192250372577,146.68024132730014,carrier_delay,nas_delay,late_aircraft_delay
SLC,9,4848,6.063531353135313,1.012396694214876,3280,30.673170731707316,24.85836385836386,1480,140.25675675675674,134.9349593495935,carrier_delay,nas_delay,late_aircraft_delay
SLC,10,4680,5.808547008547008,0.035897435897435895,2892,31.145228215767634,25.02354570637119,1160,148.13793103448276,143.01041666666666,carrier_delay,nas_delay,late_aircraft_delay
SLC,11,4540,6.051101321585903,0.01412180052956752,2624,30.411585365853657,24.9984756097561,1328,151.54819277108433,144.5474006116208,carrier_delay,nas_delay,late_aircraft_delay
SLC,12,5760,6.053472222222222,-1.7552155771905424,4376,31.457038391224863,22.783882783882785,2140,150.84672897196262,142.41587901701322,carrier_delay,nas_delay,late_aircraft_delay
SLN,1,16,9.0,0.5,24,31.5,26.166666666666668,24,145.33333333333334,144.33333333333334,late_aircraft_delay,canc_B,nas_delay
SLN,2,8,6.0,-12.0,16,27.75,25.5,8,64.5,56.0,carrier_delay,late_aircraft_delay,nas_delay
SLN,3,16,7.25,10.0,12,32.0,34.666666666666664,20,139.8,136.8,nas_delay,late_aircraft_delay,carrier_delay
SLN,4,12,2.0,-2.3333333333333335,16,48.5,36.25,28,181.28571428571428,176.85714285714286,carrier_delay,late_aircraft_delay,nas_delay
SLN,5,16,9.0,28.25,20,26.6,21.6,64,243.625,240.6875,nas_delay,carrier_delay,late_aircraft_delay
SLN,6,12,5.0,-9.666666666666666,16,41.0,38.5,16,121.5,132.5,nas_delay,weather_delay,late_aircraft_delay
SLN,7,8,9.0,21.5,16,29.25,65.75,24,152.66666666666666,146.83333333333334,nas_delay,late_aircraft_delay,weather_delay
SLN,8,12,2.3333333333333335,-0.3333333333333333,28,38.57142857142857,43.333333333333336,24,172.0,164.83333333333334,late_aircraft_delay,nas_delay,carrier_delay
SLN,9,4,7.0,8.0,12,31.666666666666668,25.0,28,254.85714285714286,244.28571428571428,late_aircraft_delay,carrier_delay,weather_delay
SLN,10,4,6.0,-3.0,4,16.0,11.0,8,100.5,92.0,carrier_delay,nas_delay,Nessuna
SLN,11,16,10.5,7.0,24,24.666666666666668,23.0,16,192.0,197.5,carrier_delay,nas_delay,late_aircraft_delay
SLN,12,20,5.0,-0.6,16,42.0,40.0,12,113.0,116.0,carrier_delay,nas_delay,late_aircraft_delay
SMF,1,2832,5.915254237288136,-0.5042492917847026,1900,30.385263157894737,23.141350210970465,812,128.6551724137931,122.23152709359606,late_aircraft_delay,carrier_delay,nas_delay
SMF,2,2488,5.565916398713826,-0.6940418679549114,1484,29.39622641509434,23.943089430894307,572,146.2237762237762,142.86713286713288,late_aircraft_delay,carrier_delay,nas_delay
SMF,3,3128,5.745524296675192,0.6568501920614597,1892,30.27061310782241,26.19661733615222,812,148.63546798029557,145.95544554455446,late_aircraft_delay,carrier_delay,nas_delay
SMF,4,3296,6.25,0.708029197080292,2152,31.544609665427508,25.592178770949722,860,118.54418604651163,113.86976744186046,late_aircraft_delay,carrier_delay,nas_delay
SMF,5,3808,5.961134453781512,0.7605042016806722,2604,30.662058371735792,24.40923076923077,1092,140.75824175824175,136.17948717948718,late_aircraft_delay,carrier_delay,nas_delay
SMF,6,4372,6.139981701738335,0.8431192660550458,3068,30.465449804432854,24.201834862385322,1156,136.1833910034602,131.36933797909407,late_aircraft_delay,carrier_delay,nas_delay
SMF,7,3908,6.024564994882293,1.7772073921971252,2988,31.662650602409638,28.17828418230563,1408,162.7840909090909,161.80397727272728,late_aircraft_delay,carrier_delay,nas_delay
SMF,8,3488,5.977064220183486,0.928817451205511,2320,30.822413793103447,25.500863557858377,1108,130.7942238267148,125.24817518248175,late_aircraft_delay,carrier_delay,nas_delay
SMF,9,3396,5.876325088339223,0.5058962264150944,1992,29.289156626506024,24.330645161290324,768,140.6875,133.11052631578949,late_aircraft_delay,nas_delay,carrier_delay
SMF,10,3332,5.750300120048019,-0.9229843561973526,2088,31.118773946360154,25.476007677543187,796,136.42713567839195,133.1161616161616,late_aircraft_delay,nas_delay,carrier_delay
SMF,11,3164,6.013906447534766,-1.8900126422250316,2048,30.388671875,22.227005870841488,660,138.9151515151515,137.33128834355827,late_aircraft_delay,carrier_delay,nas_delay
SMF,12,3512,6.2027334851936216,-0.7368421052631579,2732,30.481698389458273,23.16470588235294,1220,155.99344262295082,150.60855263157896,carrier_delay,late_aircraft_delay,nas_delay
SMX,1,0,"","",0,"","",12,209.0,200.0,carrier_delay,late_aircraft_delay,Nessuna
SMX,2,4,1.0,-11.0,0,"","",8,185.0,184.0,late_aircraft_delay,nas_delay,carrier_delay
SMX,3,20,9.4,13.8,4,31.0,45.0,4,159.0,184.0,nas_delay,late_aircraft_delay,weather_delay
SMX,4,8,10.0,7.5,0,"","",0,"","",Nessuna,Nessuna,Nessuna
SMX,5,8,6.0,4.0,0,"","",4,69.0,85.0,nas_delay,late_aircraft_delay,Nessuna
SMX,6,12,2.3333333333333335,-2.6666666666666665,8,28.5,23.5,4,67.0,65.0,late_aircraft_delay,carrier_delay,nas_delay
SMX,7,4,14.0,7.0,4,57.0,68.0,8,150.5,150.0,late_aircraft_delay,carrier_delay,nas_delay
SMX,8,8,2.5,0.0,4,22.0,33.0,8,93.5,88.0,late_aircraft_delay,nas_delay,carrier_delay
SMX,9,0,"","",8,44.5,40.5,16,112.75,112.0,late_aircraft_delay,weather_delay,nas_delay
SMX,10,12,6.333333333333333,-5.0,4,31.0,39.0,12,513.6666666666666,507.3333333333333,late_aircraft_delay,nas_delay,carrier_delay
SMX,11,0,"","",4,16.0,28.0,12,134.33333333333334,126.66666666666667,nas_delay,late_aircraft_delay,carrier_delay
SMX,12,8,10.0,1.0,8,36.5,34.5,0,"","",late_aircraft_delay,carrier_delay,Nessuna
SNA,1,2348,5.9301533219761495,-0.07179487179487179,1768,32.3552036199095,26.493212669683256,776,169.09278350515464,158.5,late_aircraft_delay,nas_delay,carrier_delay
SNA,2,2452,6.048939641109299,-2.619281045751634,1748,30.471395881006863,21.86467889908257,768,147.77083333333334,142.90104166666666,nas_delay,late_aircraft_delay,carrier_delay
SNA,3,2712,6.067846607669616,-0.29542097488921715,2224,31.31294964028777,27.84086799276673,968,142.4297520661157,139.80082987551867,nas_delay,late_aircraft_delay,carrier_delay
SNA,4,2320,6.048275862068966,-2.2728842832469773,1972,31.582150101419877,25.659877800407333,860,151.5906976744186,146.94418604651162,late_aircraft_delay,nas_delay,carrier_delay
SNA,5,2572,5.888024883359254,-2.6379310344827585,2004,31.58682634730539,24.80722891566265,1056,176.3409090909091,169.3923076923077,late_aircraft_delay,nas_delay,carrier_delay
SNA,6,2412,6.217247097844113,-1.3926788685524127,1980,31.866666666666667,24.56646216768916,960,139.825,132.20083682008368,late_aircraft_delay,nas_delay,carrier_delay
SNA,7,2212,6.117540687160941,-0.41742286751361163,1872,32.07905982905983,25.65010799136069,1104,180.57971014492753,175.61231884057972,late_aircraft_delay,carrier_delay,nas_delay
SNA,8,2164,5.7652495378927915,0.6103896103896104,1584,32.17929292929293,27.03053435114504,816,143.29901960784315,139.0148514851485,late_aircraft_delay,nas_delay,carrier_delay
SNA,9,2264,6.1537102473498235,-0.7393617021276596,1352,30.242603550295858,23.7603550295858,620,158.24516129032259,152.15032679738562,late_aircraft_delay,nas_delay,carrier_delay
SNA,10,2288,5.554195804195804,-1.3444055944055944,1496,31.315508021390375,24.02139037433155,600,151.48666666666668,146.22666666666666,late_aircraft_delay,carrier_delay,nas_delay
SNA,11,2160,5.640740740740741,-2.816326530612245,1416,29.403954802259886,21.97167138810198,584,191.77397260273972,187.2,late_aircraft_delay,nas_delay,carrier_delay
SNA,12,2260,5.55929203539823,-0.7890070921985816,1692,30.940898345153663,23.63356973995272,1140,177.9438596491228,173.65964912280702,late_aircraft_delay,nas_delay,carrier_delay
SPI,1,12,7.666666666666667,0.6666666666666666,20,36.4,36.8,8,97.0,106.5,nas_delay,late_aircraft_delay,weather_delay
SPI,2,16,5.5,-4.0,12,23.333333333333332,19.666666666666668,4,71.0,56.0,carrier_delay,nas_delay,late_aircraft_delay
SPI,3,16,6.25,20.75,24,33.5,35.833333333333336,4,321.0,314.0,nas_delay,carrier_delay,late_aircraft_delay
SPI,4,8,6.0,-3.0,4,26.0,7.0,8,208.5,200.0,carrier_delay,late_aircraft_delay,Nessuna
SPI,5,8,4.0,4.5,8,22.5,8.5,4,145.0,121.0,nas_delay,carrier_delay,Nessuna
SPI,6,4,1.0,-10.0,4,56.0,38.0,8,153.5,162.0,carrier_delay,nas_delay,late_aircraft_delay
SPI,7,20,6.4,-3.8,0,"","",0,"","",canc_A,Nessuna,Nessuna
SPI,8,0,"","",4,35.0,142.0,0,"","",nas_delay,late_aircraft_delay,Nessuna
SPI,10,12,3.3333333333333335,-0.3333333333333333,8,42.0,35.5,4,109.0,215.0,late_aircraft_delay,nas_delay,canc_B
SPI,11,12,4.666666666666667,3.0,8,40.5,29.5,0,"","",weather_delay,carrier_delay,late_aircraft_delay
SPI,12,16,2.75,1.75,16,27.5,8.25,8,70.5,75.5,carrier_delay,late_aircraft_delay,nas_delay
SPN,1,4,5.0,-3.0,4,29.0,28.0,0,"","",carrier_delay,Nessuna,Nessuna
SPN,2,16,7.0,5.0,0,"","",0,"","",Nessuna,Nessuna,Nessuna
SPN,3,4,7.0,1.0,4,29.0,21.0,4,125.0,118.0,carrier_delay,Nessuna,Nessuna
SPN,4,12,8.666666666666666,4.666666666666667,0,"","",0,"","",Nessuna,Nessuna,Nessuna
SPN,5,20,5.6,2.6,0,"","",0,"","",Nessuna,Nessuna,Nessuna
SPN,6,36,5.444444444444445,4.777777777777778,24,30.833333333333332,33.5,0,"","",carrier_delay,late_aircraft_delay,nas_delay
SPN,7,52,7.076923076923077,4.846153846153846,16,33.25,30.75,0,"","",carrier_delay,nas_delay,weather_delay
SPN,8,28,7.285714285714286,6.428571428571429,12,37.666666666666664,35.333333333333336,8,89.5,97.0,late_aircraft_delay,carrier_delay,nas_delay
SPN,9,12,4.333333333333333,4.666666666666667,0,"","",4,980.0,984.0,nas_delay,canc_C,weather_delay
SPN,10,4,5.0,23.0,4,23.0,16.0,4,262.0,277.0,nas_delay,carrier_delay,Nessuna
SPN,11,16,5.5,2.75,4,33.0,25.0,4,99.0,94.0,late_aircraft_delay,carrier_delay,canc_C
SPN,12,16,4.75,1.25,4,15.0,14.0,0,"","",Nessuna,Nessuna,Nessuna
SPS,1,8,7.0,23.5,24,32.666666666666664,31.166666666666668,44,155.8181818181818,152.36363636363637,carrier_delay,weather_delay,nas_delay
SPS,2,8,8.0,13.0,12,25.666666666666668,32.333333333333336,8,166.5,160.5,carrier_delay,nas_delay,weather_delay
SPS,3,16,7.0,0.75,20,33.8,31.8,12,224.66666666666666,208.33333333333334,carrier_delay,weather_delay,nas_delay
SPS,4,12,7.333333333333333,9.333333333333334,16,29.5,23.0,20,205.4,204.8,carrier_delay,nas_delay,weather_delay
SPS,5,20,9.4,4.2,12,44.333333333333336,34.666666666666664,24,194.16666666666666,188.83333333333334,carrier_delay,canc_B,weather_delay
SPS,6,12,2.6666666666666665,13.333333333333334,12,32.333333333333336,25.333333333333332,16,190.75,187.25,weather_delay,nas_delay,carrier_delay
SPS,7,16,5.0,2.25,12,38.666666666666664,41.666666666666664,32,162.875,162.0,weather_delay,carrier_delay,nas_delay
SPS,8,16,7.0,-7.25,8,29.5,28.5,4,431.0,418.0,carrier_delay,nas_delay,weather_delay
SPS,9,16,6.5,4.5,12,33.666666666666664,33.333333333333336,8,181.5,178.5,carrier_delay,weather_delay,nas_delay
SPS,10,12,6.333333333333333,-4.666666666666667,8,31.5,24.5,36,206.0,200.22222222222223,carrier_delay,late_aircraft_delay,nas_delay
SPS,11,56,5.357142857142857,-2.7857142857142856,20,36.6,26.8,16,167.25,157.75,carrier_delay,weather_delay,canc_B
SPS,12,48,4.416666666666667,-2.25,28,31.0,34.0,12,122.66666666666667,121.66666666666667,carrier_delay,nas_delay,late_aircraft_delay
SRQ,1,856,5.565420560747664,-2.8028169014084505,836,30.6555023923445,22.173076923076923,644,173.0310559006211,166.03125,late_aircraft_delay,carrier_delay,nas_delay
SRQ,2,804,5.970149253731344,2.283582089552239,548,32.09489051094891,24.759124087591243,284,172.40845070422534,170.0,late_aircraft_delay,nas_delay,carrier_delay
SRQ,3,1072,6.4888059701492535,1.007462686567164,960,31.666666666666668,24.794979079497907,624,173.09615384615384,170.49358974358975,late_aircraft_delay,nas_delay,carrier_delay
SRQ,4,952,5.869747899159663,0.7932489451476793,584,30.205479452054796,26.75862068965517,440,167.20909090909092,160.8272727272727,late_aircraft_delay,carrier_delay,nas_delay
SRQ,5,836,6.23444976076555,4.350961538461538,704,29.613636363636363,31.04,532,166.2406015037594,166.71969696969697,late_aircraft_delay,nas_delay,carrier_delay
SRQ,6,716,6.346368715083799,3.3016759776536313,540,30.155555555555555,24.65671641791045,372,204.06451612903226,199.95652173913044,late_aircraft_delay,carrier_delay,nas_delay
SRQ,7,652,6.846625766871166,4.512345679012346,712,33.48314606741573,30.954802259887007,500,181.824,185.74590163934425,late_aircraft_delay,nas_delay,carrier_delay
SRQ,8,476,5.974789915966387,1.0924369747899159,476,33.50420168067227,31.126050420168067,292,155.9041095890411,153.08219178082192,late_aircraft_delay,nas_delay,carrier_delay
SRQ,9,248,5.82258064516129,2.870967741935484,236,33.644067796610166,26.16949152542373,140,154.22857142857143,144.82857142857142,late_aircraft_delay,canc_B,nas_delay
SRQ,10,276,5.956521739130435,3.2028985507246377,220,31.836363636363636,29.327272727272728,152,185.42105263157896,179.39473684210526,canc_B,late_aircraft_delay,carrier_delay
SRQ,11,460,5.895652173913043,2.5043478260869567,404,33.13861386138614,30.693069306930692,220,151.8909090909091,150.6909090909091,nas_delay,carrier_delay,late_aircraft_delay
SRQ,12,792,6.55050505050505,2.66497461928934,840,30.85238095238095,27.736842105263158,552,216.44202898550725,213.16058394160584,late_aircraft_delay,nas_delay,carrier_delay
STC,1,16,8.75,-8.5,12,34.0,39.333333333333336,8,576.0,541.0,nas_delay,late_aircraft_delay,carrier_delay
STC,2,4,12.0,12.0,8,18.0,-0.5,12,96.66666666666667,81.33333333333333,late_aircraft_delay,nas_delay,carrier_delay
STC,3,12,6.0,2.6666666666666665,8,16.5,16.0,4,183.0,174.0,nas_delay,weather_delay,Nessuna
STC,4,8,6.5,-3.5,0,"","",0,"","",Nessuna,Nessuna,Nessuna
STC,5,0,"","",0,"","",0,"","",nas_delay,Nessuna,Nessuna
STC,6,4,1.0,3.0,0,"","",0,"","",Nessuna,Nessuna,Nessuna
STC,7,8,2.0,-17.5,0,"","",0,"","",canc_A,Nessuna,Nessuna
STC,8,0,"","",4,33.0,13.0,0,"","",Nessuna,Nessuna,Nessuna
STC,10,16,3.5,-9.75,8,36.5,21.5,0,"","",carrier_delay,Nessuna,Nessuna
STC,11,16,4.75,-7.75,8,23.0,15.0,0,"","",carrier_delay,nas_delay,Nessuna
STC,12,24,8.833333333333334,-20.833333333333332,20,24.0,6.4,8,189.0,190.0,carrier_delay,nas_delay,canc_B
STL,1,4072,6.332023575638507,2.108267716535433,3340,30.517365269461077,28.41656662665066,1392,149.20977011494253,152.3150289017341,late_aircraft_delay,carrier_delay,nas_delay
STL,2,3376,5.796208530805687,0.5504151838671412,2028,29.13412228796844,25.654150197628457,724,147.05524861878453,143.13259668508286,nas_delay,late_aircraft_delay,carrier_delay
STL,3,4344,5.975138121546961,-0.37119113573407203,3520,30.451136363636362,24.78953356086462,1304,147.58895705521473,145.5521472392638,late_aircraft_delay,carrier_delay,nas_delay
STL,4,4580,6.075982532751092,-0.3228346456692913,2940,29.92108843537415,24.714870395634378,1376,137.90697674418604,134.5860058309038,late_aircraft_delay,carrier_delay,nas_delay
STL,5,5392,6.269287833827893,2.261549925484352,4292,30.715750232991613,27.631185807656397,2244,147.80570409982175,147.04472271914133,late_aircraft_delay,carrier_delay,nas_delay
STL,6,5532,6.4266088214027475,1.0515613652868554,4288,30.14832089552239,25.416353383458645,1688,132.18483412322274,128.78095238095239,late_aircraft_delay,carrier_delay,nas_delay
STL,7,5444,6.514327700220426,1.5176991150442478,5352,30.50373692077728,27.09445277361319,2576,149.7173913043478,146.11737089201878,late_aircraft_delay,carrier_delay,nas_delay
STL,8,4660,6.04206008583691,0.25301204819277107,3168,29.930555555555557,24.50700636942675,1404,145.46438746438747,141.6,late_aircraft_delay,carrier_delay,nas_delay
STL,9,4140,6.06280193236715,0.05990338164251208,2284,29.215411558669,22.99298245614035,628,137.44585987261146,131.06369426751593,late_aircraft_delay,carrier_delay,nas_delay
STL,10,4252,5.7920978363123234,-2.2080979284369113,2304,29.571180555555557,22.04513888888889,708,135.93785310734464,127.71022727272727,carrier_delay,late_aircraft_delay,nas_delay
STL,11,3836,5.776850886339937,-1.38517745302714,2212,29.867992766726942,24.793478260869566,712,149.73033707865167,145.9943820224719,late_aircraft_delay,nas_delay,carrier_delay
STL,12,4856,6.166392092257001,-1.7632013201320131,3540,30.100564971751414,20.847112117780295,1276,140.44200626959247,135.68965517241378,late_aircraft_delay,carrier_delay,nas_delay
STS,1,104,6.3076923076923075,5.346153846153846,120,27.8,21.466666666666665,80,127.35,119.65,late_aircraft_delay,nas_delay,weather_delay
STS,2,136,6.264705882352941,7.264705882352941,64,29.1875,28.4375,88,119.13636363636364,120.13636363636364,late_aircraft_delay,nas_delay,carrier_delay
STS,3,168,6.642857142857143,5.714285714285714,120,31.3,36.5,36,90.44444444444444,95.11111111111111,carrier_delay,nas_delay,late_aircraft_delay
STS,4,168,6.357142857142857,11.047619047619047,108,30.074074074074073,33.851851851851855,44,121.0,124.18181818181819,nas_delay,late_aircraft_delay,carrier_delay
STS,5,148,6.027027027027027,9.27027027027027,104,25.615384615384617,24.692307692307693,56,252.42857142857142,264.07142857142856,nas_delay,carrier_delay,late_aircraft_delay
STS,6,228,6.7894736842105265,8.178571428571429,180,29.155555555555555,29.244444444444444,92,215.3913043478261,211.45454545454547,nas_delay,late_aircraft_delay,carrier_delay
STS,7,228,5.947368421052632,5.771929824561403,120,28.533333333333335,32.266666666666666,96,135.29166666666666,135.625,nas_delay,late_aircraft_delay,carrier_delay
STS,8,228,6.491228070175438,7.0701754385964914,172,31.953488372093023,33.13953488372093,52,89.6923076923077,94.76923076923077,late_aircraft_delay,nas_delay,carrier_delay
STS,9,208,6.826923076923077,5.826923076923077,144,28.416666666666668,32.611111111111114,84,98.95238095238095,98.57142857142857,nas_delay,late_aircraft_delay,carrier_delay
STS,10,172,6.837209302325581,6.093023255813954,176,32.97727272727273,34.65909090909091,88,167.72727272727272,171.0909090909091,late_aircraft_delay,carrier_delay,nas_delay
STS,11,292,7.424657534246576,4.986301369863014,280,31.714285714285715,28.885714285714286,132,128.57575757575756,128.66666666666666,late_aircraft_delay,carrier_delay,nas_delay
STS,12,236,6.627118644067797,4.406779661016949,236,32.57627118644068,30.983050847457626,140,133.02857142857144,133.74285714285713,late_aircraft_delay,nas_delay,carrier_delay
STT,1,292,6.273972602739726,3.842857142857143,248,33.61290322580645,37.49180327868852,172,183.90697674418604,187.51351351351352,nas_delay,late_aircraft_delay,carrier_delay
STT,2,188,6.76595744680851,8.340425531914894,264,29.939393939393938,29.876923076923077,208,243.05769230769232,220.68085106382978,nas_delay,late_aircraft_delay,carrier_delay
STT,3,388,7.010309278350515,7.010416666666667,292,32.16438356164384,32.14492753623188,220,376.45454545454544,395.59615384615387,nas_delay,late_aircraft_delay,carrier_delay
STT,4,292,7.342465753424658,7.63013698630137,300,31.733333333333334,29.37837837837838,168,163.35714285714286,152.7,nas_delay,late_aircraft_delay,carrier_delay
STT,5,332,6.662650602409639,6.95,336,32.29761904761905,29.26829268292683,208,242.28846153846155,246.9795918367347,nas_delay,late_aircraft_delay,carrier_delay
STT,6,268,6.104477611940299,-0.6615384615384615,384,31.28125,26.914893617021278,196,132.87755102040816,133.0625,late_aircraft_delay,nas_delay,carrier_delay
STT,7,312,6.602564102564102,6.259740259740259,344,31.151162790697676,27.790123456790123,216,227.25925925925927,231.5,late_aircraft_delay,nas_delay,carrier_delay
STT,8,192,5.520833333333333,-3.760869565217391,252,30.841269841269842,33.16129032258065,212,191.1509433962264,184.7450980392157,late_aircraft_delay,nas_delay,carrier_delay
STT,9,80,5.35,-2.3,80,30.2,25.789473684210527,56,220.0,219.64285714285714,late_aircraft_delay,nas_delay,carrier_delay
STT,10,88,6.636363636363637,1.7727272727272727,116,29.93103448275862,19.517241379310345,72,225.88888888888889,217.55555555555554,late_aircraft_delay,carrier_delay,nas_delay
STT,11,164,6.658536585365853,-5.55,112,31.714285714285715,24.214285714285715,92,172.47826086956522,163.5909090909091,late_aircraft_delay,nas_delay,carrier_delay
STT,12,196,5.653061224489796,-3.5510204081632653,280,33.285714285714285,24.242857142857144,88,225.27272727272728,216.63636363636363,late_aircraft_delay,nas_delay,carrier_delay
STX,1,72,7.277777777777778,11.5,104,29.692307692307693,33.34615384615385,44,388.27272727272725,388.8181818181818,nas_delay,late_aircraft_delay,carrier_delay
STX,2,52,8.076923076923077,7.076923076923077,48,31.416666666666668,40.25,40,99.3,103.6,nas_delay,late_aircraft_delay,carrier_delay
STX,3,80,6.2,7.25,64,35.25,32.3125,60,510.53333333333336,516.7333333333333,nas_delay,late_aircraft_delay,carrier_delay
STX,4,40,7.0,10.2,60,32.0,33.13333333333333,36,129.66666666666666,129.66666666666666,nas_delay,late_aircraft_delay,carrier_delay
STX,5,60,8.333333333333334,4.666666666666667,52,29.46153846153846,26.615384615384617,40,127.8,122.9,late_aircraft_delay,nas_delay,carrier_delay
STX,6,80,7.5,4.95,108,35.925925925925924,33.592592592592595,72,293.3888888888889,293.94444444444446,late_aircraft_delay,nas_delay,carrier_delay
STX,7,56,6.714285714285714,3.4285714285714284,88,33.63636363636363,30.545454545454547,36,114.22222222222223,107.55555555555556,late_aircraft_delay,nas_delay,carrier_delay
STX,8,40,9.0,4.7,88,35.63636363636363,32.76190476190476,24,101.33333333333333,95.8,late_aircraft_delay,nas_delay,carrier_delay
STX,9,28,9.142857142857142,-2.0,40,27.9,19.4,4,62.0,68.0,nas_delay,late_aircraft_delay,carrier_delay
STX,10,20,4.8,-4.2,24,28.0,20.0,20,597.6,585.6,late_aircraft_delay,carrier_delay,nas_delay
STX,11,52,6.6923076923076925,2.230769230769231,60,27.466666666666665,18.666666666666668,16,93.0,98.25,late_aircraft_delay,nas_delay,carrier_delay
STX,12,100,8.48,5.2,68,29.0,24.11764705882353,56,281.7857142857143,272.42857142857144,late_aircraft_delay,nas_delay,carrier_delay
SUN,1,48,6.25,6.833333333333333,64,30.0,32.4375,128,266.03125,265.9375,nas_delay,late_aircraft_delay,weather_delay
SUN,2,56,5.5,5.153846153846154,72,34.388888888888886,34.0,68,293.6470588235294,297.52941176470586,carrier_delay,nas_delay,late_aircraft_delay
SUN,3,76,7.105263157894737,9.0,108,34.2962962962963,33.592592592592595,48,218.75,216.0,nas_delay,carrier_delay,late_aircraft_delay
SUN,4,0,"","",8,38.0,24.0,20,174.4,183.8,carrier_delay,weather_delay,nas_delay
SUN,5,20,4.8,-5.6,8,49.5,48.5,12,104.0,101.0,carrier_delay,nas_delay,Nessuna
SUN,6,16,4.0,-2.3333333333333335,20,28.4,35.2,24,151.5,140.0,carrier_delay,late_aircraft_delay,nas_delay
SUN,7,64,6.125,3.9375,44,38.90909090909091,37.18181818181818,48,189.91666666666666,182.5,carrier_delay,nas_delay,late_aircraft_delay
SUN,8,32,5.25,-0.25,64,37.1875,34.5,68,257.8235294117647,253.0,carrier_delay,nas_delay,weather_delay
SUN,9,4,10.0,-3.0,12,49.666666666666664,42.0,20,262.6,270.6,carrier_delay,nas_delay,Nessuna
SUN,10,20,6.0,0.6,12,34.0,25.0,8,102.0,107.0,nas_delay,carrier_delay,late_aircraft_delay
SUN,11,0,"","",0,"","",4,102.0,95.0,carrier_delay,canc_B,Nessuna
SUN,12,52,7.0,5.384615384615385,56,33.5,41.07142857142857,52,160.92307692307693,156.0,carrier_delay,nas_delay,weather_delay
SUX,1,24,7.5,-9.666666666666666,24,29.0,24.166666666666668,32,181.0,166.5,canc_B,late_aircraft_delay,carrier_delay
SUX,2,20,2.8,-12.2,16,32.75,25.25,16,203.5,234.66666666666666,carrier_delay,late_aircraft_delay,nas_delay
SUX,3,20,7.8,4.6,16,41.25,27.25,20,163.2,152.6,carrier_delay,late_aircraft_delay,nas_delay
SUX,4,16,10.5,8.5,4,15.0,-6.0,12,75.0,66.66666666666667,carrier_delay,late_aircraft_delay,nas_delay
SUX,5,20,6.2,8.6,36,27.88888888888889,31.77777777777778,44,270.3636363636364,263.09090909090907,carrier_delay,nas_delay,late_aircraft_delay
SUX,6,36,7.666666666666667,8.222222222222221,24,34.333333333333336,31.833333333333332,20,173.6,188.6,nas_delay,carrier_delay,weather_delay
SUX,7,32,8.375,4.375,28,38.142857142857146,37.57142857142857,40,274.8,264.6,carrier_delay,late_aircraft_delay,nas_delay
SUX,8,24,5.166666666666667,25.5,32,28.75,28.875,24,151.83333333333334,150.5,nas_delay,carrier_delay,late_aircraft_delay
SUX,9,32,7.375,11.0,12,23.333333333333332,20.0,24,235.33333333333334,234.16666666666666,late_aircraft_delay,carrier_delay,nas_delay
SUX,10,20,6.8,8.8,32,26.375,28.5,16,317.5,307.0,carrier_delay,nas_delay,late_aircraft_delay
SUX,11,16,4.25,3.0,8,29.0,57.5,20,172.8,174.4,carrier_delay,late_aircraft_delay,nas_delay
SUX,12,16,2.25,-3.75,12,35.333333333333336,23.666666666666668,12,265.3333333333333,254.0,carrier_delay,canc_B,weather_delay
SWF,1,16,5.25,-5.0,12,43.333333333333336,35.666666666666664,12,465.0,493.0,nas_delay,carrier_delay,late_aircraft_delay
SWF,2,28,5.571428571428571,-22.571428571428573,8,43.0,37.5,12,398.3333333333333,386.3333333333333,late_aircraft_delay,carrier_delay,nas_delay
SWF,3,28,7.285714285714286,-5.0,28,36.142857142857146,29.857142857142858,8,78.5,81.0,nas_delay,late_aircraft_delay,carrier_delay
SWF,4,24,7.0,-8.5,20,21.4,4.2,4,210.0,218.0,nas_delay,late_aircraft_delay,Nessuna
SWF,5,12,6.333333333333333,-0.3333333333333333,24,27.666666666666668,25.666666666666668,8,107.0,110.5,nas_delay,late_aircraft_delay,carrier_delay
SWF,6,24,8.5,-1.8333333333333333,28,28.285714285714285,26.333333333333332,20,131.8,131.0,late_aircraft_delay,nas_delay,carrier_delay
SWF,7,40,6.1,7.8,28,23.0,20.428571428571427,40,163.2,161.4,late_aircraft_delay,nas_delay,carrier_delay
SWF,8,24,8.333333333333334,4.833333333333333,24,21.333333333333332,11.166666666666666,28,285.2857142857143,287.7142857142857,late_aircraft_delay,nas_delay,weather_delay
SWF,9,4,11.0,4.0,4,27.0,-5.0,12,286.3333333333333,277.3333333333333,carrier_delay,nas_delay,late_aircraft_delay
SWF,10,16,10.0,3.0,20,27.0,22.6,8,131.5,127.0,late_aircraft_delay,nas_delay,carrier_delay
SWF,11,12,6.666666666666667,-20.666666666666668,20,25.2,21.8,4,103.0,88.0,late_aircraft_delay,nas_delay,carrier_delay
SWF,12,36,4.333333333333333,-7.777777777777778,8,41.0,38.5,28,113.71428571428571,102.14285714285714,late_aircraft_delay,carrier_delay,nas_delay
SWO,1,4,11.0,0.0,8,26.5,26.5,24,273.5,279.3333333333333,nas_delay,canc_B,weather_delay
SWO,2,12,4.666666666666667,-3.0,8,41.5,49.0,8,141.5,124.0,carrier_delay,weather_delay,nas_delay
SWO,3,16,9.0,2.75,8,27.5,19.0,8,124.5,126.5,carrier_delay,late_aircraft_delay,nas_delay
SWO,4,32,8.125,4.75,20,49.4,57.2,24,155.33333333333334,165.33333333333334,late_aircraft_delay,nas_delay,carrier_delay
SWO,5,4,1.0,1.0,8,48.5,37.0,32,282.5,282.625,canc_B,carrier_delay,weather_delay
SWO,6,8,12.0,10.0,12,27.666666666666668,32.666666666666664,24,152.83333333333334,159.16666666666666,nas_delay,carrier_delay,weather_delay
SWO,7,12,7.333333333333333,6.666666666666667,12,34.333333333333336,30.666666666666668,16,219.75,215.75,carrier_delay,nas_delay,weather_delay
SWO,8,8,5.5,8.5,16,27.25,21.5,8,212.0,211.0,carrier_delay,nas_delay,weather_delay
SWO,9,12,6.666666666666667,8.666666666666666,12,19.666666666666668,20.333333333333332,12,97.0,103.0,nas_delay,carrier_delay,weather_delay
SWO,10,4,3.0,-13.0,24,30.166666666666668,24.5,20,143.6,139.8,carrier_delay,nas_delay,Nessuna
SWO,11,12,7.0,8.666666666666666,32,25.625,24.5,12,217.66666666666666,223.66666666666666,carrier_delay,nas_delay,weather_delay
SWO,12,16,8.75,-4.0,12,46.333333333333336,44.0,12,268.0,260.6666666666667,carrier_delay,canc_B,nas_delay
SYR,1,452,5.743362831858407,1.2946428571428572,424,33.39622641509434,26.160377358490567,268,168.5820895522388,169.01492537313433,nas_delay,late_aircraft_delay,carrier_delay
SYR,2,452,6.106194690265487,-5.079646017699115,388,30.45360824742268,20.61855670103093,228,170.26315789473685,166.05263157894737,nas_delay,late_aircraft_delay,carrier_delay
SYR,3,592,6.0608108108108105,0.668918918918919,472,31.720338983050848,24.423728813559322,340,156.88235294117646,157.43529411764706,nas_delay,late_aircraft_delay,carrier_delay
SYR,4,536,6.485074626865671,0.9776119402985075,360,28.633333333333333,19.255555555555556,200,145.08,143.9,carrier_delay,nas_delay,late_aircraft_delay
SYR,5,668,6.173652694610778,1.7469879518072289,500,31.464,28.664,328,203.70731707317074,203.5609756097561,nas_delay,carrier_delay,late_aircraft_delay
SYR,6,568,6.584507042253521,1.4397163120567376,496,31.580645161290324,26.885245901639344,276,140.33333333333334,137.30882352941177,late_aircraft_delay,nas_delay,carrier_delay
SYR,7,744,6.344086021505376,2.717391304347826,616,30.214285714285715,28.538961038961038,628,155.18471337579618,155.0897435897436,carrier_delay,late_aircraft_delay,nas_delay
SYR,8,708,6.451977401129944,3.465909090909091,576,31.97222222222222,30.76923076923077,328,165.3048780487805,168.23170731707316,nas_delay,carrier_delay,late_aircraft_delay
SYR,9,408,6.372549019607843,4.509803921568627,300,31.253333333333334,25.37837837837838,164,160.0487804878049,155.7560975609756,nas_delay,carrier_delay,late_aircraft_delay
SYR,10,444,6.027027027027027,-0.6666666666666666,308,32.41558441558441,21.61038961038961,140,167.31428571428572,162.4,carrier_delay,nas_delay,late_aircraft_delay
SYR,11,568,6.274647887323944,-2.5774647887323945,380,29.473684210526315,20.926315789473684,152,185.28947368421052,176.8421052631579,carrier_delay,nas_delay,late_aircraft_delay
SYR,12,692,6.323699421965318,1.0982658959537572,588,29.408163265306122,27.45578231292517,352,141.35227272727272,140.09195402298852,nas_delay,carrier_delay,late_aircraft_delay
TLH,1,292,5.534246575342466,3.388888888888889,236,31.203389830508474,28.54237288135593,96,125.625,124.54166666666667,late_aircraft_delay,nas_delay,carrier_delay
TLH,2,276,5.608695652173913,5.434782608695652,144,29.25,26.86111111111111,112,144.0,138.28571428571428,late_aircraft_delay,carrier_delay,nas_delay
TLH,3,276,6.434782608695652,2.5294117647058822,268,31.746268656716417,28.895522388059703,140,124.08571428571429,125.22857142857143,late_aircraft_delay,carrier_delay,nas_delay
TLH,4,252,6.412698412698413,4.984126984126984,172,31.72093023255814,34.74418604651163,80,131.7,126.05,late_aircraft_delay,nas_delay,carrier_delay
TLH,5,296,5.878378378378378,7.391891891891892,264,31.272727272727273,30.772727272727273,244,137.81967213114754,143.13114754098362,late_aircraft_delay,nas_delay,carrier_delay
TLH,6,304,5.973684210526316,1.881578947368421,264,31.454545454545453,27.90909090909091,140,186.34285714285716,185.0857142857143,late_aircraft_delay,carrier_delay,nas_delay
TLH,7,348,6.183908045977011,4.666666666666667,284,36.140845070422536,36.40845070422535,168,213.52380952380952,215.07142857142858,late_aircraft_delay,carrier_delay,nas_delay
TLH,8,236,5.135593220338983,3.1186440677966103,212,33.45283018867924,31.903846153846153,168,117.21428571428571,115.5952380952381,late_aircraft_delay,carrier_delay,nas_delay
TLH,9,220,6.472727272727273,3.2181818181818183,136,31.529411764705884,27.38235294117647,92,161.2608695652174,155.6086956521739,late_aircraft_delay,nas_delay,carrier_delay
TLH,10,176,6.386363636363637,3.25,120,32.1,28.166666666666668,108,105.18518518518519,98.88888888888889,carrier_delay,nas_delay,late_aircraft_delay
TLH,11,220,5.4363636363636365,-0.2727272727272727,128,30.78125,25.451612903225808,28,178.42857142857142,174.85714285714286,nas_delay,carrier_delay,late_aircraft_delay
TLH,12,256,5.34375,2.921875,184,29.91304347826087,31.608695652173914,152,231.6315789473684,231.6315789473684,nas_delay,carrier_delay,late_aircraft_delay
TOL,1,16,5.25,-10.75,32,29.875,32.375,4,120.0,121.0,nas_delay,late_aircraft_delay,carrier_delay
TOL,2,40,7.2,-5.6,40,30.4,21.9,16,128.75,122.5,carrier_delay,late_aircraft_delay,nas_delay
TOL,3,24,5.166666666666667,-3.5,20,34.0,21.2,40,241.1,241.0,nas_delay,late_aircraft_delay,carrier_delay
TOL,4,16,2.75,-13.25,28,41.857142857142854,28.0,16,232.25,247.0,late_aircraft_delay,nas_delay,carrier_delay
TOL,5,20,5.2,4.0,28,29.714285714285715,29.857142857142858,12,163.33333333333334,162.66666666666666,late_aircraft_delay,nas_delay,carrier_delay
TOL,6,8,5.5,7.5,4,24.0,11.0,8,117.0,116.0,nas_delay,late_aircraft_delay,carrier_delay
TOL,7,12,6.333333333333333,4.0,16,25.75,32.0,8,158.5,185.0,nas_delay,carrier_delay,late_aircraft_delay
TOL,8,8,5.5,0.0,8,36.5,36.5,4,170.0,159.0,weather_delay,late_aircraft_delay,nas_delay
TOL,9,12,8.0,0.6666666666666666,4,57.0,42.0,8,111.0,104.0,carrier_delay,canc_B,weather_delay
TOL,10,16,4.75,5.0,4,15.0,6.0,8,139.0,135.5,canc_B,late_aircraft_delay,nas_delay
TOL,11,20,5.6,-4.6,20,29.4,23.0,8,72.0,65.0,carrier_delay,late_aircraft_delay,nas_delay
TOL,12,8,6.5,-1.0,24,33.0,42.166666666666664,24,91.83333333333333,90.83333333333333,late_aircraft_delay,nas_delay,carrier_delay
TPA,1,4972,6.102976669348351,-0.7885391444713479,3752,31.11727078891258,23.84861407249467,1936,145.9111570247934,140.0041841004184,late_aircraft_delay,carrier_delay,nas_delay
TPA,2,4428,5.977416440831075,1.5076923076923077,2624,29.875,23.46177370030581,920,149.39565217391305,145.65502183406113,nas_delay,late_aircraft_delay,carrier_delay
TPA,3,5568,6.412356321839081,4.680575539568346,4888,31.676759410801964,30.141215106732346,3720,150.7709677419355,151.80453563714903,late_aircraft_delay,nas_delay,carrier_delay
TPA,4,5256,5.754185692541857,1.4225781845919145,3112,30.70694087403599,26.27027027027027,1924,161.1954261954262,156.23173277661795,late_aircraft_delay,nas_delay,carrier_delay
TPA,5,5312,5.975150602409639,4.213907785336357,3992,30.988977955911825,30.241206030150753,3156,157.7427122940431,163.228025477707,nas_delay,late_aircraft_delay,carrier_delay
TPA,6,5136,6.151090342679128,1.3831118060985144,4048,31.535573122529645,27.735323383084577,2472,145.13430420711975,140.50325732899023,late_aircraft_delay,carrier_delay,nas_delay
TPA,7,4584,6.2582897033158815,4.8862642169728785,4588,32.75326939843069,31.50831146106737,3440,154.18372093023257,152.27732079905994,late_aircraft_delay,nas_delay,carrier_delay
TPA,8,4112,6.030155642023346,0.38634146341463416,3460,30.98843930635838,28.198146002317497,2360,150.83389830508474,149.42808219178082,late_aircraft_delay,nas_delay,carrier_delay
TPA,9,3388,5.910271546635183,1.3541912632821724,1972,30.13995943204868,25.84081632653061,1152,131.76736111111111,126.54006968641114,nas_delay,late_aircraft_delay,carrier_delay
TPA,10,3220,5.930434782608696,-1.1393034825870647,1980,28.894949494949493,22.153846153846153,956,142.50627615062763,128.89495798319328,canc_B,late_aircraft_delay,carrier_delay
TPA,11,4132,6.0755082284607935,0.3707647628267183,2296,30.982578397212542,25.441330998248688,952,151.34453781512605,146.42796610169492,nas_delay,carrier_delay,late_aircraft_delay
TPA,12,5004,6.243804956035172,-0.9399519615692554,4132,31.213939980638916,25.33009708737864,2148,132.85661080074487,130.91744840525328,late_aircraft_delay,carrier_delay,nas_delay
TRI,1,60,5.333333333333333,-0.6666666666666666,84,34.333333333333336,30.714285714285715,64,153.1875,153.0,nas_delay,late_aircraft_delay,carrier_delay
TRI,2,60,5.6,-3.933333333333333,36,30.22222222222222,15.88888888888889,20,236.8,228.4,carrier_delay,late_aircraft_delay,nas_delay
TRI,3,48,6.083333333333333,-3.1666666666666665,64,33.75,22.1875,24,104.66666666666667,102.16666666666667,late_aircraft_delay,nas_delay,carrier_delay
TRI,4,64,7.125,2.1875,24,27.0,15.166666666666666,24,92.66666666666667,95.66666666666667,nas_delay,late_aircraft_delay,carrier_delay
TRI,5,100,6.32,0.9583333333333334,72,33.388888888888886,31.0,64,123.6875,121.25,carrier_delay,nas_delay,late_aircraft_delay
TRI,6,80,6.4,-1.1,44,44.90909090909091,38.27272727272727,64,167.875,158.5,late_aircraft_delay,carrier_delay,nas_delay
TRI,7,88,7.409090909090909,1.2272727272727273,64,35.3125,30.8125,84,136.23809523809524,139.71428571428572,late_aircraft_delay,nas_delay,carrier_delay
TRI,8,56,7.071428571428571,5.571428571428571,44,35.18181818181818,29.0,24,244.16666666666666,232.33333333333334,late_aircraft_delay,nas_delay,carrier_delay
TRI,9,52,4.6923076923076925,-5.615384615384615,64,30.0,26.3125,28,126.14285714285714,122.14285714285714,nas_delay,carrier_delay,late_aircraft_delay
TRI,10,116,5.517241379310345,-1.9655172413793103,76,29.36842105263158,16.57894736842105,32,172.375,165.75,nas_delay,carrier_delay,late_aircraft_delay
TRI,11,96,6.333333333333333,-4.416666666666667,68,32.294117647058826,30.705882352941178,24,614.8333333333334,611.1666666666666,carrier_delay,late_aircraft_delay,nas_delay
TRI,12,128,6.34375,-1.40625,96,31.208333333333332,23.583333333333332,76,196.68421052631578,193.10526315789474,carrier_delay,late_aircraft_delay,nas_delay
TTN,1,84,6.904761904761905,3.761904761904762,132,37.03030303030303,37.96969696969697,60,147.53333333333333,146.64285714285714,nas_delay,late_aircraft_delay,canc_B
TTN,2,116,6.172413793103448,0.4482758620689655,132,34.515151515151516,23.363636363636363,60,122.86666666666666,120.4,nas_delay,late_aircraft_delay,carrier_delay
TTN,3,116,7.724137931034483,-6.241379310344827,188,32.91489361702128,16.25531914893617,184,154.04347826086956,150.2608695652174,late_aircraft_delay,nas_delay,carrier_delay
TTN,4,108,6.555555555555555,-6.222222222222222,116,32.10344827586207,19.448275862068964,104,151.8846153846154,148.32,late_aircraft_delay,nas_delay,carrier_delay
TTN,5,48,6.5,-7.583333333333333,104,32.03846153846154,19.923076923076923,120,120.7,114.36666666666666,late_aircraft_delay,nas_delay,carrier_delay
TTN,6,44,7.363636363636363,2.272727272727273,60,33.6,25.0,60,120.66666666666667,118.26666666666667,late_aircraft_delay,nas_delay,canc_A
TTN,7,56,7.714285714285714,-2.2142857142857144,88,37.40909090909091,41.13636363636363,64,114.1875,104.6875,late_aircraft_delay,nas_delay,carrier_delay
TTN,8,64,5.75,-3.375,60,35.4,22.6,80,160.4,149.05,late_aircraft_delay,nas_delay,carrier_delay
TTN,9,16,7.0,0.5,20,34.0,33.0,4,88.0,84.0,late_aircraft_delay,canc_B,nas_delay
TTN,10,32,6.0,-0.375,20,33.4,26.8,16,183.25,166.75,late_aircraft_delay,canc_B,carrier_delay
TTN,11,40,5.8,-9.2,8,22.5,-7.0,16,142.5,123.25,late_aircraft_delay,carrier_delay,nas_delay
TTN,12,36,6.666666666666667,-2.4444444444444446,40,35.7,27.4,52,97.3076923076923,96.84615384615384,late_aircraft_delay,carrier_delay,nas_delay
TUL,1,696,5.563218390804598,4.878612716763006,476,31.218487394957982,33.03361344537815,344,177.69767441860466,178.8953488372093,nas_delay,late_aircraft_delay,carrier_delay
TUL,2,388,5.917525773195877,0.9587628865979382,288,31.583333333333332,25.84722222222222,152,125.26315789473684,118.89473684210526,nas_delay,carrier_delay,late_aircraft_delay
TUL,3,636,6.031446540880503,-0.012658227848101266,476,31.563025210084035,26.04201680672269,284,186.3943661971831,183.25352112676057,late_aircraft_delay,nas_delay,carrier_delay
TUL,4,632,5.651898734177215,2.550632911392405,516,29.46511627906977,25.573643410852714,288,162.59722222222223,163.34722222222223,nas_delay,late_aircraft_delay,carrier_delay
TUL,5,1076,5.866171003717472,3.0597014925373136,740,32.097297297297295,28.89673913043478,496,194.3548387096774,201.7560975609756,nas_delay,late_aircraft_delay,carrier_delay
TUL,6,916,6.039301310043668,0.8427947598253275,748,30.844919786096256,25.620320855614974,488,151.24590163934425,147.08196721311475,carrier_delay,late_aircraft_delay,nas_delay
TUL,7,788,5.8578680203045685,0.8571428571428571,740,32.75135135135135,29.18032786885246,536,148.32089552238807,143.99248120300751,late_aircraft_delay,carrier_delay,nas_delay
TUL,8,584,6.041095890410959,2.4315068493150687,508,33.22834645669291,29.428571428571427,340,153.71764705882353,147.38823529411764,late_aircraft_delay,nas_delay,carrier_delay
TUL,9,524,5.511450381679389,0.061068702290076333,420,33.61904761904762,28.865384615384617,208,204.3653846153846,197.42307692307693,late_aircraft_delay,carrier_delay,nas_delay
TUL,10,512,5.5625,-0.625,304,33.18421052631579,23.973684210526315,160,119.225,109.9,carrier_delay,nas_delay,late_aircraft_delay
TUL,11,560,6.035714285714286,0.5971223021582733,424,30.69811320754717,24.745283018867923,192,121.02083333333333,116.60416666666667,carrier_delay,nas_delay,late_aircraft_delay
TUL,12,756,5.306878306878307,-1.0425531914893618,584,30.815068493150687,26.248275862068965,416,208.1346153846154,207.72549019607843,late_aircraft_delay,nas_delay,carrier_delay
TUS,1,752,6.718085106382978,1.175531914893617,648,31.64814814814815,26.308641975308642,384,168.1875,161.84375,late_aircraft_delay,nas_delay,carrier_delay
TUS,2,916,5.576419213973799,0.13973799126637554,616,30.746753246753247,27.181818181818183,300,167.41333333333333,162.40540540540542,nas_delay,carrier_delay,late_aircraft_delay
TUS,3,1016,6.244094488188976,0.6007905138339921,808,32.87128712871287,29.183168316831683,312,147.07692307692307,144.01282051282053,nas_delay,carrier_delay,late_aircraft_delay
TUS,4,944,6.211864406779661,0.03389830508474576,760,30.53684210526316,25.278947368421054,344,154.87209302325581,155.8470588235294,nas_delay,late_aircraft_delay,carrier_delay
TUS,5,1000,5.64,1.9799196787148594,900,32.31111111111111,28.662222222222223,548,152.16058394160584,152.44117647058823,nas_delay,carrier_delay,late_aircraft_delay
TUS,6,700,6.211428571428572,3.264367816091954,668,31.622754491017965,27.746987951807228,376,150.5744680851064,149.0,late_aircraft_delay,carrier_delay,nas_delay
TUS,7,584,6.034246575342466,4.698630136986301,660,33.412121212121214,33.64848484848485,392,175.1122448979592,173.97938144329896,late_aircraft_delay,nas_delay,carrier_delay
TUS,8,660,6.4363636363636365,4.042424242424242,536,31.208955223880597,30.05223880597015,308,174.7792207792208,173.4935064935065,nas_delay,late_aircraft_delay,carrier_delay
TUS,9,528,5.946969696969697,-0.4696969696969697,424,30.17924528301887,24.90566037735849,240,143.96666666666667,138.68333333333334,nas_delay,late_aircraft_delay,carrier_delay
TUS,10,720,5.883333333333334,2.5944444444444446,484,30.52892561983471,25.115702479338843,256,182.5625,181.03125,nas_delay,carrier_delay,late_aircraft_delay
TUS,11,804,5.800995024875622,-0.16,516,30.891472868217054,25.852713178294575,280,131.18571428571428,128.02857142857144,carrier_delay,nas_delay,late_aircraft_delay
TUS,12,912,6.105263157894737,0.039473684210526314,672,31.88095238095238,26.676646706586826,480,183.14166666666668,182.29166666666666,carrier_delay,late_aircraft_delay,nas_delay
TVC,1,100,8.24,7.08,136,32.470588235294116,27.5,132,242.36363636363637,243.5151515151515,nas_delay,carrier_delay,late_aircraft_delay
TVC,2,152,5.684210526315789,-6.368421052631579,72,32.5,26.22222222222222,64,177.25,168.875,nas_delay,weather_delay,late_aircraft_delay
TVC,3,168,5.880952380952381,-5.119047619047619,60,31.666666666666668,22.8,84,166.47619047619048,155.8095238095238,carrier_delay,nas_delay,late_aircraft_delay
TVC,4,104,6.961538461538462,3.0,96,29.875,21.583333333333332,44,136.9090909090909,128.45454545454547,nas_delay,carrier_delay,late_aircraft_delay
TVC,5,124,6.387096774193548,0.3225806451612903,124,32.354838709677416,33.41935483870968,72,143.33333333333334,141.72222222222223,nas_delay,carrier_delay,late_aircraft_delay
TVC,6,260,6.430769230769231,3.076923076923077,256,31.21875,28.59375,196,196.3673469387755,196.6734693877551,carrier_delay,nas_delay,late_aircraft_delay
TVC,7,416,7.009615384615385,6.461538461538462,348,33.6551724137931,34.348837209302324,224,133.44642857142858,127.85454545454546,carrier_delay,nas_delay,late_aircraft_delay
TVC,8,460,6.260869565217392,4.165217391304348,332,30.44578313253012,31.048192771084338,276,139.79710144927537,138.2753623188406,nas_delay,carrier_delay,late_aircraft_delay
TVC,9,268,6.223880597014926,5.358208955223881,136,32.205882352941174,26.0,64,115.8125,109.1875,nas_delay,carrier_delay,late_aircraft_delay
TVC,10,132,5.7272727272727275,-2.303030303030303,100,28.4,19.0,40,304.2,300.5,carrier_delay,nas_delay,late_aircraft_delay
TVC,11,76,5.526315789473684,2.8421052631578947,64,31.0,25.25,36,124.66666666666667,115.77777777777777,nas_delay,carrier_delay,late_aircraft_delay
TVC,12,188,6.808510638297872,6.553191489361702,208,33.11538461538461,42.98039215686274,128,223.59375,230.3125,nas_delay,carrier_delay,late_aircraft_delay
TWF,1,8,5.5,24.5,8,25.5,16.5,8,135.5,153.5,nas_delay,weather_delay,carrier_delay
TWF,2,4,1.0,2.0,4,25.0,26.0,12,139.0,141.0,carrier_delay,nas_delay,Nessuna
TWF,3,8,7.5,6.5,4,58.0,38.0,4,75.0,64.0,carrier_delay,weather_delay,Nessuna
TWF,4,0,"","",8,27.5,19.5,12,126.33333333333333,116.0,carrier_delay,Nessuna,Nessuna
TWF,5,0,"","",0,"","",20,120.0,110.2,carrier_delay,nas_delay,weather_delay
TWF,6,4,14.0,-2.0,4,58.0,45.0,12,85.0,75.33333333333333,carrier_delay,Nessuna,Nessuna
TWF,7,12,7.333333333333333,-0.3333333333333333,8,32.5,29.0,20,134.0,129.2,carrier_delay,weather_delay,nas_delay
TWF,8,12,5.666666666666667,5.333333333333333,8,22.5,21.0,4,88.0,87.0,carrier_delay,weather_delay,nas_delay
TWF,9,0,"","",12,31.666666666666668,29.333333333333332,0,"","",nas_delay,carrier_delay,Nessuna
TWF,10,0,"","",0,"","",0,"","",carrier_delay,Nessuna,Nessuna
TWF,11,4,13.0,2.0,4,55.0,48.0,0,"","",carrier_delay,Nessuna,Nessuna
TWF,12,4,12.0,2.0,12,29.333333333333332,12.0,4,65.0,50.0,weather_delay,carrier_delay,Nessuna
TXK,1,12,8.0,10.333333333333334,4,23.0,18.0,32,166.375,174.375,carrier_delay,canc_B,nas_delay
TXK,2,40,5.9,3.9,24,28.333333333333332,24.5,4,442.0,427.0,nas_delay,carrier_delay,late_aircraft_delay
TXK,3,32,5.75,5.875,12,34.0,37.0,16,125.75,147.25,nas_delay,late_aircraft_delay,weather_delay
TXK,4,32,4.75,10.75,32,32.125,42.25,28,137.57142857142858,127.33333333333333,nas_delay,late_aircraft_delay,carrier_delay
TXK,5,24,6.0,3.0,20,24.4,47.2,28,174.42857142857142,180.57142857142858,nas_delay,carrier_delay,canc_B
TXK,6,16,8.25,5.75,40,35.3,27.9,32,212.25,207.5,late_aircraft_delay,carrier_delay,nas_delay
TXK,7,32,4.125,9.25,28,30.714285714285715,26.0,28,204.28571428571428,199.57142857142858,carrier_delay,late_aircraft_delay,nas_delay
TXK,8,8,10.0,2.5,28,30.0,30.285714285714285,24,308.8333333333333,303.5,carrier_delay,nas_delay,late_aircraft_delay
TXK,9,12,4.333333333333333,-2.6666666666666665,20,19.6,15.6,16,179.25,169.25,late_aircraft_delay,nas_delay,carrier_delay
TXK,10,20,7.8,2.0,24,37.5,27.833333333333332,12,142.33333333333334,143.33333333333334,carrier_delay,late_aircraft_delay,weather_delay
TXK,11,12,4.333333333333333,-8.666666666666666,32,32.125,26.25,16,204.5,195.75,carrier_delay,nas_delay,canc_B
TXK,12,24,7.5,12.333333333333334,12,42.0,32.333333333333336,32,202.625,195.875,carrier_delay,nas_delay,weather_delay
TYR,1,32,9.0,9.125,24,31.0,30.833333333333332,48,224.5,235.33333333333334,carrier_delay,nas_delay,canc_B
TYR,2,28,4.714285714285714,5.857142857142857,16,44.75,30.25,40,255.2,249.8,carrier_delay,nas_delay,late_aircraft_delay
TYR,3,28,4.857142857142857,2.5714285714285716,16,33.25,27.0,32,172.125,162.5,nas_delay,weather_delay,late_aircraft_delay
TYR,4,48,5.5,6.75,20,34.8,41.2,16,112.75,113.25,nas_delay,weather_delay,canc_B
TYR,5,16,6.5,4.25,28,40.285714285714285,41.142857142857146,68,179.47058823529412,186.11764705882354,carrier_delay,nas_delay,canc_B
TYR,6,16,7.25,2.0,28,31.571428571428573,19.428571428571427,36,176.55555555555554,168.55555555555554,carrier_delay,weather_delay,late_aircraft_delay
TYR,7,76,6.0,9.68421052631579,72,31.11111111111111,23.5,20,127.6,122.4,late_aircraft_delay,carrier_delay,nas_delay
TYR,8,24,6.333333333333333,2.5,20,35.0,31.2,20,304.0,294.4,carrier_delay,late_aircraft_delay,nas_delay
TYR,9,88,6.863636363636363,3.1363636363636362,28,24.142857142857142,16.714285714285715,12,93.66666666666667,109.33333333333333,nas_delay,carrier_delay,late_aircraft_delay
TYR,10,24,6.166666666666667,2.6666666666666665,48,33.416666666666664,23.75,20,183.8,171.4,carrier_delay,late_aircraft_delay,nas_delay
TYR,11,28,7.142857142857143,7.285714285714286,52,34.84615384615385,26.923076923076923,20,156.4,145.4,carrier_delay,late_aircraft_delay,canc_B
TYR,12,44,5.7272727272727275,6.9,60,32.6,33.666666666666664,64,152.8125,143.3125,carrier_delay,nas_delay,weather_delay
TYS,1,428,6.355140186915888,4.130841121495327,460,32.95652173913044,30.930434782608696,448,193.25892857142858,192.85714285714286,nas_delay,late_aircraft_delay,carrier_delay
TYS,2,292,6.8493150684931505,2.5616438356164384,288,32.43055555555556,24.930555555555557,100,121.48,113.32,nas_delay,carrier_delay,late_aircraft_delay
TYS,3,464,6.517241379310345,1.5,452,32.80530973451327,27.946902654867255,292,191.04109589041096,187.6027397260274,late_aircraft_delay,nas_delay,carrier_delay
TYS,4,536,6.358208955223881,2.015267175572519,444,32.531531531531535,31.55855855855856,244,193.01639344262296,188.31666666666666,late_aircraft_delay,nas_delay,carrier_delay
TYS,5,632,6.246835443037975,5.10126582278481,652,33.20245398773006,30.90740740740741,568,167.77464788732394,172.27659574468086,late_aircraft_delay,nas_delay,carrier_delay
TYS,6,672,6.625,3.9523809523809526,656,31.073170731707318,25.12269938650307,380,190.06315789473683,184.43157894736842,carrier_delay,late_aircraft_delay,nas_delay
TYS,7,636,6.333333333333333,2.9748427672955975,720,32.0,28.75,640,161.8125,161.16455696202533,late_aircraft_delay,nas_delay,carrier_delay
TYS,8,560,6.321428571428571,4.201438848920863,528,31.666666666666668,32.84615384615385,448,182.64285714285714,181.45945945945945,late_aircraft_delay,nas_delay,carrier_delay
TYS,9,560,6.578571428571428,1.3928571428571428,576,31.055555555555557,27.041666666666668,244,191.60655737704917,186.68852459016392,late_aircraft_delay,carrier_delay,nas_delay
TYS,10,780,6.256410256410256,0.35051546391752575,640,29.18125,22.025,184,177.34782608695653,172.7608695652174,late_aircraft_delay,carrier_delay,nas_delay
TYS,11,508,6.7952755905511815,1.330708661417323,380,28.178947368421053,22.410526315789475,252,152.5079365079365,148.73015873015873,late_aircraft_delay,carrier_delay,nas_delay
TYS,12,728,6.324175824175824,-0.9269662921348315,740,31.594594594594593,24.318918918918918,340,183.61176470588236,180.1904761904762,late_aircraft_delay,nas_delay,carrier_delay
USA,1,36,4.666666666666667,-4.777777777777778,48,37.166666666666664,31.916666666666668,8,77.5,103.5,late_aircraft_delay,carrier_delay,nas_delay
USA,2,52,6.615384615384615,1.6923076923076923,32,42.875,31.375,28,163.0,172.57142857142858,late_aircraft_delay,nas_delay,carrier_delay
USA,3,28,9.285714285714286,4.714285714285714,44,34.18181818181818,30.09090909090909,52,212.07692307692307,207.07692307692307,late_aircraft_delay,nas_delay,carrier_delay
USA,4,28,5.285714285714286,-7.428571428571429,52,25.153846153846153,16.615384615384617,24,256.6666666666667,254.5,late_aircraft_delay,nas_delay,carrier_delay
USA,5,48,5.416666666666667,-2.9166666666666665,20,30.2,27.2,40,157.5,152.8,late_aircraft_delay,nas_delay,carrier_delay
USA,6,36,6.777777777777778,3.7777777777777777,52,33.76923076923077,36.23076923076923,36,113.33333333333333,109.88888888888889,late_aircraft_delay,carrier_delay,nas_delay
USA,7,68,8.117647058823529,11.0,40,40.4,40.2,44,322.90909090909093,333.6363636363636,late_aircraft_delay,nas_delay,carrier_delay
USA,8,16,5.0,-1.0,52,31.615384615384617,31.846153846153847,32,122.25,119.75,late_aircraft_delay,nas_delay,carrier_delay
USA,9,16,7.75,8.75,16,30.0,27.5,12,169.66666666666666,174.66666666666666,carrier_delay,late_aircraft_delay,nas_delay
USA,10,16,8.0,6.5,24,26.666666666666668,22.5,12,131.0,124.0,late_aircraft_delay,carrier_delay,nas_delay
USA,11,40,6.9,-0.8,56,26.428571428571427,21.846153846153847,4,76.0,63.0,late_aircraft_delay,nas_delay,carrier_delay
USA,12,36,6.555555555555555,3.7777777777777777,84,29.714285714285715,21.714285714285715,68,136.58823529411765,137.05882352941177,late_aircraft_delay,carrier_delay,nas_delay
VCT,1,8,9.5,-6.5,12,50.0,47.333333333333336,16,386.75,385.25,late_aircraft_delay,nas_delay,canc_B
VCT,2,0,"","",8,33.0,19.5,12,364.3333333333333,363.6666666666667,carrier_delay,nas_delay,Nessuna
VCT,3,12,4.333333333333333,-0.3333333333333333,8,37.0,38.0,12,209.66666666666666,212.0,nas_delay,late_aircraft_delay,weather_delay
VCT,4,16,8.25,6.0,4,17.0,8.0,8,80.5,83.0,late_aircraft_delay,nas_delay,Nessuna
VCT,5,16,5.0,-4.75,0,"","",24,231.16666666666666,234.0,canc_B,nas_delay,late_aircraft_delay
VCT,6,24,8.333333333333334,5.0,8,49.5,44.0,12,234.66666666666666,237.0,late_aircraft_delay,nas_delay,Nessuna
VCT,7,16,10.0,5.0,12,31.666666666666668,38.333333333333336,40,156.6,159.8,nas_delay,late_aircraft_delay,canc_B
VCT,8,4,3.0,-6.0,8,34.0,33.0,16,186.0,183.25,late_aircraft_delay,nas_delay,Nessuna
VCT,9,4,7.0,-5.0,8,20.0,12.5,24,198.83333333333334,201.83333333333334,carrier_delay,nas_delay,late_aircraft_delay
VCT,10,12,9.333333333333334,5.333333333333333,16,43.25,34.5,40,159.3,156.9,carrier_delay,late_aircraft_delay,nas_delay
VCT,11,12,7.0,-1.3333333333333333,0,"","",44,160.45454545454547,157.54545454545453,carrier_delay,nas_delay,late_aircraft_delay
VCT,12,16,6.5,-1.0,8,25.0,20.0,20,189.0,202.4,carrier_delay,late_aircraft_delay,nas_delay
VEL,1,8,2.5,8.5,8,25.0,8.5,12,473.3333333333333,491.3333333333333,nas_delay,carrier_delay,late_aircraft_delay
VLD,1,8,6.5,-6.5,12,37.0,21.0,20,141.6,139.25,late_aircraft_delay,carrier_delay,nas_delay
VLD,2,8,4.0,-3.5,12,46.0,44.0,12,140.33333333333334,131.33333333333334,late_aircraft_delay,weather_delay,carrier_delay
VLD,3,28,5.428571428571429,0.7142857142857143,24,23.166666666666668,22.5,16,155.5,161.75,nas_delay,carrier_delay,weather_delay
VLD,4,20,5.6,-0.4,12,30.666666666666668,31.333333333333332,12,75.33333333333333,77.66666666666667,nas_delay,late_aircraft_delay,weather_delay
VLD,5,28,4.0,-1.2857142857142858,36,36.666666666666664,36.44444444444444,16,246.5,253.75,nas_delay,late_aircraft_delay,carrier_delay
VLD,6,36,6.666666666666667,-4.444444444444445,12,37.0,36.333333333333336,4,66.0,58.0,late_aircraft_delay,nas_delay,weather_delay
VLD,7,12,3.3333333333333335,5.0,12,26.666666666666668,32.333333333333336,32,138.25,143.125,nas_delay,carrier_delay,late_aircraft_delay
VLD,8,12,6.666666666666667,-2.0,20,30.8,20.4,12,150.66666666666666,142.66666666666666,late_aircraft_delay,nas_delay,carrier_delay
VLD,9,16,6.5,7.75,12,23.333333333333332,25.0,8,133.0,129.0,canc_B,nas_delay,late_aircraft_delay
VLD,10,36,6.333333333333333,5.555555555555555,20,35.4,36.0,28,193.71428571428572,195.57142857142858,nas_delay,late_aircraft_delay,carrier_delay
VLD,11,12,6.0,-0.3333333333333333,12,31.333333333333332,20.333333333333332,4,161.0,148.0,nas_delay,late_aircraft_delay,weather_delay
VLD,12,40,5.6,-3.1,48,35.666666666666664,29.083333333333332,32,133.75,128.25,late_aircraft_delay,carrier_delay,weather_delay
VPS,1,232,5.086206896551724,-0.8620689655172413,204,31.019607843137255,25.725490196078432,164,255.90243902439025,251.90243902439025,late_aircraft_delay,nas_delay,carrier_delay
VPS,2,208,5.4423076923076925,1.3846153846153846,124,30.129032258064516,23.322580645161292,80,226.95,220.25,nas_delay,carrier_delay,late_aircraft_delay
VPS,3,388,6.072164948453608,2.1237113402061856,328,30.158536585365855,23.790123456790123,248,208.46774193548387,206.3709677419355,late_aircraft_delay,carrier_delay,nas_delay
VPS,4,476,5.739495798319328,1.271186440677966,428,30.2803738317757,25.57547169811321,220,165.27272727272728,165.8,late_aircraft_delay,carrier_delay,nas_delay
VPS,5,600,6.433333333333334,0.8389261744966443,596,31.78523489932886,27.39864864864865,440,156.52727272727273,156.91666666666666,late_aircraft_delay,carrier_delay,nas_delay
VPS,6,552,6.260869565217392,0.5652173913043478,544,32.5735294117647,28.727941176470587,368,149.1195652173913,146.21978021978023,late_aircraft_delay,carrier_delay,nas_delay
VPS,7,744,5.854838709677419,2.0698924731182795,692,31.664739884393065,28.936046511627907,576,189.38888888888889,189.45833333333334,late_aircraft_delay,carrier_delay,nas_delay
VPS,8,472,6.084745762711864,1.0169491525423728,556,32.89928057553957,33.07194244604317,280,172.07142857142858,167.0,late_aircraft_delay,carrier_delay,nas_delay
VPS,9,484,6.090909090909091,0.6859504132231405,336,32.083333333333336,30.297619047619047,128,197.5,190.3125,late_aircraft_delay,nas_delay,carrier_delay
VPS,10,432,6.287037037037037,1.6203703703703705,272,28.897058823529413,24.83823529411765,68,223.76470588235293,220.58823529411765,nas_delay,late_aircraft_delay,carrier_delay
VPS,11,228,6.140350877192983,1.25,220,29.527272727272727,24.21818181818182,76,146.1578947368421,144.47368421052633,late_aircraft_delay,nas_delay,carrier_delay
VPS,12,392,6.1020408163265305,1.336734693877551,296,30.72972972972973,31.256756756756758,256,250.078125,247.34375,carrier_delay,late_aircraft_delay,nas_delay
WRG,1,16,7.75,7.0,28,26.857142857142858,36.285714285714285,24,75.66666666666667,71.66666666666667,late_aircraft_delay,nas_delay,carrier_delay
WRG,2,12,6.666666666666667,5.0,12,23.666666666666668,22.333333333333332,4,232.0,224.0,late_aircraft_delay,canc_A,canc_B
WRG,3,20,3.4,-0.6,20,33.6,32.6,8,119.5,109.0,late_aircraft_delay,nas_delay,Nessuna
WRG,4,12,4.666666666666667,-4.333333333333333,24,31.333333333333332,29.833333333333332,8,76.0,74.5,late_aircraft_delay,nas_delay,carrier_delay
WRG,5,20,6.8,9.0,48,31.833333333333332,28.75,4,246.0,238.0,late_aircraft_delay,nas_delay,Nessuna
WRG,6,36,7.333333333333333,3.3333333333333335,16,33.25,31.5,4,85.0,81.0,late_aircraft_delay,nas_delay,carrier_delay
WRG,7,56,6.428571428571429,3.0,16,27.25,37.75,8,72.0,64.5,late_aircraft_delay,nas_delay,carrier_delay
WRG,8,28,8.285714285714286,5.428571428571429,44,28.545454545454547,29.818181818181817,16,127.5,148.33333333333334,late_aircraft_delay,nas_delay,weather_delay
WRG,9,36,5.555555555555555,5.0,8,25.5,30.5,4,189.0,191.0,nas_delay,late_aircraft_delay,carrier_delay
WRG,10,20,4.8,7.8,24,27.0,20.166666666666668,12,123.0,103.0,late_aircraft_delay,nas_delay,carrier_delay
WRG,11,24,8.5,8.166666666666666,12,30.666666666666668,37.666666666666664,0,"","",late_aircraft_delay,nas_delay,canc_A
WRG,12,32,4.375,6.25,20,46.0,60.6,8,149.5,151.0,late_aircraft_delay,nas_delay,weather_delay
WYS,5,16,6.75,2.0,16,35.75,23.5,12,202.66666666666666,192.66666666666666,weather_delay,carrier_delay,nas_delay
WYS,6,16,7.25,18.75,4,16.0,-2.0,36,311.8888888888889,306.77777777777777,carrier_delay,nas_delay,canc_B
WYS,7,28,6.428571428571429,3.2857142857142856,32,29.5,27.25,28,137.0,127.42857142857143,carrier_delay,nas_delay,weather_delay
WYS,8,4,3.0,-10.0,12,25.333333333333332,25.333333333333332,8,262.5,252.5,carrier_delay,weather_delay,nas_delay
WYS,9,4,7.0,1.0,0,"","",16,141.75,134.5,carrier_delay,weather_delay,canc_B
WYS,10,4,1.0,-2.0,0,"","",0,"","",Nessuna,Nessuna,Nessuna
XNA,1,416,6.490384615384615,10.26923076923077,496,31.556451612903224,41.274193548387096,404,183.44554455445544,196.84158415841586,nas_delay,late_aircraft_delay,weather_delay
XNA,2,380,6.042105263157895,5.684210526315789,304,29.69736842105263,24.526315789473685,108,244.14814814814815,242.92307692307693,nas_delay,carrier_delay,late_aircraft_delay
XNA,3,448,6.0625,0.39285714285714285,360,27.77777777777778,23.844444444444445,284,147.1267605633803,145.5211267605634,late_aircraft_delay,nas_delay,carrier_delay
XNA,4,628,6.006369426751593,-0.36538461538461536,396,29.525252525252526,24.232323232323232,272,156.64705882352942,151.53731343283582,late_aircraft_delay,nas_delay,carrier_delay
XNA,5,620,7.064516129032258,5.2,588,31.38095238095238,33.843537414965986,476,160.92436974789916,166.83193277310923,nas_delay,late_aircraft_delay,carrier_delay
XNA,6,596,6.442953020134228,2.9194630872483223,616,32.701298701298704,30.27922077922078,400,135.82,134.37373737373738,late_aircraft_delay,carrier_delay,nas_delay
XNA,7,808,6.623762376237623,4.577114427860696,804,31.65671641791045,28.223880597014926,556,139.16546762589928,136.80434782608697,late_aircraft_delay,nas_delay,carrier_delay
XNA,8,560,6.771428571428571,5.2214285714285715,512,29.1796875,24.984251968503937,292,175.54794520547946,175.9718309859155,nas_delay,carrier_delay,late_aircraft_delay
XNA,9,608,5.809210526315789,3.2697368421052633,360,30.633333333333333,25.528089887640448,216,200.14814814814815,193.42592592592592,nas_delay,carrier_delay,late_aircraft_delay
XNA,10,520,6.1461538461538465,-0.2076923076923077,284,31.746478873239436,22.971830985915492,140,173.65714285714284,164.5142857142857,carrier_delay,late_aircraft_delay,nas_delay
XNA,11,604,6.066225165562914,1.8013245033112584,424,29.537735849056602,22.88679245283019,244,218.21311475409837,221.65573770491804,nas_delay,late_aircraft_delay,carrier_delay
XNA,12,776,5.865979381443299,0.520618556701031,592,30.66891891891892,26.965986394557824,344,167.19767441860466,168.2235294117647,nas_delay,late_aircraft_delay,carrier_delay
XWA,1,44,6.909090909090909,4.090909090909091,64,31.3125,22.25,80,194.0,191.75,nas_delay,carrier_delay,canc_B
XWA,2,68,6.588235294117647,-1.411764705882353,40,39.0,37.7,64,226.625,220.9375,carrier_delay,nas_delay,weather_delay
XWA,3,72,6.0,7.333333333333333,32,34.75,32.25,52,310.0769230769231,299.15384615384613,carrier_delay,nas_delay,canc_B
XWA,4,32,6.375,3.875,28,32.142857142857146,25.0,24,153.83333333333334,152.5,carrier_delay,nas_delay,late_aircraft_delay
XWA,5,76,7.157894736842105,0.7894736842105263,24,35.833333333333336,26.666666666666668,44,189.1818181818182,183.27272727272728,nas_delay,carrier_delay,late_aircraft_delay
XWA,6,60,6.266666666666667,8.666666666666666,96,30.75,37.291666666666664,52,188.69230769230768,193.46153846153845,carrier_delay,nas_delay,late_aircraft_delay
XWA,7,68,7.0,13.647058823529411,64,30.5,32.3125,92,106.95652173913044,106.04347826086956,carrier_delay,nas_delay,weather_delay
XWA,8,48,5.25,2.5833333333333335,44,33.63636363636363,40.63636363636363,68,146.1764705882353,142.1764705882353,carrier_delay,nas_delay,late_aircraft_delay
XWA,9,32,7.125,-1.5,56,34.07142857142857,29.571428571428573,24,197.66666666666666,198.0,carrier_delay,nas_delay,security_delay
XWA,10,36,4.0,0.8888888888888888,32,34.875,26.75,32,330.875,318.5,carrier_delay,nas_delay,late_aircraft_delay
XWA,11,72,5.166666666666667,3.9411764705882355,44,29.454545454545453,42.0,96,255.41666666666666,254.125,carrier_delay,nas_delay,weather_delay
XWA,12,132,6.787878787878788,3.303030303030303,76,31.789473684210527,27.842105263157894,100,299.8,288.04,carrier_delay,nas_delay,weather_delay
YAK,1,36,6.333333333333333,8.375,36,42.888888888888886,44.55555555555556,16,80.75,83.5,late_aircraft_delay,nas_delay,canc_B
YAK,2,20,8.4,3.2,24,26.666666666666668,27.2,4,237.0,242.0,nas_delay,late_aircraft_delay,carrier_delay
YAK,3,12,11.0,10.666666666666666,28,30.285714285714285,23.285714285714285,20,89.4,86.8,late_aircraft_delay,weather_delay,nas_delay
YAK,4,20,4.0,2.6,16,32.0,21.666666666666668,12,138.33333333333334,140.66666666666666,late_aircraft_delay,nas_delay,canc_A
YAK,5,20,4.8,3.0,12,29.666666666666668,27.0,8,81.5,121.5,late_aircraft_delay,nas_delay,carrier_delay
YAK,6,28,6.428571428571429,4.571428571428571,36,24.11111111111111,19.444444444444443,4,61.0,50.0,late_aircraft_delay,nas_delay,security_delay
YAK,7,68,6.411764705882353,6.588235294117647,40,29.6,29.9,4,171.0,205.0,late_aircraft_delay,nas_delay,carrier_delay
YAK,8,36,5.111111111111111,2.3333333333333335,68,26.0,24.58823529411765,12,148.0,110.0,late_aircraft_delay,nas_delay,carrier_delay
YAK,9,44,6.181818181818182,3.4,32,31.25,26.25,12,110.33333333333333,106.66666666666667,late_aircraft_delay,carrier_delay,nas_delay
YAK,10,20,6.2,5.4,12,31.333333333333332,32.666666666666664,8,98.0,78.0,late_aircraft_delay,nas_delay,Nessuna
YAK,11,8,1.0,0.0,8,40.0,38.5,4,80.0,77.0,late_aircraft_delay,nas_delay,Nessuna
YAK,12,16,7.0,0.25,28,38.0,37.285714285714285,4,156.0,167.0,late_aircraft_delay,canc_B,nas_delay
YUM,1,28,6.571428571428571,9.0,36,27.88888888888889,26.0,32,181.25,185.875,nas_delay,carrier_delay,late_aircraft_delay
YUM,2,32,5.5,2.125,32,26.125,27.875,16,142.0,153.0,nas_delay,carrier_delay,late_aircraft_delay
YUM,3,64,7.25,9.5,12,33.333333333333336,29.0,36,185.33333333333334,184.55555555555554,nas_delay,carrier_delay,weather_delay
YUM,4,40,2.4,4.2,24,44.166666666666664,38.333333333333336,24,403.6666666666667,399.8333333333333,carrier_delay,nas_delay,late_aircraft_delay
YUM,5,64,7.4375,5.75,48,38.666666666666664,35.0,44,199.45454545454547,195.0,carrier_delay,nas_delay,late_aircraft_delay
YUM,6,64,6.0,5.066666666666666,32,30.5,26.875,32,141.0,135.375,carrier_delay,nas_delay,late_aircraft_delay
YUM,7,72,4.888888888888889,0.4444444444444444,44,29.09090909090909,21.90909090909091,32,271.25,267.25,carrier_delay,late_aircraft_delay,nas_delay
YUM,8,48,7.083333333333333,4.666666666666667,24,28.166666666666668,23.5,28,104.71428571428571,107.85714285714286,nas_delay,carrier_delay,late_aircraft_delay
YUM,9,48,5.333333333333333,-6.833333333333333,20,28.0,18.4,28,316.57142857142856,317.42857142857144,carrier_delay,late_aircraft_delay,nas_delay
YUM,10,88,7.7272727272727275,3.6363636363636362,56,30.642857142857142,27.857142857142858,24,189.16666666666666,185.0,late_aircraft_delay,nas_delay,carrier_delay
YUM,11,60,5.466666666666667,0.06666666666666667,28,37.0,37.285714285714285,40,288.0,307.8888888888889,late_aircraft_delay,carrier_delay,nas_delay
YUM,12,40,7.3,0.9,56,35.57142857142857,32.357142857142854,52,134.30769230769232,130.23076923076923,carrier_delay,late_aircraft_delay,nas_delay
