origin,month,basso_count,basso_dep_delay_avg,basso_arr_delay_avg,medio_count,medio_dep_delay_avg,medio_arr_delay_avg,alto_count,alto_dep_delay_avg,alto_arr_delay_avg,top_causa_1,top_causa_2,top_causa_3
ABE,1,15,5.466666666666667,-0.13333333333333333,14,31.928571428571427,27.0,12,244.75,240.25,nas_delay,late_aircraft_delay,carrier_delay
ABE,2,23,5.956521739130435,-5.260869565217392,9,29.88888888888889,3.625,6,299.8333333333333,293.6666666666667,nas_delay,carrier_delay,late_aircraft_delay
ABE,3,29,6.931034482758621,-5.896551724137931,14,34.5,25.785714285714285,9,175.66666666666666,161.11111111111111,late_aircraft_delay,nas_delay,carrier_delay
ABE,4,20,5.95,-4.95,16,36.6875,22.5,15,288.73333333333335,283.06666666666666,carrier_delay,late_aircraft_delay,nas_delay
ABE,5,24,6.375,-0.2916666666666667,13,33.76923076923077,35.38461538461539,16,153.125,151.125,nas_delay,late_aircraft_delay,carrier_delay
ABE,6,24,5.708333333333333,-1.375,13,33.38461538461539,19.076923076923077,22,165.04545454545453,161.95454545454547,carrier_delay,late_aircraft_delay,nas_delay
ABE,7,13,6.923076923076923,3.6153846153846154,21,29.523809523809526,19.952380952380953,19,109.52631578947368,108.78947368421052,carrier_delay,late_aircraft_delay,nas_delay
ABE,8,16,6.75,3.1875,27,35.74074074074074,37.25925925925926,14,153.21428571428572,153.78571428571428,late_aircraft_delay,nas_delay,carrier_delay
ABE,9,20,6.05,-0.95,11,42.0,36.7,8,191.5,188.25,late_aircraft_delay,carrier_delay,nas_delay
ABE,10,18,5.833333333333333,-4.722222222222222,12,30.833333333333332,16.916666666666668,11,159.0909090909091,144.45454545454547,carrier_delay,late_aircraft_delay,nas_delay
ABE,11,22,5.863636363636363,-2.9545454545454546,15,31.733333333333334,18.933333333333334,5,168.8,155.0,late_aircraft_delay,carrier_delay,nas_delay
ABE,12,23,6.086956521739131,0.8181818181818182,18,30.5,23.944444444444443,17,250.94117647058823,244.88235294117646,carrier_delay,late_aircraft_delay,nas_delay
ABI,1,9,6.888888888888889,10.0,5,40.0,38.4,6,135.0,145.33333333333334,late_aircraft_delay,nas_delay,weather_delay
ABI,2,7,7.571428571428571,10.0,5,36.4,35.8,0,"","",nas_delay,late_aircraft_delay,carrier_delay
ABI,3,9,6.444444444444445,5.777777777777778,6,21.833333333333332,24.166666666666668,4,139.0,151.5,nas_delay,late_aircraft_delay,carrier_delay
ABI,4,8,7.0,7.5,9,32.333333333333336,29.11111111111111,4,76.75,65.25,late_aircraft_delay,carrier_delay,nas_delay
ABI,5,9,6.333333333333333,1.1111111111111112,12,25.083333333333332,16.75,9,176.88888888888889,187.55555555555554,late_aircraft_delay,nas_delay,weather_delay
ABI,6,8,7.125,6.75,9,26.666666666666668,22.88888888888889,7,100.85714285714286,93.0,late_aircraft_delay,nas_delay,carrier_delay
ABI,7,9,5.444444444444445,1.3333333333333333,12,21.583333333333332,28.166666666666668,3,98.66666666666667,90.0,late_aircraft_delay,nas_delay,carrier_delay
ABI,8,6,7.166666666666667,7.5,2,21.0,17.0,2,91.5,89.5,late_aircraft_delay,carrier_delay,nas_delay
ABI,9,6,7.166666666666667,4.0,5,24.0,16.0,4,117.0,109.0,nas_delay,carrier_delay,late_aircraft_delay
ABI,10,6,6.333333333333333,0.6666666666666666,2,40.5,41.0,2,162.0,152.5,late_aircraft_delay,carrier_delay,nas_delay
ABI,11,7,5.571428571428571,7.142857142857143,4,36.25,31.75,3,104.33333333333333,101.0,late_aircraft_delay,nas_delay,weather_delay
ABI,12,10,5.4,7.8,5,24.6,17.8,6,131.5,147.5,nas_delay,late_aircraft_delay,carrier_delay
ABQ,1,138,6.028985507246377,2.2481751824817517,102,31.637254901960784,27.176470588235293,70,139.05714285714285,134.9142857142857,late_aircraft_delay,nas_delay,carrier_delay
ABQ,2,138,5.688405797101449,-0.12318840579710146,75,30.2,26.013333333333332,34,137.76470588235293,137.8235294117647,nas_delay,late_aircraft_delay,carrier_delay
ABQ,3,170,6.135294117647059,0.7705882352941177,125,31.104,25.44,49,231.59183673469389,231.48979591836735,late_aircraft_delay,carrier_delay,nas_delay
ABQ,4,180,5.433333333333334,-2.2333333333333334,148,31.885135135135137,25.472972972972972,49,143.69387755102042,139.89795918367346,late_aircraft_delay,carrier_delay,nas_delay
ABQ,5,188,6.6861702127659575,0.14516129032258066,174,30.20689655172414,24.436781609195403,84,148.14285714285714,145.02439024390245,late_aircraft_delay,carrier_delay,nas_delay
ABQ,6,209,5.732057416267943,1.2057416267942584,176,29.75,25.405714285714286,71,147.80281690140845,146.33802816901408,late_aircraft_delay,carrier_delay,nas_delay
ABQ,7,220,5.859090909090909,0.776255707762557,180,33.855555555555554,29.27777777777778,88,140.4431818181818,136.13636363636363,late_aircraft_delay,carrier_delay,nas_delay
ABQ,8,161,6.167701863354037,1.76875,113,30.371681415929203,27.79646017699115,58,157.13793103448276,153.6551724137931,late_aircraft_delay,carrier_delay,nas_delay
ABQ,9,148,5.587837837837838,-1.222972972972973,121,27.74380165289256,22.058333333333334,39,138.3846153846154,132.74358974358975,late_aircraft_delay,carrier_delay,nas_delay
ABQ,10,231,5.432900432900433,0.6347826086956522,98,28.591836734693878,21.591836734693878,35,131.05714285714285,128.0857142857143,carrier_delay,late_aircraft_delay,nas_delay
ABQ,11,177,5.305084745762712,1.4545454545454546,99,29.252525252525253,28.050505050505052,36,138.0,139.22222222222223,nas_delay,late_aircraft_delay,carrier_delay
ABQ,12,173,6.358381502890174,0.6763005780346821,115,30.85217391304348,24.356521739130436,46,181.95652173913044,184.54545454545453,late_aircraft_delay,carrier_delay,nas_delay
ABR,1,3,5.333333333333333,-12.666666666666666,3,21.0,3.6666666666666665,4,126.75,120.25,carrier_delay,canc_B,weather_delay
ABR,2,3,6.0,-5.0,1,49.0,31.0,2,321.0,304.5,weather_delay,carrier_delay,Nessuna
ABR,3,2,1.5,-5.5,3,27.0,11.666666666666666,3,125.33333333333333,106.33333333333333,carrier_delay,weather_delay,Nessuna
ABR,4,5,6.2,-6.0,1,18.0,-4.0,3,365.6666666666667,344.0,carrier_delay,weather_delay,Nessuna
ABR,5,2,3.5,-4.0,0,"","",3,87.66666666666667,78.0,carrier_delay,weather_delay,Nessuna
ABR,6,6,4.5,6.833333333333333,5,39.2,57.6,3,293.3333333333333,309.3333333333333,carrier_delay,nas_delay,weather_delay
ABR,7,4,7.5,-3.5,3,41.666666666666664,36.0,4,81.25,91.0,carrier_delay,nas_delay,weather_delay
ABR,8,4,10.75,7.75,4,25.25,39.5,2,339.0,343.0,nas_delay,weather_delay,carrier_delay
ABR,9,1,3.0,-4.0,0,"","",1,126.0,120.0,carrier_delay,Nessuna,Nessuna
ABR,10,2,1.5,-10.5,2,30.0,13.0,1,82.0,73.0,carrier_delay,Nessuna,Nessuna
ABR,11,3,1.6666666666666667,-4.0,2,21.0,14.0,2,99.5,85.5,carrier_delay,Nessuna,Nessuna
ABR,12,5,5.2,4.6,3,24.666666666666668,24.333333333333332,6,434.0,429.6666666666667,carrier_delay,nas_delay,weather_delay
ABY,1,5,6.6,-1.0,4,27.5,21.0,3,197.33333333333334,194.33333333333334,carrier_delay,nas_delay,Nessuna
ABY,2,0,"","",5,30.6,18.8,2,135.5,122.0,weather_delay,carrier_delay,Nessuna
ABY,3,3,4.666666666666667,3.6666666666666665,1,57.0,53.0,1,61.0,52.0,carrier_delay,Nessuna,Nessuna
ABY,4,1,1.0,-7.0,6,34.0,37.833333333333336,0,"","",carrier_delay,nas_delay,weather_delay
ABY,5,2,5.5,2.0,4,42.25,44.5,6,131.5,128.83333333333334,carrier_delay,nas_delay,weather_delay
ABY,6,2,10.5,1.5,3,48.0,44.0,3,67.66666666666667,57.0,carrier_delay,Nessuna,Nessuna
ABY,7,2,11.5,2.5,5,33.2,34.8,7,217.28571428571428,210.57142857142858,carrier_delay,nas_delay,weather_delay
ABY,8,1,7.0,-11.0,4,30.75,24.0,4,451.25,444.25,carrier_delay,weather_delay,Nessuna
ABY,9,2,9.5,9.5,3,37.0,40.666666666666664,3,81.66666666666667,78.66666666666667,carrier_delay,nas_delay,weather_delay
ABY,10,5,5.8,4.6,2,55.5,42.5,0,"","",carrier_delay,nas_delay,Nessuna
ABY,11,2,4.0,5.0,3,33.0,31.666666666666668,3,190.0,195.0,carrier_delay,nas_delay,weather_delay
ABY,12,2,13.5,22.5,2,19.5,5.5,9,249.0,251.55555555555554,carrier_delay,nas_delay,weather_delay
ACK,5,2,5.0,-0.5,7,39.142857142857146,35.0,7,180.14285714285714,182.85714285714286,nas_delay,late_aircraft_delay,carrier_delay
ACK,6,14,8.142857142857142,4.142857142857143,12,38.333333333333336,39.083333333333336,21,181.76190476190476,178.76190476190476,late_aircraft_delay,nas_delay,carrier_delay
ACK,7,19,6.368421052631579,4.473684210526316,32,34.6875,34.6875,30,130.53333333333333,134.23333333333332,late_aircraft_delay,nas_delay,carrier_delay
ACK,8,25,6.32,5.08,21,33.38095238095238,35.142857142857146,19,203.68421052631578,203.73684210526315,nas_delay,late_aircraft_delay,carrier_delay
ACK,9,4,7.0,11.5,6,33.5,38.5,6,131.16666666666666,129.5,late_aircraft_delay,nas_delay,carrier_delay
ACK,10,1,1.0,3.0,3,27.0,22.0,1,286.0,278.0,nas_delay,late_aircraft_delay,carrier_delay
ACT,1,2,8.0,-0.5,7,39.142857142857146,36.857142857142854,3,167.0,160.0,carrier_delay,canc_B,nas_delay
ACT,2,6,4.833333333333333,7.666666666666667,1,43.0,40.0,1,72.0,58.0,nas_delay,carrier_delay,late_aircraft_delay
ACT,3,6,6.0,6.666666666666667,5,26.4,19.0,1,95.0,82.0,nas_delay,late_aircraft_delay,canc_B
ACT,4,8,6.0,5.0,5,34.0,31.4,2,89.5,93.0,carrier_delay,late_aircraft_delay,nas_delay
ACT,5,2,6.5,2.5,1,27.0,24.0,7,140.71428571428572,138.71428571428572,canc_B,carrier_delay,weather_delay
ACT,6,5,7.2,2.0,10,29.4,25.5,9,125.11111111111111,129.55555555555554,carrier_delay,late_aircraft_delay,nas_delay
ACT,7,2,8.0,3.0,4,48.0,43.25,2,115.5,112.5,nas_delay,weather_delay,carrier_delay
ACT,8,5,9.8,11.8,4,41.5,46.5,3,122.0,126.66666666666667,carrier_delay,late_aircraft_delay,nas_delay
ACT,9,4,5.25,1.0,6,22.333333333333332,18.666666666666668,4,174.75,166.5,carrier_delay,nas_delay,late_aircraft_delay
ACT,10,5,5.4,2.0,7,27.857142857142858,31.142857142857142,12,112.08333333333333,108.5,carrier_delay,nas_delay,late_aircraft_delay
ACT,11,4,6.75,3.25,5,38.8,35.4,1,108.0,102.0,carrier_delay,late_aircraft_delay,canc_B
ACT,12,3,8.0,2.3333333333333335,6,35.0,35.833333333333336,9,135.0,133.11111111111111,carrier_delay,nas_delay,weather_delay
ACV,1,6,5.166666666666667,-1.0,6,42.666666666666664,47.833333333333336,7,186.28571428571428,181.42857142857142,nas_delay,weather_delay,late_aircraft_delay
ACV,2,5,4.0,8.2,10,41.1,43.5,5,286.0,287.2,nas_delay,late_aircraft_delay,carrier_delay
ACV,3,3,5.0,-1.6666666666666667,16,32.0625,32.625,5,101.8,101.2,nas_delay,late_aircraft_delay,canc_B
ACV,4,7,6.714285714285714,6.428571428571429,6,43.666666666666664,67.33333333333333,7,148.28571428571428,146.0,nas_delay,late_aircraft_delay,carrier_delay
ACV,5,6,4.666666666666667,3.0,8,28.0,30.875,5,243.0,255.2,nas_delay,carrier_delay,late_aircraft_delay
ACV,6,7,4.714285714285714,8.0,6,38.333333333333336,44.333333333333336,5,147.0,139.4,carrier_delay,nas_delay,late_aircraft_delay
ACV,7,12,6.583333333333333,2.25,5,37.2,36.0,6,253.33333333333334,260.6666666666667,carrier_delay,nas_delay,late_aircraft_delay
ACV,8,11,6.454545454545454,11.272727272727273,5,30.4,35.4,6,163.66666666666666,177.33333333333334,nas_delay,carrier_delay,canc_B
ACV,9,9,5.555555555555555,1.1111111111111112,5,36.8,35.6,10,322.5,312.1,weather_delay,carrier_delay,late_aircraft_delay
ACV,10,7,6.142857142857143,-0.8571428571428571,7,36.57142857142857,33.714285714285715,9,182.88888888888889,175.66666666666666,carrier_delay,weather_delay,late_aircraft_delay
ACV,11,6,7.0,12.833333333333334,10,31.7,31.2,4,72.25,68.75,carrier_delay,nas_delay,canc_B
ACV,12,9,6.444444444444445,3.3333333333333335,5,44.6,63.0,4,116.25,115.0,carrier_delay,nas_delay,late_aircraft_delay
ACY,1,15,6.866666666666666,8.933333333333334,12,33.916666666666664,34.5,5,163.4,155.2,nas_delay,late_aircraft_delay,carrier_delay
ACY,2,21,7.380952380952381,4.904761904761905,17,33.35294117647059,20.294117647058822,5,140.0,137.4,nas_delay,carrier_delay,late_aircraft_delay
ACY,3,22,7.409090909090909,6.2272727272727275,33,34.90909090909091,34.63636363636363,11,190.54545454545453,183.1818181818182,nas_delay,late_aircraft_delay,carrier_delay
ACY,4,11,6.545454545454546,-2.4545454545454546,14,33.42857142857143,29.428571428571427,8,168.375,173.625,nas_delay,late_aircraft_delay,carrier_delay
ACY,5,12,7.416666666666667,-0.5,20,29.65,25.15,6,122.66666666666667,122.66666666666667,nas_delay,late_aircraft_delay,carrier_delay
ACY,6,15,6.066666666666666,-5.266666666666667,12,34.0,22.416666666666668,14,104.71428571428571,97.07142857142857,nas_delay,carrier_delay,late_aircraft_delay
ACY,7,17,6.411764705882353,-5.294117647058823,22,34.22727272727273,25.272727272727273,9,204.33333333333334,194.77777777777777,nas_delay,carrier_delay,late_aircraft_delay
ACY,8,20,7.8,7.45,18,31.055555555555557,25.333333333333332,11,133.36363636363637,130.54545454545453,nas_delay,late_aircraft_delay,carrier_delay
ACY,9,7,9.285714285714286,-0.14285714285714285,5,24.4,15.4,2,109.5,119.5,nas_delay,late_aircraft_delay,canc_B
ACY,10,9,7.0,-3.2222222222222223,8,40.125,32.875,4,128.0,110.25,carrier_delay,nas_delay,late_aircraft_delay
ACY,11,5,8.2,-7.8,5,42.4,27.2,3,97.66666666666667,76.33333333333333,nas_delay,late_aircraft_delay,carrier_delay
ACY,12,8,6.75,-8.5,10,26.3,18.2,8,77.75,69.375,nas_delay,carrier_delay,late_aircraft_delay
ADK,1,0,"","",0,"","",0,"","",canc_B,Nessuna,Nessuna
ADK,2,0,"","",0,"","",0,"","",canc_B,Nessuna,Nessuna
ADK,3,0,"","",0,"","",0,"","",Nessuna,Nessuna,Nessuna
ADK,4,1,3.0,7.0,0,"","",0,"","",Nessuna,Nessuna,Nessuna
ADK,5,0,"","",2,22.0,17.0,0,"","",late_aircraft_delay,security_delay,Nessuna
ADK,6,1,2.0,-3.0,0,"","",0,"","",canc_B,Nessuna,Nessuna
ADK,7,1,9.0,14.0,1,18.0,22.0,0,"","",nas_delay,security_delay,Nessuna
ADK,9,2,4.5,-4.0,0,"","",0,"","",Nessuna,Nessuna,Nessuna
ADK,10,0,"","",1,29.0,16.0,0,"","",carrier_delay,Nessuna,Nessuna
ADK,11,1,2.0,0.0,0,"","",0,"","",canc_B,Nessuna,Nessuna
ADK,12,1,6.0,8.0,0,"","",0,"","",Nessuna,Nessuna,Nessuna
ADQ,1,1,1.0,-1.0,3,29.333333333333332,30.0,3,102.33333333333333,95.33333333333333,late_aircraft_delay,carrier_delay,nas_delay
ADQ,2,4,4.75,1.25,4,28.75,24.5,1,103.0,93.0,nas_delay,late_aircraft_delay,weather_delay
ADQ,3,0,"","",2,16.0,19.0,2,103.5,96.5,late_aircraft_delay,nas_delay,carrier_delay
ADQ,4,4,6.75,0.5,3,31.0,24.333333333333332,0,"","",carrier_delay,nas_delay,Nessuna
ADQ,5,8,5.75,1.625,1,43.0,37.0,1,61.0,52.0,late_aircraft_delay,carrier_delay,Nessuna
ADQ,6,1,7.0,10.0,3,40.666666666666664,34.666666666666664,0,"","",canc_B,late_aircraft_delay,security_delay
ADQ,7,11,5.363636363636363,7.090909090909091,4,27.25,21.5,4,252.5,254.5,late_aircraft_delay,nas_delay,carrier_delay
ADQ,8,5,8.2,4.4,2,35.5,30.5,2,77.0,76.5,late_aircraft_delay,nas_delay,carrier_delay
ADQ,9,2,6.0,0.5,3,43.0,47.666666666666664,0,"","",nas_delay,late_aircraft_delay,weather_delay
ADQ,10,5,7.8,5.0,7,31.428571428571427,32.285714285714285,2,121.0,122.5,late_aircraft_delay,nas_delay,carrier_delay
ADQ,11,5,6.4,5.6,9,30.444444444444443,31.333333333333332,2,501.0,501.5,nas_delay,late_aircraft_delay,carrier_delay
ADQ,12,3,6.666666666666667,24.333333333333332,1,37.0,36.0,2,217.5,223.5,nas_delay,late_aircraft_delay,weather_delay
AEX,1,9,6.444444444444445,19.11111111111111,8,32.5,27.875,10,326.1,344.7,nas_delay,carrier_delay,late_aircraft_delay
AEX,2,4,8.0,36.25,5,32.8,39.4,3,357.0,349.0,carrier_delay,nas_delay,late_aircraft_delay
AEX,3,8,7.625,-1.75,4,32.0,37.75,2,206.0,193.5,nas_delay,late_aircraft_delay,carrier_delay
AEX,4,4,6.75,0.25,2,40.0,53.5,10,297.1,302.4,nas_delay,weather_delay,late_aircraft_delay
AEX,5,7,6.285714285714286,6.714285714285714,3,31.0,27.0,12,218.91666666666666,221.41666666666666,weather_delay,carrier_delay,nas_delay
AEX,6,9,8.88888888888889,4.444444444444445,5,32.8,26.2,4,239.25,259.75,carrier_delay,nas_delay,late_aircraft_delay
AEX,7,17,6.588235294117647,6.75,9,23.555555555555557,16.22222222222222,12,296.5,295.8333333333333,carrier_delay,nas_delay,weather_delay
AEX,8,12,5.166666666666667,0.4166666666666667,2,32.0,26.0,7,160.14285714285714,149.14285714285714,carrier_delay,late_aircraft_delay,canc_A
AEX,9,11,6.545454545454546,7.454545454545454,8,35.25,31.0,7,220.0,223.0,carrier_delay,nas_delay,late_aircraft_delay
AEX,10,2,6.5,-2.5,6,36.0,28.666666666666668,12,159.41666666666666,144.58333333333334,carrier_delay,late_aircraft_delay,nas_delay
AEX,11,8,6.625,-0.75,5,28.4,19.6,8,141.125,130.75,carrier_delay,late_aircraft_delay,weather_delay
AEX,12,9,7.333333333333333,6.222222222222222,11,33.63636363636363,35.54545454545455,4,353.25,340.25,nas_delay,carrier_delay,late_aircraft_delay
AGS,1,20,5.7,-0.3,19,28.57894736842105,26.94736842105263,23,149.3913043478261,145.95652173913044,carrier_delay,nas_delay,late_aircraft_delay
AGS,2,11,4.636363636363637,-4.0,14,31.142857142857142,19.428571428571427,9,125.77777777777777,114.66666666666667,carrier_delay,late_aircraft_delay,nas_delay
AGS,3,10,5.1,4.3,7,32.142857142857146,33.142857142857146,6,212.0,199.66666666666666,carrier_delay,nas_delay,late_aircraft_delay
AGS,4,42,6.5476190476190474,5.071428571428571,39,29.564102564102566,24.63157894736842,13,100.76923076923077,98.23076923076923,carrier_delay,late_aircraft_delay,nas_delay
AGS,5,18,7.222222222222222,0.7777777777777778,11,26.09090909090909,20.181818181818183,18,179.83333333333334,181.33333333333334,nas_delay,carrier_delay,late_aircraft_delay
AGS,6,16,6.1875,-2.25,18,26.22222222222222,22.38888888888889,8,115.375,106.5,nas_delay,carrier_delay,late_aircraft_delay
AGS,7,21,6.0476190476190474,1.5238095238095237,15,32.2,26.933333333333334,31,142.16129032258064,141.3548387096774,nas_delay,late_aircraft_delay,carrier_delay
AGS,8,20,8.05,4.05,15,36.733333333333334,29.466666666666665,12,199.58333333333334,194.75,late_aircraft_delay,carrier_delay,nas_delay
AGS,9,21,7.333333333333333,2.0952380952380953,13,34.30769230769231,34.69230769230769,19,183.73684210526315,184.52631578947367,nas_delay,canc_B,late_aircraft_delay
AGS,10,25,5.8,-0.16,12,29.75,25.333333333333332,24,246.54166666666666,244.95833333333334,nas_delay,carrier_delay,late_aircraft_delay
AGS,11,30,6.6,5.1,15,23.2,18.4,7,164.71428571428572,151.71428571428572,nas_delay,carrier_delay,late_aircraft_delay
AGS,12,40,5.0,-1.575,14,36.5,27.857142857142858,17,186.52941176470588,174.6875,carrier_delay,nas_delay,late_aircraft_delay
AKN,4,0,"","",0,"","",0,"","",Nessuna,Nessuna,Nessuna
AKN,5,0,"","",0,"","",0,"","",nas_delay,Nessuna,Nessuna
AKN,6,1,11.0,8.0,1,24.0,28.0,0,"","",nas_delay,late_aircraft_delay,Nessuna
AKN,7,6,7.333333333333333,13.333333333333334,2,30.0,38.5,0,"","",nas_delay,security_delay,Nessuna
AKN,8,3,10.666666666666666,11.333333333333334,2,18.5,16.5,0,"","",nas_delay,carrier_delay,late_aircraft_delay
AKN,9,1,2.0,11.0,3,28.666666666666668,29.0,0,"","",late_aircraft_delay,security_delay,carrier_delay
ALB,1,65,6.2,-0.15384615384615385,53,29.39622641509434,25.641509433962263,31,140.83870967741936,149.25806451612902,nas_delay,late_aircraft_delay,carrier_delay
ALB,2,71,6.549295774647887,-6.563380281690141,45,28.133333333333333,17.2,17,145.2941176470588,134.41176470588235,nas_delay,late_aircraft_delay,carrier_delay
ALB,3,78,6.384615384615385,0.7435897435897436,58,30.25862068965517,23.586206896551722,25,192.56,200.375,nas_delay,late_aircraft_delay,carrier_delay
ALB,4,77,6.1688311688311686,-1.5584415584415585,55,27.854545454545455,20.69090909090909,29,198.41379310344828,197.17241379310346,nas_delay,late_aircraft_delay,carrier_delay
ALB,5,83,6.096385542168675,1.072289156626506,69,31.985507246376812,25.144927536231883,38,136.57894736842104,133.78947368421052,late_aircraft_delay,carrier_delay,nas_delay
ALB,6,84,6.761904761904762,5.192771084337349,71,30.887323943661972,23.642857142857142,50,174.72,171.36,late_aircraft_delay,carrier_delay,nas_delay
ALB,7,92,6.445652173913044,1.4285714285714286,85,32.43529411764706,30.905882352941177,64,167.484375,166.421875,late_aircraft_delay,carrier_delay,nas_delay
ALB,8,93,6.075268817204301,2.6451612903225805,71,31.746478873239436,30.112676056338028,47,185.04255319148936,190.04347826086956,nas_delay,carrier_delay,late_aircraft_delay
ALB,9,61,6.377049180327869,1.360655737704918,49,31.081632653061224,28.040816326530614,15,324.4,322.53333333333336,carrier_delay,late_aircraft_delay,nas_delay
ALB,10,79,6.493670886075949,-2.721518987341772,57,28.157894736842106,18.280701754385966,13,243.0,233.84615384615384,carrier_delay,nas_delay,late_aircraft_delay
ALB,11,75,6.266666666666667,-4.426666666666667,39,27.794871794871796,21.53846153846154,19,256.89473684210526,240.1578947368421,carrier_delay,late_aircraft_delay,nas_delay
ALB,12,95,6.557894736842106,-1.568421052631579,61,33.26229508196721,28.233333333333334,53,165.0566037735849,161.03846153846155,nas_delay,carrier_delay,late_aircraft_delay
ALW,1,3,9.333333333333334,40.666666666666664,2,42.5,50.5,0,"","",canc_B,carrier_delay,late_aircraft_delay
ALW,2,3,1.0,7.666666666666667,0,"","",1,74.0,82.0,nas_delay,canc_B,late_aircraft_delay
ALW,3,1,4.0,1.0,1,44.0,44.0,0,"","",late_aircraft_delay,carrier_delay,Nessuna
ALW,4,2,6.5,4.5,0,"","",1,78.0,74.0,late_aircraft_delay,Nessuna,Nessuna
ALW,5,0,"","",0,"","",0,"","",Nessuna,Nessuna,Nessuna
ALW,6,3,5.666666666666667,1.3333333333333333,3,37.333333333333336,33.333333333333336,1,85.0,92.0,late_aircraft_delay,nas_delay,canc_C
ALW,7,3,6.666666666666667,2.6666666666666665,7,23.428571428571427,21.0,0,"","",late_aircraft_delay,nas_delay,carrier_delay
ALW,8,2,12.5,17.0,3,32.666666666666664,32.333333333333336,0,"","",late_aircraft_delay,nas_delay,canc_A
ALW,9,1,3.0,-1.0,2,46.5,40.0,0,"","",late_aircraft_delay,nas_delay,Nessuna
AMA,1,22,5.545454545454546,4.7272727272727275,23,29.956521739130434,26.434782608695652,8,163.0,166.375,nas_delay,late_aircraft_delay,carrier_delay
AMA,2,15,6.2,10.8,13,31.923076923076923,30.923076923076923,5,122.2,109.8,nas_delay,late_aircraft_delay,carrier_delay
AMA,3,17,6.352941176470588,2.2941176470588234,18,32.22222222222222,32.333333333333336,16,140.125,143.75,nas_delay,late_aircraft_delay,carrier_delay
AMA,4,13,6.615384615384615,5.461538461538462,15,32.6,24.333333333333332,10,104.7,115.9,late_aircraft_delay,nas_delay,carrier_delay
AMA,5,22,5.909090909090909,6.5,28,33.142857142857146,30.48148148148148,25,143.28,146.41666666666666,nas_delay,late_aircraft_delay,carrier_delay
AMA,6,26,6.3076923076923075,8.653846153846153,22,27.5,22.045454545454547,22,187.8181818181818,185.5,late_aircraft_delay,carrier_delay,nas_delay
AMA,7,27,6.555555555555555,7.518518518518518,29,35.41379310344828,34.206896551724135,12,182.16666666666666,180.33333333333334,late_aircraft_delay,nas_delay,carrier_delay
AMA,8,16,5.1875,0.125,26,33.46153846153846,30.96153846153846,15,136.46666666666667,131.86666666666667,late_aircraft_delay,carrier_delay,nas_delay
AMA,9,18,5.5,1.9444444444444444,19,30.842105263157894,31.05263157894737,9,93.33333333333333,93.22222222222223,nas_delay,late_aircraft_delay,carrier_delay
AMA,10,17,6.9411764705882355,4.411764705882353,19,30.736842105263158,25.473684210526315,4,122.0,112.0,late_aircraft_delay,nas_delay,carrier_delay
AMA,11,23,6.043478260869565,9.826086956521738,20,28.55,24.0,8,163.625,156.625,nas_delay,carrier_delay,late_aircraft_delay
AMA,12,20,7.25,0.05,18,32.94444444444444,24.0,16,187.3125,187.6875,late_aircraft_delay,carrier_delay,nas_delay
ANC,1,92,5.565217391304348,1.565217391304348,77,34.077922077922075,26.710526315789473,47,146.95744680851064,147.5531914893617,nas_delay,late_aircraft_delay,carrier_delay
ANC,2,67,5.82089552238806,2.1343283582089554,42,30.404761904761905,28.595238095238095,22,200.77272727272728,194.3181818181818,nas_delay,carrier_delay,late_aircraft_delay
ANC,3,77,6.779220779220779,-0.19480519480519481,74,33.0,26.06756756756757,38,148.1315789473684,144.97368421052633,carrier_delay,late_aircraft_delay,nas_delay
ANC,4,72,6.722222222222222,-2.6527777777777777,76,30.736842105263158,22.473684210526315,28,111.25,103.82142857142857,late_aircraft_delay,nas_delay,carrier_delay
ANC,5,126,6.142857142857143,1.007936507936508,93,32.1505376344086,22.77173913043478,25,156.56,143.96,late_aircraft_delay,carrier_delay,nas_delay
ANC,6,165,6.703030303030303,2.4060606060606062,134,30.80597014925373,27.574626865671643,35,127.68571428571428,124.31428571428572,nas_delay,carrier_delay,late_aircraft_delay
ANC,7,213,6.483568075117371,2.9624413145539905,187,31.240641711229948,27.32620320855615,52,154.90384615384616,149.90196078431373,carrier_delay,nas_delay,late_aircraft_delay
ANC,8,230,6.021739130434782,-0.8596491228070176,156,28.903846153846153,23.045161290322582,48,168.20833333333334,157.65217391304347,carrier_delay,late_aircraft_delay,nas_delay
ANC,9,130,5.892307692307693,-0.13846153846153847,83,28.927710843373493,19.879518072289155,23,161.2608695652174,151.1304347826087,carrier_delay,nas_delay,late_aircraft_delay
ANC,10,102,6.313725490196078,1.0588235294117647,54,27.12962962962963,25.62962962962963,22,141.0,146.5,nas_delay,carrier_delay,late_aircraft_delay
ANC,11,81,5.592592592592593,-3.0617283950617282,56,32.089285714285715,25.928571428571427,10,109.5,97.2,nas_delay,carrier_delay,late_aircraft_delay
ANC,12,85,5.91764705882353,-0.7058823529411765,48,25.541666666666668,18.8125,16,211.375,201.875,nas_delay,carrier_delay,late_aircraft_delay
APN,1,1,9.0,-7.0,2,39.5,40.0,2,127.0,112.5,canc_B,weather_delay,nas_delay
APN,2,0,"","",1,40.0,56.0,3,101.33333333333333,106.66666666666667,weather_delay,nas_delay,Nessuna
APN,3,1,1.0,-12.0,1,19.0,1.0,0,"","",Nessuna,Nessuna,Nessuna
APN,4,0,"","",0,"","",2,315.5,315.5,weather_delay,carrier_delay,nas_delay
APN,5,1,3.0,22.0,2,20.5,16.0,2,73.0,72.5,nas_delay,carrier_delay,weather_delay
APN,6,4,2.75,-1.5,0,"","",4,246.5,238.75,weather_delay,carrier_delay,nas_delay
APN,7,1,2.0,-12.0,4,47.0,40.5,4,163.0,156.5,carrier_delay,canc_B,nas_delay
APN,8,2,4.0,-2.0,1,55.0,46.0,5,158.0,154.0,carrier_delay,nas_delay,weather_delay
APN,9,0,"","",1,48.0,43.0,1,179.0,178.0,carrier_delay,weather_delay,Nessuna
APN,10,2,4.5,-7.5,0,"","",1,87.0,75.0,nas_delay,Nessuna,Nessuna
APN,11,4,9.75,3.0,1,29.0,34.0,3,143.33333333333334,131.0,carrier_delay,nas_delay,Nessuna
APN,12,4,8.75,0.0,8,40.375,32.875,6,196.5,194.5,carrier_delay,nas_delay,Nessuna
ASE,1,66,6.378787878787879,0.7121212121212122,90,33.68888888888889,26.788888888888888,69,170.85507246376812,164.04347826086956,nas_delay,canc_B,late_aircraft_delay
ASE,2,49,6.469387755102041,3.2448979591836733,80,32.45,22.1125,84,170.83333333333334,163.03571428571428,nas_delay,late_aircraft_delay,canc_B
ASE,3,44,7.4772727272727275,2.9302325581395348,106,34.06603773584906,25.990291262135923,85,152.81176470588235,151.3975903614458,nas_delay,weather_delay,canc_B
ASE,4,22,6.545454545454546,8.045454545454545,31,34.70967741935484,29.928571428571427,21,192.23809523809524,195.94444444444446,carrier_delay,nas_delay,canc_B
ASE,5,4,6.75,0.5,11,31.0,26.727272727272727,18,137.83333333333334,134.11111111111111,nas_delay,carrier_delay,weather_delay
ASE,6,25,7.32,2.5833333333333335,41,33.65853658536585,31.15,33,157.6060606060606,153.65625,carrier_delay,nas_delay,weather_delay
ASE,7,37,6.351351351351352,9.444444444444445,48,36.625,37.26086956521739,33,223.4848484848485,222.24242424242425,nas_delay,carrier_delay,weather_delay
ASE,8,31,7.967741935483871,7.032258064516129,54,32.851851851851855,30.11320754716981,40,157.575,159.48717948717947,carrier_delay,nas_delay,late_aircraft_delay
ASE,9,16,6.3125,4.333333333333333,30,38.766666666666666,33.58620689655172,47,162.4255319148936,163.55555555555554,carrier_delay,nas_delay,weather_delay
ASE,10,18,4.777777777777778,3.1666666666666665,25,34.36,29.083333333333332,18,143.0,131.88888888888889,carrier_delay,nas_delay,late_aircraft_delay
ASE,11,11,5.181818181818182,0.09090909090909091,20,32.95,34.45,29,136.93103448275863,138.53571428571428,nas_delay,carrier_delay,canc_B
ASE,12,35,7.771428571428571,0.45714285714285713,60,37.13333333333333,31.083333333333332,79,205.16455696202533,205.02564102564102,nas_delay,canc_B,carrier_delay
ATL,1,2114,6.144749290444655,1.4843453510436433,1882,31.47290116896918,26.543663471778487,821,148.54323995127893,143.4777777777778,carrier_delay,nas_delay,late_aircraft_delay
ATL,2,1781,5.854014598540146,1.3414084507042254,1113,29.251572327044027,24.088948787061994,318,135.81446540880503,129.2797427652733,carrier_delay,nas_delay,late_aircraft_delay
ATL,3,2208,6.165760869565218,1.430517711171662,1988,31.004024144869216,26.444276348966213,727,130.5639614855571,126.78333333333333,carrier_delay,nas_delay,late_aircraft_delay
ATL,4,2282,6.043382997370728,2.992973210364515,1787,30.73307218802462,27.059517125210554,697,127.1377331420373,124.65797101449276,carrier_delay,nas_delay,late_aircraft_delay
ATL,5,2605,6.401151631477927,4.824980724749421,2484,31.68196457326892,31.566532258064516,1340,133.85298507462687,134.27915726109856,carrier_delay,nas_delay,late_aircraft_delay
ATL,6,2505,6.326946107784432,1.4921780986762936,2214,30.796747967479675,25.881632653061224,916,133.19323144104803,128.6081677704194,carrier_delay,nas_delay,late_aircraft_delay
ATL,7,2346,6.446291560102302,4.295376712328767,2777,33.166726683471374,32.4503430841459,2318,155.6108714408973,155.7238838318162,carrier_delay,nas_delay,late_aircraft_delay
ATL,8,2218,6.0432822362488725,1.460425146992311,2006,31.777168494516452,27.5495,975,136.99179487179487,133.55384615384617,carrier_delay,nas_delay,late_aircraft_delay
ATL,9,2185,6.122196796338673,1.7850595783684693,1562,30.908450704225352,26.85109114249037,603,136.03648424543948,131.495,carrier_delay,nas_delay,late_aircraft_delay
ATL,10,2211,6.010402532790592,-0.34495246717971934,1349,29.87991104521868,23.233110616184113,380,136.43421052631578,128.9708222811671,carrier_delay,nas_delay,late_aircraft_delay
ATL,11,2043,6.092511013215859,2.0112689857912787,1404,29.736467236467238,25.215868477483916,430,124.42558139534884,122.09624413145539,carrier_delay,nas_delay,late_aircraft_delay
ATL,12,2756,6.2144412191582,1.5554747180793016,2313,31.091655858192823,26.541666666666668,883,133.14949037372594,128.10321100917432,carrier_delay,nas_delay,late_aircraft_delay
ATW,1,33,6.878787878787879,8.212121212121213,23,30.695652173913043,28.608695652173914,25,236.52,223.88,nas_delay,carrier_delay,weather_delay
ATW,2,14,5.714285714285714,-6.428571428571429,15,32.4,24.866666666666667,20,273.15,257.1,carrier_delay,nas_delay,late_aircraft_delay
ATW,3,22,7.045454545454546,4.318181818181818,29,29.448275862068964,25.137931034482758,11,254.1818181818182,242.54545454545453,nas_delay,carrier_delay,late_aircraft_delay
ATW,4,18,6.0,3.0,20,31.85,24.35,19,316.4736842105263,324.7894736842105,carrier_delay,nas_delay,late_aircraft_delay
ATW,5,24,6.375,2.9166666666666665,20,31.9,33.0,23,179.82608695652175,177.34782608695653,nas_delay,late_aircraft_delay,carrier_delay
ATW,6,19,6.315789473684211,5.277777777777778,27,30.40740740740741,27.444444444444443,40,177.725,177.0,carrier_delay,nas_delay,late_aircraft_delay
ATW,7,31,6.096774193548387,6.451612903225806,32,33.21875,32.21875,22,121.86363636363636,130.0909090909091,carrier_delay,nas_delay,late_aircraft_delay
ATW,8,23,5.826086956521739,4.086956521739131,17,34.470588235294116,29.058823529411764,25,152.64,150.12,carrier_delay,nas_delay,late_aircraft_delay
ATW,9,21,5.238095238095238,6.428571428571429,22,35.0,27.954545454545453,16,130.0,128.1875,carrier_delay,late_aircraft_delay,nas_delay
ATW,10,30,6.9,-1.3793103448275863,13,31.846153846153847,23.615384615384617,17,149.52941176470588,140.35294117647058,carrier_delay,nas_delay,late_aircraft_delay
ATW,11,26,5.461538461538462,-2.769230769230769,28,33.07142857142857,26.607142857142858,19,223.05263157894737,220.73684210526315,carrier_delay,nas_delay,weather_delay
ATW,12,38,6.7368421052631575,4.973684210526316,37,34.32432432432432,30.555555555555557,37,181.64864864864865,176.43243243243242,carrier_delay,nas_delay,late_aircraft_delay
AUS,1,619,6.337641357027463,2.4919093851132685,595,30.756302521008404,26.483164983164983,260,169.72692307692307,167.19615384615383,late_aircraft_delay,carrier_delay,nas_delay
AUS,2,475,5.997894736842105,1.8459915611814346,311,30.122186495176848,26.04501607717042,124,143.48387096774192,139.09677419354838,nas_delay,late_aircraft_delay,carrier_delay
AUS,3,700,6.178571428571429,0.1742857142857143,612,31.01143790849673,25.72622950819672,271,142.49077490774908,138.98518518518517,late_aircraft_delay,nas_delay,carrier_delay
AUS,4,751,6.125166444740346,0.06391478029294274,590,30.228813559322035,24.480475382003394,254,141.53543307086613,138.3188976377953,late_aircraft_delay,carrier_delay,nas_delay
AUS,5,852,6.455399061032864,2.1593860684769774,831,32.415162454873645,29.595641646489103,520,182.16538461538462,180.64077669902912,late_aircraft_delay,carrier_delay,nas_delay
AUS,6,799,6.062578222778473,0.8544542032622334,742,31.28436657681941,25.095945945945946,330,143.36363636363637,136.59327217125383,late_aircraft_delay,carrier_delay,nas_delay
AUS,7,748,6.505347593582887,0.36193029490616624,823,31.82138517618469,26.342265529841658,461,164.26247288503254,159.0086956521739,late_aircraft_delay,carrier_delay,nas_delay
AUS,8,559,5.894454382826476,-1.7043010752688172,445,31.471910112359552,26.004545454545454,232,179.04741379310346,170.36796536796535,late_aircraft_delay,carrier_delay,nas_delay
AUS,9,540,5.807407407407408,0.9407407407407408,345,29.298550724637682,23.21511627906977,108,151.62037037037038,145.57009345794393,nas_delay,late_aircraft_delay,carrier_delay
AUS,10,606,5.742574257425742,0.5421487603305785,383,30.099216710182766,24.37270341207349,131,141.45801526717557,135.48461538461538,late_aircraft_delay,carrier_delay,nas_delay
AUS,11,645,6.074418604651163,-0.2372093023255814,379,29.6754617414248,23.95250659630607,152,148.11184210526315,142.71052631578948,late_aircraft_delay,carrier_delay,nas_delay
AUS,12,680,6.025,-0.8952802359882006,512,31.482421875,24.43248532289628,276,158.90942028985506,154.3018181818182,late_aircraft_delay,carrier_delay,nas_delay
AVL,1,55,6.2,3.272727272727273,57,30.385964912280702,29.19298245614035,32,140.90625,136.4375,nas_delay,late_aircraft_delay,carrier_delay
AVL,2,43,6.0,-1.5116279069767442,28,28.178571428571427,23.25,10,320.4,322.5,nas_delay,late_aircraft_delay,carrier_delay
AVL,3,50,5.4,-1.183673469387755,43,33.325581395348834,28.302325581395348,30,151.13333333333333,151.1,nas_delay,late_aircraft_delay,carrier_delay
AVL,4,72,6.986111111111111,2.7777777777777777,64,32.015625,28.015625,29,139.41379310344828,132.89655172413794,nas_delay,late_aircraft_delay,carrier_delay
AVL,5,95,6.557894736842106,2.797872340425532,84,31.94047619047619,29.166666666666668,56,167.69642857142858,166.98214285714286,late_aircraft_delay,nas_delay,carrier_delay
AVL,6,138,6.398550724637682,3.601449275362319,110,30.472727272727273,26.214953271028037,67,167.0,168.4,late_aircraft_delay,nas_delay,carrier_delay
AVL,7,107,7.093457943925234,5.5607476635514015,146,31.602739726027398,29.807142857142857,93,148.5483870967742,150.29347826086956,late_aircraft_delay,carrier_delay,nas_delay
AVL,8,82,6.414634146341464,4.158536585365853,110,31.4,30.145454545454545,63,185.5873015873016,188.25396825396825,nas_delay,late_aircraft_delay,carrier_delay
AVL,9,121,5.950413223140496,1.9256198347107438,78,29.512820512820515,23.256410256410255,37,151.48648648648648,147.02702702702703,late_aircraft_delay,nas_delay,carrier_delay
AVL,10,57,5.385964912280702,-0.08771929824561403,40,29.525,23.45,38,159.0,146.0,late_aircraft_delay,nas_delay,carrier_delay
AVL,11,59,5.661016949152542,4.305084745762712,32,32.46875,27.34375,22,159.8181818181818,151.9090909090909,nas_delay,late_aircraft_delay,carrier_delay
AVL,12,45,7.022222222222222,0.9111111111111111,50,30.98,24.02,42,156.9047619047619,146.82926829268294,carrier_delay,late_aircraft_delay,nas_delay
AVP,1,6,5.833333333333333,-0.8333333333333334,5,40.2,41.8,12,290.9166666666667,285.9166666666667,late_aircraft_delay,nas_delay,carrier_delay
AVP,2,7,6.0,-11.142857142857142,4,32.75,18.5,4,150.0,139.0,late_aircraft_delay,nas_delay,carrier_delay
AVP,3,4,6.0,2.25,4,32.5,33.25,5,257.8,236.0,carrier_delay,nas_delay,late_aircraft_delay
AVP,4,5,7.8,5.0,6,37.333333333333336,37.833333333333336,5,128.2,118.6,carrier_delay,nas_delay,late_aircraft_delay
AVP,5,12,6.333333333333333,2.8333333333333335,16,31.1875,27.6875,13,155.92307692307693,154.6153846153846,late_aircraft_delay,carrier_delay,nas_delay
AVP,6,8,8.125,-7.375,10,30.9,24.0,9,101.44444444444444,100.22222222222223,late_aircraft_delay,carrier_delay,nas_delay
AVP,7,13,5.846153846153846,1.5384615384615385,7,31.571428571428573,29.285714285714285,14,278.14285714285717,267.0,late_aircraft_delay,carrier_delay,nas_delay
AVP,8,5,8.8,21.6,9,35.0,39.22222222222222,9,140.22222222222223,136.66666666666666,late_aircraft_delay,nas_delay,carrier_delay
AVP,9,7,4.0,-6.714285714285714,2,26.5,46.5,4,379.25,365.25,late_aircraft_delay,nas_delay,carrier_delay
AVP,10,7,7.714285714285714,6.714285714285714,3,29.666666666666668,27.0,0,"","",nas_delay,carrier_delay,late_aircraft_delay
AVP,11,7,5.285714285714286,5.0,6,23.666666666666668,10.666666666666666,3,229.66666666666666,245.0,late_aircraft_delay,nas_delay,carrier_delay
AVP,12,6,7.0,-4.166666666666667,4,36.5,45.5,6,152.66666666666666,148.16666666666666,late_aircraft_delay,nas_delay,carrier_delay
AZA,1,25,5.48,-3.8,26,33.11538461538461,28.76923076923077,12,145.58333333333334,146.0909090909091,nas_delay,carrier_delay,late_aircraft_delay
AZA,2,22,6.7272727272727275,-1.8636363636363635,12,30.75,20.25,3,146.33333333333334,136.66666666666666,nas_delay,carrier_delay,late_aircraft_delay
AZA,3,37,6.72972972972973,-2.138888888888889,22,30.818181818181817,22.727272727272727,7,334.2857142857143,332.7142857142857,carrier_delay,late_aircraft_delay,nas_delay
AZA,4,23,5.478260869565218,-0.6521739130434783,13,23.615384615384617,13.076923076923077,2,81.0,78.0,nas_delay,late_aircraft_delay,carrier_delay
AZA,5,22,6.454545454545454,0.7727272727272727,19,30.05263157894737,27.36842105263158,5,85.2,76.6,carrier_delay,late_aircraft_delay,nas_delay
AZA,6,23,6.478260869565218,0.0,27,29.22222222222222,28.62962962962963,16,220.625,220.625,carrier_delay,nas_delay,late_aircraft_delay
AZA,7,40,6.325,7.125,38,29.342105263157894,30.324324324324323,23,145.65217391304347,150.2173913043478,carrier_delay,nas_delay,late_aircraft_delay
AZA,8,19,6.105263157894737,3.2222222222222223,35,35.542857142857144,32.285714285714285,7,99.85714285714286,102.71428571428571,carrier_delay,nas_delay,late_aircraft_delay
AZA,9,23,6.956521739130435,2.9565217391304346,15,34.6,30.066666666666666,9,103.66666666666667,100.44444444444444,carrier_delay,late_aircraft_delay,nas_delay
AZA,10,35,6.142857142857143,2.0285714285714285,13,29.384615384615383,22.46153846153846,4,78.75,77.33333333333333,carrier_delay,nas_delay,late_aircraft_delay
AZA,11,33,7.393939393939394,-3.787878787878788,21,26.80952380952381,20.714285714285715,11,136.54545454545453,133.1818181818182,late_aircraft_delay,nas_delay,carrier_delay
AZA,12,49,6.551020408163265,3.9591836734693877,46,31.847826086956523,27.804347826086957,23,177.56521739130434,177.56521739130434,nas_delay,late_aircraft_delay,carrier_delay
AZO,1,3,5.333333333333333,5.666666666666667,7,36.857142857142854,29.571428571428573,6,153.16666666666666,140.83333333333334,carrier_delay,weather_delay,canc_B
AZO,2,2,7.5,24.5,1,56.0,50.0,1,128.0,136.0,carrier_delay,nas_delay,weather_delay
AZO,3,2,7.5,8.5,1,27.0,14.0,1,88.0,100.0,carrier_delay,nas_delay,Nessuna
AZO,4,0,"","",2,24.0,32.0,1,107.0,92.0,carrier_delay,weather_delay,nas_delay
AZO,5,5,6.8,6.0,1,16.0,14.0,2,149.0,137.0,carrier_delay,nas_delay,canc_B
AZO,6,7,5.857142857142857,3.5714285714285716,0,"","",3,151.0,144.0,carrier_delay,nas_delay,weather_delay
AZO,7,2,5.5,5.5,4,27.75,15.0,4,222.0,214.0,carrier_delay,Nessuna,Nessuna
AZO,8,6,6.0,-0.3333333333333333,2,30.5,18.5,5,121.8,115.4,carrier_delay,canc_B,Nessuna
AZO,9,1,2.0,2.0,2,36.0,29.5,4,145.25,147.0,carrier_delay,nas_delay,weather_delay
AZO,10,2,5.0,1.0,2,36.0,29.5,2,87.5,75.5,carrier_delay,Nessuna,Nessuna
AZO,11,1,5.0,-20.0,4,47.25,41.75,6,177.16666666666666,176.5,carrier_delay,weather_delay,nas_delay
AZO,12,4,7.25,6.75,1,29.0,34.0,2,154.0,175.5,carrier_delay,nas_delay,canc_B
BDL,1,136,6.169117647058823,2.5555555555555554,108,29.74074074074074,27.5,61,206.0327868852459,215.75,nas_delay,late_aircraft_delay,carrier_delay
BDL,2,158,5.981012658227848,-3.981012658227848,85,27.470588235294116,15.654761904761905,40,162.275,152.5,nas_delay,late_aircraft_delay,carrier_delay
BDL,3,119,5.680672268907563,-1.0932203389830508,106,30.367924528301888,23.10377358490566,70,159.0,155.5857142857143,late_aircraft_delay,nas_delay,carrier_delay
BDL,4,168,6.589285714285714,-1.744047619047619,102,31.098039215686274,23.99019607843137,59,189.42372881355934,188.41379310344828,late_aircraft_delay,nas_delay,carrier_delay
BDL,5,162,6.382716049382716,-0.39751552795031053,135,29.362962962962964,23.37313432835821,87,184.33333333333334,182.8505747126437,late_aircraft_delay,nas_delay,carrier_delay
BDL,6,150,6.1866666666666665,-0.3624161073825503,141,33.354609929078016,33.05072463768116,89,159.4943820224719,157.80898876404495,late_aircraft_delay,nas_delay,carrier_delay
BDL,7,160,6.2125,5.0875,155,33.20645161290322,30.625806451612902,106,138.89622641509433,135.26415094339623,carrier_delay,late_aircraft_delay,nas_delay
BDL,8,181,6.1602209944751385,3.061111111111111,154,32.09090909090909,28.61842105263158,84,136.8452380952381,135.80722891566265,late_aircraft_delay,nas_delay,carrier_delay
BDL,9,132,6.492424242424242,0.3787878787878788,101,30.336633663366335,21.77,33,159.75757575757575,155.33333333333334,late_aircraft_delay,carrier_delay,nas_delay
BDL,10,162,6.265432098765432,-3.3580246913580245,100,28.31,16.75,31,186.51612903225808,171.51612903225808,carrier_delay,late_aircraft_delay,nas_delay
BDL,11,157,5.936305732484076,-3.7197452229299364,101,28.95049504950495,21.396039603960396,33,163.75757575757575,155.87878787878788,carrier_delay,late_aircraft_delay,nas_delay
BDL,12,204,5.857843137254902,-0.18226600985221675,138,29.717391304347824,24.659420289855074,76,159.35526315789474,155.1578947368421,nas_delay,carrier_delay,late_aircraft_delay
BET,1,5,7.8,8.4,7,28.857142857142858,34.857142857142854,3,95.33333333333333,97.33333333333333,security_delay,late_aircraft_delay,nas_delay
BET,2,7,5.714285714285714,5.428571428571429,5,40.2,50.8,2,90.5,92.5,nas_delay,security_delay,late_aircraft_delay
BET,3,8,4.875,7.75,10,22.8,21.5,5,147.2,147.2,security_delay,nas_delay,late_aircraft_delay
BET,4,12,7.75,9.833333333333334,3,40.333333333333336,40.666666666666664,2,87.5,90.5,nas_delay,late_aircraft_delay,security_delay
BET,5,12,6.833333333333333,8.0,7,26.571428571428573,23.857142857142858,0,"","",nas_delay,security_delay,late_aircraft_delay
BET,6,3,5.333333333333333,10.666666666666666,5,28.2,34.6,1,158.0,196.0,nas_delay,security_delay,late_aircraft_delay
BET,7,8,4.625,12.125,7,29.571428571428573,28.714285714285715,0,"","",late_aircraft_delay,nas_delay,security_delay
BET,8,9,6.888888888888889,8.444444444444445,3,41.333333333333336,40.333333333333336,3,164.33333333333334,169.0,late_aircraft_delay,nas_delay,carrier_delay
BET,9,3,3.3333333333333335,5.666666666666667,2,21.5,24.0,1,94.0,101.0,nas_delay,carrier_delay,security_delay
BET,10,5,5.8,6.2,6,28.0,29.833333333333332,2,69.5,79.0,nas_delay,late_aircraft_delay,carrier_delay
BET,11,7,2.142857142857143,1.4285714285714286,1,26.0,18.0,2,96.0,99.0,nas_delay,carrier_delay,canc_B
BET,12,6,7.0,13.166666666666666,7,27.0,30.285714285714285,1,66.0,72.0,nas_delay,late_aircraft_delay,carrier_delay
BFF,1,1,3.0,12.0,0,"","",1,379.0,399.0,nas_delay,canc_B,late_aircraft_delay
BFF,2,0,"","",2,45.0,34.5,2,156.0,155.5,carrier_delay,late_aircraft_delay,weather_delay
BFF,3,0,"","",0,"","",1,108.0,111.0,weather_delay,nas_delay,canc_B
BFF,4,1,13.0,28.0,3,27.0,40.333333333333336,0,"","",nas_delay,late_aircraft_delay,canc_B
BFF,5,1,3.0,-4.0,1,55.0,38.0,1,71.0,53.0,nas_delay,late_aircraft_delay,weather_delay
BFF,6,1,2.0,-9.0,3,37.333333333333336,35.333333333333336,1,76.0,77.0,late_aircraft_delay,nas_delay,canc_B
BFF,7,1,4.0,-7.0,1,25.0,9.0,3,321.6666666666667,322.3333333333333,carrier_delay,late_aircraft_delay,nas_delay
BFF,8,2,6.0,-4.0,0,"","",4,122.25,112.5,late_aircraft_delay,nas_delay,carrier_delay
BFF,9,1,3.0,5.0,1,40.0,20.0,1,141.0,144.0,nas_delay,carrier_delay,canc_B
BFF,10,0,"","",0,"","",4,99.75,85.75,late_aircraft_delay,carrier_delay,canc_C
BFF,11,1,10.0,6.0,1,45.0,48.0,2,128.0,124.0,carrier_delay,nas_delay,canc_B
BFF,12,1,11.0,4.0,2,25.0,31.0,0,"","",carrier_delay,nas_delay,Nessuna
BFL,1,4,3.25,-6.75,9,37.666666666666664,35.888888888888886,5,258.6,254.2,carrier_delay,late_aircraft_delay,nas_delay
BFL,2,3,3.6666666666666665,-4.0,7,31.428571428571427,33.285714285714285,4,205.25,197.5,nas_delay,carrier_delay,late_aircraft_delay
BFL,3,7,6.714285714285714,0.7142857142857143,4,19.5,4.25,5,305.0,302.6,nas_delay,carrier_delay,late_aircraft_delay
BFL,4,4,8.25,3.75,10,29.0,23.0,4,123.75,133.33333333333334,carrier_delay,nas_delay,weather_delay
BFL,5,9,5.444444444444445,1.2222222222222223,9,26.22222222222222,20.666666666666668,11,199.36363636363637,194.8181818181818,nas_delay,carrier_delay,late_aircraft_delay
BFL,6,12,5.833333333333333,15.416666666666666,10,38.6,40.111111111111114,7,145.57142857142858,142.85714285714286,late_aircraft_delay,nas_delay,carrier_delay
BFL,7,11,5.545454545454546,2.5454545454545454,5,37.6,34.2,9,136.44444444444446,131.0,late_aircraft_delay,nas_delay,carrier_delay
BFL,8,14,5.428571428571429,0.9285714285714286,8,29.625,37.285714285714285,6,149.16666666666666,151.83333333333334,nas_delay,carrier_delay,late_aircraft_delay
BFL,9,5,6.6,8.4,8,35.625,24.875,3,164.66666666666666,160.0,carrier_delay,nas_delay,late_aircraft_delay
BFL,10,13,4.538461538461538,-4.3076923076923075,11,31.818181818181817,22.0,3,227.66666666666666,209.0,carrier_delay,late_aircraft_delay,nas_delay
BFL,11,9,4.666666666666667,0.2222222222222222,12,38.833333333333336,32.0,6,152.5,150.0,carrier_delay,nas_delay,late_aircraft_delay
BFL,12,11,6.7272727272727275,-2.090909090909091,9,38.44444444444444,39.888888888888886,9,154.11111111111111,147.66666666666666,carrier_delay,nas_delay,late_aircraft_delay
BGM,1,2,6.5,-10.0,0,"","",1,107.0,153.0,nas_delay,late_aircraft_delay,carrier_delay
BGM,2,0,"","",1,28.0,127.0,0,"","",nas_delay,carrier_delay,Nessuna
BGM,3,3,1.6666666666666667,-3.6666666666666665,0,"","",2,725.0,696.0,carrier_delay,nas_delay,late_aircraft_delay
BGM,4,3,4.666666666666667,1.6666666666666667,1,18.0,22.0,0,"","",carrier_delay,nas_delay,Nessuna
BGM,5,1,3.0,-8.0,1,29.0,14.0,2,231.0,239.0,nas_delay,carrier_delay,late_aircraft_delay
BGM,6,2,9.0,10.0,0,"","",1,316.0,327.0,nas_delay,carrier_delay,Nessuna
BGM,7,1,13.0,0.0,1,45.0,44.0,2,353.5,348.5,carrier_delay,canc_A,Nessuna
BGM,8,2,6.0,14.5,1,33.0,23.0,0,"","",nas_delay,canc_C,carrier_delay
BGM,9,1,14.0,6.0,0,"","",0,"","",Nessuna,Nessuna,Nessuna
BGM,10,2,4.5,7.0,0,"","",0,"","",Nessuna,Nessuna,Nessuna
BGM,11,0,"","",1,30.0,19.0,1,182.0,187.0,carrier_delay,late_aircraft_delay,nas_delay
BGM,12,1,5.0,-22.0,2,43.0,98.0,1,169.0,145.0,late_aircraft_delay,nas_delay,carrier_delay
BGR,1,8,5.75,-1.375,16,30.0,22.875,8,176.0,183.125,nas_delay,late_aircraft_delay,carrier_delay
BGR,2,8,5.125,0.125,11,29.0,20.727272727272727,6,117.33333333333333,113.66666666666667,nas_delay,late_aircraft_delay,carrier_delay
BGR,3,10,6.0,-8.1,9,31.666666666666668,35.22222222222222,8,288.25,283.875,nas_delay,carrier_delay,late_aircraft_delay
BGR,4,8,6.25,0.125,11,30.727272727272727,37.54545454545455,6,151.33333333333334,146.83333333333334,nas_delay,late_aircraft_delay,carrier_delay
BGR,5,14,7.142857142857143,3.142857142857143,4,28.0,23.0,11,133.36363636363637,128.63636363636363,nas_delay,carrier_delay,late_aircraft_delay
BGR,6,22,6.681818181818182,6.863636363636363,36,36.97222222222222,37.0,29,172.17241379310346,161.5,nas_delay,late_aircraft_delay,carrier_delay
BGR,7,45,5.4222222222222225,-1.0666666666666667,42,32.5,34.829268292682926,32,168.0625,166.75,nas_delay,late_aircraft_delay,carrier_delay
BGR,8,45,6.822222222222222,6.954545454545454,42,33.88095238095238,34.07142857142857,26,208.15384615384616,208.23076923076923,nas_delay,late_aircraft_delay,carrier_delay
BGR,9,22,4.863636363636363,0.13636363636363635,19,29.63157894736842,21.105263157894736,12,127.66666666666667,122.66666666666667,late_aircraft_delay,carrier_delay,nas_delay
BGR,10,24,6.375,-5.0,23,30.782608695652176,21.869565217391305,13,232.30769230769232,224.3846153846154,carrier_delay,late_aircraft_delay,nas_delay
BGR,11,12,4.75,-6.083333333333333,6,27.5,16.333333333333332,3,122.33333333333333,126.33333333333333,nas_delay,late_aircraft_delay,carrier_delay
BGR,12,12,4.833333333333333,-6.166666666666667,11,32.0,24.454545454545453,14,188.14285714285714,186.15384615384616,late_aircraft_delay,nas_delay,carrier_delay
BHM,1,70,5.9,2.8285714285714287,57,29.736842105263158,24.596491228070175,68,147.33823529411765,143.36764705882354,late_aircraft_delay,nas_delay,carrier_delay
BHM,2,71,6.028169014084507,1.8309859154929577,49,28.6734693877551,23.26530612244898,25,148.84,145.28,late_aircraft_delay,nas_delay,carrier_delay
BHM,3,87,6.0344827586206895,0.9310344827586207,74,29.04054054054054,23.986486486486488,38,151.18421052631578,149.45945945945945,late_aircraft_delay,nas_delay,carrier_delay
BHM,4,105,6.6380952380952385,2.5428571428571427,77,31.857142857142858,30.25,36,146.38888888888889,144.52777777777777,late_aircraft_delay,nas_delay,carrier_delay
BHM,5,98,6.387755102040816,2.7653061224489797,104,33.01923076923077,32.66346153846154,102,163.87254901960785,161.35643564356437,late_aircraft_delay,carrier_delay,nas_delay
BHM,6,118,5.838983050847458,1.4406779661016949,97,32.30927835051546,26.288659793814432,48,155.72916666666666,155.70833333333334,late_aircraft_delay,nas_delay,carrier_delay
BHM,7,111,5.828828828828829,4.099099099099099,132,32.68181818181818,31.06153846153846,83,148.9156626506024,145.51807228915663,late_aircraft_delay,carrier_delay,nas_delay
BHM,8,106,6.349056603773585,2.0095238095238095,66,29.560606060606062,25.87878787878788,45,211.22222222222223,205.2,late_aircraft_delay,carrier_delay,nas_delay
BHM,9,105,5.59047619047619,2.4857142857142858,72,30.0,27.569444444444443,29,127.41379310344827,124.71428571428571,nas_delay,late_aircraft_delay,carrier_delay
BHM,10,103,5.689320388349515,0.7669902912621359,53,30.18867924528302,24.132075471698112,22,159.45454545454547,152.1818181818182,nas_delay,carrier_delay,late_aircraft_delay
BHM,11,99,5.959595959595959,3.080808080808081,49,30.816326530612244,25.571428571428573,37,227.83783783783784,225.45945945945945,carrier_delay,nas_delay,late_aircraft_delay
BHM,12,142,5.894366197183099,0.5422535211267606,98,31.459183673469386,23.783505154639176,62,136.75806451612902,131.41666666666666,carrier_delay,late_aircraft_delay,nas_delay
BIH,1,1,1.0,-15.0,3,36.666666666666664,39.0,4,92.5,78.75,late_aircraft_delay,carrier_delay,canc_B
BIH,2,6,4.333333333333333,0.8333333333333334,9,35.77777777777778,34.0,5,123.8,109.6,nas_delay,late_aircraft_delay,canc_B
BIH,3,2,5.0,29.0,5,37.2,28.0,1,90.0,150.0,nas_delay,late_aircraft_delay,canc_C
BIH,4,0,"","",1,48.0,41.0,0,"","",late_aircraft_delay,Nessuna,Nessuna
BIH,7,0,"","",0,"","",3,235.0,211.66666666666666,late_aircraft_delay,Nessuna,Nessuna
BIH,8,0,"","",0,"","",0,"","",Nessuna,Nessuna,Nessuna
BIH,9,0,"","",0,"","",2,75.0,62.0,late_aircraft_delay,Nessuna,Nessuna
BIH,10,0,"","",0,"","",0,"","",Nessuna,Nessuna,Nessuna
BIH,12,0,"","",1,28.0,13.0,3,129.66666666666666,126.0,nas_delay,late_aircraft_delay,Nessuna
BIL,1,13,5.769230769230769,19.153846153846153,13,31.846153846153847,35.0,12,107.91666666666667,136.66666666666666,nas_delay,weather_delay,late_aircraft_delay
BIL,2,10,8.2,18.4,7,30.142857142857142,54.714285714285715,2,74.5,106.0,nas_delay,carrier_delay,late_aircraft_delay
BIL,3,12,7.75,-1.1666666666666667,6,23.333333333333332,24.666666666666668,8,207.5,214.0,nas_delay,carrier_delay,late_aircraft_delay
BIL,4,10,6.0,5.1,11,38.27272727272727,35.18181818181818,5,169.0,165.4,nas_delay,late_aircraft_delay,carrier_delay
BIL,5,11,5.0,0.5454545454545454,10,35.3,34.9,19,230.6315789473684,227.57894736842104,carrier_delay,nas_delay,late_aircraft_delay
BIL,6,16,6.8125,10.0625,19,30.63157894736842,29.63157894736842,15,149.6,151.6,late_aircraft_delay,nas_delay,carrier_delay
BIL,7,20,6.15,0.85,22,32.36363636363637,27.571428571428573,17,101.70588235294117,95.6470588235294,late_aircraft_delay,nas_delay,carrier_delay
BIL,8,21,6.523809523809524,6.714285714285714,15,34.4,36.46666666666667,8,76.625,72.5,carrier_delay,nas_delay,late_aircraft_delay
BIL,9,14,5.0,2.9285714285714284,8,35.125,31.25,6,272.5,266.1666666666667,carrier_delay,nas_delay,late_aircraft_delay
BIL,10,14,6.142857142857143,4.5,9,25.444444444444443,39.44444444444444,9,192.77777777777777,193.55555555555554,nas_delay,late_aircraft_delay,carrier_delay
BIL,11,13,6.076923076923077,3.230769230769231,14,29.428571428571427,27.428571428571427,10,168.6,174.1,nas_delay,carrier_delay,late_aircraft_delay
BIL,12,10,6.0,1.6,13,30.384615384615383,21.923076923076923,7,122.71428571428571,107.42857142857143,carrier_delay,nas_delay,late_aircraft_delay
BIS,1,20,6.35,0.0,21,25.285714285714285,25.714285714285715,7,191.14285714285714,185.0,nas_delay,carrier_delay,weather_delay
BIS,2,15,5.6,-4.666666666666667,16,30.6875,20.0625,9,125.77777777777777,132.11111111111111,carrier_delay,nas_delay,weather_delay
BIS,3,15,7.6,0.06666666666666667,12,30.75,21.666666666666668,6,109.83333333333333,99.83333333333333,nas_delay,late_aircraft_delay,carrier_delay
BIS,4,18,5.277777777777778,-5.277777777777778,10,29.8,16.4,5,116.4,129.2,carrier_delay,late_aircraft_delay,nas_delay
BIS,5,22,6.363636363636363,-3.090909090909091,10,30.0,20.2,13,102.6923076923077,98.91666666666667,nas_delay,carrier_delay,weather_delay
BIS,6,27,5.7407407407407405,9.925925925925926,18,35.27777777777778,38.72222222222222,16,144.0625,146.875,nas_delay,carrier_delay,late_aircraft_delay
BIS,7,31,6.935483870967742,5.32258064516129,13,25.23076923076923,31.846153846153847,18,152.0,151.77777777777777,nas_delay,carrier_delay,late_aircraft_delay
BIS,8,21,7.476190476190476,1.0,14,36.357142857142854,40.42857142857143,7,129.28571428571428,122.42857142857143,nas_delay,carrier_delay,late_aircraft_delay
BIS,9,20,4.5,-4.95,15,31.6,21.266666666666666,4,125.25,75.0,nas_delay,carrier_delay,weather_delay
BIS,10,24,5.791666666666667,-8.25,10,30.7,17.7,6,93.0,84.66666666666667,carrier_delay,late_aircraft_delay,nas_delay
BIS,11,28,5.678571428571429,1.6071428571428572,18,27.0,31.77777777777778,16,183.75,176.8125,carrier_delay,nas_delay,late_aircraft_delay
BIS,12,31,6.032258064516129,1.064516129032258,23,31.608695652173914,31.5,24,172.16666666666666,165.79166666666666,carrier_delay,nas_delay,late_aircraft_delay
BJI,1,2,9.5,10.0,6,33.166666666666664,27.833333333333332,3,103.66666666666667,95.33333333333333,carrier_delay,nas_delay,weather_delay
BJI,2,1,3.0,1.0,0,"","",1,76.0,58.0,canc_B,weather_delay,Nessuna
BJI,3,1,4.0,-20.0,2,38.0,41.0,2,107.0,98.5,carrier_delay,weather_delay,canc_B
BJI,4,1,4.0,-8.0,1,43.0,33.0,2,78.0,70.5,carrier_delay,Nessuna,Nessuna
BJI,5,0,"","",1,20.0,21.0,2,127.0,120.5,carrier_delay,nas_delay,Nessuna
BJI,6,1,12.0,22.0,3,35.666666666666664,29.333333333333332,6,251.5,248.83333333333334,carrier_delay,weather_delay,nas_delay
BJI,7,5,3.4,-1.0,5,24.2,29.8,6,171.0,162.66666666666666,carrier_delay,nas_delay,weather_delay
BJI,8,3,4.0,6.333333333333333,2,18.0,18.0,1,151.0,182.0,carrier_delay,nas_delay,Nessuna
BJI,9,1,1.0,-17.0,2,35.0,25.0,4,85.0,81.25,carrier_delay,nas_delay,weather_delay
BJI,10,2,7.0,-6.0,1,59.0,47.0,2,122.0,108.5,carrier_delay,Nessuna,Nessuna
BJI,11,0,"","",3,23.0,19.0,2,355.5,344.5,carrier_delay,nas_delay,Nessuna
BJI,12,4,7.0,-2.0,7,28.857142857142858,21.714285714285715,4,145.5,139.0,carrier_delay,nas_delay,canc_B
BLI,1,23,5.608695652173913,1.0434782608695652,9,36.44444444444444,23.11111111111111,9,152.77777777777777,153.55555555555554,late_aircraft_delay,carrier_delay,nas_delay
BLI,2,9,7.888888888888889,8.88888888888889,4,22.5,16.75,1,270.0,261.0,nas_delay,carrier_delay,late_aircraft_delay
BLI,3,20,5.45,5.05,12,30.583333333333332,28.333333333333332,3,101.0,101.33333333333333,carrier_delay,nas_delay,late_aircraft_delay
BLI,4,19,5.947368421052632,5.684210526315789,13,22.615384615384617,17.23076923076923,8,143.125,139.75,nas_delay,carrier_delay,late_aircraft_delay
BLI,5,21,5.333333333333333,0.8571428571428571,7,26.714285714285715,17.285714285714285,4,97.25,94.25,late_aircraft_delay,carrier_delay,nas_delay
BLI,6,32,6.5,3.125,26,28.115384615384617,19.23076923076923,0,"","",carrier_delay,nas_delay,late_aircraft_delay
BLI,7,30,6.0,0.16666666666666666,16,24.625,18.5625,3,105.66666666666667,103.33333333333333,late_aircraft_delay,carrier_delay,nas_delay
BLI,8,18,7.055555555555555,6.777777777777778,17,35.529411764705884,37.76470588235294,0,"","",nas_delay,late_aircraft_delay,carrier_delay
BLI,9,17,7.294117647058823,11.0,9,31.444444444444443,31.0,6,279.3333333333333,290.8333333333333,nas_delay,carrier_delay,late_aircraft_delay
BLI,10,9,7.111111111111111,3.6666666666666665,8,30.25,32.0,3,228.66666666666666,227.33333333333334,nas_delay,carrier_delay,late_aircraft_delay
BLI,11,17,4.0,3.1176470588235294,6,27.666666666666668,26.833333333333332,2,95.5,91.0,carrier_delay,nas_delay,late_aircraft_delay
BLI,12,17,6.588235294117647,-1.5294117647058822,7,34.57142857142857,22.0,6,274.5,271.5,carrier_delay,nas_delay,late_aircraft_delay
BLV,1,4,8.0,-0.25,5,37.4,36.6,2,123.5,137.5,nas_delay,late_aircraft_delay,carrier_delay
BLV,2,2,4.5,-2.5,2,36.0,24.5,7,397.85714285714283,404.57142857142856,late_aircraft_delay,nas_delay,carrier_delay
BLV,3,6,6.166666666666667,6.666666666666667,4,19.5,20.75,8,256.625,257.125,late_aircraft_delay,carrier_delay,nas_delay
BLV,4,3,9.666666666666666,-3.3333333333333335,3,24.333333333333332,18.666666666666668,2,207.0,209.5,nas_delay,carrier_delay,late_aircraft_delay
BLV,5,9,6.222222222222222,-0.4444444444444444,7,32.857142857142854,24.333333333333332,2,96.0,103.0,nas_delay,late_aircraft_delay,carrier_delay
BLV,6,9,4.777777777777778,5.222222222222222,11,38.36363636363637,32.0,6,136.16666666666666,126.5,late_aircraft_delay,nas_delay,carrier_delay
BLV,7,6,8.166666666666666,16.333333333333332,16,30.625,36.125,9,249.44444444444446,254.0,nas_delay,late_aircraft_delay,carrier_delay
BLV,8,2,13.0,7.0,8,37.375,35.75,9,206.55555555555554,199.22222222222223,late_aircraft_delay,nas_delay,carrier_delay
BLV,9,2,8.5,2.0,2,35.5,24.0,3,248.33333333333334,242.33333333333334,late_aircraft_delay,weather_delay,carrier_delay
BLV,10,3,7.666666666666667,13.333333333333334,1,15.0,58.0,2,109.0,97.5,late_aircraft_delay,nas_delay,canc_B
BLV,11,0,"","",4,27.25,17.0,0,"","",late_aircraft_delay,carrier_delay,Nessuna
BLV,12,6,9.666666666666666,9.166666666666666,9,36.55555555555556,29.875,7,307.2857142857143,292.14285714285717,late_aircraft_delay,carrier_delay,nas_delay
BMI,1,6,5.166666666666667,1.6666666666666667,7,40.142857142857146,49.0,7,250.71428571428572,194.83333333333334,nas_delay,late_aircraft_delay,canc_B
BMI,2,5,3.4,4.4,8,27.875,29.0,3,216.0,211.66666666666666,nas_delay,weather_delay,late_aircraft_delay
BMI,3,10,6.2,5.9,6,30.333333333333332,25.833333333333332,8,118.875,125.5,nas_delay,late_aircraft_delay,carrier_delay
BMI,4,4,10.25,7.75,1,46.0,26.0,6,95.33333333333333,105.33333333333333,late_aircraft_delay,nas_delay,weather_delay
BMI,5,7,5.142857142857143,-1.1428571428571428,9,41.55555555555556,45.22222222222222,11,107.54545454545455,119.0909090909091,nas_delay,late_aircraft_delay,carrier_delay
BMI,6,11,5.818181818181818,11.363636363636363,11,34.36363636363637,32.63636363636363,9,89.11111111111111,78.66666666666667,late_aircraft_delay,nas_delay,carrier_delay
BMI,7,9,5.111111111111111,-3.875,9,32.22222222222222,33.22222222222222,11,317.8181818181818,310.8181818181818,nas_delay,late_aircraft_delay,carrier_delay
BMI,8,6,5.833333333333333,3.0,3,35.666666666666664,41.666666666666664,4,201.0,186.25,late_aircraft_delay,nas_delay,carrier_delay
BMI,9,5,5.0,18.0,4,24.0,30.0,1,465.0,471.0,nas_delay,late_aircraft_delay,weather_delay
BMI,10,4,8.25,-11.5,2,33.5,20.5,3,209.66666666666666,191.66666666666666,carrier_delay,canc_B,late_aircraft_delay
BMI,11,5,5.0,3.0,5,19.2,6.8,4,76.75,87.0,nas_delay,carrier_delay,weather_delay
BMI,12,15,6.4,-1.8666666666666667,5,27.6,23.0,2,91.0,82.5,nas_delay,carrier_delay,late_aircraft_delay
BNA,1,692,6.1502890173410405,1.1103047895500726,547,31.153564899451553,27.31135531135531,312,194.40384615384616,201.20454545454547,late_aircraft_delay,nas_delay,carrier_delay
BNA,2,620,5.75,-0.9919093851132686,325,28.38153846153846,21.598765432098766,114,173.30701754385964,166.87719298245614,nas_delay,late_aircraft_delay,carrier_delay
BNA,3,694,6.105187319884727,-1.1473988439306357,571,30.528896672504377,25.366197183098592,242,133.71487603305786,129.15833333333333,late_aircraft_delay,nas_delay,carrier_delay
BNA,4,759,6.0,-0.6980132450331126,507,30.11439842209073,23.152173913043477,224,151.96428571428572,147.40625,late_aircraft_delay,carrier_delay,nas_delay
BNA,5,971,6.2780638516992795,1.931888544891641,794,31.954659949622165,28.15929203539823,510,144.1235294117647,142.79330708661416,late_aircraft_delay,nas_delay,carrier_delay
BNA,6,1003,6.360917248255234,0.8324974924774323,742,30.824797843665767,25.27027027027027,399,138.59649122807016,132.8413098236776,late_aircraft_delay,carrier_delay,nas_delay
BNA,7,924,6.406926406926407,0.9044516829533116,911,31.413830954994513,25.70860927152318,443,143.54176072234762,139.59367945823928,late_aircraft_delay,carrier_delay,nas_delay
BNA,8,877,6.08551881413911,0.6605714285714286,587,30.405451448040886,25.33160621761658,283,160.8339222614841,156.69039145907473,late_aircraft_delay,nas_delay,carrier_delay
BNA,9,789,6.0494296577946765,0.6170483460559797,466,29.901287553648068,23.86695278969957,171,132.82456140350877,129.00588235294117,late_aircraft_delay,carrier_delay,nas_delay
BNA,10,879,5.748577929465301,-2.6252847380410023,473,29.291754756871036,21.75635593220339,123,148.4390243902439,141.96747967479675,carrier_delay,late_aircraft_delay,nas_delay
BNA,11,770,5.532467532467533,-2.7903645833333335,390,30.02051282051282,21.974358974358974,139,146.79136690647482,140.46376811594203,carrier_delay,late_aircraft_delay,nas_delay
BNA,12,857,6.49708284714119,-1.5134502923976607,639,30.413145539906104,23.57523510971787,220,153.01818181818183,148.26818181818183,late_aircraft_delay,carrier_delay,nas_delay
BOI,1,128,5.9140625,6.8359375,99,32.878787878787875,35.96969696969697,55,178.36363636363637,178.96363636363637,nas_delay,carrier_delay,late_aircraft_delay
BOI,2,92,6.0,0.8764044943820225,58,30.74137931034483,24.896551724137932,38,175.57894736842104,175.6578947368421,nas_delay,carrier_delay,late_aircraft_delay
BOI,3,96,5.458333333333333,4.71875,75,32.16,30.066666666666666,33,147.3030303030303,146.15151515151516,nas_delay,carrier_delay,late_aircraft_delay
BOI,4,97,6.22680412371134,2.917525773195876,94,29.54255319148936,26.79787234042553,25,175.68,175.12,carrier_delay,nas_delay,late_aircraft_delay
BOI,5,129,5.387596899224806,1.5234375,110,29.172727272727272,25.472727272727273,32,143.46875,142.15625,nas_delay,late_aircraft_delay,carrier_delay
BOI,6,161,6.354037267080745,3.2111801242236027,118,29.864406779661017,27.034188034188034,64,163.6875,160.8125,nas_delay,late_aircraft_delay,carrier_delay
BOI,7,178,6.308988764044944,2.785310734463277,126,30.428571428571427,25.674603174603174,57,127.33333333333333,123.03508771929825,carrier_delay,late_aircraft_delay,nas_delay
BOI,8,107,5.280373831775701,2.0,113,30.734513274336283,29.973214285714285,60,138.7,136.2,carrier_delay,nas_delay,late_aircraft_delay
BOI,9,128,5.765625,0.765625,106,32.0188679245283,28.285714285714285,42,119.52380952380952,117.45238095238095,nas_delay,carrier_delay,late_aircraft_delay
BOI,10,127,5.748031496062992,1.1968503937007875,63,29.015873015873016,27.095238095238095,26,141.0,138.26923076923077,carrier_delay,nas_delay,late_aircraft_delay
BOI,11,104,6.144230769230769,1.1941747572815533,62,29.322580645161292,25.225806451612904,30,155.6,156.33333333333334,carrier_delay,nas_delay,late_aircraft_delay
BOI,12,150,5.993333333333333,-0.6577181208053692,125,28.872,21.856,63,146.17460317460316,143.96825396825398,carrier_delay,nas_delay,late_aircraft_delay
BOS,1,782,6.292838874680307,-1.1782051282051282,657,32.71841704718417,27.841463414634145,472,150.23305084745763,151.08262711864407,nas_delay,carrier_delay,late_aircraft_delay
BOS,2,716,6.14245810055866,-8.27094972067039,515,30.844660194174757,17.214007782101167,231,144.25974025974025,130.5482456140351,carrier_delay,nas_delay,late_aircraft_delay
BOS,3,767,5.938722294654498,-6.363398692810457,674,31.783382789317507,21.334821428571427,349,129.4813753581662,119.53890489913545,carrier_delay,nas_delay,late_aircraft_delay
BOS,4,763,6.237221494102228,-1.6173001310615989,629,31.674085850556438,23.047770700636942,422,133.93601895734596,128.09026128266032,nas_delay,carrier_delay,late_aircraft_delay
BOS,5,929,6.36275565123789,-0.9913700107874865,881,31.59704880817253,25.618285714285715,521,138.59692898272553,134.3915547024952,nas_delay,carrier_delay,late_aircraft_delay
BOS,6,888,6.44481981981982,1.8690744920993227,854,32.30796252927401,27.93404004711425,618,138.73300970873785,134.66071428571428,carrier_delay,nas_delay,late_aircraft_delay
BOS,7,966,6.181159420289855,0.8319502074688797,957,32.80668756530825,29.19137749737119,727,136.26272352132048,131.1027777777778,carrier_delay,nas_delay,late_aircraft_delay
BOS,8,996,6.187751004016064,1.0665993945509586,970,32.34639175257732,28.800619834710744,736,142.65217391304347,138.75376196990425,carrier_delay,nas_delay,late_aircraft_delay
BOS,9,790,5.979746835443038,-2.7340966921119594,605,32.22479338842975,23.43305785123967,381,134.0971128608924,122.55408970976254,carrier_delay,late_aircraft_delay,nas_delay
BOS,10,931,6.2126745435016115,-2.179956896551724,622,31.784565916398712,22.58937198067633,235,129.60425531914893,122.22553191489362,carrier_delay,nas_delay,late_aircraft_delay
BOS,11,707,5.881188118811881,-3.4263456090651556,538,30.864312267657994,19.74487895716946,286,131.0874125874126,118.5,carrier_delay,nas_delay,late_aircraft_delay
BOS,12,928,6.3157327586206895,-1.147186147186147,841,32.59215219976219,26.20952380952381,513,136.84600389863547,133.38160469667318,carrier_delay,nas_delay,late_aircraft_delay
BPT,1,3,8.333333333333334,3.3333333333333335,3,41.333333333333336,35.0,3,255.0,250.33333333333334,weather_delay,carrier_delay,late_aircraft_delay
BPT,2,0,"","",1,17.0,16.0,1,168.0,149.0,carrier_delay,nas_delay,late_aircraft_delay
BPT,3,2,4.5,-6.0,2,33.5,26.0,5,154.2,155.6,carrier_delay,late_aircraft_delay,weather_delay
BPT,4,0,"","",2,40.0,47.0,6,166.66666666666666,174.16666666666666,nas_delay,carrier_delay,late_aircraft_delay
BPT,5,5,4.6,26.0,1,15.0,6.0,2,200.0,191.5,carrier_delay,canc_B,weather_delay
BPT,6,0,"","",1,20.0,18.0,2,117.0,109.5,late_aircraft_delay,weather_delay,carrier_delay
BPT,7,1,6.0,-3.0,1,47.0,37.0,0,"","",nas_delay,weather_delay,Nessuna
BPT,8,3,8.333333333333334,4.666666666666667,2,26.0,15.0,0,"","",carrier_delay,Nessuna,Nessuna
BPT,9,0,"","",3,32.0,21.333333333333332,0,"","",carrier_delay,late_aircraft_delay,Nessuna
BPT,10,2,1.5,-15.0,2,36.5,25.0,2,371.0,355.5,carrier_delay,weather_delay,late_aircraft_delay
BPT,11,2,8.5,-2.5,0,"","",2,232.0,223.0,nas_delay,late_aircraft_delay,carrier_delay
BPT,12,3,3.3333333333333335,33.0,0,"","",0,"","",nas_delay,weather_delay,canc_B
BQK,1,1,10.0,48.0,0,"","",9,99.55555555555556,101.66666666666667,weather_delay,carrier_delay,nas_delay
BQK,2,3,5.0,26.666666666666668,1,45.0,41.0,1,129.0,116.0,carrier_delay,nas_delay,Nessuna
BQK,3,0,"","",0,"","",1,176.0,165.0,carrier_delay,Nessuna,Nessuna
BQK,4,4,9.25,11.5,3,32.333333333333336,25.333333333333332,3,148.0,146.66666666666666,carrier_delay,nas_delay,weather_delay
BQK,5,2,1.0,-1.5,3,16.666666666666668,12.666666666666666,9,181.0,185.66666666666666,carrier_delay,nas_delay,canc_B
BQK,6,6,5.5,-1.1666666666666667,1,37.0,20.0,2,163.0,152.0,carrier_delay,nas_delay,Nessuna
BQK,7,4,4.0,-3.5,0,"","",6,135.33333333333334,162.83333333333334,carrier_delay,nas_delay,weather_delay
BQK,8,0,"","",3,27.666666666666668,20.0,2,148.5,140.0,carrier_delay,Nessuna,Nessuna
BQK,9,5,7.6,10.0,1,40.0,22.0,0,"","",carrier_delay,nas_delay,canc_B
BQK,10,1,7.0,9.0,3,27.0,13.0,4,111.25,109.25,carrier_delay,nas_delay,weather_delay
BQK,11,2,10.0,7.5,3,33.0,61.0,3,142.66666666666666,140.66666666666666,nas_delay,carrier_delay,weather_delay
BQK,12,4,5.25,1.25,2,50.0,51.5,2,84.0,97.5,carrier_delay,nas_delay,late_aircraft_delay
BQN,1,12,6.583333333333333,0.75,13,28.615384615384617,26.076923076923077,8,112.75,106.25,late_aircraft_delay,nas_delay,carrier_delay
BQN,2,10,7.5,3.4,12,31.666666666666668,35.083333333333336,8,112.625,101.71428571428571,late_aircraft_delay,nas_delay,carrier_delay
BQN,3,13,5.153846153846154,0.3076923076923077,24,29.083333333333332,28.458333333333332,14,130.21428571428572,121.71428571428571,late_aircraft_delay,carrier_delay,nas_delay
BQN,4,20,7.55,-3.3,13,27.0,17.692307692307693,8,126.5,120.5,late_aircraft_delay,carrier_delay,nas_delay
BQN,5,29,7.0344827586206895,-5.827586206896552,16,31.875,26.266666666666666,11,119.27272727272727,113.72727272727273,late_aircraft_delay,carrier_delay,nas_delay
BQN,6,18,5.666666666666667,-6.529411764705882,22,39.13636363636363,33.90909090909091,18,143.16666666666666,134.83333333333334,late_aircraft_delay,carrier_delay,nas_delay
BQN,7,24,6.625,-6.041666666666667,13,33.61538461538461,22.46153846153846,13,214.07692307692307,209.23076923076923,late_aircraft_delay,carrier_delay,nas_delay
BQN,8,10,7.0,-5.5,20,30.4,22.25,11,214.63636363636363,206.9090909090909,late_aircraft_delay,carrier_delay,nas_delay
BQN,9,9,7.888888888888889,-6.111111111111111,7,27.714285714285715,17.0,8,132.75,118.25,late_aircraft_delay,carrier_delay,nas_delay
BQN,10,8,5.75,-8.375,11,33.72727272727273,23.727272727272727,5,109.8,103.6,late_aircraft_delay,nas_delay,carrier_delay
BQN,11,15,6.866666666666666,2.1333333333333333,22,33.0,30.40909090909091,9,131.55555555555554,132.125,late_aircraft_delay,carrier_delay,nas_delay
BQN,12,15,7.0,5.733333333333333,17,31.176470588235293,22.529411764705884,14,213.07142857142858,206.42857142857142,late_aircraft_delay,carrier_delay,nas_delay
BRD,1,0,"","",1,17.0,3.0,2,76.5,58.0,carrier_delay,weather_delay,Nessuna
BRD,2,0,"","",1,21.0,11.0,0,"","",Nessuna,Nessuna,Nessuna
BRD,3,1,14.0,4.0,1,35.0,43.0,2,126.0,133.0,carrier_delay,nas_delay,weather_delay
BRD,4,1,4.0,3.0,0,"","",1,119.0,105.0,carrier_delay,Nessuna,Nessuna
BRD,5,0,"","",1,22.0,-1.0,0,"","",Nessuna,Nessuna,Nessuna
BRD,6,1,14.0,23.0,3,30.666666666666668,50.666666666666664,2,99.0,106.0,carrier_delay,nas_delay,Nessuna
BRD,7,3,8.0,21.333333333333332,5,41.0,42.8,1,95.0,93.0,carrier_delay,nas_delay,weather_delay
BRD,8,4,10.0,13.5,2,38.5,73.5,0,"","",carrier_delay,nas_delay,weather_delay
BRD,9,0,"","",0,"","",0,"","",carrier_delay,Nessuna,Nessuna
BRD,10,0,"","",1,25.0,18.0,2,68.5,69.5,security_delay,weather_delay,nas_delay
BRD,11,1,2.0,-11.0,1,42.0,25.0,0,"","",weather_delay,Nessuna,Nessuna
BRD,12,0,"","",1,28.0,38.0,6,271.6666666666667,272.3333333333333,carrier_delay,nas_delay,weather_delay
BRO,1,8,8.25,4.25,8,24.875,22.875,4,77.75,82.5,late_aircraft_delay,nas_delay,carrier_delay
BRO,2,4,4.75,-0.75,2,31.5,25.5,0,"","",late_aircraft_delay,nas_delay,Nessuna
BRO,3,12,7.5,4.5,9,26.77777777777778,20.88888888888889,11,223.54545454545453,221.27272727272728,late_aircraft_delay,carrier_delay,nas_delay
BRO,4,5,7.8,1.6,6,36.0,32.333333333333336,8,128.75,147.125,nas_delay,late_aircraft_delay,weather_delay
BRO,5,10,6.1,12.4,13,33.92307692307692,38.92307692307692,12,136.5,146.58333333333334,nas_delay,carrier_delay,late_aircraft_delay
BRO,6,13,4.846153846153846,4.916666666666667,8,24.625,18.75,12,135.5,135.41666666666666,carrier_delay,nas_delay,late_aircraft_delay
BRO,7,8,9.125,8.625,13,27.46153846153846,31.153846153846153,6,223.16666666666666,220.83333333333334,nas_delay,carrier_delay,late_aircraft_delay
BRO,8,6,7.333333333333333,6.333333333333333,10,30.0,25.0,1,135.0,125.0,late_aircraft_delay,nas_delay,carrier_delay
BRO,9,6,8.833333333333334,10.0,10,36.0,31.3,3,115.0,104.0,late_aircraft_delay,carrier_delay,nas_delay
BRO,10,9,6.444444444444445,4.222222222222222,5,31.2,25.8,2,208.5,198.5,carrier_delay,nas_delay,late_aircraft_delay
BRO,11,5,4.6,6.4,4,35.25,34.25,1,130.0,148.0,nas_delay,late_aircraft_delay,canc_B
BRO,12,9,6.777777777777778,6.888888888888889,9,39.0,40.77777777777778,7,131.28571428571428,150.71428571428572,carrier_delay,nas_delay,late_aircraft_delay
BRW,1,1,5.0,2.0,4,44.25,44.0,2,174.5,172.5,late_aircraft_delay,weather_delay,canc_A
BRW,2,2,5.0,12.5,1,37.0,30.0,1,128.0,134.0,nas_delay,late_aircraft_delay,canc_B
BRW,3,3,6.0,6.333333333333333,4,30.0,38.0,1,234.0,240.0,nas_delay,late_aircraft_delay,security_delay
BRW,4,4,7.0,12.25,2,47.5,48.5,1,90.0,90.0,security_delay,nas_delay,late_aircraft_delay
BRW,5,1,2.0,5.0,4,33.0,35.75,0,"","",security_delay,nas_delay,late_aircraft_delay
BRW,6,6,7.833333333333333,9.833333333333334,4,35.75,37.5,0,"","",nas_delay,late_aircraft_delay,security_delay
BRW,7,3,7.0,11.333333333333334,3,19.0,17.0,0,"","",security_delay,nas_delay,Nessuna
BRW,8,5,5.0,10.8,2,40.5,51.5,0,"","",nas_delay,security_delay,late_aircraft_delay
BRW,9,2,3.5,9.0,3,19.333333333333332,21.333333333333332,1,77.0,78.0,late_aircraft_delay,nas_delay,carrier_delay
BRW,10,3,9.333333333333334,7.0,2,31.5,32.5,1,66.0,70.0,late_aircraft_delay,nas_delay,canc_B
BRW,11,1,12.0,14.0,3,28.666666666666668,24.0,0,"","",late_aircraft_delay,nas_delay,canc_B
BRW,12,3,8.666666666666666,3.3333333333333335,8,29.5,30.5,1,61.0,60.0,late_aircraft_delay,nas_delay,carrier_delay
BTM,1,1,11.0,30.0,1,44.0,44.0,1,487.0,475.0,weather_delay,nas_delay,carrier_delay
BTM,2,1,2.0,17.0,0,"","",0,"","",carrier_delay,nas_delay,Nessuna
BTM,3,0,"","",4,33.25,29.0,0,"","",carrier_delay,weather_delay,nas_delay
BTM,4,1,3.0,-8.0,2,35.5,22.0,0,"","",carrier_delay,Nessuna,Nessuna
BTM,5,1,11.0,-5.0,2,40.5,30.5,0,"","",carrier_delay,Nessuna,Nessuna
BTM,6,0,"","",2,34.5,23.0,1,123.0,128.0,carrier_delay,nas_delay,Nessuna
BTM,7,1,4.0,-6.0,1,34.0,31.0,2,109.0,99.0,carrier_delay,Nessuna,Nessuna
BTM,8,0,"","",0,"","",1,103.0,80.0,carrier_delay,weather_delay,Nessuna
BTM,9,1,2.0,-2.0,1,35.0,26.0,0,"","",carrier_delay,Nessuna,Nessuna
BTM,10,0,"","",0,"","",0,"","",Nessuna,Nessuna,Nessuna
BTM,11,4,4.75,9.25,0,"","",0,"","",nas_delay,carrier_delay,Nessuna
BTM,12,1,14.0,-1.0,1,20.0,2.0,1,1073.0,1067.0,carrier_delay,Nessuna,Nessuna
BTR,1,14,6.214285714285714,5.153846153846154,23,33.78260869565217,29.956521739130434,29,125.34482758620689,125.24137931034483,nas_delay,late_aircraft_delay,carrier_delay
BTR,2,19,4.7894736842105265,2.0,16,27.5,28.25,14,225.57142857142858,220.0,nas_delay,carrier_delay,late_aircraft_delay
BTR,3,27,5.481481481481482,-3.2962962962962963,25,24.88,17.68,9,161.22222222222223,161.22222222222223,nas_delay,carrier_delay,late_aircraft_delay
BTR,4,25,5.8,-1.72,27,27.51851851851852,33.370370370370374,20,141.45,138.75,nas_delay,late_aircraft_delay,carrier_delay
BTR,5,41,7.195121951219512,7.560975609756097,24,29.916666666666668,31.458333333333332,25,153.6,157.04,nas_delay,late_aircraft_delay,carrier_delay
BTR,6,22,4.681818181818182,-0.7272727272727273,25,25.92,19.56,18,240.38888888888889,237.77777777777777,late_aircraft_delay,weather_delay,nas_delay
BTR,7,38,7.684210526315789,2.6052631578947367,30,32.266666666666666,25.966666666666665,24,158.375,162.79166666666666,late_aircraft_delay,carrier_delay,nas_delay
BTR,8,27,6.296296296296297,-0.7407407407407407,16,29.6875,21.8125,14,111.78571428571429,105.35714285714286,late_aircraft_delay,carrier_delay,nas_delay
BTR,9,33,7.212121212121212,4.03030303030303,19,33.68421052631579,25.68421052631579,14,120.5,115.5,late_aircraft_delay,nas_delay,carrier_delay
BTR,10,22,6.863636363636363,3.0454545454545454,12,31.0,26.833333333333332,10,171.1,165.9,carrier_delay,nas_delay,late_aircraft_delay
BTR,11,31,7.064516129032258,-2.0,24,28.375,27.625,8,96.75,93.5,carrier_delay,nas_delay,late_aircraft_delay
BTR,12,37,6.486486486486487,2.945945945945946,26,26.115384615384617,18.692307692307693,13,207.07692307692307,200.30769230769232,late_aircraft_delay,carrier_delay,nas_delay
BTV,1,25,6.24,3.44,22,30.545454545454547,30.09090909090909,20,191.15,188.55,nas_delay,carrier_delay,late_aircraft_delay
BTV,2,26,6.115384615384615,-6.115384615384615,15,33.666666666666664,21.066666666666666,12,128.91666666666666,115.16666666666667,nas_delay,carrier_delay,late_aircraft_delay
BTV,3,24,6.208333333333333,0.75,14,30.928571428571427,21.928571428571427,10,164.0,165.6,nas_delay,carrier_delay,late_aircraft_delay
BTV,4,11,4.818181818181818,-0.9090909090909091,12,38.083333333333336,31.666666666666668,13,146.76923076923077,140.07692307692307,nas_delay,late_aircraft_delay,weather_delay
BTV,5,18,7.277777777777778,1.0555555555555556,19,35.31578947368421,35.63157894736842,18,200.55555555555554,209.05555555555554,nas_delay,late_aircraft_delay,carrier_delay
BTV,6,38,6.552631578947368,2.7837837837837838,34,30.352941176470587,23.424242424242426,29,166.0,164.14285714285714,nas_delay,late_aircraft_delay,carrier_delay
BTV,7,50,6.26,8.857142857142858,36,28.583333333333332,23.314285714285713,44,207.75,212.5681818181818,nas_delay,late_aircraft_delay,carrier_delay
BTV,8,53,6.69811320754717,6.226415094339623,45,31.266666666666666,33.355555555555554,33,179.6969696969697,180.36363636363637,nas_delay,late_aircraft_delay,carrier_delay
BTV,9,41,5.487804878048781,5.317073170731708,19,30.105263157894736,24.157894736842106,18,137.55555555555554,133.94444444444446,nas_delay,carrier_delay,late_aircraft_delay
BTV,10,32,5.75,-2.59375,39,31.666666666666668,27.102564102564102,17,271.4117647058824,260.29411764705884,carrier_delay,nas_delay,late_aircraft_delay
BTV,11,26,5.961538461538462,-3.1538461538461537,17,39.35294117647059,31.470588235294116,19,178.10526315789474,165.26315789473685,nas_delay,late_aircraft_delay,carrier_delay
BTV,12,42,6.928571428571429,9.904761904761905,40,31.5,25.475,25,206.24,199.68,nas_delay,carrier_delay,late_aircraft_delay
BUF,1,95,6.463157894736842,6.6947368421052635,87,30.862068965517242,32.10344827586207,71,157.2394366197183,164.32857142857142,nas_delay,canc_B,late_aircraft_delay
BUF,2,100,6.35,-6.0,78,25.435897435897434,15.512820512820513,30,239.2,232.43333333333334,nas_delay,carrier_delay,late_aircraft_delay
BUF,3,129,5.782945736434108,2.2170542635658914,93,31.526881720430108,24.698924731182796,66,146.06060606060606,144.13636363636363,nas_delay,late_aircraft_delay,carrier_delay
BUF,4,128,6.53125,-1.007936507936508,94,31.606382978723403,28.52127659574468,40,173.65,169.35,late_aircraft_delay,nas_delay,carrier_delay
BUF,5,149,5.973154362416107,1.0402684563758389,105,31.904761904761905,28.561904761904763,58,143.27586206896552,140.43859649122808,late_aircraft_delay,carrier_delay,nas_delay
BUF,6,143,6.468531468531468,2.6573426573426575,144,31.6875,29.041666666666668,87,165.6551724137931,162.0344827586207,late_aircraft_delay,nas_delay,carrier_delay
BUF,7,175,6.76,6.293103448275862,169,31.715976331360945,29.810650887573964,87,149.2528735632184,154.11494252873564,late_aircraft_delay,nas_delay,carrier_delay
BUF,8,197,5.654822335025381,1.530612244897959,141,30.73049645390071,25.820143884892087,74,163.83783783783784,166.93150684931507,late_aircraft_delay,nas_delay,carrier_delay
BUF,9,130,6.323076923076923,0.1,80,27.925,22.425,33,177.75757575757575,176.5151515151515,nas_delay,late_aircraft_delay,carrier_delay
BUF,10,139,6.172661870503597,-2.7338129496402876,81,29.987654320987655,19.74074074074074,31,133.41935483870967,121.87096774193549,late_aircraft_delay,carrier_delay,nas_delay
BUF,11,155,5.619354838709677,-3.6903225806451614,67,33.23880597014925,26.53731343283582,30,109.36666666666666,100.86666666666666,late_aircraft_delay,carrier_delay,nas_delay
BUF,12,158,6.2405063291139244,2.8025477707006368,140,29.635714285714286,30.230215827338128,91,143.58241758241758,146.01111111111112,nas_delay,late_aircraft_delay,carrier_delay
BUR,1,166,6.403614457831325,0.8795180722891566,133,31.857142857142858,25.67669172932331,68,124.86764705882354,119.27941176470588,late_aircraft_delay,nas_delay,carrier_delay
BUR,2,162,5.728395061728395,-1.5527950310559007,127,33.803149606299215,25.848,60,128.75,123.15,late_aircraft_delay,nas_delay,carrier_delay
BUR,3,181,5.928176795580111,1.7222222222222223,169,31.816568047337277,27.46987951807229,82,128.08536585365854,123.62962962962963,nas_delay,late_aircraft_delay,carrier_delay
BUR,4,187,5.989304812834225,0.6203208556149733,124,32.61290322580645,27.0,67,131.07462686567163,133.82089552238807,nas_delay,late_aircraft_delay,carrier_delay
BUR,5,205,6.273170731707317,0.6715686274509803,140,32.378571428571426,26.835714285714285,85,108.24705882352941,104.6547619047619,late_aircraft_delay,nas_delay,carrier_delay
BUR,6,279,6.512544802867383,1.143884892086331,212,30.94811320754717,24.333333333333332,91,139.64835164835165,133.65934065934067,late_aircraft_delay,nas_delay,carrier_delay
BUR,7,260,6.407692307692308,0.8764478764478765,215,30.98139534883721,24.439252336448597,95,136.06315789473683,129.67368421052632,late_aircraft_delay,carrier_delay,nas_delay
BUR,8,198,5.2727272727272725,0.9543147208121827,144,32.55555555555556,28.305555555555557,65,135.3230769230769,131.765625,late_aircraft_delay,nas_delay,carrier_delay
BUR,9,184,5.391304347826087,-0.5409836065573771,164,31.353658536585368,27.614906832298136,92,145.45652173913044,141.68478260869566,late_aircraft_delay,nas_delay,carrier_delay
BUR,10,218,5.628440366972477,1.3133640552995391,167,29.838323353293415,25.759036144578314,76,148.96052631578948,146.27631578947367,nas_delay,late_aircraft_delay,carrier_delay
BUR,11,199,6.150753768844221,0.4517766497461929,148,30.16216216216216,23.802721088435373,59,149.20338983050848,147.41379310344828,late_aircraft_delay,nas_delay,carrier_delay
BUR,12,237,5.805907172995781,-0.03829787234042553,193,30.124352331606218,23.295336787564768,92,126.16304347826087,119.8695652173913,late_aircraft_delay,carrier_delay,nas_delay
BWI,1,1008,6.439484126984127,-0.11133200795228629,856,30.63785046728972,26.47943595769683,264,117.47348484848484,120.50757575757575,carrier_delay,late_aircraft_delay,nas_delay
BWI,2,815,6.061349693251533,-3.4833948339483394,501,27.780439121756487,17.233532934131738,94,120.01063829787235,109.82978723404256,carrier_delay,late_aircraft_delay,nas_delay
BWI,3,1036,6.289575289575289,-3.018375241779497,904,30.847345132743364,24.353658536585368,313,121.82747603833866,120.2315112540193,carrier_delay,late_aircraft_delay,nas_delay
BWI,4,1110,6.4387387387387385,0.7696476964769647,822,29.362530413625304,23.640243902439025,265,127.04905660377358,123.0,carrier_delay,late_aircraft_delay,nas_delay
BWI,5,1095,6.384474885844749,0.766269477543538,1071,30.611577964519142,25.90645463049579,425,119.03294117647059,116.26303317535545,late_aircraft_delay,carrier_delay,nas_delay
BWI,6,1180,6.536440677966102,-0.14516129032258066,1099,30.603275705186533,23.670009115770284,385,121.97922077922078,115.77922077922078,carrier_delay,late_aircraft_delay,nas_delay
BWI,7,1107,6.7651309846431795,2.178119349005425,1365,31.066666666666666,27.54331864904552,610,128.03770491803277,122.5904605263158,carrier_delay,late_aircraft_delay,nas_delay
BWI,8,1145,6.473362445414847,0.2283464566929134,1092,30.245421245421245,26.646734130634776,464,133.0043103448276,130.8852813852814,late_aircraft_delay,carrier_delay,nas_delay
BWI,9,1150,6.314782608695652,-1.3617391304347826,666,28.40840840840841,20.19219219219219,149,123.83892617449665,119.0608108108108,carrier_delay,late_aircraft_delay,nas_delay
BWI,10,1261,6.195083267248216,-4.741858617950754,692,28.585260115606935,17.736613603473227,111,114.8108108108108,102.45045045045045,carrier_delay,late_aircraft_delay,nas_delay
BWI,11,992,5.803427419354839,-4.290909090909091,535,28.12336448598131,18.783177570093457,133,120.84962406015038,110.15037593984962,carrier_delay,late_aircraft_delay,nas_delay
BWI,12,1139,5.999122036874451,-3.885941644562334,835,30.228742514970058,20.004807692307693,216,134.3564814814815,124.07476635514018,carrier_delay,late_aircraft_delay,nas_delay
BZN,1,44,5.204545454545454,-0.09090909090909091,54,33.666666666666664,30.01851851851852,34,334.44117647058823,338.2647058823529,late_aircraft_delay,nas_delay,carrier_delay
BZN,2,32,6.40625,11.375,30,34.4,39.166666666666664,33,225.24242424242425,230.8181818181818,nas_delay,late_aircraft_delay,carrier_delay
BZN,3,47,6.127659574468085,5.808510638297872,46,31.282608695652176,23.608695652173914,20,145.05,140.35,nas_delay,late_aircraft_delay,carrier_delay
BZN,4,33,5.909090909090909,2.515151515151515,25,32.68,28.44,17,119.58823529411765,120.11764705882354,nas_delay,late_aircraft_delay,carrier_delay
BZN,5,30,6.433333333333334,4.666666666666667,38,30.36842105263158,24.026315789473685,19,184.31578947368422,186.0,nas_delay,late_aircraft_delay,carrier_delay
BZN,6,80,6.95,0.8625,73,29.767123287671232,22.78082191780822,41,110.65853658536585,104.63414634146342,late_aircraft_delay,nas_delay,carrier_delay
BZN,7,88,5.943181818181818,1.875,92,32.76086956521739,30.886363636363637,46,164.45652173913044,165.97727272727272,nas_delay,late_aircraft_delay,carrier_delay
BZN,8,121,6.082644628099174,2.4166666666666665,84,32.04761904761905,27.94047619047619,40,153.5,151.3684210526316,nas_delay,late_aircraft_delay,carrier_delay
BZN,9,75,6.226666666666667,1.9733333333333334,40,32.05,29.1,17,110.3529411764706,106.94117647058823,nas_delay,carrier_delay,late_aircraft_delay
BZN,10,33,4.787878787878788,0.030303030303030304,30,31.133333333333333,25.133333333333333,12,158.91666666666666,152.41666666666666,nas_delay,carrier_delay,late_aircraft_delay
BZN,11,29,5.413793103448276,-1.8275862068965518,23,32.30434782608695,25.347826086956523,15,150.86666666666667,162.26666666666668,nas_delay,carrier_delay,late_aircraft_delay
BZN,12,52,6.0576923076923075,-0.36538461538461536,32,29.71875,20.28125,27,254.5185185185185,248.4814814814815,late_aircraft_delay,carrier_delay,nas_delay
CAE,1,27,7.222222222222222,-0.6666666666666666,13,31.846153846153847,25.923076923076923,21,122.14285714285714,119.80952380952381,late_aircraft_delay,nas_delay,carrier_delay
CAE,2,14,4.714285714285714,-6.071428571428571,19,28.526315789473685,22.105263157894736,7,130.71428571428572,124.28571428571429,carrier_delay,nas_delay,late_aircraft_delay
CAE,3,34,6.735294117647059,-1.088235294117647,28,32.964285714285715,24.857142857142858,16,176.125,163.25,late_aircraft_delay,carrier_delay,nas_delay
CAE,4,27,7.333333333333333,1.6666666666666667,19,28.789473684210527,26.68421052631579,12,97.33333333333333,94.83333333333333,late_aircraft_delay,nas_delay,carrier_delay
CAE,5,31,6.612903225806452,0.5806451612903226,35,32.97142857142857,31.571428571428573,19,128.1578947368421,129.6315789473684,nas_delay,carrier_delay,late_aircraft_delay
CAE,6,35,7.3428571428571425,-0.45714285714285713,27,38.44444444444444,35.0,15,207.26666666666668,212.66666666666666,carrier_delay,late_aircraft_delay,nas_delay
CAE,7,28,5.321428571428571,4.961538461538462,29,34.03448275862069,31.689655172413794,38,193.18421052631578,196.3421052631579,late_aircraft_delay,nas_delay,carrier_delay
CAE,8,38,5.0,-0.631578947368421,23,34.391304347826086,33.17391304347826,12,214.58333333333334,213.83333333333334,nas_delay,carrier_delay,late_aircraft_delay
CAE,9,26,5.923076923076923,6.6923076923076925,23,36.56521739130435,34.47826086956522,26,136.26923076923077,133.53846153846155,nas_delay,carrier_delay,late_aircraft_delay
CAE,10,25,6.04,-0.52,27,30.85185185185185,21.185185185185187,9,149.0,144.22222222222223,late_aircraft_delay,carrier_delay,nas_delay
CAE,11,37,6.702702702702703,6.027027027027027,31,26.225806451612904,23.741935483870968,14,128.85714285714286,124.64285714285714,nas_delay,carrier_delay,late_aircraft_delay
CAE,12,58,5.396551724137931,2.3620689655172415,33,35.303030303030305,29.060606060606062,18,154.38888888888889,153.2941176470588,carrier_delay,nas_delay,late_aircraft_delay
CAK,1,17,5.764705882352941,1.7647058823529411,11,36.72727272727273,28.545454545454547,16,171.5625,168.4375,nas_delay,carrier_delay,late_aircraft_delay
CAK,2,12,5.75,-8.166666666666666,7,36.714285714285715,33.857142857142854,8,126.125,114.25,carrier_delay,nas_delay,late_aircraft_delay
CAK,3,11,5.2727272727272725,6.818181818181818,4,35.25,16.0,9,165.22222222222223,161.33333333333334,nas_delay,carrier_delay,late_aircraft_delay
CAK,4,8,7.875,-2.375,11,35.72727272727273,34.36363636363637,13,220.69230769230768,215.30769230769232,carrier_delay,late_aircraft_delay,nas_delay
CAK,5,11,4.909090909090909,2.6363636363636362,9,36.0,35.22222222222222,14,132.71428571428572,135.64285714285714,late_aircraft_delay,nas_delay,carrier_delay
CAK,6,19,6.157894736842105,0.15789473684210525,11,37.45454545454545,31.818181818181817,19,145.05263157894737,141.89473684210526,late_aircraft_delay,nas_delay,carrier_delay
CAK,7,17,5.470588235294118,9.117647058823529,17,33.411764705882355,37.11764705882353,22,205.8181818181818,208.3181818181818,nas_delay,carrier_delay,late_aircraft_delay
CAK,8,9,8.555555555555555,18.555555555555557,13,33.92307692307692,33.76923076923077,20,165.3,159.05,nas_delay,late_aircraft_delay,carrier_delay
CAK,9,10,5.6,1.4,12,30.5,28.083333333333332,14,135.14285714285714,130.21428571428572,late_aircraft_delay,carrier_delay,nas_delay
CAK,10,6,5.333333333333333,6.833333333333333,8,32.75,22.125,9,125.33333333333333,117.66666666666667,carrier_delay,late_aircraft_delay,nas_delay
CAK,11,14,7.357142857142857,4.857142857142857,4,34.75,21.25,8,130.375,115.875,carrier_delay,nas_delay,late_aircraft_delay
CAK,12,23,5.826086956521739,-5.086956521739131,20,33.0,26.5,17,180.41176470588235,179.875,carrier_delay,late_aircraft_delay,nas_delay
CDC,1,1,8.0,6.0,0,"","",3,185.0,186.0,weather_delay,carrier_delay,nas_delay
CDC,2,0,"","",1,37.0,12.0,0,"","",Nessuna,Nessuna,Nessuna
CDC,3,0,"","",0,"","",3,83.33333333333333,75.0,canc_B,weather_delay,carrier_delay
CDC,4,1,3.0,-12.0,1,43.0,42.0,1,189.0,184.0,carrier_delay,Nessuna,Nessuna
CDC,5,0,"","",1,56.0,59.0,0,"","",carrier_delay,nas_delay,Nessuna
CDC,6,1,12.0,7.0,1,36.0,32.0,2,190.0,187.0,carrier_delay,weather_delay,Nessuna
CDC,7,1,4.0,-7.0,1,16.0,8.0,2,124.5,118.5,carrier_delay,weather_delay,Nessuna
CDC,8,0,"","",0,"","",1,92.0,87.0,carrier_delay,Nessuna,Nessuna
CDC,9,0,"","",0,"","",1,126.0,114.0,carrier_delay,Nessuna,Nessuna
CDC,10,0,"","",1,17.0,5.0,2,149.5,151.0,carrier_delay,nas_delay,weather_delay
CDC,11,2,4.0,0.5,2,42.5,38.5,3,106.33333333333333,109.0,carrier_delay,nas_delay,Nessuna
CDC,12,1,10.0,15.0,3,29.0,19.666666666666668,0,"","",carrier_delay,nas_delay,weather_delay
CDV,1,1,5.0,2.0,4,21.5,28.666666666666668,3,86.33333333333333,86.0,nas_delay,late_aircraft_delay,carrier_delay
CDV,2,3,5.666666666666667,7.666666666666667,2,36.5,34.5,0,"","",canc_A,late_aircraft_delay,Nessuna
CDV,3,2,6.5,4.0,3,38.333333333333336,38.333333333333336,1,94.0,95.0,late_aircraft_delay,nas_delay,carrier_delay
CDV,4,1,13.0,28.0,1,28.0,22.0,0,"","",late_aircraft_delay,canc_A,nas_delay
CDV,5,1,4.0,8.0,4,32.0,37.333333333333336,1,77.0,64.0,late_aircraft_delay,carrier_delay,nas_delay
CDV,6,7,6.857142857142857,5.857142857142857,3,37.666666666666664,52.666666666666664,2,73.0,62.0,nas_delay,late_aircraft_delay,security_delay
CDV,7,5,5.4,5.6,4,34.5,34.0,0,"","",late_aircraft_delay,carrier_delay,nas_delay
CDV,8,5,7.4,7.6,11,29.09090909090909,29.727272727272727,1,173.0,168.0,late_aircraft_delay,nas_delay,carrier_delay
CDV,9,7,5.571428571428571,7.142857142857143,8,26.25,20.625,1,116.0,117.0,late_aircraft_delay,carrier_delay,nas_delay
CDV,10,2,2.0,5.0,4,27.25,25.25,1,118.0,109.0,late_aircraft_delay,nas_delay,canc_B
CDV,11,1,2.0,-3.0,2,38.5,49.0,1,73.0,84.0,nas_delay,late_aircraft_delay,canc_B
CDV,12,4,8.75,8.0,4,30.0,20.666666666666668,1,104.0,"",late_aircraft_delay,security_delay,canc_A
CHA,1,42,5.976190476190476,3.880952380952381,37,32.7027027027027,27.444444444444443,25,154.28,157.36,late_aircraft_delay,nas_delay,carrier_delay
CHA,2,30,7.033333333333333,1.6666666666666667,16,31.0625,22.0625,8,120.75,110.875,late_aircraft_delay,carrier_delay,nas_delay
CHA,3,42,6.119047619047619,0.4523809523809524,24,32.875,29.375,21,167.8095238095238,162.1904761904762,late_aircraft_delay,carrier_delay,nas_delay
CHA,4,43,6.186046511627907,5.255813953488372,36,32.138888888888886,29.305555555555557,24,158.875,150.66666666666666,late_aircraft_delay,carrier_delay,nas_delay
CHA,5,40,6.15,2.4,50,30.02,26.42,30,170.16666666666666,169.5,carrier_delay,late_aircraft_delay,nas_delay
CHA,6,39,6.17948717948718,-0.42105263157894735,30,33.8,28.433333333333334,20,108.25,102.85,carrier_delay,late_aircraft_delay,nas_delay
CHA,7,40,7.125,3.875,46,35.30434782608695,32.82608695652174,35,153.85714285714286,145.88571428571427,late_aircraft_delay,carrier_delay,nas_delay
CHA,8,30,5.7,-1.6333333333333333,33,34.0,29.424242424242426,18,232.11111111111111,234.83333333333334,carrier_delay,nas_delay,late_aircraft_delay
CHA,9,29,6.724137931034483,3.6206896551724137,26,32.0,26.153846153846153,20,246.2,241.65,carrier_delay,late_aircraft_delay,nas_delay
CHA,10,43,5.813953488372093,-2.13953488372093,24,33.791666666666664,29.791666666666668,6,166.5,149.16666666666666,carrier_delay,late_aircraft_delay,nas_delay
CHA,11,50,5.42,-2.12,30,27.433333333333334,20.866666666666667,15,212.2,224.06666666666666,nas_delay,carrier_delay,late_aircraft_delay
CHA,12,50,6.34,1.98,42,30.0,22.0,27,157.14814814814815,151.0,late_aircraft_delay,carrier_delay,nas_delay
CHO,1,7,5.857142857142857,20.142857142857142,7,33.57142857142857,24.0,10,102.2,104.3,nas_delay,carrier_delay,late_aircraft_delay
CHO,2,6,7.333333333333333,18.0,3,33.0,27.0,2,333.0,312.0,nas_delay,carrier_delay,canc_B
CHO,3,6,6.166666666666667,-8.333333333333334,6,27.833333333333332,21.333333333333332,6,132.33333333333334,131.33333333333334,carrier_delay,nas_delay,late_aircraft_delay
CHO,4,13,5.461538461538462,-7.615384615384615,14,38.857142857142854,35.214285714285715,7,264.2857142857143,259.2857142857143,nas_delay,late_aircraft_delay,carrier_delay
CHO,5,17,5.411764705882353,4.176470588235294,16,29.3125,27.6875,17,189.47058823529412,183.76470588235293,late_aircraft_delay,nas_delay,carrier_delay
CHO,6,16,3.75,2.5625,8,35.125,30.25,3,514.0,496.0,carrier_delay,nas_delay,canc_C
CHO,7,10,7.5,12.0,17,32.411764705882355,30.294117647058822,13,185.0,181.23076923076923,nas_delay,carrier_delay,late_aircraft_delay
CHO,8,17,7.470588235294118,4.470588235294118,8,31.5,47.25,11,117.36363636363636,109.54545454545455,carrier_delay,late_aircraft_delay,nas_delay
CHO,9,18,5.0,6.111111111111111,10,31.4,34.3,6,253.16666666666666,247.5,nas_delay,carrier_delay,late_aircraft_delay
CHO,10,25,6.72,6.24,14,34.5,37.714285714285715,7,105.71428571428571,110.85714285714286,nas_delay,late_aircraft_delay,carrier_delay
CHO,11,15,6.533333333333333,-5.6,3,24.333333333333332,26.666666666666668,10,163.9,161.5,nas_delay,carrier_delay,late_aircraft_delay
CHO,12,20,6.55,3.3,14,26.571428571428573,24.071428571428573,8,193.125,194.5,nas_delay,carrier_delay,late_aircraft_delay
CHS,1,106,5.849056603773585,-2.0377358490566038,87,34.06896551724138,29.908045977011493,85,200.36470588235295,201.08235294117648,late_aircraft_delay,nas_delay,carrier_delay
CHS,2,102,6.137254901960785,0.5148514851485149,71,29.422535211267604,21.535211267605632,42,146.8095238095238,139.97619047619048,nas_delay,late_aircraft_delay,carrier_delay
CHS,3,132,5.909090909090909,-0.3,106,30.4811320754717,23.660377358490567,54,176.03703703703704,170.7962962962963,late_aircraft_delay,nas_delay,carrier_delay
CHS,4,162,6.006172839506172,1.154320987654321,117,30.512820512820515,24.00854700854701,69,150.71014492753622,147.71014492753622,late_aircraft_delay,nas_delay,carrier_delay
CHS,5,158,5.5886075949367084,1.6369426751592357,145,31.36551724137931,28.67361111111111,111,175.6846846846847,177.35135135135135,late_aircraft_delay,nas_delay,carrier_delay
CHS,6,192,6.161458333333333,2.1041666666666665,158,31.81645569620253,28.01923076923077,74,176.59459459459458,171.45205479452054,late_aircraft_delay,nas_delay,carrier_delay
CHS,7,195,6.4512820512820515,1.7743589743589743,164,33.3719512195122,32.93292682926829,138,169.81884057971016,171.86231884057972,late_aircraft_delay,nas_delay,carrier_delay
CHS,8,126,5.563492063492063,0.015873015873015872,160,30.13125,26.050632911392405,89,172.95505617977528,170.7865168539326,late_aircraft_delay,nas_delay,carrier_delay
CHS,9,147,6.27891156462585,0.7755102040816326,102,30.401960784313726,28.323529411764707,49,202.69387755102042,203.27083333333334,nas_delay,late_aircraft_delay,carrier_delay
CHS,10,160,5.8875,-1.5375,79,29.0126582278481,22.037974683544302,33,153.0909090909091,147.06060606060606,late_aircraft_delay,nas_delay,carrier_delay
CHS,11,129,6.542635658914729,3.449612403100775,78,30.897435897435898,25.346153846153847,43,149.32558139534885,146.1627906976744,nas_delay,carrier_delay,late_aircraft_delay
CHS,12,156,6.448717948717949,-0.5256410256410257,118,31.152542372881356,24.64957264957265,73,132.24657534246575,126.71232876712328,late_aircraft_delay,carrier_delay,nas_delay
CID,1,42,6.714285714285714,8.119047619047619,34,30.147058823529413,23.176470588235293,52,222.6346153846154,218.67307692307693,nas_delay,carrier_delay,late_aircraft_delay
CID,2,42,5.690476190476191,-2.5476190476190474,16,30.6875,27.5,7,315.14285714285717,302.85714285714283,nas_delay,carrier_delay,late_aircraft_delay
CID,3,39,7.0256410256410255,-4.641025641025641,24,29.375,20.916666666666668,16,213.8125,206.375,nas_delay,carrier_delay,late_aircraft_delay
CID,4,35,6.485714285714286,2.5588235294117645,34,31.5,34.411764705882355,19,152.26315789473685,152.94736842105263,nas_delay,late_aircraft_delay,carrier_delay
CID,5,51,5.019607843137255,1.6470588235294117,37,30.135135135135137,30.83783783783784,41,132.8048780487805,135.6341463414634,nas_delay,late_aircraft_delay,carrier_delay
CID,6,53,5.245283018867925,6.415094339622642,37,32.432432432432435,29.2972972972973,30,309.5,306.8333333333333,carrier_delay,nas_delay,late_aircraft_delay
CID,7,56,7.25,5.428571428571429,46,32.19565217391305,33.32608695652174,43,229.65116279069767,229.53488372093022,carrier_delay,nas_delay,late_aircraft_delay
CID,8,43,7.395348837209302,11.465116279069768,37,29.675675675675677,34.270270270270274,25,211.04,208.88,nas_delay,carrier_delay,late_aircraft_delay
CID,9,42,6.142857142857143,-0.47619047619047616,24,29.333333333333332,23.958333333333332,12,283.5833333333333,279.0,nas_delay,carrier_delay,late_aircraft_delay
CID,10,43,5.511627906976744,3.511627906976744,28,30.5,19.678571428571427,23,156.0,146.7826086956522,carrier_delay,nas_delay,late_aircraft_delay
CID,11,51,5.666666666666667,3.5098039215686274,22,32.77272727272727,29.954545454545453,14,223.42857142857142,212.07142857142858,carrier_delay,nas_delay,late_aircraft_delay
CID,12,63,6.111111111111111,-0.9032258064516129,59,28.559322033898304,19.89830508474576,28,261.07142857142856,258.44444444444446,nas_delay,carrier_delay,late_aircraft_delay
CIU,1,1,8.0,3.0,1,35.0,10.0,8,285.875,287.875,carrier_delay,nas_delay,weather_delay
CIU,2,4,5.0,7.75,2,23.5,13.5,3,220.0,194.66666666666666,carrier_delay,nas_delay,Nessuna
CIU,3,4,4.75,-6.5,1,21.0,19.0,3,165.66666666666666,157.33333333333334,carrier_delay,nas_delay,weather_delay
CIU,4,3,5.333333333333333,-4.0,1,15.0,2.0,4,182.5,166.75,carrier_delay,Nessuna,Nessuna
CIU,5,2,5.5,2.0,3,31.666666666666668,22.666666666666668,2,168.0,160.5,carrier_delay,weather_delay,Nessuna
CIU,6,1,9.0,5.0,2,21.0,24.5,3,330.0,332.3333333333333,carrier_delay,nas_delay,weather_delay
CIU,7,3,1.3333333333333333,-3.0,1,30.0,32.0,5,133.0,125.8,carrier_delay,nas_delay,weather_delay
CIU,8,5,5.4,4.0,2,33.0,37.0,0,"","",carrier_delay,nas_delay,security_delay
CIU,9,2,8.0,-1.5,0,"","",4,89.25,89.5,weather_delay,carrier_delay,nas_delay
CIU,10,3,11.333333333333334,14.666666666666666,3,43.0,35.0,4,250.25,247.0,carrier_delay,nas_delay,weather_delay
CIU,11,4,4.0,6.25,2,33.5,33.0,0,"","",carrier_delay,nas_delay,Nessuna
CIU,12,4,9.25,11.5,5,25.2,21.0,8,173.75,169.375,carrier_delay,nas_delay,canc_B
CKB,1,2,7.5,1.5,1,36.0,31.0,1,1220.0,1235.0,late_aircraft_delay,nas_delay,Nessuna
CKB,2,1,12.0,-5.0,2,32.0,25.0,1,202.0,200.0,carrier_delay,late_aircraft_delay,Nessuna
CKB,3,3,7.0,13.0,2,20.5,4.5,1,151.0,141.0,nas_delay,carrier_delay,late_aircraft_delay
CKB,4,2,6.5,7.0,1,37.0,23.0,2,124.5,146.0,late_aircraft_delay,carrier_delay,nas_delay
CKB,5,2,6.5,1.0,3,35.333333333333336,40.0,2,96.0,101.5,late_aircraft_delay,nas_delay,carrier_delay
CKB,6,1,1.0,-14.0,3,38.0,44.666666666666664,0,"","",late_aircraft_delay,carrier_delay,canc_B
CKB,7,4,6.75,1.5,5,32.6,38.4,3,170.33333333333334,166.0,late_aircraft_delay,carrier_delay,nas_delay
CKB,8,4,5.0,0.75,3,38.666666666666664,39.666666666666664,1,204.0,197.0,late_aircraft_delay,carrier_delay,security_delay
CKB,9,1,6.0,85.0,1,33.0,31.0,0,"","",nas_delay,weather_delay,carrier_delay
CKB,10,1,9.0,3.0,0,"","",2,72.0,76.0,nas_delay,late_aircraft_delay,carrier_delay
CKB,11,2,7.0,-8.0,0,"","",0,"","",Nessuna,Nessuna,Nessuna
CKB,12,1,2.0,-11.0,2,22.5,20.5,3,113.33333333333333,111.33333333333333,late_aircraft_delay,carrier_delay,nas_delay
CLE,1,181,5.928176795580111,1.270718232044199,186,30.887096774193548,27.521505376344088,135,190.95555555555555,188.0,nas_delay,carrier_delay,late_aircraft_delay
CLE,2,150,5.76,-5.753333333333333,122,31.33606557377049,21.565573770491802,53,135.66037735849056,129.96226415094338,late_aircraft_delay,nas_delay,carrier_delay
CLE,3,181,6.464088397790055,0.8611111111111112,178,30.9438202247191,24.83050847457627,118,129.67796610169492,124.30508474576271,nas_delay,late_aircraft_delay,carrier_delay
CLE,4,202,5.673267326732673,-3.3316831683168315,169,32.710059171597635,25.24404761904762,105,146.78095238095239,141.72380952380954,late_aircraft_delay,nas_delay,carrier_delay
CLE,5,247,6.016194331983805,1.4777327935222673,206,32.80582524271845,29.426470588235293,149,144.8724832214765,144.28378378378378,nas_delay,late_aircraft_delay,carrier_delay
CLE,6,283,5.876325088339223,-0.10247349823321555,255,31.349019607843136,23.681102362204726,170,150.4764705882353,145.53571428571428,late_aircraft_delay,nas_delay,carrier_delay
CLE,7,265,6.422641509433962,1.2916666666666667,259,32.50965250965251,28.608527131782946,217,160.67281105990784,155.62962962962962,late_aircraft_delay,carrier_delay,nas_delay
CLE,8,274,5.656934306569343,2.9154411764705883,208,31.346153846153847,28.946859903381643,117,176.48717948717947,180.10344827586206,nas_delay,late_aircraft_delay,carrier_delay
CLE,9,210,5.5285714285714285,-0.43333333333333335,120,31.933333333333334,28.218487394957982,44,173.5,167.20454545454547,nas_delay,late_aircraft_delay,carrier_delay
CLE,10,188,5.723404255319149,-1.9202127659574468,115,29.11304347826087,20.756521739130434,59,151.0,141.08474576271186,nas_delay,carrier_delay,late_aircraft_delay
CLE,11,165,5.654545454545454,-1.5696969696969696,120,30.991666666666667,22.789915966386555,77,135.05194805194805,129.5194805194805,nas_delay,late_aircraft_delay,carrier_delay
CLE,12,262,6.412213740458015,0.12595419847328243,217,30.34562211981567,24.791666666666668,114,124.21052631578948,120.70796460176992,nas_delay,carrier_delay,late_aircraft_delay
CLL,1,4,4.25,2.0,5,24.4,26.2,4,120.75,123.0,late_aircraft_delay,carrier_delay,nas_delay
CLL,2,5,4.8,14.6,2,16.5,37.0,1,161.0,145.0,nas_delay,late_aircraft_delay,carrier_delay
CLL,3,3,5.333333333333333,-6.0,1,50.0,32.0,2,172.0,196.5,nas_delay,late_aircraft_delay,weather_delay
CLL,4,4,7.75,16.25,2,25.5,29.5,4,194.0,212.75,nas_delay,late_aircraft_delay,weather_delay
CLL,5,3,8.333333333333334,3.0,5,32.0,33.4,11,219.63636363636363,223.0,nas_delay,late_aircraft_delay,weather_delay
CLL,6,4,7.25,0.0,4,33.0,25.25,4,166.75,168.75,nas_delay,late_aircraft_delay,canc_B
CLL,7,5,8.8,7.8,9,30.666666666666668,22.333333333333332,7,120.14285714285714,117.28571428571429,late_aircraft_delay,nas_delay,carrier_delay
CLL,8,3,8.666666666666666,7.333333333333333,6,31.833333333333332,25.5,2,485.5,488.0,carrier_delay,late_aircraft_delay,nas_delay
CLL,9,3,5.0,6.666666666666667,5,24.4,17.4,2,182.5,176.5,nas_delay,weather_delay,late_aircraft_delay
CLL,10,2,11.0,-1.0,3,34.333333333333336,41.0,4,195.25,193.0,carrier_delay,late_aircraft_delay,nas_delay
CLL,11,3,8.666666666666666,8.333333333333334,4,32.0,18.25,4,107.0,95.66666666666667,carrier_delay,late_aircraft_delay,nas_delay
CLL,12,2,4.5,-4.5,4,39.0,30.5,7,170.57142857142858,163.57142857142858,carrier_delay,weather_delay,nas_delay
CLT,1,1445,6.076124567474048,2.2487838776928424,1258,32.07869634340223,27.904229848363926,766,135.42036553524804,131.80026281208936,late_aircraft_delay,carrier_delay,nas_delay
CLT,2,1388,6.117435158501441,1.6096681096681096,936,31.002136752136753,26.207708779443255,343,127.80758017492711,121.44117647058823,carrier_delay,nas_delay,late_aircraft_delay
CLT,3,1625,6.26523076923077,1.4950556242274413,1401,30.849393290506782,26.184285714285714,703,138.34850640113797,133.05420827389443,carrier_delay,late_aircraft_delay,nas_delay
CLT,4,1726,6.243337195828505,3.83739837398374,1401,31.3197715917202,28.801144492131616,749,130.95594125500668,128.75469168900804,late_aircraft_delay,carrier_delay,nas_delay
CLT,5,1800,6.210555555555556,6.731476323119777,1983,32.88250126071609,33.41772151898734,1416,141.8213276836158,142.02338766832034,late_aircraft_delay,carrier_delay,nas_delay
CLT,6,1710,6.1345029239766085,0.902696365767878,1738,32.72612197928654,28.204387990762125,1174,143.5800681431005,138.97350427350426,late_aircraft_delay,carrier_delay,nas_delay
CLT,7,1550,6.352258064516129,2.3616331821127674,1974,33.782168186423505,30.858231707317074,2221,156.13642503376857,152.6802536231884,late_aircraft_delay,carrier_delay,nas_delay
CLT,8,1667,6.261547690461907,2.028985507246377,1774,32.05862457722661,28.330695308083662,1204,151.4983388704319,147.15474209650583,late_aircraft_delay,carrier_delay,nas_delay
CLT,9,1615,6.347368421052631,0.9944168734491315,1282,31.582683307332292,26.40234375,759,144.07246376811594,138.03571428571428,late_aircraft_delay,carrier_delay,nas_delay
CLT,10,1927,6.234561494551116,-0.5,1409,30.36124911284599,23.344483985765123,498,146.4437751004016,138.64040404040404,carrier_delay,late_aircraft_delay,nas_delay
CLT,11,1415,5.969611307420495,1.8014134275618374,859,30.330616996507565,26.450523864959255,330,126.65454545454546,119.60122699386503,carrier_delay,nas_delay,late_aircraft_delay
CLT,12,1705,6.294428152492668,1.8367586611861422,1450,31.81655172413793,26.939100346020762,737,135.58480325644504,129.94945355191257,carrier_delay,late_aircraft_delay,nas_delay
CMH,1,207,6.06280193236715,2.4879227053140096,170,30.564705882352943,26.176470588235293,79,182.63291139240508,182.87012987012986,nas_delay,late_aircraft_delay,carrier_delay
CMH,2,191,6.015706806282722,-0.5130890052356021,147,29.802721088435373,23.040816326530614,39,132.25641025641025,124.41025641025641,nas_delay,carrier_delay,late_aircraft_delay
CMH,3,261,6.164750957854406,-0.5,204,33.083333333333336,25.122549019607842,95,157.05263157894737,154.0842105263158,nas_delay,carrier_delay,late_aircraft_delay
CMH,4,232,6.129310344827586,0.896551724137931,151,30.867549668874172,23.046666666666667,88,155.7840909090909,150.41379310344828,late_aircraft_delay,nas_delay,carrier_delay
CMH,5,275,5.745454545454545,1.4218181818181819,209,32.34928229665072,30.72596153846154,144,134.52083333333334,135.83916083916083,nas_delay,late_aircraft_delay,carrier_delay
CMH,6,288,5.78125,1.2916666666666667,181,30.861878453038674,24.747191011235955,125,142.592,137.8211382113821,nas_delay,late_aircraft_delay,carrier_delay
CMH,7,267,5.50561797752809,1.2234848484848484,244,30.118852459016395,25.46502057613169,166,142.210843373494,139.4,carrier_delay,nas_delay,late_aircraft_delay
CMH,8,276,6.166666666666667,0.4290909090909091,208,30.54326923076923,25.734299516908212,138,176.6086956521739,175.08695652173913,nas_delay,carrier_delay,late_aircraft_delay
CMH,9,214,5.761682242990654,-0.08411214953271028,136,31.345588235294116,26.139705882352942,64,174.046875,171.25,nas_delay,late_aircraft_delay,carrier_delay
CMH,10,220,5.5227272727272725,-3.668181818181818,133,31.398496240601503,22.69924812030075,52,220.44230769230768,211.5,carrier_delay,nas_delay,late_aircraft_delay
CMH,11,222,6.0,0.09009009009009009,144,30.645833333333332,23.166666666666668,70,122.34285714285714,117.77142857142857,nas_delay,carrier_delay,late_aircraft_delay
CMH,12,329,6.243161094224924,-3.303951367781155,248,30.774193548387096,24.004032258064516,87,150.3793103448276,145.09411764705882,carrier_delay,nas_delay,late_aircraft_delay
CMI,1,4,10.0,-4.25,8,32.625,41.5,7,192.14285714285714,186.14285714285714,nas_delay,late_aircraft_delay,canc_B
CMI,2,8,8.5,1.25,8,34.625,36.5,0,"","",nas_delay,carrier_delay,late_aircraft_delay
CMI,3,7,4.285714285714286,0.7142857142857143,4,39.25,52.0,5,323.8,307.4,nas_delay,late_aircraft_delay,carrier_delay
CMI,4,6,9.666666666666666,2.1666666666666665,5,34.0,21.6,5,127.4,126.4,late_aircraft_delay,carrier_delay,nas_delay
CMI,5,6,7.0,2.8333333333333335,10,35.9,30.1,6,193.33333333333334,209.16666666666666,nas_delay,late_aircraft_delay,carrier_delay
CMI,6,3,6.333333333333333,-3.0,7,34.0,31.0,9,220.77777777777777,210.88888888888889,late_aircraft_delay,carrier_delay,nas_delay
CMI,7,5,7.4,-2.2,13,38.38461538461539,38.07692307692308,2,125.5,132.0,late_aircraft_delay,carrier_delay,nas_delay
CMI,8,3,8.0,-6.333333333333333,9,27.333333333333332,18.444444444444443,4,117.25,111.75,late_aircraft_delay,carrier_delay,nas_delay
CMI,9,7,4.285714285714286,6.142857142857143,3,22.0,10.0,8,122.5,122.875,nas_delay,late_aircraft_delay,carrier_delay
CMI,10,6,3.6666666666666665,-11.166666666666666,4,28.75,29.75,1,244.0,254.0,carrier_delay,nas_delay,late_aircraft_delay
CMI,11,3,9.0,-8.333333333333334,5,34.2,31.2,2,136.0,174.5,nas_delay,carrier_delay,late_aircraft_delay
CMI,12,6,3.3333333333333335,5.5,5,38.4,27.8,4,132.25,118.5,carrier_delay,nas_delay,late_aircraft_delay
CMX,1,4,7.75,9.75,1,28.0,31.0,3,118.0,103.66666666666667,canc_B,late_aircraft_delay,carrier_delay
CMX,2,3,6.666666666666667,8.0,1,31.0,10.0,3,82.0,79.33333333333333,carrier_delay,nas_delay,late_aircraft_delay
CMX,3,3,3.0,6.666666666666667,2,37.0,25.5,2,194.0,174.0,carrier_delay,security_delay,late_aircraft_delay
CMX,4,0,"","",2,49.0,43.0,7,114.14285714285714,105.42857142857143,carrier_delay,weather_delay,late_aircraft_delay
CMX,5,2,11.0,0.5,4,27.5,33.333333333333336,5,198.0,188.0,late_aircraft_delay,canc_B,carrier_delay
CMX,6,3,8.0,1.6666666666666667,1,53.0,34.0,5,126.8,126.0,late_aircraft_delay,carrier_delay,nas_delay
CMX,7,2,1.0,-2.0,1,60.0,54.0,4,181.75,175.0,carrier_delay,nas_delay,late_aircraft_delay
CMX,8,1,13.0,18.0,7,40.42857142857143,34.285714285714285,4,102.75,110.25,late_aircraft_delay,nas_delay,carrier_delay
CMX,9,2,3.5,3.0,7,31.0,30.571428571428573,3,173.0,160.33333333333334,carrier_delay,late_aircraft_delay,nas_delay
CMX,10,5,4.0,8.8,3,31.666666666666668,30.333333333333332,1,167.0,155.0,carrier_delay,nas_delay,late_aircraft_delay
CMX,11,0,"","",3,30.666666666666668,30.333333333333332,4,249.75,238.0,carrier_delay,nas_delay,weather_delay
CMX,12,1,6.0,6.0,3,26.333333333333332,33.333333333333336,3,98.33333333333333,82.0,carrier_delay,weather_delay,canc_B
CNY,1,0,"","",1,47.0,35.0,1,92.0,84.0,canc_B,late_aircraft_delay,carrier_delay
COD,5,1,8.0,14.0,1,28.0,35.0,3,98.0,93.66666666666667,nas_delay,carrier_delay,weather_delay
COD,6,6,6.666666666666667,5.166666666666667,4,22.25,19.25,5,148.2,140.0,carrier_delay,nas_delay,canc_B
COD,7,5,7.8,2.8,8,30.125,21.375,7,105.57142857142857,107.14285714285714,late_aircraft_delay,carrier_delay,nas_delay
COD,8,6,6.333333333333333,-4.5,8,26.375,21.625,10,150.0,146.2,nas_delay,late_aircraft_delay,carrier_delay
COD,9,7,10.0,-2.4285714285714284,6,23.0,7.166666666666667,1,77.0,60.0,carrier_delay,Nessuna,Nessuna
COD,10,5,6.2,-4.6,4,24.5,23.75,0,"","",nas_delay,late_aircraft_delay,weather_delay
COD,11,3,3.0,8.0,2,44.5,38.5,3,153.33333333333334,141.0,carrier_delay,late_aircraft_delay,nas_delay
COD,12,5,3.2,-4.8,2,27.5,14.5,1,96.0,78.0,carrier_delay,nas_delay,late_aircraft_delay
COS,1,67,5.641791044776119,2.1363636363636362,44,32.22727272727273,27.34090909090909,30,152.2,147.56666666666666,nas_delay,late_aircraft_delay,carrier_delay
COS,2,57,5.771929824561403,6.087719298245614,36,36.111111111111114,35.388888888888886,26,163.34615384615384,162.30769230769232,nas_delay,late_aircraft_delay,carrier_delay
COS,3,63,5.619047619047619,4.396825396825397,46,31.58695652173913,32.58695652173913,22,138.63636363636363,140.47619047619048,nas_delay,late_aircraft_delay,carrier_delay
COS,4,70,6.1,0.4411764705882353,45,32.86666666666667,34.0,27,132.44444444444446,135.37037037037038,nas_delay,carrier_delay,late_aircraft_delay
COS,5,96,6.34375,2.6842105263157894,68,30.529411764705884,31.220588235294116,47,204.08510638297872,204.91489361702128,nas_delay,late_aircraft_delay,carrier_delay
COS,6,95,6.136842105263158,3.0425531914893615,79,32.075949367088604,27.518987341772153,29,160.79310344827587,162.27586206896552,late_aircraft_delay,carrier_delay,nas_delay
COS,7,81,6.91358024691358,3.0864197530864197,98,30.428571428571427,26.26530612244898,47,156.70212765957447,156.25531914893617,late_aircraft_delay,carrier_delay,nas_delay
COS,8,65,6.446153846153846,4.292307692307692,58,32.01724137931034,25.275862068965516,52,172.6346153846154,165.15384615384616,late_aircraft_delay,carrier_delay,nas_delay
COS,9,59,6.372881355932203,-2.7288135593220337,57,32.1578947368421,22.24561403508772,25,217.8,213.24,carrier_delay,late_aircraft_delay,nas_delay
COS,10,76,5.934210526315789,-1.1973684210526316,48,29.041666666666668,19.291666666666668,29,156.6551724137931,147.13793103448276,carrier_delay,late_aircraft_delay,nas_delay
COS,11,67,5.477611940298507,2.955223880597015,44,33.38636363636363,32.97727272727273,25,147.56,147.08,nas_delay,carrier_delay,late_aircraft_delay
COS,12,64,5.84375,-4.484375,58,30.0,20.57894736842105,24,148.16666666666666,140.75,late_aircraft_delay,carrier_delay,nas_delay
COU,1,4,7.25,-5.75,6,27.5,25.333333333333332,12,143.16666666666666,148.75,nas_delay,weather_delay,canc_B
COU,2,9,6.0,-2.5555555555555554,5,20.4,10.4,1,118.0,141.0,nas_delay,late_aircraft_delay,weather_delay
COU,3,11,7.181818181818182,-3.727272727272727,6,27.666666666666668,19.5,4,93.25,100.25,nas_delay,carrier_delay,weather_delay
COU,4,6,6.166666666666667,5.833333333333333,7,35.285714285714285,35.142857142857146,3,95.33333333333333,98.33333333333333,late_aircraft_delay,nas_delay,carrier_delay
COU,5,11,8.727272727272727,10.181818181818182,10,27.4,41.3,11,154.0,165.72727272727272,nas_delay,late_aircraft_delay,carrier_delay
COU,6,9,5.888888888888889,-2.3333333333333335,13,34.38461538461539,29.846153846153847,14,107.14285714285714,105.57142857142857,late_aircraft_delay,carrier_delay,nas_delay
COU,7,11,4.545454545454546,11.818181818181818,12,39.666666666666664,36.0,10,91.3,89.1,late_aircraft_delay,nas_delay,carrier_delay
COU,8,11,5.545454545454546,8.545454545454545,10,24.9,17.0,4,335.5,327.5,carrier_delay,nas_delay,late_aircraft_delay
COU,9,7,8.428571428571429,-0.8571428571428571,9,35.22222222222222,27.22222222222222,4,146.75,144.0,carrier_delay,late_aircraft_delay,nas_delay
COU,10,7,6.571428571428571,-1.1428571428571428,8,32.0,24.5,5,139.2,126.2,carrier_delay,nas_delay,late_aircraft_delay
COU,11,13,7.153846153846154,0.6153846153846154,11,30.727272727272727,47.54545454545455,2,478.5,477.0,nas_delay,carrier_delay,late_aircraft_delay
COU,12,12,7.666666666666667,0.4166666666666667,15,29.6,29.866666666666667,10,306.1,309.1,carrier_delay,nas_delay,late_aircraft_delay
CPR,1,2,4.0,16.5,1,24.0,17.0,0,"","",carrier_delay,late_aircraft_delay,nas_delay
CPR,2,1,1.0,-28.0,0,"","",0,"","",Nessuna,Nessuna,Nessuna
CPR,3,0,"","",2,18.5,3.5,0,"","",Nessuna,Nessuna,Nessuna
CPR,4,0,"","",0,"","",0,"","",Nessuna,Nessuna,Nessuna
CPR,5,10,3.9,-14.5,3,33.0,22.0,4,109.0,94.0,nas_delay,weather_delay,carrier_delay
CPR,6,11,6.909090909090909,-0.8181818181818182,12,25.333333333333332,13.083333333333334,6,142.66666666666666,132.66666666666666,carrier_delay,nas_delay,late_aircraft_delay
CPR,7,9,4.555555555555555,-7.222222222222222,6,41.0,29.0,6,172.0,159.5,carrier_delay,late_aircraft_delay,nas_delay
CPR,8,20,5.5,-1.4,10,30.3,19.22222222222222,17,157.41176470588235,150.1764705882353,carrier_delay,late_aircraft_delay,nas_delay
CPR,9,6,10.833333333333334,0.16666666666666666,2,18.0,9.0,6,132.5,111.5,carrier_delay,late_aircraft_delay,nas_delay
CPR,10,8,5.125,4.625,7,29.0,33.42857142857143,5,271.8,272.8,carrier_delay,nas_delay,late_aircraft_delay
CPR,11,11,5.7272727272727275,-4.181818181818182,7,42.57142857142857,37.57142857142857,4,101.25,100.0,carrier_delay,nas_delay,late_aircraft_delay
CPR,12,4,2.0,5.25,6,25.833333333333332,7.666666666666667,0,"","",carrier_delay,nas_delay,late_aircraft_delay
CRP,1,13,5.153846153846154,-0.3076923076923077,15,29.133333333333333,28.066666666666666,18,124.94444444444444,142.11111111111111,late_aircraft_delay,nas_delay,weather_delay
CRP,2,8,7.375,6.875,11,32.0,29.363636363636363,4,128.75,119.25,nas_delay,carrier_delay,late_aircraft_delay
CRP,3,16,5.5625,-0.1875,14,35.714285714285715,32.92857142857143,6,177.5,179.33333333333334,late_aircraft_delay,nas_delay,carrier_delay
CRP,4,12,7.083333333333333,2.25,9,29.11111111111111,25.333333333333332,12,123.83333333333333,136.33333333333334,nas_delay,late_aircraft_delay,carrier_delay
CRP,5,23,7.260869565217392,12.217391304347826,23,34.34782608695652,32.04347826086956,28,158.35714285714286,171.92592592592592,nas_delay,late_aircraft_delay,weather_delay
CRP,6,18,7.222222222222222,7.166666666666667,29,30.413793103448278,29.93103448275862,15,125.4,135.86666666666667,late_aircraft_delay,nas_delay,carrier_delay
CRP,7,33,6.818181818181818,5.454545454545454,20,33.45,33.1,17,124.76470588235294,133.0,late_aircraft_delay,nas_delay,weather_delay
CRP,8,17,7.176470588235294,7.9411764705882355,4,36.25,35.5,4,176.75,170.5,nas_delay,late_aircraft_delay,carrier_delay
CRP,9,19,6.157894736842105,7.052631578947368,12,28.666666666666668,24.5,3,74.0,73.33333333333333,nas_delay,late_aircraft_delay,carrier_delay
CRP,10,19,4.368421052631579,1.0,12,28.416666666666668,23.0,3,109.33333333333333,102.66666666666667,nas_delay,carrier_delay,late_aircraft_delay
CRP,11,20,5.85,-1.2,20,33.3,29.842105263157894,4,123.25,127.25,weather_delay,carrier_delay,nas_delay
CRP,12,24,6.125,-0.5833333333333334,16,35.0,28.5625,12,187.83333333333334,188.58333333333334,late_aircraft_delay,nas_delay,carrier_delay
CRW,1,7,8.0,10.0,20,29.9,29.6,20,267.6,276.55,nas_delay,carrier_delay,late_aircraft_delay
CRW,2,18,6.777777777777778,-2.0,9,22.0,15.222222222222221,11,240.45454545454547,226.1818181818182,carrier_delay,nas_delay,late_aircraft_delay
CRW,3,6,6.666666666666667,1.5,9,25.11111111111111,16.555555555555557,7,115.85714285714286,108.28571428571429,nas_delay,carrier_delay,late_aircraft_delay
CRW,4,15,8.133333333333333,14.666666666666666,21,34.76190476190476,26.7,9,153.44444444444446,140.55555555555554,carrier_delay,nas_delay,late_aircraft_delay
CRW,5,24,8.5,3.2916666666666665,20,34.9,26.55,19,202.31578947368422,200.78947368421052,nas_delay,carrier_delay,late_aircraft_delay
CRW,6,18,6.555555555555555,2.3333333333333335,11,37.90909090909091,33.0,14,160.35714285714286,146.78571428571428,carrier_delay,late_aircraft_delay,nas_delay
CRW,7,17,4.470588235294118,-2.0588235294117645,24,31.666666666666668,28.541666666666668,32,154.46875,148.71875,carrier_delay,late_aircraft_delay,nas_delay
CRW,8,21,7.0,10.55,17,29.647058823529413,25.6875,21,150.47619047619048,146.61904761904762,carrier_delay,nas_delay,late_aircraft_delay
CRW,9,13,6.076923076923077,3.1538461538461537,8,34.875,27.5,19,215.52631578947367,210.10526315789474,carrier_delay,late_aircraft_delay,nas_delay
CRW,10,14,4.571428571428571,2.357142857142857,14,28.928571428571427,19.0,7,171.0,159.14285714285714,nas_delay,carrier_delay,late_aircraft_delay
CRW,11,13,4.846153846153846,1.8461538461538463,16,30.375,21.25,10,173.5,170.1,carrier_delay,late_aircraft_delay,nas_delay
CRW,12,16,8.875,1.625,15,30.066666666666666,18.733333333333334,20,142.55,132.15,carrier_delay,late_aircraft_delay,nas_delay
CSG,1,4,5.75,3.0,1,19.0,41.0,10,234.9,235.4,carrier_delay,nas_delay,weather_delay
CSG,2,3,12.0,4.666666666666667,2,36.0,34.0,4,150.0,139.75,carrier_delay,nas_delay,Nessuna
CSG,3,5,6.2,2.2,2,29.5,21.5,2,105.5,99.0,carrier_delay,late_aircraft_delay,nas_delay
CSG,4,4,3.75,-6.25,1,40.0,39.0,2,242.0,238.0,carrier_delay,Nessuna,Nessuna
CSG,5,5,5.0,4.4,4,36.5,22.0,6,107.0,106.16666666666667,weather_delay,carrier_delay,nas_delay
CSG,6,6,5.666666666666667,-1.8333333333333333,4,36.25,33.5,3,128.0,135.0,nas_delay,carrier_delay,late_aircraft_delay
CSG,7,6,7.0,12.166666666666666,3,41.666666666666664,36.0,8,135.75,134.25,late_aircraft_delay,carrier_delay,nas_delay
CSG,8,4,5.5,-1.25,3,30.0,16.0,2,99.0,100.0,nas_delay,carrier_delay,canc_A
CSG,9,6,5.833333333333333,-0.5,1,27.0,22.0,3,157.0,150.33333333333334,carrier_delay,nas_delay,late_aircraft_delay
CSG,10,5,6.2,-1.8,1,30.0,28.0,0,"","",carrier_delay,late_aircraft_delay,nas_delay
CSG,11,4,7.25,0.25,4,43.25,38.75,1,1206.0,1247.0,carrier_delay,late_aircraft_delay,nas_delay
CSG,12,3,4.333333333333333,1.6666666666666667,1,23.0,5.0,2,141.0,148.5,nas_delay,late_aircraft_delay,canc_A
CVG,1,196,5.933673469387755,2.1846153846153844,144,32.63194444444444,28.375,96,166.07291666666666,171.62105263157895,nas_delay,carrier_delay,late_aircraft_delay
CVG,2,181,5.81767955801105,-1.9444444444444444,110,29.009090909090908,20.318181818181817,52,142.65384615384616,138.1346153846154,nas_delay,carrier_delay,late_aircraft_delay
CVG,3,212,6.30188679245283,-2.009478672985782,171,32.01754385964912,28.239520958083833,102,135.68627450980392,133.30392156862746,nas_delay,late_aircraft_delay,carrier_delay
CVG,4,233,6.291845493562231,-0.41630901287553645,172,33.093023255813954,26.622093023255815,98,170.85714285714286,167.08247422680412,nas_delay,late_aircraft_delay,carrier_delay
CVG,5,265,6.290566037735849,2.1320754716981134,238,32.294117647058826,28.645569620253166,152,153.23684210526315,152.26973684210526,nas_delay,late_aircraft_delay,carrier_delay
CVG,6,264,6.003787878787879,1.6666666666666667,204,32.51960784313726,27.163366336633665,130,167.30769230769232,165.08527131782947,nas_delay,carrier_delay,late_aircraft_delay
CVG,7,270,6.525925925925926,2.216417910447761,258,33.116279069767444,29.30859375,217,165.47465437788017,165.03240740740742,carrier_delay,late_aircraft_delay,nas_delay
CVG,8,219,6.127853881278539,2.110091743119266,197,32.73096446700507,31.246153846153845,150,134.76,133.8724832214765,nas_delay,late_aircraft_delay,carrier_delay
CVG,9,216,5.532407407407407,0.9583333333333334,145,32.26896551724138,27.8,70,145.92857142857142,143.0,nas_delay,carrier_delay,late_aircraft_delay
CVG,10,216,5.518518518518518,-1.5787037037037037,108,29.814814814814813,26.38888888888889,56,151.17857142857142,145.23214285714286,carrier_delay,nas_delay,late_aircraft_delay
CVG,11,173,5.421965317919075,-0.37572254335260113,116,30.17241379310345,26.620689655172413,82,162.35365853658536,164.65853658536585,nas_delay,carrier_delay,late_aircraft_delay
CVG,12,276,5.768115942028985,-1.0543478260869565,210,31.561904761904763,26.66190476190476,111,177.07207207207207,173.55045871559633,carrier_delay,nas_delay,late_aircraft_delay
CWA,1,2,5.5,-7.0,0,"","",2,244.0,223.0,late_aircraft_delay,carrier_delay,canc_B
CWA,2,0,"","",0,"","",0,"","",Nessuna,Nessuna,Nessuna
CWA,3,1,9.0,-5.0,0,"","",1,115.0,97.0,late_aircraft_delay,Nessuna,Nessuna
CWA,4,3,6.0,-3.6666666666666665,2,36.0,17.5,0,"","",carrier_delay,Nessuna,Nessuna
CWA,5,3,5.666666666666667,13.666666666666666,0,"","",0,"","",nas_delay,Nessuna,Nessuna
CWA,6,2,5.5,19.0,5,26.0,35.0,5,122.6,129.2,nas_delay,late_aircraft_delay,weather_delay
CWA,7,8,4.625,5.625,1,27.0,22.0,1,119.0,108.0,late_aircraft_delay,weather_delay,nas_delay
CWA,8,1,9.0,29.0,3,22.0,14.0,2,202.5,190.5,late_aircraft_delay,nas_delay,canc_A
CWA,9,5,7.4,-3.8,0,"","",1,201.0,186.0,carrier_delay,nas_delay,late_aircraft_delay
CWA,10,2,8.0,-3.0,2,22.0,13.5,0,"","",late_aircraft_delay,Nessuna,Nessuna
CWA,11,0,"","",1,21.0,8.0,0,"","",nas_delay,Nessuna,Nessuna
CWA,12,1,9.0,21.0,2,28.5,11.0,3,161.0,140.0,late_aircraft_delay,carrier_delay,canc_B
CYS,1,2,2.5,-26.0,3,32.333333333333336,6.666666666666667,1,201.0,194.0,canc_B,late_aircraft_delay,carrier_delay
CYS,2,0,"","",1,15.0,-11.0,3,195.33333333333334,204.33333333333334,canc_B,weather_delay,carrier_delay
CYS,3,1,2.0,-23.0,0,"","",1,458.0,465.0,carrier_delay,nas_delay,canc_B
CYS,4,1,13.0,14.0,3,22.666666666666668,24.333333333333332,2,262.5,285.0,nas_delay,weather_delay,late_aircraft_delay
CYS,5,0,"","",1,26.0,12.0,2,255.0,255.0,nas_delay,weather_delay,Nessuna
CYS,6,2,8.5,-11.0,2,30.0,31.0,3,512.0,501.0,carrier_delay,late_aircraft_delay,nas_delay
CYS,7,2,5.5,-6.0,0,"","",2,165.0,149.0,carrier_delay,Nessuna,Nessuna
CYS,8,3,4.0,-6.666666666666667,1,30.0,15.0,4,204.5,203.0,late_aircraft_delay,nas_delay,Nessuna
CYS,9,2,3.5,1.5,2,27.0,31.5,2,235.5,224.5,late_aircraft_delay,nas_delay,carrier_delay
CYS,10,1,7.0,2.0,1,37.0,48.0,1,196.0,206.0,nas_delay,carrier_delay,weather_delay
CYS,11,4,6.5,-3.5,2,45.5,42.0,1,140.0,130.0,carrier_delay,canc_B,weather_delay
CYS,12,2,6.0,3.0,1,26.0,7.0,1,284.0,281.0,late_aircraft_delay,Nessuna,Nessuna
DAB,1,14,7.428571428571429,2.2142857142857144,10,30.7,21.9,6,126.5,115.66666666666667,carrier_delay,late_aircraft_delay,nas_delay
DAB,2,13,5.076923076923077,-0.7692307692307693,3,32.333333333333336,24.0,4,123.75,113.5,late_aircraft_delay,carrier_delay,Nessuna
DAB,3,14,6.142857142857143,-1.3571428571428572,11,39.09090909090909,29.545454545454547,9,129.55555555555554,134.22222222222223,late_aircraft_delay,nas_delay,carrier_delay
DAB,4,16,3.4375,0.5333333333333333,6,28.5,24.333333333333332,4,439.0,432.0,late_aircraft_delay,nas_delay,carrier_delay
DAB,5,19,5.2105263157894735,4.684210526315789,24,30.541666666666668,31.916666666666668,20,116.8,115.45,late_aircraft_delay,carrier_delay,nas_delay
DAB,6,18,4.777777777777778,-5.666666666666667,8,32.125,26.0,4,91.25,89.75,late_aircraft_delay,carrier_delay,nas_delay
DAB,7,10,5.7,0.4444444444444444,11,36.0,31.181818181818183,18,214.83333333333334,218.61111111111111,late_aircraft_delay,nas_delay,carrier_delay
DAB,8,17,7.235294117647059,-2.6470588235294117,9,39.55555555555556,32.22222222222222,9,146.11111111111111,144.22222222222223,late_aircraft_delay,weather_delay,carrier_delay
DAB,9,10,6.1,-0.1,7,29.0,22.428571428571427,5,152.2,141.4,late_aircraft_delay,carrier_delay,nas_delay
DAB,10,9,6.555555555555555,4.0,1,56.0,36.0,5,139.2,124.4,late_aircraft_delay,canc_B,nas_delay
DAB,11,4,7.75,-4.5,7,28.285714285714285,18.142857142857142,1,245.0,228.0,late_aircraft_delay,nas_delay,carrier_delay
DAB,12,17,7.176470588235294,4.235294117647059,14,34.92857142857143,29.071428571428573,8,141.5,129.875,carrier_delay,late_aircraft_delay,nas_delay
DAL,1,760,6.1947368421052635,-0.1368421052631579,632,30.88607594936709,24.305246422893482,177,117.47457627118644,113.98863636363636,late_aircraft_delay,carrier_delay,nas_delay
DAL,2,716,5.7863128491620115,0.34545454545454546,369,29.07588075880759,22.764227642276424,81,101.38271604938272,95.51851851851852,carrier_delay,late_aircraft_delay,nas_delay
DAL,3,752,6.164893617021277,-0.8377659574468085,601,30.594009983361065,24.993333333333332,192,110.99479166666667,107.75,late_aircraft_delay,carrier_delay,nas_delay
DAL,4,797,6.105395232120451,-1.5050251256281406,506,31.055335968379445,25.630434782608695,257,135.94163424124514,133.390625,late_aircraft_delay,carrier_delay,nas_delay
DAL,5,826,6.113801452784504,1.6938031591737546,710,31.895774647887325,29.264497878359265,412,141.9247572815534,140.6780487804878,late_aircraft_delay,carrier_delay,nas_delay
DAL,6,874,6.118993135011442,1.529276693455798,714,30.5812324929972,25.49929676511955,277,115.48375451263539,111.40727272727273,late_aircraft_delay,carrier_delay,nas_delay
DAL,7,835,6.294610778443114,0.02877697841726619,777,30.24967824967825,24.630208333333332,287,112.47386759581882,109.0,late_aircraft_delay,carrier_delay,nas_delay
DAL,8,702,6.172364672364672,-0.24892703862660945,470,31.068085106382977,24.83974358974359,136,104.79411764705883,100.52941176470588,late_aircraft_delay,carrier_delay,nas_delay
DAL,9,664,6.094879518072289,2.2123493975903616,407,29.71007371007371,24.751231527093594,78,99.41025641025641,93.56410256410257,late_aircraft_delay,carrier_delay,nas_delay
DAL,10,747,6.089692101740295,1.3627844712182062,402,27.44776119402985,22.58955223880597,85,101.4,95.57317073170732,late_aircraft_delay,carrier_delay,nas_delay
DAL,11,687,5.781659388646288,-0.336734693877551,428,28.810747663551403,23.766355140186917,104,123.00961538461539,117.75,late_aircraft_delay,carrier_delay,nas_delay
DAL,12,812,5.894088669950739,-1.218249075215783,570,29.971929824561403,25.18661971830986,316,153.22151898734177,150.33015873015873,late_aircraft_delay,carrier_delay,nas_delay
DAY,1,28,6.535714285714286,3.2142857142857144,21,34.666666666666664,38.476190476190474,35,151.54285714285714,152.0,late_aircraft_delay,nas_delay,carrier_delay
DAY,2,26,6.115384615384615,2.0384615384615383,15,29.066666666666666,30.2,18,141.0,138.61111111111111,carrier_delay,nas_delay,late_aircraft_delay
DAY,3,24,5.708333333333333,6.666666666666667,14,27.785714285714285,24.357142857142858,16,112.0625,112.75,nas_delay,late_aircraft_delay,carrier_delay
DAY,4,31,6.161290322580645,-1.064516129032258,26,32.19230769230769,29.576923076923077,17,135.88235294117646,129.11764705882354,nas_delay,carrier_delay,late_aircraft_delay
DAY,5,40,6.375,2.85,24,34.291666666666664,32.583333333333336,40,147.75,144.4,nas_delay,late_aircraft_delay,carrier_delay
DAY,6,30,7.7,0.0,34,30.323529411764707,22.08823529411765,15,166.33333333333334,176.06666666666666,late_aircraft_delay,carrier_delay,nas_delay
DAY,7,35,6.514285714285714,-0.05714285714285714,27,29.85185185185185,27.37037037037037,35,200.31428571428572,198.34285714285716,nas_delay,carrier_delay,late_aircraft_delay
DAY,8,24,6.416666666666667,4.25,26,34.5,30.423076923076923,27,139.74074074074073,133.14814814814815,nas_delay,late_aircraft_delay,carrier_delay
DAY,9,21,6.333333333333333,8.142857142857142,24,32.416666666666664,28.458333333333332,13,123.3076923076923,125.6923076923077,late_aircraft_delay,nas_delay,carrier_delay
DAY,10,27,6.148148148148148,2.740740740740741,16,33.6875,22.2,8,172.0,168.125,carrier_delay,late_aircraft_delay,nas_delay
DAY,11,29,6.379310344827586,6.551724137931035,13,28.46153846153846,21.153846153846153,8,146.375,132.625,carrier_delay,nas_delay,late_aircraft_delay
DAY,12,32,7.53125,1.5625,27,31.74074074074074,20.703703703703702,29,146.3448275862069,138.75862068965517,late_aircraft_delay,nas_delay,carrier_delay
DCA,1,708,6.19774011299435,-0.3615819209039548,617,32.3484602917342,27.908943089430895,567,142.68253968253967,149.03716814159293,nas_delay,late_aircraft_delay,carrier_delay
DCA,2,650,5.984615384615385,-4.438461538461539,513,30.28460038986355,20.52734375,232,142.2456896551724,132.08620689655172,late_aircraft_delay,nas_delay,carrier_delay
DCA,3,865,6.139884393063584,-2.4298957126303593,737,30.974219810040704,22.796195652173914,393,158.4300254452926,150.58312020460357,late_aircraft_delay,carrier_delay,nas_delay
DCA,4,758,6.091029023746702,0.11258278145695365,639,31.949921752738653,26.869701726844585,411,139.02919708029196,134.71463414634147,late_aircraft_delay,nas_delay,carrier_delay
DCA,5,907,6.592061742006615,4.578713968957872,914,31.926695842450766,30.426373626373625,577,150.31715771230503,151.67478260869566,nas_delay,late_aircraft_delay,carrier_delay
DCA,6,901,6.226415094339623,-1.106145251396648,761,30.516425755584756,25.02774108322325,490,151.0183673469388,145.40899795501022,late_aircraft_delay,carrier_delay,nas_delay
DCA,7,910,6.2967032967032965,4.136865342163356,892,31.968609865470853,29.435722411831627,765,159.19869281045752,158.1437994722955,late_aircraft_delay,nas_delay,carrier_delay
DCA,8,779,6.218228498074454,3.753229974160207,798,32.80451127819549,29.95964691046658,603,163.48424543946933,160.45757071547422,late_aircraft_delay,nas_delay,carrier_delay
DCA,9,669,5.898355754857997,-0.07174887892376682,530,30.537735849056602,26.01134215500945,249,156.14859437751005,152.3508064516129,nas_delay,late_aircraft_delay,carrier_delay
DCA,10,780,6.02051282051282,-3.5776636713735557,503,30.75149105367793,19.98409542743539,247,128.36437246963564,119.15384615384616,late_aircraft_delay,carrier_delay,nas_delay
DCA,11,672,6.186011904761905,-1.6964285714285714,529,31.359168241965975,22.52462121212121,252,142.75,133.436,late_aircraft_delay,carrier_delay,nas_delay
DCA,12,920,6.326086956521739,-0.8920392584514721,845,32.288757396449704,24.978622327790973,535,136.48598130841123,131.83677298311446,late_aircraft_delay,carrier_delay,nas_delay
DDC,1,2,4.0,32.5,0,"","",3,112.33333333333333,107.5,canc_B,nas_delay,late_aircraft_delay
DDC,2,1,13.0,12.0,0,"","",1,73.0,63.0,nas_delay,canc_B,Nessuna
DDC,3,4,8.0,15.0,1,16.0,16.0,1,200.0,183.0,late_aircraft_delay,nas_delay,canc_B
DDC,4,1,4.0,7.0,0,"","",1,205.0,211.0,nas_delay,carrier_delay,Nessuna
DDC,5,1,7.0,-1.0,3,37.333333333333336,28.0,4,348.25,343.5,late_aircraft_delay,nas_delay,Nessuna
DDC,6,5,7.6,18.8,4,43.5,55.25,0,"","",carrier_delay,nas_delay,late_aircraft_delay
DDC,7,3,8.666666666666666,1.3333333333333333,3,27.0,32.5,1,297.0,"",nas_delay,carrier_delay,late_aircraft_delay
DDC,8,2,10.5,-1.5,3,29.666666666666668,22.666666666666668,4,183.5,190.25,nas_delay,carrier_delay,weather_delay
DDC,9,1,7.0,4.0,4,41.0,36.25,1,926.0,919.0,carrier_delay,late_aircraft_delay,Nessuna
DDC,10,2,5.0,-8.0,2,30.0,21.5,4,454.25,455.5,carrier_delay,nas_delay,late_aircraft_delay
DDC,11,3,13.333333333333334,25.333333333333332,0,"","",2,154.0,146.0,carrier_delay,nas_delay,late_aircraft_delay
DDC,12,2,7.0,-2.5,0,"","",3,107.33333333333333,89.66666666666667,late_aircraft_delay,weather_delay,Nessuna
DEC,1,1,9.0,-9.0,3,39.333333333333336,27.666666666666668,4,391.0,393.25,canc_B,late_aircraft_delay,nas_delay
DEC,2,0,"","",2,32.5,10.5,5,363.8,360.8,carrier_delay,late_aircraft_delay,nas_delay
DEC,3,0,"","",2,32.5,18.0,5,371.0,368.6,late_aircraft_delay,carrier_delay,nas_delay
DEC,4,3,4.666666666666667,2.3333333333333335,4,45.25,43.25,4,90.5,95.75,late_aircraft_delay,nas_delay,carrier_delay
DEC,5,2,10.0,29.5,4,33.5,33.0,10,276.1,273.2,late_aircraft_delay,nas_delay,carrier_delay
DEC,6,0,"","",1,57.0,61.0,3,184.66666666666666,175.66666666666666,late_aircraft_delay,nas_delay,carrier_delay
DEC,7,2,9.0,18.5,2,27.0,30.0,7,245.57142857142858,244.0,late_aircraft_delay,nas_delay,carrier_delay
DEC,8,0,"","",4,29.25,39.0,3,272.6666666666667,277.3333333333333,nas_delay,late_aircraft_delay,carrier_delay
DEC,9,0,"","",2,24.0,26.5,3,263.6666666666667,270.3333333333333,late_aircraft_delay,nas_delay,carrier_delay
DEC,10,1,7.0,18.0,1,23.0,28.0,0,"","",nas_delay,late_aircraft_delay,Nessuna
DEC,11,2,6.0,19.0,3,34.333333333333336,33.0,0,"","",late_aircraft_delay,nas_delay,carrier_delay
DEC,12,1,11.0,10.0,5,40.6,39.4,2,93.0,107.5,late_aircraft_delay,nas_delay,carrier_delay
DEN,1,2534,6.322415153906866,0.02574257425742574,2174,30.81048758049678,25.36267281105991,917,135.25081788440568,129.96153846153845,carrier_delay,late_aircraft_delay,nas_delay
DEN,2,2450,6.253061224489796,3.087045361667348,1730,30.191329479768786,28.623036649214658,810,135.64814814814815,140.2599502487562,nas_delay,carrier_delay,late_aircraft_delay
DEN,3,2792,6.045487106017192,1.2466786355475763,1930,30.71761658031088,25.76089211618257,727,128.65199449793673,124.05096418732782,carrier_delay,nas_delay,late_aircraft_delay
DEN,4,2711,6.091848026558465,0.7195121951219512,2026,30.898321816386968,26.602678571428573,755,130.42384105960264,126.29560585885486,carrier_delay,late_aircraft_delay,nas_delay
DEN,5,2720,6.154411764705882,0.5483751846381093,2474,31.693613581244946,25.841443633414436,1426,127.49719495091163,122.17006324666198,late_aircraft_delay,carrier_delay,nas_delay
DEN,6,3030,6.23003300330033,2.4092715231788078,2722,31.318515797207937,27.107221812822402,1418,127.3244005641749,121.85643212508884,carrier_delay,late_aircraft_delay,nas_delay
DEN,7,2953,6.13274635963427,1.3170234454638123,2560,32.171484375,26.654088050314467,1495,128.87625418060202,123.04787592717464,carrier_delay,late_aircraft_delay,nas_delay
DEN,8,2831,6.121158601200989,2.500354609929078,2337,32.09841677364142,28.106008583690986,1338,134.7391629297459,129.76280120481928,carrier_delay,late_aircraft_delay,nas_delay
DEN,9,2534,5.858326756116812,-0.2015810276679842,1528,30.296465968586386,22.862204724409448,612,119.05065359477125,110.9343185550082,carrier_delay,late_aircraft_delay,nas_delay
DEN,10,2470,5.896761133603239,0.03606158833063209,1385,30.308303249097474,22.43342981186686,525,125.28761904761905,116.63969171483622,carrier_delay,late_aircraft_delay,nas_delay
DEN,11,2516,6.02543720190779,3.351394422310757,1596,30.68734335839599,31.18353236957888,702,127.56410256410257,129.08297567954222,nas_delay,carrier_delay,late_aircraft_delay
DEN,12,2649,6.026802567006418,-2.353454821564161,1633,30.2896509491733,21.55623847572219,640,132.5875,124.96220472440945,carrier_delay,late_aircraft_delay,nas_delay
DFW,1,1798,6.586206896551724,4.067001675041876,2071,32.188797682279095,29.507513330101794,1369,138.0445580715851,137.8547197640118,late_aircraft_delay,carrier_delay,nas_delay
DFW,2,1662,6.236462093862816,1.3289156626506025,1464,31.025273224043715,25.41409993155373,495,125.88686868686868,120.9817444219067,carrier_delay,late_aircraft_delay,nas_delay
DFW,3,1926,6.457943925233645,1.8713541666666667,2259,32.43382027445772,27.735019973368843,1331,146.82494365138993,143.21768707482994,late_aircraft_delay,carrier_delay,nas_delay
DFW,4,1843,6.474226804123711,3.723219140837412,1966,32.36419125127162,29.696892511462046,1264,138.12974683544303,136.6268894192522,late_aircraft_delay,carrier_delay,nas_delay
DFW,5,2178,6.526170798898072,5.7539242843951985,2677,33.21553978333956,32.120359955005625,2376,153.3632154882155,152.9262086513995,late_aircraft_delay,carrier_delay,nas_delay
DFW,6,2412,6.517827529021559,2.10153974198918,2944,32.94123641304348,28.532538330494038,1908,139.48060796645703,136.2892649391856,carrier_delay,late_aircraft_delay,nas_delay
DFW,7,2566,6.504676539360873,2.7643610785463073,3132,32.67305236270754,29.06792694649151,2236,143.91815742397137,139.82995951417004,carrier_delay,late_aircraft_delay,nas_delay
DFW,8,2174,6.4438822447102115,0.327331486611265,2413,32.44218814753419,25.846858094049104,1367,141.56181419166057,133.07749077490774,carrier_delay,late_aircraft_delay,nas_delay
DFW,9,2028,6.164694280078895,1.3759250123334978,1843,31.679869777536624,25.558695652173913,702,124.46011396011396,117.87428571428572,carrier_delay,late_aircraft_delay,nas_delay
DFW,10,2077,6.047664901299952,-0.6131210805595755,1757,31.769493454752418,23.380410022779042,719,134.557719054242,126.44846796657382,carrier_delay,late_aircraft_delay,nas_delay
DFW,11,1798,6.307007786429366,1.5435267857142858,1729,31.857721226142278,27.116454229432215,875,145.8377142857143,143.34447004608296,carrier_delay,late_aircraft_delay,nas_delay
DFW,12,2230,6.314798206278027,0.4732584269662921,2048,31.82861328125,25.16119549240568,1207,163.72990886495444,160.36492103075645,carrier_delay,late_aircraft_delay,nas_delay
DHN,1,2,10.5,-3.5,3,36.666666666666664,16.0,3,462.3333333333333,450.0,nas_delay,carrier_delay,late_aircraft_delay
DHN,2,3,3.0,-6.666666666666667,3,34.666666666666664,21.0,2,139.0,118.0,late_aircraft_delay,carrier_delay,nas_delay
DHN,3,8,3.25,8.75,4,33.5,28.75,0,"","",nas_delay,late_aircraft_delay,carrier_delay
DHN,4,3,8.0,15.0,0,"","",2,282.0,274.5,carrier_delay,nas_delay,late_aircraft_delay
DHN,5,0,"","",2,32.0,23.5,3,114.0,104.0,late_aircraft_delay,carrier_delay,nas_delay
DHN,6,3,6.333333333333333,0.0,1,18.0,4.0,4,166.0,150.75,carrier_delay,weather_delay,late_aircraft_delay
DHN,7,3,3.3333333333333335,-11.0,4,35.0,28.5,2,100.5,103.0,carrier_delay,nas_delay,canc_C
DHN,8,1,13.0,16.0,0,"","",1,198.0,190.0,carrier_delay,nas_delay,Nessuna
DHN,9,0,"","",5,34.6,40.4,2,211.0,221.5,late_aircraft_delay,nas_delay,carrier_delay
DHN,10,0,"","",3,55.666666666666664,47.0,2,243.5,235.0,late_aircraft_delay,carrier_delay,nas_delay
DHN,11,1,7.0,-9.0,3,31.0,31.0,2,91.5,97.0,nas_delay,late_aircraft_delay,weather_delay
DHN,12,2,10.0,46.0,2,22.5,10.5,1,312.0,289.0,nas_delay,carrier_delay,late_aircraft_delay
DIK,1,0,"","",3,31.0,9.666666666666666,2,246.0,225.5,carrier_delay,canc_B,late_aircraft_delay
DIK,2,0,"","",3,39.333333333333336,21.0,2,131.5,108.0,carrier_delay,canc_B,nas_delay
DIK,3,1,11.0,-20.0,0,"","",2,336.0,328.0,nas_delay,weather_delay,Nessuna
DIK,4,0,"","",1,38.0,23.0,1,293.0,274.0,late_aircraft_delay,carrier_delay,Nessuna
DIK,5,0,"","",2,28.0,36.0,3,286.0,280.3333333333333,nas_delay,carrier_delay,Nessuna
DIK,6,1,9.0,-5.0,3,44.0,48.333333333333336,1,90.0,79.0,carrier_delay,nas_delay,late_aircraft_delay
DIK,7,1,14.0,6.0,0,"","",2,289.5,276.5,carrier_delay,Nessuna,Nessuna
DIK,8,0,"","",0,"","",1,123.0,105.0,nas_delay,Nessuna,Nessuna
DIK,9,2,6.0,3.0,0,"","",0,"","",Nessuna,Nessuna,Nessuna
DIK,10,1,14.0,-3.0,1,24.0,6.0,1,177.0,158.0,carrier_delay,late_aircraft_delay,Nessuna
DIK,11,1,13.0,9.0,2,40.5,27.0,3,465.3333333333333,450.3333333333333,carrier_delay,weather_delay,canc_B
DIK,12,1,2.0,5.0,1,45.0,37.0,5,195.8,181.8,late_aircraft_delay,carrier_delay,weather_delay
DLG,6,1,5.0,8.0,1,21.0,21.0,0,"","",carrier_delay,canc_B,late_aircraft_delay
DLG,7,3,5.333333333333333,12.666666666666666,1,31.0,25.0,1,214.0,213.0,security_delay,nas_delay,late_aircraft_delay
DLG,8,1,12.0,13.0,0,"","",0,"","",canc_B,Nessuna,Nessuna
DLG,9,2,5.0,3.0,2,21.0,27.0,2,180.5,184.0,late_aircraft_delay,nas_delay,carrier_delay
DLH,1,9,6.333333333333333,5.888888888888889,9,35.333333333333336,20.11111111111111,8,257.5,240.875,weather_delay,carrier_delay,late_aircraft_delay
DLH,2,5,5.6,-6.0,5,23.4,13.0,4,152.0,140.0,carrier_delay,nas_delay,late_aircraft_delay
DLH,3,4,8.0,-0.5,3,34.0,20.666666666666668,5,230.4,258.8,nas_delay,carrier_delay,canc_B
DLH,4,3,5.333333333333333,-3.6666666666666665,3,22.0,13.0,2,76.0,68.5,carrier_delay,nas_delay,weather_delay
DLH,5,3,3.6666666666666665,-6.333333333333333,5,23.6,22.6,10,136.5,139.8,nas_delay,late_aircraft_delay,weather_delay
DLH,6,12,5.666666666666667,0.5833333333333334,10,29.6,37.3,10,303.5,301.2,nas_delay,carrier_delay,late_aircraft_delay
DLH,7,18,5.777777777777778,2.111111111111111,7,35.285714285714285,26.0,8,128.625,122.75,nas_delay,late_aircraft_delay,carrier_delay
DLH,8,15,7.8,8.133333333333333,13,26.384615384615383,29.53846153846154,9,111.22222222222223,114.44444444444444,nas_delay,carrier_delay,late_aircraft_delay
DLH,9,8,5.75,-6.375,11,31.272727272727273,22.545454545454547,4,114.25,102.0,late_aircraft_delay,carrier_delay,nas_delay
DLH,10,8,4.5,-6.25,7,27.285714285714285,12.714285714285714,2,96.5,72.0,carrier_delay,late_aircraft_delay,nas_delay
DLH,11,16,8.25,0.4375,5,25.6,17.8,6,186.5,171.83333333333334,carrier_delay,nas_delay,weather_delay
DLH,12,11,5.7272727272727275,-2.090909090909091,9,34.22222222222222,29.11111111111111,11,164.72727272727272,165.1818181818182,carrier_delay,nas_delay,weather_delay
DRO,1,7,4.142857142857143,18.285714285714285,10,36.5,43.7,17,197.11764705882354,201.1764705882353,carrier_delay,nas_delay,late_aircraft_delay
DRO,2,10,4.8,5.1,9,34.666666666666664,33.22222222222222,6,141.16666666666666,142.16666666666666,carrier_delay,nas_delay,weather_delay
DRO,3,13,7.461538461538462,7.538461538461538,15,27.6,21.066666666666666,2,144.0,157.0,carrier_delay,nas_delay,weather_delay
DRO,4,4,4.25,23.0,12,35.916666666666664,34.54545454545455,9,232.66666666666666,226.77777777777777,carrier_delay,nas_delay,late_aircraft_delay
DRO,5,12,5.416666666666667,6.0,13,30.692307692307693,30.615384615384617,13,203.15384615384616,209.6153846153846,nas_delay,carrier_delay,late_aircraft_delay
DRO,6,24,5.583333333333333,0.8333333333333334,17,34.588235294117645,27.764705882352942,16,205.4375,197.375,carrier_delay,nas_delay,late_aircraft_delay
DRO,7,18,5.722222222222222,0.7777777777777778,22,34.0,31.318181818181817,16,171.625,164.625,nas_delay,carrier_delay,late_aircraft_delay
DRO,8,22,7.454545454545454,5.409090909090909,8,31.25,23.875,12,237.66666666666666,226.41666666666666,carrier_delay,nas_delay,late_aircraft_delay
DRO,9,19,6.052631578947368,2.9473684210526314,11,32.90909090909091,24.363636363636363,13,101.53846153846153,91.61538461538461,carrier_delay,late_aircraft_delay,nas_delay
DRO,10,24,4.708333333333333,-3.9166666666666665,16,30.375,21.75,13,162.53846153846155,157.15384615384616,nas_delay,carrier_delay,late_aircraft_delay
DRO,11,18,8.444444444444445,-1.8888888888888888,13,36.76923076923077,36.07692307692308,21,236.9047619047619,238.0,carrier_delay,nas_delay,weather_delay
DRO,12,16,5.5625,-0.9375,12,33.416666666666664,16.666666666666668,9,161.22222222222223,160.11111111111111,carrier_delay,nas_delay,weather_delay
DSM,1,79,6.2025316455696204,3.962025316455696,86,32.24418604651163,36.2906976744186,90,172.23333333333332,176.1,nas_delay,carrier_delay,late_aircraft_delay
DSM,2,59,6.254237288135593,-2.9491525423728815,48,30.979166666666668,27.354166666666668,44,176.13636363636363,172.52272727272728,nas_delay,carrier_delay,late_aircraft_delay
DSM,3,70,6.2,-3.536231884057971,63,33.58730158730159,25.365079365079364,39,251.92307692307693,249.6153846153846,nas_delay,late_aircraft_delay,carrier_delay
DSM,4,60,6.55,-2.0833333333333335,51,28.901960784313726,24.294117647058822,28,206.28571428571428,200.17857142857142,carrier_delay,late_aircraft_delay,nas_delay
DSM,5,100,6.44,1.86,83,34.855421686746986,30.89156626506024,49,153.9795918367347,151.53061224489795,nas_delay,carrier_delay,late_aircraft_delay
DSM,6,99,6.05050505050505,1.3061224489795917,86,33.13953488372093,27.13953488372093,44,200.77272727272728,193.75,nas_delay,carrier_delay,late_aircraft_delay
DSM,7,84,6.738095238095238,6.72289156626506,86,31.453488372093023,27.86046511627907,66,171.25757575757575,166.74242424242425,late_aircraft_delay,carrier_delay,nas_delay
DSM,8,84,6.4523809523809526,5.238095238095238,60,31.683333333333334,26.9,67,181.22388059701493,175.38805970149255,late_aircraft_delay,nas_delay,carrier_delay
DSM,9,65,6.446153846153846,0.6,44,32.20454545454545,28.681818181818183,18,174.44444444444446,169.61111111111111,nas_delay,carrier_delay,late_aircraft_delay
DSM,10,59,5.932203389830509,-0.8983050847457628,51,31.862745098039216,23.607843137254903,31,186.2258064516129,178.6451612903226,carrier_delay,late_aircraft_delay,nas_delay
DSM,11,65,5.3076923076923075,-1.2769230769230768,33,25.96969696969697,21.181818181818183,19,220.0,213.05263157894737,nas_delay,carrier_delay,late_aircraft_delay
DSM,12,95,6.105263157894737,-0.17894736842105263,67,30.492537313432837,21.70149253731343,60,220.56666666666666,228.3448275862069,nas_delay,carrier_delay,late_aircraft_delay
DTW,1,738,6.327913279132791,2.832880434782609,642,31.17601246105919,28.4375,557,177.89946140035906,178.25992779783394,nas_delay,carrier_delay,late_aircraft_delay
DTW,2,558,5.827956989247312,-6.836624775583483,361,29.67590027700831,17.458333333333332,169,142.41420118343194,130.13690476190476,carrier_delay,nas_delay,late_aircraft_delay
DTW,3,699,6.157367668097282,-0.9626972740315638,577,30.883882149046794,22.473867595818817,329,138.08510638297872,132.22796352583586,carrier_delay,nas_delay,late_aircraft_delay
DTW,4,666,6.006006006006006,-0.6541353383458647,527,31.685009487666033,27.045714285714286,267,149.85393258426967,144.58646616541353,carrier_delay,nas_delay,late_aircraft_delay
DTW,5,731,6.186046511627907,3.370013755158184,692,31.82369942196532,30.367198838896954,405,141.0814814814815,139.12128712871288,carrier_delay,nas_delay,late_aircraft_delay
DTW,6,834,6.26978417266187,3.116867469879518,763,31.8781127129751,29.06684141546527,504,156.3095238095238,154.0562248995984,carrier_delay,nas_delay,late_aircraft_delay
DTW,7,852,6.268779342723005,2.5796930342384887,800,31.795,27.693851944792975,656,142.91006097560975,139.43730886850153,carrier_delay,nas_delay,late_aircraft_delay
DTW,8,831,6.102286401925391,0.9007263922518159,804,32.48880597014925,28.310473815461346,532,143.60338345864662,141.39204545454547,carrier_delay,nas_delay,late_aircraft_delay
DTW,9,636,5.814465408805032,-1.0172955974842768,466,31.86480686695279,25.686021505376345,204,127.67647058823529,122.89655172413794,carrier_delay,nas_delay,late_aircraft_delay
DTW,10,711,5.860759493670886,-1.9830985915492958,522,30.906130268199234,23.649425287356323,215,122.38604651162791,115.19534883720931,carrier_delay,nas_delay,late_aircraft_delay
DTW,11,607,6.0247116968698515,0.9108910891089109,413,31.01452784503632,27.673123486682808,250,130.736,128.0,nas_delay,carrier_delay,late_aircraft_delay
DTW,12,975,6.121025641025641,-0.6082051282051282,804,31.450248756218905,25.65375,463,143.9352051835853,139.44565217391303,carrier_delay,nas_delay,late_aircraft_delay
DVL,1,1,2.0,5.0,1,33.0,13.0,3,137.66666666666666,94.0,canc_B,weather_delay,late_aircraft_delay
DVL,2,3,6.333333333333333,0.3333333333333333,0,"","",2,569.5,643.0,canc_B,nas_delay,weather_delay
DVL,3,1,2.0,1.0,1,37.0,32.0,1,111.0,127.0,canc_B,weather_delay,nas_delay
DVL,4,3,10.666666666666666,13.0,0,"","",0,"","",late_aircraft_delay,nas_delay,Nessuna
DVL,5,2,8.0,7.5,0,"","",3,171.33333333333334,159.66666666666666,late_aircraft_delay,nas_delay,Nessuna
DVL,6,3,7.333333333333333,8.0,3,47.666666666666664,36.5,3,102.33333333333333,104.0,late_aircraft_delay,nas_delay,carrier_delay
DVL,7,1,6.0,-7.0,5,29.8,16.6,2,104.5,103.0,carrier_delay,late_aircraft_delay,nas_delay
DVL,8,0,"","",1,15.0,3.0,2,466.5,446.0,nas_delay,canc_C,weather_delay
DVL,9,2,5.5,-5.0,1,16.0,7.0,3,93.33333333333333,91.66666666666667,late_aircraft_delay,nas_delay,weather_delay
DVL,10,1,4.0,7.0,4,25.5,28.25,2,570.0,565.0,carrier_delay,nas_delay,weather_delay
DVL,11,2,6.0,4.5,3,32.333333333333336,17.0,6,154.16666666666666,147.8,late_aircraft_delay,canc_B,carrier_delay
DVL,12,0,"","",2,29.5,22.0,4,388.25,381.75,late_aircraft_delay,nas_delay,weather_delay
EAR,11,2,4.5,-7.0,0,"","",1,535.0,520.0,carrier_delay,Nessuna,Nessuna
EAR,12,1,4.0,-5.0,4,22.75,11.25,3,164.66666666666666,163.0,carrier_delay,late_aircraft_delay,nas_delay
EAU,12,1,9.0,18.0,2,26.5,26.0,0,"","",late_aircraft_delay,carrier_delay,nas_delay
ECP,1,24,6.25,1.25,15,29.666666666666668,27.933333333333334,21,131.71428571428572,131.52380952380952,late_aircraft_delay,nas_delay,carrier_delay
ECP,2,22,6.636363636363637,0.7727272727272727,10,32.3,25.9,6,159.66666666666666,152.83333333333334,late_aircraft_delay,nas_delay,carrier_delay
ECP,3,55,6.4363636363636365,2.6,44,33.38636363636363,31.09090909090909,23,176.08695652173913,170.7826086956522,late_aircraft_delay,carrier_delay,nas_delay
ECP,4,58,5.724137931034483,1.0517241379310345,42,30.666666666666668,29.833333333333332,21,157.33333333333334,158.0952380952381,late_aircraft_delay,nas_delay,carrier_delay
ECP,5,88,6.261363636363637,5.2988505747126435,91,32.48351648351648,30.703296703296704,42,127.26190476190476,131.38095238095238,late_aircraft_delay,carrier_delay,nas_delay
ECP,6,103,6.378640776699029,-0.6796116504854369,107,32.02803738317757,25.97196261682243,44,121.56818181818181,117.31818181818181,late_aircraft_delay,carrier_delay,nas_delay
ECP,7,88,6.420454545454546,0.3181818181818182,98,29.806122448979593,25.484536082474225,56,181.32142857142858,174.4181818181818,late_aircraft_delay,carrier_delay,nas_delay
ECP,8,62,5.806451612903226,0.8387096774193549,59,30.576271186440678,25.224137931034484,24,213.33333333333334,212.375,late_aircraft_delay,carrier_delay,nas_delay
ECP,9,47,5.76595744680851,-0.14893617021276595,29,29.03448275862069,29.103448275862068,9,126.33333333333333,124.55555555555556,late_aircraft_delay,nas_delay,carrier_delay
ECP,10,64,5.84375,-0.0625,28,32.107142857142854,22.285714285714285,6,131.33333333333334,128.83333333333334,late_aircraft_delay,carrier_delay,nas_delay
ECP,11,38,6.631578947368421,0.18421052631578946,23,29.130434782608695,30.956521739130434,10,173.5,164.5,late_aircraft_delay,carrier_delay,nas_delay
ECP,12,42,5.809523809523809,2.119047619047619,23,36.0,30.043478260869566,15,201.0,200.4,nas_delay,carrier_delay,late_aircraft_delay
EGE,1,40,5.3,0.8,55,36.54545454545455,34.32727272727273,31,239.0,247.3793103448276,nas_delay,carrier_delay,late_aircraft_delay
EGE,2,34,7.647058823529412,6.588235294117647,37,27.216216216216218,21.88888888888889,25,304.68,306.68,nas_delay,late_aircraft_delay,carrier_delay
EGE,3,40,6.8,5.975,40,31.85,32.64102564102564,31,164.93548387096774,163.90322580645162,nas_delay,late_aircraft_delay,carrier_delay
EGE,4,9,7.555555555555555,10.88888888888889,9,34.666666666666664,26.333333333333332,8,109.625,114.375,nas_delay,carrier_delay,late_aircraft_delay
EGE,5,6,6.0,-3.5,6,41.333333333333336,33.5,8,135.625,131.375,late_aircraft_delay,carrier_delay,nas_delay
EGE,6,8,5.625,6.25,8,37.375,23.375,12,153.33333333333334,153.5,carrier_delay,late_aircraft_delay,nas_delay
EGE,7,9,5.666666666666667,0.5555555555555556,19,28.57894736842105,19.210526315789473,6,124.5,122.0,carrier_delay,late_aircraft_delay,nas_delay
EGE,8,8,6.375,-2.875,13,34.23076923076923,24.083333333333332,11,150.36363636363637,143.1818181818182,carrier_delay,nas_delay,late_aircraft_delay
EGE,9,6,9.0,0.8333333333333334,8,39.0,23.75,2,76.5,70.0,carrier_delay,late_aircraft_delay,weather_delay
EGE,10,2,10.5,-14.5,6,27.5,10.833333333333334,4,147.25,135.0,carrier_delay,late_aircraft_delay,Nessuna
EGE,11,8,6.5,5.25,6,35.0,30.5,4,137.75,139.5,nas_delay,carrier_delay,late_aircraft_delay
EGE,12,30,5.2,-2.966666666666667,31,30.774193548387096,22.0,38,180.42105263157896,179.6578947368421,carrier_delay,nas_delay,late_aircraft_delay
EKO,1,0,"","",1,60.0,144.0,1,174.0,196.0,nas_delay,weather_delay,carrier_delay
EKO,2,1,5.0,-6.0,0,"","",0,"","",Nessuna,Nessuna,Nessuna
EKO,3,2,7.0,39.5,1,60.0,49.0,0,"","",carrier_delay,nas_delay,weather_delay
EKO,4,0,"","",2,36.5,15.5,0,"","",carrier_delay,Nessuna,Nessuna
EKO,5,0,"","",0,"","",0,"","",Nessuna,Nessuna,Nessuna
EKO,6,0,"","",1,41.0,31.0,1,150.0,144.0,carrier_delay,Nessuna,Nessuna
EKO,7,2,1.0,-7.0,0,"","",1,433.0,418.0,canc_C,carrier_delay,Nessuna
EKO,8,0,"","",1,39.0,26.0,0,"","",carrier_delay,weather_delay,Nessuna
EKO,9,0,"","",0,"","",0,"","",Nessuna,Nessuna,Nessuna
EKO,10,0,"","",0,"","",0,"","",Nessuna,Nessuna,Nessuna
EKO,11,0,"","",0,"","",0,"","",Nessuna,Nessuna,Nessuna
EKO,12,0,"","",0,"","",0,"","",Nessuna,Nessuna,Nessuna
ELM,1,3,7.333333333333333,-4.666666666666667,10,28.6,17.9,7,256.2857142857143,245.57142857142858,carrier_delay,nas_delay,weather_delay
ELM,2,4,7.5,20.0,4,26.5,1.0,3,70.33333333333333,45.666666666666664,nas_delay,carrier_delay,weather_delay
ELM,3,4,8.25,10.25,5,24.2,14.6,1,92.0,150.0,nas_delay,carrier_delay,late_aircraft_delay
ELM,4,0,"","",1,29.0,11.0,6,213.5,228.33333333333334,weather_delay,nas_delay,carrier_delay
ELM,5,8,6.875,3.375,4,26.75,24.25,6,280.3333333333333,273.3333333333333,carrier_delay,late_aircraft_delay,nas_delay
ELM,6,5,4.8,10.0,5,42.0,39.6,6,164.16666666666666,164.66666666666666,nas_delay,carrier_delay,weather_delay
ELM,7,4,9.5,7.25,3,32.666666666666664,30.333333333333332,10,113.7,109.5,carrier_delay,nas_delay,weather_delay
ELM,8,7,6.285714285714286,-1.1428571428571428,2,23.0,17.0,1,70.0,62.0,carrier_delay,Nessuna,Nessuna
ELM,9,1,13.0,2.0,7,33.714285714285715,22.571428571428573,1,115.0,110.0,late_aircraft_delay,carrier_delay,nas_delay
ELM,10,2,13.0,9.5,4,39.0,36.25,1,94.0,87.0,carrier_delay,nas_delay,late_aircraft_delay
ELM,11,5,5.0,-9.2,6,38.833333333333336,29.833333333333332,4,110.25,111.5,carrier_delay,nas_delay,late_aircraft_delay
ELM,12,7,4.714285714285714,2.2857142857142856,7,27.714285714285715,23.428571428571427,5,243.0,233.8,carrier_delay,late_aircraft_delay,nas_delay
ELP,1,97,5.969072164948454,1.8453608247422681,68,30.08823529411765,25.83823529411765,32,173.53125,174.125,late_aircraft_delay,nas_delay,carrier_delay
ELP,2,85,5.411764705882353,1.1294117647058823,60,32.28333333333333,28.796610169491526,13,165.15384615384616,161.76923076923077,late_aircraft_delay,nas_delay,carrier_delay
ELP,3,132,5.833333333333333,0.45454545454545453,79,29.949367088607595,23.658227848101266,47,131.7872340425532,129.2391304347826,late_aircraft_delay,nas_delay,carrier_delay
ELP,4,110,6.3,-1.036697247706422,91,30.406593406593405,24.078651685393258,39,165.71794871794873,166.15384615384616,late_aircraft_delay,carrier_delay,nas_delay
ELP,5,129,6.651162790697675,0.976,122,31.74590163934426,25.5,73,161.82191780821918,162.78082191780823,late_aircraft_delay,carrier_delay,nas_delay
ELP,6,146,5.493150684931507,0.503448275862069,126,31.27777777777778,28.349206349206348,54,156.8148148148148,155.32075471698113,late_aircraft_delay,carrier_delay,nas_delay
ELP,7,128,5.984375,2.283464566929134,114,30.37719298245614,24.858407079646017,78,134.21794871794873,130.07692307692307,late_aircraft_delay,carrier_delay,nas_delay
ELP,8,83,5.602409638554217,-0.3614457831325301,71,31.591549295774648,26.859154929577464,43,154.0,147.30232558139534,late_aircraft_delay,carrier_delay,nas_delay
ELP,9,73,6.191780821917808,0.7808219178082192,45,30.755555555555556,25.22222222222222,33,134.03030303030303,130.5151515151515,late_aircraft_delay,carrier_delay,nas_delay
ELP,10,91,6.428571428571429,2.1758241758241756,50,32.1,28.24,23,155.91304347826087,151.6086956521739,late_aircraft_delay,nas_delay,carrier_delay
ELP,11,80,6.225,-0.5063291139240507,69,31.608695652173914,28.63768115942029,25,207.48,215.33333333333334,late_aircraft_delay,carrier_delay,nas_delay
ELP,12,113,5.787610619469026,1.1415929203539823,84,30.523809523809526,24.265060240963855,47,175.80851063829786,173.87234042553192,late_aircraft_delay,carrier_delay,nas_delay
ESC,1,0,"","",2,24.0,18.0,1,118.0,96.0,carrier_delay,nas_delay,canc_B
ESC,2,2,10.0,-2.5,1,20.0,-4.0,1,112.0,97.0,carrier_delay,Nessuna,Nessuna
ESC,3,1,3.0,-12.0,2,35.0,16.5,5,220.6,210.4,carrier_delay,weather_delay,nas_delay
ESC,4,2,11.0,1.0,1,57.0,60.0,2,174.5,167.5,carrier_delay,nas_delay,canc_A
ESC,5,0,"","",0,"","",0,"","",carrier_delay,Nessuna,Nessuna
ESC,6,3,7.0,4.666666666666667,4,35.5,39.0,3,221.66666666666666,223.0,carrier_delay,nas_delay,weather_delay
ESC,7,1,7.0,21.0,1,35.0,49.0,3,461.3333333333333,470.0,nas_delay,carrier_delay,weather_delay
ESC,8,1,8.0,16.0,1,55.0,73.0,2,273.5,278.0,carrier_delay,nas_delay,weather_delay
ESC,9,0,"","",3,24.666666666666668,17.666666666666668,0,"","",weather_delay,carrier_delay,Nessuna
ESC,10,0,"","",1,59.0,55.0,4,117.75,104.5,carrier_delay,Nessuna,Nessuna
ESC,11,0,"","",1,46.0,41.0,0,"","",carrier_delay,Nessuna,Nessuna
ESC,12,2,6.5,-3.0,4,35.5,35.0,1,65.0,62.0,carrier_delay,nas_delay,canc_B
EUG,1,47,6.382978723404255,-0.2553191489361702,36,30.555555555555557,18.666666666666668,33,200.72727272727272,191.54545454545453,canc_B,carrier_delay,nas_delay
EUG,2,26,5.461538461538462,-3.230769230769231,14,35.357142857142854,21.214285714285715,17,204.1764705882353,203.23529411764707,nas_delay,carrier_delay,late_aircraft_delay
EUG,3,40,6.875,3.075,33,32.81818181818182,36.93939393939394,22,100.5909090909091,97.0,nas_delay,carrier_delay,late_aircraft_delay
EUG,4,36,6.972222222222222,1.4166666666666667,27,30.14814814814815,25.333333333333332,19,117.57894736842105,112.05263157894737,carrier_delay,late_aircraft_delay,nas_delay
EUG,5,35,5.714285714285714,-5.088235294117647,27,29.333333333333332,27.0,16,125.875,125.75,nas_delay,carrier_delay,late_aircraft_delay
EUG,6,63,5.634920634920635,-0.3064516129032258,39,29.76923076923077,24.0,16,103.1875,96.75,carrier_delay,late_aircraft_delay,nas_delay
EUG,7,52,6.480769230769231,1.6923076923076923,43,32.395348837209305,26.53488372093023,17,282.2352941176471,276.0,carrier_delay,late_aircraft_delay,nas_delay
EUG,8,37,5.243243243243243,-1.8055555555555556,31,27.612903225806452,26.032258064516128,15,209.93333333333334,208.46666666666667,carrier_delay,late_aircraft_delay,nas_delay
EUG,9,37,5.945945945945946,-0.9722222222222222,21,36.476190476190474,27.61904761904762,19,173.42105263157896,164.1578947368421,carrier_delay,late_aircraft_delay,nas_delay
EUG,10,42,6.785714285714286,-0.6190476190476191,36,25.86111111111111,18.444444444444443,12,171.66666666666666,167.33333333333334,carrier_delay,nas_delay,late_aircraft_delay
EUG,11,47,5.808510638297872,1.7872340425531914,29,28.137931034482758,21.0,16,293.0625,310.0,carrier_delay,late_aircraft_delay,nas_delay
EUG,12,63,6.412698412698413,1.8064516129032258,46,31.217391304347824,27.347826086956523,23,136.56521739130434,135.1304347826087,carrier_delay,nas_delay,late_aircraft_delay
EVV,1,9,7.222222222222222,8.666666666666666,6,32.166666666666664,27.166666666666668,10,158.2,150.7,nas_delay,late_aircraft_delay,carrier_delay
EVV,2,5,6.8,8.6,8,30.375,25.375,2,95.5,84.0,nas_delay,carrier_delay,late_aircraft_delay
EVV,3,7,6.714285714285714,0.2857142857142857,6,33.833333333333336,31.833333333333332,9,132.0,132.66666666666666,nas_delay,carrier_delay,late_aircraft_delay
EVV,4,3,6.666666666666667,5.0,7,37.857142857142854,34.0,7,199.71428571428572,206.71428571428572,carrier_delay,nas_delay,late_aircraft_delay
EVV,5,9,8.222222222222221,14.666666666666666,7,29.0,29.857142857142858,12,140.5,146.33333333333334,nas_delay,carrier_delay,weather_delay
EVV,6,11,4.636363636363637,-5.090909090909091,5,37.0,42.6,8,131.5,121.28571428571429,late_aircraft_delay,nas_delay,weather_delay
EVV,7,11,6.909090909090909,1.2727272727272727,17,30.41176470588235,25.5,5,123.8,122.2,late_aircraft_delay,nas_delay,carrier_delay
EVV,8,9,5.666666666666667,-0.2222222222222222,8,42.0,34.125,7,137.0,131.28571428571428,late_aircraft_delay,nas_delay,carrier_delay
EVV,9,10,6.6,20.2,6,36.0,31.166666666666668,6,155.0,160.33333333333334,nas_delay,late_aircraft_delay,carrier_delay
EVV,10,9,5.333333333333333,-3.3333333333333335,7,23.714285714285715,10.285714285714286,5,400.0,384.8,carrier_delay,late_aircraft_delay,canc_B
EVV,11,6,9.166666666666666,6.166666666666667,5,27.6,33.0,8,230.875,221.25,nas_delay,late_aircraft_delay,carrier_delay
EVV,12,9,6.777777777777778,-7.333333333333333,8,34.75,28.125,10,154.1,143.5,nas_delay,carrier_delay,late_aircraft_delay
EWN,7,1,3.0,-16.0,2,32.5,13.5,3,424.6666666666667,403.6666666666667,late_aircraft_delay,canc_B,carrier_delay
EWN,8,2,8.0,1.5,2,44.0,39.0,1,63.0,32.0,late_aircraft_delay,carrier_delay,canc_B
EWN,9,0,"","",0,"","",0,"","",Nessuna,Nessuna,Nessuna
EWR,1,653,6.241960183767228,-1.6390168970814132,580,31.510344827586206,20.801381692573404,382,138.50523560209425,135.9317585301837,carrier_delay,nas_delay,late_aircraft_delay
EWR,2,588,6.151360544217687,-5.9520547945205475,489,31.42331288343558,18.84016393442623,207,130.17391304347825,118.68115942028986,carrier_delay,nas_delay,late_aircraft_delay
EWR,3,709,6.4428772919605075,-4.760623229461756,662,32.161631419939575,19.792424242424243,409,135.0122249388753,123.68304668304668,carrier_delay,nas_delay,late_aircraft_delay
EWR,4,647,6.622874806800618,-0.4325581395348837,664,32.41716867469879,26.350983358547655,432,139.82407407407408,133.9907192575406,carrier_delay,nas_delay,late_aircraft_delay
EWR,5,769,6.378413524057217,0.7760416666666666,785,33.554140127388536,28.21099744245524,536,127.46268656716418,124.84615384615384,nas_delay,carrier_delay,late_aircraft_delay
EWR,6,809,6.133498145859085,-0.4739454094292804,737,32.25780189959294,27.990463215258856,613,158.2479608482871,159.91461412151068,carrier_delay,late_aircraft_delay,nas_delay
EWR,7,824,6.547330097087379,5.838199513381995,837,33.50776583034648,35.961630695443645,909,161.13091309130914,161.06843267108167,carrier_delay,nas_delay,late_aircraft_delay
EWR,8,758,6.546174142480211,2.8225165562913905,723,32.09958506224066,27.74441340782123,623,174.6725521669342,172.81098546042003,nas_delay,carrier_delay,late_aircraft_delay
EWR,9,587,6.0698466780238505,1.4013722126929673,532,31.270676691729324,26.92669172932331,259,140.20849420849422,141.48262548262548,nas_delay,carrier_delay,late_aircraft_delay
EWR,10,624,6.112179487179487,-2.1698717948717947,511,31.532289628180038,22.31115459882583,310,126.27741935483871,115.30967741935484,carrier_delay,nas_delay,late_aircraft_delay
EWR,11,651,6.397849462365591,0.6251920122887865,684,32.70906432748538,26.382137628111273,480,115.93125,109.17573221757323,late_aircraft_delay,nas_delay,carrier_delay
EWR,12,935,6.258823529411765,-0.5702036441586281,889,31.489313835770528,25.28135593220339,483,123.98550724637681,117.37422037422037,carrier_delay,nas_delay,late_aircraft_delay
EYW,1,64,6.8125,5.453125,74,31.905405405405407,25.77027027027027,53,192.03773584905662,191.54,late_aircraft_delay,carrier_delay,nas_delay
EYW,2,76,7.368421052631579,5.578947368421052,53,30.11320754716981,28.11320754716981,37,217.64864864864865,218.38888888888889,carrier_delay,late_aircraft_delay,nas_delay
EYW,3,77,7.311688311688312,5.828947368421052,85,31.729411764705883,28.597560975609756,57,179.0,180.07272727272726,late_aircraft_delay,carrier_delay,nas_delay
EYW,4,65,6.707692307692308,4.153846153846154,72,29.708333333333332,27.3,46,150.7391304347826,152.0888888888889,carrier_delay,late_aircraft_delay,nas_delay
EYW,5,35,7.057142857142857,9.147058823529411,52,30.903846153846153,34.142857142857146,51,221.7450980392157,227.73469387755102,late_aircraft_delay,nas_delay,carrier_delay
EYW,6,36,6.333333333333333,2.2777777777777777,39,32.41025641025641,34.58974358974359,32,182.0625,181.80645161290323,late_aircraft_delay,nas_delay,carrier_delay
EYW,7,40,7.0,6.575,38,33.473684210526315,30.27027027027027,37,174.64864864864865,165.45714285714286,late_aircraft_delay,carrier_delay,nas_delay
EYW,8,19,6.7894736842105265,2.789473684210526,31,35.03225806451613,35.354838709677416,25,182.56,184.27272727272728,late_aircraft_delay,carrier_delay,nas_delay
EYW,9,20,6.45,4.15,20,29.2,28.0,8,273.375,270.25,nas_delay,late_aircraft_delay,carrier_delay
EYW,10,26,5.076923076923077,-2.4615384615384617,18,31.055555555555557,26.22222222222222,5,257.6,227.75,late_aircraft_delay,carrier_delay,nas_delay
EYW,11,56,5.928571428571429,2.036363636363636,34,26.11764705882353,23.764705882352942,20,171.45,167.1578947368421,late_aircraft_delay,carrier_delay,nas_delay
EYW,12,50,6.4,-0.38,58,31.79310344827586,26.586206896551722,45,183.62222222222223,182.64444444444445,late_aircraft_delay,carrier_delay,nas_delay
FAI,1,14,4.857142857142857,9.142857142857142,10,30.5,13.1,13,122.15384615384616,123.46153846153847,nas_delay,late_aircraft_delay,canc_A
FAI,2,18,5.666666666666667,5.111111111111111,4,27.5,15.25,5,86.0,89.2,nas_delay,carrier_delay,weather_delay
FAI,3,17,6.117647058823529,1.8235294117647058,14,25.214285714285715,21.857142857142858,7,99.0,91.14285714285714,nas_delay,late_aircraft_delay,carrier_delay
FAI,4,17,8.294117647058824,1.588235294117647,11,39.63636363636363,31.09090909090909,3,339.0,333.3333333333333,late_aircraft_delay,nas_delay,carrier_delay
FAI,5,27,6.148148148148148,-2.814814814814815,17,28.705882352941178,19.235294117647058,6,99.66666666666667,91.83333333333333,late_aircraft_delay,carrier_delay,nas_delay
FAI,6,38,6.421052631578948,2.4210526315789473,21,29.38095238095238,23.38095238095238,14,191.35714285714286,188.21428571428572,late_aircraft_delay,carrier_delay,nas_delay
FAI,7,39,6.589743589743589,4.717948717948718,37,27.0,21.56756756756757,16,173.125,173.1875,carrier_delay,nas_delay,late_aircraft_delay
FAI,8,31,6.032258064516129,-3.4516129032258065,39,30.102564102564102,20.666666666666668,8,103.5,95.375,late_aircraft_delay,carrier_delay,nas_delay
FAI,9,21,5.428571428571429,-8.666666666666666,28,27.785714285714285,11.5,8,166.125,153.75,late_aircraft_delay,carrier_delay,nas_delay
FAI,10,14,6.142857142857143,0.14285714285714285,11,31.90909090909091,26.454545454545453,4,168.25,165.25,nas_delay,late_aircraft_delay,carrier_delay
FAI,11,22,6.136363636363637,-0.8636363636363636,10,23.4,9.9,7,221.57142857142858,219.14285714285714,nas_delay,carrier_delay,late_aircraft_delay
FAI,12,13,7.615384615384615,-9.23076923076923,11,28.363636363636363,21.363636363636363,7,193.0,198.0,nas_delay,late_aircraft_delay,carrier_delay
FAR,1,34,6.147058823529412,-1.4705882352941178,20,34.55,28.4,26,195.96153846153845,190.57692307692307,late_aircraft_delay,nas_delay,carrier_delay
FAR,2,21,4.571428571428571,-6.190476190476191,7,23.285714285714285,12.428571428571429,23,212.7391304347826,200.65217391304347,nas_delay,late_aircraft_delay,carrier_delay
FAR,3,23,6.0,0.08695652173913043,16,30.4375,17.3125,14,149.42857142857142,147.21428571428572,nas_delay,carrier_delay,late_aircraft_delay
FAR,4,18,6.833333333333333,-1.0555555555555556,18,21.88888888888889,11.666666666666666,14,145.92857142857142,139.28571428571428,carrier_delay,nas_delay,late_aircraft_delay
FAR,5,29,7.0,2.5172413793103448,28,34.785714285714285,31.85185185185185,28,150.89285714285714,146.42857142857142,late_aircraft_delay,carrier_delay,nas_delay
FAR,6,45,6.622222222222222,3.933333333333333,37,33.108108108108105,35.432432432432435,36,194.22222222222223,195.16666666666666,nas_delay,carrier_delay,late_aircraft_delay
FAR,7,34,6.264705882352941,5.735294117647059,32,26.0625,23.75,28,153.25,149.89285714285714,carrier_delay,nas_delay,late_aircraft_delay
FAR,8,29,5.931034482758621,3.586206896551724,36,33.75,36.72222222222222,22,141.77272727272728,136.04545454545453,nas_delay,carrier_delay,late_aircraft_delay
FAR,9,20,6.6,-3.45,26,29.192307692307693,22.653846153846153,11,135.72727272727272,124.0,carrier_delay,late_aircraft_delay,nas_delay
FAR,10,18,4.833333333333333,-5.444444444444445,22,34.13636363636363,23.863636363636363,11,135.27272727272728,126.72727272727273,carrier_delay,late_aircraft_delay,nas_delay
FAR,11,37,6.513513513513513,5.162162162162162,28,32.07142857142857,34.964285714285715,26,208.76923076923077,211.69230769230768,nas_delay,carrier_delay,late_aircraft_delay
FAR,12,41,5.780487804878049,5.853658536585366,34,29.61764705882353,24.647058823529413,37,280.81081081081084,279.72222222222223,nas_delay,carrier_delay,weather_delay
FAT,1,58,5.586206896551724,-1.6896551724137931,45,31.666666666666668,25.133333333333333,29,119.34482758620689,113.51724137931035,carrier_delay,nas_delay,late_aircraft_delay
FAT,2,52,6.730769230769231,-1.1538461538461537,47,30.21276595744681,26.04255319148936,21,167.9047619047619,158.35,nas_delay,carrier_delay,late_aircraft_delay
FAT,3,49,6.63265306122449,6.714285714285714,54,27.90740740740741,23.796296296296298,23,189.65217391304347,188.91304347826087,nas_delay,late_aircraft_delay,carrier_delay
FAT,4,63,6.365079365079365,1.6507936507936507,51,31.098039215686274,27.745098039215687,30,211.76666666666668,217.86666666666667,nas_delay,carrier_delay,late_aircraft_delay
FAT,5,72,5.513888888888889,0.4444444444444444,75,31.813333333333333,27.653333333333332,30,213.7,217.20689655172413,carrier_delay,nas_delay,late_aircraft_delay
FAT,6,78,6.756410256410256,4.115384615384615,75,29.466666666666665,26.0,31,171.7741935483871,168.48387096774192,carrier_delay,nas_delay,late_aircraft_delay
FAT,7,76,5.934210526315789,1.4,69,31.130434782608695,29.33823529411765,46,171.8913043478261,172.0,carrier_delay,late_aircraft_delay,nas_delay
FAT,8,59,6.101694915254237,2.4745762711864407,48,28.75,24.208333333333332,33,147.24242424242425,149.36363636363637,carrier_delay,nas_delay,late_aircraft_delay
FAT,9,60,6.066666666666666,1.05,51,31.784313725490197,26.098039215686274,27,125.51851851851852,125.84615384615384,carrier_delay,late_aircraft_delay,nas_delay
FAT,10,67,6.597014925373134,-0.47761194029850745,37,31.81081081081081,27.81081081081081,13,156.23076923076923,155.15384615384616,nas_delay,carrier_delay,late_aircraft_delay
FAT,11,86,5.255813953488372,-0.686046511627907,56,30.875,25.181818181818183,31,239.5483870967742,241.74193548387098,carrier_delay,nas_delay,late_aircraft_delay
FAT,12,96,6.677083333333333,1.7395833333333333,97,32.83505154639175,29.587628865979383,54,189.55555555555554,187.0,nas_delay,carrier_delay,late_aircraft_delay
FAY,1,6,6.5,5.5,4,21.75,21.0,5,179.0,181.2,nas_delay,carrier_delay,weather_delay
FAY,2,7,4.428571428571429,-4.714285714285714,3,22.0,8.333333333333334,2,194.0,158.0,carrier_delay,late_aircraft_delay,Nessuna
FAY,3,6,6.833333333333333,-1.0,9,30.11111111111111,35.888888888888886,3,143.66666666666666,142.0,late_aircraft_delay,nas_delay,carrier_delay
FAY,4,6,6.5,0.6666666666666666,5,26.4,17.4,1,68.0,91.0,late_aircraft_delay,nas_delay,carrier_delay
FAY,5,7,6.285714285714286,0.2857142857142857,3,32.0,28.0,8,178.125,179.375,nas_delay,weather_delay,late_aircraft_delay
FAY,6,6,2.5,-3.8333333333333335,6,25.166666666666668,19.666666666666668,1,72.0,87.0,carrier_delay,weather_delay,nas_delay
FAY,7,2,4.5,-8.5,5,28.6,53.0,2,171.5,181.5,nas_delay,carrier_delay,weather_delay
FAY,8,6,7.666666666666667,10.5,5,27.8,30.0,5,222.4,220.0,nas_delay,carrier_delay,late_aircraft_delay
FAY,9,7,3.7142857142857144,-0.7142857142857143,11,32.81818181818182,33.36363636363637,7,255.28571428571428,267.7142857142857,nas_delay,carrier_delay,late_aircraft_delay
FAY,10,13,6.538461538461538,0.6923076923076923,8,28.125,20.5,5,122.0,111.6,nas_delay,late_aircraft_delay,carrier_delay
FAY,11,9,5.444444444444445,3.5555555555555554,5,28.2,19.2,3,125.0,114.33333333333333,late_aircraft_delay,nas_delay,carrier_delay
FAY,12,17,4.764705882352941,-5.235294117647059,9,31.444444444444443,21.88888888888889,5,130.0,119.2,late_aircraft_delay,carrier_delay,nas_delay
FCA,1,21,7.809523809523809,3.0476190476190474,13,34.53846153846154,35.30769230769231,13,118.92307692307692,112.6923076923077,nas_delay,carrier_delay,late_aircraft_delay
FCA,2,15,4.466666666666667,2.4,9,39.55555555555556,41.888888888888886,3,212.0,212.66666666666666,nas_delay,carrier_delay,late_aircraft_delay
FCA,3,24,4.625,-0.5416666666666666,12,32.0,18.5,6,145.66666666666666,139.33333333333334,carrier_delay,late_aircraft_delay,nas_delay
FCA,4,8,5.875,-5.375,7,31.571428571428573,22.142857142857142,2,284.0,277.0,carrier_delay,late_aircraft_delay,nas_delay
FCA,5,9,6.555555555555555,3.3333333333333335,17,36.1764705882353,28.764705882352942,10,123.5,111.0,late_aircraft_delay,carrier_delay,nas_delay
FCA,6,28,5.892857142857143,0.6071428571428571,31,32.774193548387096,24.64516129032258,16,199.8125,192.3125,late_aircraft_delay,carrier_delay,nas_delay
FCA,7,51,6.0,-1.392156862745098,38,28.894736842105264,26.63157894736842,20,131.5,123.94736842105263,late_aircraft_delay,nas_delay,carrier_delay
FCA,8,51,6.078431372549019,1.9215686274509804,35,29.37142857142857,26.742857142857144,17,298.2352941176471,288.0,late_aircraft_delay,carrier_delay,nas_delay
FCA,9,31,5.258064516129032,0.9354838709677419,16,32.5,22.3125,6,95.66666666666667,91.66666666666667,carrier_delay,late_aircraft_delay,nas_delay
FCA,10,12,5.416666666666667,-7.666666666666667,8,30.25,16.75,4,149.75,137.25,late_aircraft_delay,nas_delay,carrier_delay
FCA,11,9,7.0,-5.777777777777778,5,37.4,32.0,4,159.75,175.5,nas_delay,carrier_delay,late_aircraft_delay
FCA,12,13,5.615384615384615,1.3846153846153846,11,37.09090909090909,30.272727272727273,6,163.33333333333334,154.33333333333334,nas_delay,carrier_delay,late_aircraft_delay
FLG,1,4,5.75,14.0,5,35.6,41.2,4,114.0,126.75,carrier_delay,nas_delay,weather_delay
FLG,2,2,7.5,-2.5,5,32.6,30.2,5,86.6,93.8,carrier_delay,nas_delay,weather_delay
FLG,3,3,2.3333333333333335,4.666666666666667,5,45.4,59.0,11,315.27272727272725,312.72727272727275,carrier_delay,nas_delay,weather_delay
FLG,4,2,2.5,0.5,2,22.5,18.0,5,130.4,129.6,nas_delay,carrier_delay,late_aircraft_delay
FLG,5,3,8.333333333333334,6.666666666666667,3,23.666666666666668,9.5,4,146.5,134.5,late_aircraft_delay,carrier_delay,weather_delay
FLG,6,2,4.0,4.0,8,35.625,35.625,6,196.33333333333334,187.33333333333334,carrier_delay,nas_delay,late_aircraft_delay
FLG,7,1,13.0,7.0,3,41.333333333333336,35.333333333333336,0,"","",nas_delay,carrier_delay,weather_delay
FLG,8,4,4.75,1.25,5,39.6,34.8,2,216.0,217.5,carrier_delay,late_aircraft_delay,nas_delay
FLG,9,1,2.0,10.0,3,30.333333333333332,40.333333333333336,0,"","",carrier_delay,nas_delay,late_aircraft_delay
FLG,10,3,7.333333333333333,10.0,11,34.81818181818182,26.0,12,133.5,134.33333333333334,carrier_delay,late_aircraft_delay,nas_delay
FLG,11,5,7.2,2.4,8,35.5,33.0,14,180.14285714285714,181.64285714285714,carrier_delay,nas_delay,late_aircraft_delay
FLG,12,6,9.833333333333334,4.0,5,44.4,36.4,7,205.57142857142858,200.42857142857142,carrier_delay,late_aircraft_delay,weather_delay
FLL,1,860,6.415116279069768,0.32397660818713453,954,31.545073375262053,25.486772486772487,447,141.00671140939596,136.71460674157302,carrier_delay,nas_delay,late_aircraft_delay
FLL,2,830,6.349397590361446,1.8840579710144927,710,30.753521126760564,26.241184767277858,334,141.15269461077844,134.52710843373495,nas_delay,carrier_delay,late_aircraft_delay
FLL,3,841,6.511296076099881,2.979713603818616,943,32.49734888653234,29.161530286928798,647,149.24265842349305,146.4595015576324,nas_delay,carrier_delay,late_aircraft_delay
FLL,4,723,6.240663900414938,1.6551246537396123,625,30.552,25.423510466988727,352,140.26136363636363,135.20227920227921,carrier_delay,nas_delay,late_aircraft_delay
FLL,5,768,6.096354166666667,3.134993446920052,660,31.784848484848485,29.94081942336874,411,141.24330900243308,142.03911980440097,nas_delay,carrier_delay,late_aircraft_delay
FLL,6,676,6.575443786982248,1.5780089153046062,663,32.81749622926093,28.431164901664147,410,138.50731707317073,136.45208845208845,nas_delay,carrier_delay,late_aircraft_delay
FLL,7,691,6.460202604920405,1.194767441860465,767,32.58670143415906,28.2,475,136.96842105263158,133.58139534883722,carrier_delay,nas_delay,late_aircraft_delay
FLL,8,584,6.333904109589041,2.0259067357512954,709,32.38787023977433,30.490806223479492,428,141.52803738317758,140.11475409836066,nas_delay,carrier_delay,late_aircraft_delay
FLL,9,511,6.26614481409002,3.3816046966731896,426,30.13849765258216,28.95990566037736,172,136.1627906976744,136.31976744186048,nas_delay,carrier_delay,late_aircraft_delay
FLL,10,595,6.289075630252101,-0.11596638655462185,392,29.862244897959183,23.10796915167095,156,136.73717948717947,130.20645161290324,carrier_delay,nas_delay,late_aircraft_delay
FLL,11,583,5.74442538593482,-2.979381443298969,367,29.71117166212534,22.030054644808743,142,128.0211267605634,124.2127659574468,nas_delay,carrier_delay,late_aircraft_delay
FLL,12,834,6.2601918465227815,-0.8401442307692307,737,31.369063772048847,25.685714285714287,421,127.75296912114014,124.62350119904077,late_aircraft_delay,carrier_delay,nas_delay
FNT,1,11,6.0,6.545454545454546,12,33.333333333333336,52.666666666666664,10,232.7,232.1,nas_delay,carrier_delay,late_aircraft_delay
FNT,2,16,4.625,-5.1875,10,31.2,27.5,4,78.25,70.5,nas_delay,late_aircraft_delay,carrier_delay
FNT,3,17,6.705882352941177,4.352941176470588,15,29.533333333333335,32.266666666666666,9,120.0,129.11111111111111,nas_delay,carrier_delay,late_aircraft_delay
FNT,4,6,7.5,-2.5,5,28.6,16.0,4,220.0,217.25,nas_delay,carrier_delay,late_aircraft_delay
FNT,5,9,7.222222222222222,0.7777777777777778,10,33.8,33.4,12,215.08333333333334,212.25,nas_delay,carrier_delay,late_aircraft_delay
FNT,6,11,5.909090909090909,-0.7272727272727273,5,29.4,18.2,5,217.6,213.6,carrier_delay,nas_delay,weather_delay
FNT,7,19,5.421052631578948,0.47368421052631576,9,32.666666666666664,36.666666666666664,12,194.83333333333334,189.58333333333334,carrier_delay,nas_delay,late_aircraft_delay
FNT,8,6,6.666666666666667,-1.6666666666666667,12,35.416666666666664,31.416666666666668,11,140.45454545454547,141.45454545454547,nas_delay,late_aircraft_delay,carrier_delay
FNT,9,13,5.153846153846154,-1.4615384615384615,9,34.0,28.555555555555557,7,111.42857142857143,106.42857142857143,carrier_delay,late_aircraft_delay,nas_delay
FNT,10,16,6.3125,-6.75,8,34.5,29.5,6,208.5,203.0,carrier_delay,late_aircraft_delay,canc_B
FNT,11,10,7.9,6.0,7,26.571428571428573,28.142857142857142,11,160.72727272727272,166.36363636363637,carrier_delay,nas_delay,late_aircraft_delay
FNT,12,21,6.476190476190476,4.095238095238095,17,29.529411764705884,24.9375,10,169.9,158.1,nas_delay,carrier_delay,late_aircraft_delay
FOD,1,3,4.0,14.0,4,31.0,10.666666666666666,3,176.33333333333334,163.0,canc_B,late_aircraft_delay,carrier_delay
FOD,2,1,4.0,-1.0,0,"","",1,106.0,101.0,late_aircraft_delay,Nessuna,Nessuna
FOD,3,1,14.0,24.0,5,39.4,45.8,4,335.5,337.5,late_aircraft_delay,nas_delay,carrier_delay
FOD,4,3,9.0,8.0,2,21.5,19.5,2,182.5,186.5,late_aircraft_delay,nas_delay,Nessuna
FOD,5,1,7.0,8.0,3,29.666666666666668,21.666666666666668,3,202.33333333333334,211.66666666666666,late_aircraft_delay,nas_delay,carrier_delay
FOD,6,1,1.0,-6.0,2,30.5,32.0,4,391.75,389.75,late_aircraft_delay,nas_delay,carrier_delay
FOD,7,0,"","",8,36.25,31.0,3,383.6666666666667,384.0,late_aircraft_delay,nas_delay,Nessuna
FOD,8,1,2.0,1.0,7,37.42857142857143,32.714285714285715,3,257.3333333333333,246.0,late_aircraft_delay,nas_delay,canc_B
FOD,9,1,2.0,6.0,5,38.8,38.8,2,62.0,60.0,late_aircraft_delay,carrier_delay,nas_delay
FOD,10,0,"","",1,60.0,42.0,1,102.0,90.0,carrier_delay,late_aircraft_delay,Nessuna
FOD,11,3,4.333333333333333,0.6666666666666666,1,26.0,6.0,2,179.5,197.5,nas_delay,canc_B,late_aircraft_delay
FOD,12,1,7.0,5.0,4,38.0,28.25,2,197.0,226.0,late_aircraft_delay,nas_delay,canc_B
FSD,1,44,6.204545454545454,8.886363636363637,28,28.5,29.535714285714285,27,135.2962962962963,145.59259259259258,nas_delay,late_aircraft_delay,carrier_delay
FSD,2,45,5.622222222222222,-4.386363636363637,33,33.93939393939394,21.060606060606062,10,218.7,205.4,carrier_delay,nas_delay,late_aircraft_delay
FSD,3,34,5.588235294117647,-6.382352941176471,24,34.791666666666664,29.583333333333332,8,305.0,303.25,nas_delay,late_aircraft_delay,carrier_delay
FSD,4,29,7.206896551724138,-4.0344827586206895,24,33.875,32.0,11,183.8181818181818,185.45454545454547,nas_delay,carrier_delay,late_aircraft_delay
FSD,5,46,5.869565217391305,-0.5434782608695652,24,34.166666666666664,27.0,26,178.46153846153845,181.5,nas_delay,late_aircraft_delay,carrier_delay
FSD,6,52,6.230769230769231,4.1923076923076925,45,30.555555555555557,29.977777777777778,24,194.41666666666666,195.79166666666666,nas_delay,late_aircraft_delay,carrier_delay
FSD,7,36,6.138888888888889,8.666666666666666,37,34.054054054054056,31.405405405405407,29,176.72413793103448,174.51724137931035,nas_delay,carrier_delay,late_aircraft_delay
FSD,8,40,5.2,3.35,41,30.682926829268293,29.26829268292683,14,215.28571428571428,208.57142857142858,carrier_delay,nas_delay,late_aircraft_delay
FSD,9,40,4.8,-1.55,27,28.296296296296298,22.0,8,129.0,118.625,carrier_delay,nas_delay,late_aircraft_delay
FSD,10,32,5.4375,2.15625,25,26.48,16.2,9,106.44444444444444,91.55555555555556,carrier_delay,late_aircraft_delay,nas_delay
FSD,11,50,6.2,8.36,24,31.416666666666668,22.541666666666668,24,197.29166666666666,195.875,carrier_delay,nas_delay,late_aircraft_delay
FSD,12,57,5.614035087719298,3.508771929824561,43,33.0,28.0,36,178.61111111111111,178.45714285714286,nas_delay,carrier_delay,late_aircraft_delay
FSM,1,5,4.8,8.8,7,30.571428571428573,29.285714285714285,7,369.7142857142857,373.7142857142857,nas_delay,weather_delay,late_aircraft_delay
FSM,2,6,9.166666666666666,6.0,3,32.333333333333336,35.666666666666664,0,"","",nas_delay,late_aircraft_delay,carrier_delay
FSM,3,4,4.0,4.5,5,32.8,27.6,2,184.0,188.5,nas_delay,late_aircraft_delay,security_delay
FSM,4,2,5.5,15.0,6,27.333333333333332,21.666666666666668,0,"","",weather_delay,canc_B,late_aircraft_delay
FSM,5,7,6.0,14.714285714285714,8,24.125,25.0,7,143.71428571428572,143.71428571428572,nas_delay,carrier_delay,late_aircraft_delay
FSM,6,4,3.5,-8.25,7,38.0,29.571428571428573,8,121.625,111.875,late_aircraft_delay,nas_delay,carrier_delay
FSM,7,3,6.666666666666667,10.666666666666666,8,34.875,29.25,8,135.875,134.0,late_aircraft_delay,nas_delay,carrier_delay
FSM,8,5,7.8,0.6,5,34.8,34.8,3,118.33333333333333,108.66666666666667,late_aircraft_delay,carrier_delay,nas_delay
FSM,9,4,7.25,4.0,4,38.75,32.5,0,"","",late_aircraft_delay,nas_delay,Nessuna
FSM,10,0,"","",3,28.0,16.0,0,"","",late_aircraft_delay,nas_delay,Nessuna
FSM,11,10,4.2,-13.2,3,24.333333333333332,17.333333333333332,2,153.0,127.0,late_aircraft_delay,nas_delay,carrier_delay
FSM,12,5,6.8,-9.6,4,39.5,30.0,4,337.0,331.25,late_aircraft_delay,weather_delay,nas_delay
FWA,1,15,7.2,6.866666666666666,22,29.681818181818183,33.5,17,184.7058823529412,185.52941176470588,nas_delay,carrier_delay,late_aircraft_delay
FWA,2,23,7.0,-4.173913043478261,17,29.764705882352942,22.11764705882353,11,192.9090909090909,182.1818181818182,carrier_delay,nas_delay,late_aircraft_delay
FWA,3,28,6.821428571428571,-0.5357142857142857,19,29.68421052631579,23.105263157894736,14,130.07142857142858,133.57142857142858,nas_delay,carrier_delay,late_aircraft_delay
FWA,4,25,6.68,-1.32,19,33.1578947368421,22.105263157894736,23,165.17391304347825,167.6818181818182,carrier_delay,nas_delay,late_aircraft_delay
FWA,5,16,5.5625,4.6875,21,26.80952380952381,20.428571428571427,27,165.4814814814815,159.37037037037038,carrier_delay,nas_delay,late_aircraft_delay
FWA,6,25,6.64,-3.4,25,31.48,29.0,24,168.5,164.41666666666666,carrier_delay,late_aircraft_delay,nas_delay
FWA,7,24,7.625,8.583333333333334,35,31.65714285714286,31.82857142857143,28,159.5,165.42857142857142,nas_delay,carrier_delay,late_aircraft_delay
FWA,8,20,7.3,7.9,24,27.041666666666668,19.875,24,132.29166666666666,134.45833333333334,carrier_delay,nas_delay,late_aircraft_delay
FWA,9,24,4.75,-3.4583333333333335,20,32.85,29.9,17,165.35294117647058,162.76470588235293,carrier_delay,nas_delay,late_aircraft_delay
FWA,10,24,6.083333333333333,-2.5833333333333335,23,31.0,23.82608695652174,22,137.22727272727272,127.04545454545455,carrier_delay,late_aircraft_delay,nas_delay
FWA,11,28,7.035714285714286,1.8571428571428572,21,29.142857142857142,21.0,13,224.23076923076923,228.91666666666666,carrier_delay,nas_delay,late_aircraft_delay
FWA,12,37,6.594594594594595,0.10810810810810811,30,35.93333333333333,28.166666666666668,31,205.06451612903226,198.90322580645162,carrier_delay,nas_delay,late_aircraft_delay
GCC,1,0,"","",2,34.5,38.5,2,197.5,194.0,nas_delay,canc_B,late_aircraft_delay
GCC,2,5,9.6,3.75,1,22.0,10.0,2,124.5,131.0,carrier_delay,nas_delay,canc_B
GCC,3,0,"","",1,15.0,1.0,1,252.0,262.0,canc_B,late_aircraft_delay,nas_delay
GCC,4,1,11.0,26.0,0,"","",3,220.66666666666666,224.0,nas_delay,carrier_delay,late_aircraft_delay
GCC,5,0,"","",1,31.0,14.0,2,206.0,204.0,nas_delay,weather_delay,Nessuna
GCC,6,1,3.0,0.0,1,15.0,9.0,1,88.0,106.0,carrier_delay,nas_delay,Nessuna
GCC,7,3,4.0,0.0,0,"","",3,219.66666666666666,225.66666666666666,carrier_delay,nas_delay,Nessuna
GCC,8,5,5.8,-0.4,0,"","",1,193.0,214.0,nas_delay,late_aircraft_delay,carrier_delay
GCC,9,1,9.0,0.0,1,44.0,50.0,1,87.0,83.0,late_aircraft_delay,nas_delay,carrier_delay
GCC,10,2,6.0,3.5,1,34.0,14.0,4,294.5,285.0,weather_delay,carrier_delay,Nessuna
GCC,11,1,1.0,-19.0,3,21.666666666666668,15.666666666666666,3,116.0,119.0,carrier_delay,nas_delay,late_aircraft_delay
GCC,12,4,7.75,1.0,0,"","",2,336.0,324.0,carrier_delay,nas_delay,Nessuna
GCK,1,1,4.0,-8.0,3,22.666666666666668,36.0,4,282.0,282.75,canc_B,carrier_delay,nas_delay
GCK,2,1,5.0,2.0,5,27.6,34.6,1,207.0,210.0,carrier_delay,nas_delay,weather_delay
GCK,3,5,3.6,1.8,8,36.75,37.75,3,126.66666666666667,133.33333333333334,carrier_delay,late_aircraft_delay,nas_delay
GCK,4,3,7.666666666666667,7.0,4,28.5,34.0,1,68.0,83.0,nas_delay,carrier_delay,late_aircraft_delay
GCK,5,2,13.0,7.0,3,22.666666666666668,31.666666666666668,4,212.5,219.5,nas_delay,weather_delay,carrier_delay
GCK,6,2,3.5,5.5,1,59.0,61.0,4,115.25,113.25,nas_delay,late_aircraft_delay,carrier_delay
GCK,7,8,5.625,13.5,4,21.5,33.5,2,101.5,101.0,nas_delay,carrier_delay,late_aircraft_delay
GCK,8,2,2.5,8.0,1,21.0,15.0,2,131.5,141.5,late_aircraft_delay,nas_delay,carrier_delay
GCK,9,7,7.142857142857143,5.571428571428571,1,30.0,9.0,0,"","",carrier_delay,Nessuna,Nessuna
GCK,10,1,9.0,-2.0,1,21.0,9.0,4,134.0,131.75,nas_delay,carrier_delay,late_aircraft_delay
GCK,11,6,8.0,-0.8333333333333334,2,23.5,9.0,1,186.0,178.0,carrier_delay,nas_delay,canc_B
GCK,12,2,10.0,-6.5,3,24.0,21.666666666666668,5,189.4,201.4,nas_delay,carrier_delay,late_aircraft_delay
GEG,1,108,5.62037037037037,0.6851851851851852,90,31.633333333333333,29.1,43,204.7906976744186,200.6046511627907,nas_delay,carrier_delay,late_aircraft_delay
GEG,2,70,5.585714285714285,1.9714285714285715,50,30.34,28.38,19,148.89473684210526,135.38888888888889,nas_delay,carrier_delay,late_aircraft_delay
GEG,3,85,6.176470588235294,1.5529411764705883,60,34.3,25.084745762711865,26,198.0,185.03846153846155,late_aircraft_delay,carrier_delay,nas_delay
GEG,4,84,5.726190476190476,0.6666666666666666,41,27.853658536585368,22.024390243902438,16,120.1875,114.5625,carrier_delay,nas_delay,late_aircraft_delay
GEG,5,117,6.102564102564102,-0.8205128205128205,71,30.323943661971832,22.87323943661972,29,165.6206896551724,161.75862068965517,late_aircraft_delay,nas_delay,carrier_delay
GEG,6,115,6.860869565217391,0.7368421052631579,91,29.428571428571427,20.98901098901099,46,132.6304347826087,126.3913043478261,carrier_delay,nas_delay,late_aircraft_delay
GEG,7,161,5.875776397515528,-0.575,87,29.79310344827586,22.310344827586206,59,175.01694915254237,170.16949152542372,carrier_delay,late_aircraft_delay,nas_delay
GEG,8,146,6.623287671232877,3.6620689655172414,89,29.584269662921347,28.35632183908046,32,136.4375,132.875,nas_delay,carrier_delay,late_aircraft_delay
GEG,9,113,6.1415929203539825,3.734513274336283,64,29.4375,23.484375,23,119.34782608695652,116.43478260869566,nas_delay,late_aircraft_delay,carrier_delay
GEG,10,97,5.670103092783505,1.1237113402061856,43,29.325581395348838,24.74418604651163,23,187.69565217391303,184.56521739130434,carrier_delay,nas_delay,late_aircraft_delay
GEG,11,95,6.410526315789474,-1.4210526315789473,60,27.65,22.3,28,124.0,125.11538461538461,nas_delay,late_aircraft_delay,carrier_delay
GEG,12,136,6.110294117647059,0.9411764705882353,95,30.05263157894737,25.263157894736842,34,132.26470588235293,127.58823529411765,carrier_delay,nas_delay,late_aircraft_delay
GFK,1,10,6.2,-4.7,6,31.333333333333332,24.833333333333332,5,157.2,156.6,nas_delay,carrier_delay,weather_delay
GFK,2,2,2.5,-13.0,1,15.0,18.0,4,311.75,304.0,carrier_delay,canc_B,nas_delay
GFK,3,7,7.428571428571429,-6.0,3,38.666666666666664,60.333333333333336,2,73.5,66.5,nas_delay,weather_delay,late_aircraft_delay
GFK,4,4,7.0,-4.75,1,39.0,15.0,2,76.0,74.5,carrier_delay,late_aircraft_delay,nas_delay
GFK,5,1,10.0,6.0,5,34.2,27.8,3,160.0,153.33333333333334,carrier_delay,late_aircraft_delay,weather_delay
GFK,6,4,8.25,25.25,6,37.0,46.333333333333336,2,189.0,185.5,nas_delay,carrier_delay,weather_delay
GFK,7,3,3.6666666666666665,4.0,3,32.333333333333336,38.666666666666664,8,179.75,173.75,carrier_delay,nas_delay,weather_delay
GFK,8,6,5.166666666666667,22.0,3,26.666666666666668,43.666666666666664,3,107.33333333333333,127.0,nas_delay,carrier_delay,weather_delay
GFK,9,2,5.5,-4.5,4,25.0,17.0,1,642.0,623.0,carrier_delay,nas_delay,Nessuna
GFK,10,0,"","",1,52.0,33.0,2,113.0,125.0,weather_delay,carrier_delay,nas_delay
GFK,11,4,5.5,2.5,3,35.666666666666664,29.333333333333332,2,89.5,87.0,carrier_delay,nas_delay,security_delay
GFK,12,9,6.444444444444445,7.777777777777778,5,32.4,27.8,9,193.11111111111111,189.55555555555554,nas_delay,carrier_delay,late_aircraft_delay
GGG,1,1,7.0,11.0,3,33.0,41.666666666666664,2,89.0,94.0,nas_delay,carrier_delay,weather_delay
GGG,2,0,"","",1,21.0,23.0,4,194.75,193.5,carrier_delay,nas_delay,late_aircraft_delay
GGG,3,0,"","",1,37.0,27.0,3,190.33333333333334,192.0,weather_delay,nas_delay,carrier_delay
GGG,4,2,8.5,0.5,0,"","",3,165.0,161.33333333333334,nas_delay,late_aircraft_delay,weather_delay
GGG,5,4,4.75,3.0,4,28.5,22.25,6,187.66666666666666,189.16666666666666,late_aircraft_delay,nas_delay,carrier_delay
GGG,6,1,3.0,-6.0,2,48.0,49.0,1,85.0,72.0,late_aircraft_delay,nas_delay,weather_delay
GGG,7,3,5.0,-2.0,5,35.0,32.2,3,103.0,88.0,carrier_delay,late_aircraft_delay,nas_delay
GGG,8,4,2.25,2.0,2,38.0,31.0,2,101.5,91.0,late_aircraft_delay,carrier_delay,nas_delay
GGG,9,4,3.5,-1.25,2,44.0,44.5,2,191.0,175.0,carrier_delay,nas_delay,late_aircraft_delay
GGG,10,1,4.0,19.0,2,31.0,25.5,2,140.0,128.0,carrier_delay,nas_delay,Nessuna
GGG,11,4,6.5,7.0,3,34.333333333333336,26.0,3,117.66666666666667,117.0,carrier_delay,nas_delay,late_aircraft_delay
GGG,12,3,4.333333333333333,-8.666666666666666,2,31.0,17.0,5,148.4,142.2,carrier_delay,nas_delay,Nessuna
GJT,1,10,5.7,4.4,15,35.2,26.933333333333334,8,268.5,269.25,carrier_delay,nas_delay,late_aircraft_delay
GJT,2,9,5.777777777777778,-2.111111111111111,12,30.916666666666668,29.333333333333332,9,202.22222222222223,201.44444444444446,carrier_delay,nas_delay,late_aircraft_delay
GJT,3,12,5.5,21.25,20,32.85,34.05263157894737,4,593.75,591.75,nas_delay,late_aircraft_delay,carrier_delay
GJT,4,11,6.090909090909091,2.1818181818181817,8,37.25,35.5,6,281.8333333333333,277.6666666666667,nas_delay,carrier_delay,late_aircraft_delay
GJT,5,12,5.583333333333333,1.4166666666666667,11,40.18181818181818,36.6,19,154.10526315789474,165.94117647058823,carrier_delay,nas_delay,late_aircraft_delay
GJT,6,23,7.304347826086956,9.347826086956522,19,32.94736842105263,24.105263157894736,13,186.07692307692307,189.69230769230768,nas_delay,late_aircraft_delay,carrier_delay
GJT,7,18,7.277777777777778,1.0555555555555556,22,31.363636363636363,23.59090909090909,12,241.5,242.16666666666666,late_aircraft_delay,carrier_delay,nas_delay
GJT,8,14,8.285714285714286,9.071428571428571,17,32.705882352941174,31.647058823529413,8,293.625,283.0,nas_delay,carrier_delay,late_aircraft_delay
GJT,9,12,5.583333333333333,3.6666666666666665,11,29.363636363636363,18.0,6,143.33333333333334,136.33333333333334,nas_delay,carrier_delay,late_aircraft_delay
GJT,10,17,6.588235294117647,-1.2352941176470589,8,30.75,19.625,11,88.27272727272727,78.63636363636364,carrier_delay,late_aircraft_delay,nas_delay
GJT,11,18,7.277777777777778,10.666666666666666,18,34.5,27.11111111111111,15,181.86666666666667,183.93333333333334,nas_delay,carrier_delay,late_aircraft_delay
GJT,12,19,7.2105263157894735,1.0,19,36.05263157894737,32.78947368421053,6,211.0,194.83333333333334,carrier_delay,nas_delay,late_aircraft_delay
GNV,1,15,5.733333333333333,-7.533333333333333,14,28.714285714285715,18.142857142857142,6,99.5,108.0,late_aircraft_delay,carrier_delay,nas_delay
GNV,2,13,5.230769230769231,-1.0833333333333333,6,41.5,38.0,1,417.0,391.0,carrier_delay,nas_delay,late_aircraft_delay
GNV,3,15,7.733333333333333,-0.8666666666666667,12,26.583333333333332,24.25,6,186.66666666666666,180.16666666666666,carrier_delay,nas_delay,late_aircraft_delay
GNV,4,17,5.352941176470588,1.9411764705882353,7,32.42857142857143,27.428571428571427,9,106.88888888888889,104.88888888888889,carrier_delay,nas_delay,late_aircraft_delay
GNV,5,14,7.071428571428571,7.846153846153846,10,30.5,28.2,11,486.1818181818182,393.0,carrier_delay,nas_delay,late_aircraft_delay
GNV,6,14,5.857142857142857,-0.21428571428571427,12,27.0,18.083333333333332,6,112.83333333333333,110.0,late_aircraft_delay,carrier_delay,nas_delay
GNV,7,17,5.0588235294117645,6.5625,18,31.333333333333332,30.41176470588235,23,166.7826086956522,169.65217391304347,late_aircraft_delay,nas_delay,carrier_delay
GNV,8,13,5.076923076923077,1.1538461538461537,12,33.0,25.75,9,254.33333333333334,245.66666666666666,late_aircraft_delay,carrier_delay,canc_B
GNV,9,13,6.6923076923076925,-1.6153846153846154,9,37.55555555555556,31.11111111111111,7,153.71428571428572,150.28571428571428,late_aircraft_delay,canc_B,nas_delay
GNV,10,4,5.5,-5.75,4,26.25,22.0,3,122.33333333333333,109.66666666666667,canc_B,carrier_delay,nas_delay
GNV,11,9,5.888888888888889,-1.4444444444444444,10,37.6,25.2,4,176.5,177.75,carrier_delay,late_aircraft_delay,nas_delay
GNV,12,17,6.352941176470588,-0.7058823529411765,14,27.928571428571427,23.642857142857142,10,139.0,133.5,carrier_delay,late_aircraft_delay,nas_delay
GPT,1,9,6.222222222222222,5.444444444444445,15,32.53333333333333,25.0,14,231.71428571428572,242.42857142857142,late_aircraft_delay,nas_delay,weather_delay
GPT,2,4,5.0,0.5,9,29.11111111111111,26.0,3,131.0,125.0,carrier_delay,nas_delay,late_aircraft_delay
GPT,3,13,7.3076923076923075,0.5,7,24.142857142857142,18.857142857142858,3,123.0,126.66666666666667,late_aircraft_delay,nas_delay,weather_delay
GPT,4,14,7.357142857142857,5.642857142857143,12,33.833333333333336,35.083333333333336,10,194.5,196.8,late_aircraft_delay,carrier_delay,nas_delay
GPT,5,17,8.411764705882353,2.9411764705882355,15,30.2,32.733333333333334,13,114.84615384615384,105.91666666666667,late_aircraft_delay,nas_delay,carrier_delay
GPT,6,15,4.866666666666666,2.6666666666666665,23,34.78260869565217,31.52173913043478,9,128.22222222222223,123.77777777777777,late_aircraft_delay,nas_delay,carrier_delay
GPT,7,8,6.5,10.0,23,36.47826086956522,33.69565217391305,15,229.26666666666668,225.6,late_aircraft_delay,carrier_delay,nas_delay
GPT,8,8,7.875,5.375,12,30.916666666666668,27.0,9,256.77777777777777,248.11111111111111,late_aircraft_delay,nas_delay,carrier_delay
GPT,9,8,6.625,4.125,16,35.1875,30.1875,15,156.8,151.8,late_aircraft_delay,nas_delay,carrier_delay
GPT,10,12,6.0,7.166666666666667,12,33.083333333333336,25.75,2,191.5,182.0,carrier_delay,late_aircraft_delay,nas_delay
GPT,11,11,7.7272727272727275,5.0,5,38.2,34.0,4,172.0,178.25,nas_delay,carrier_delay,late_aircraft_delay
GPT,12,11,5.090909090909091,-0.2727272727272727,14,31.5,34.5,7,211.85714285714286,215.28571428571428,nas_delay,late_aircraft_delay,carrier_delay
GRB,1,16,5.25,3.3125,16,38.625,28.5,30,207.86666666666667,196.73333333333332,carrier_delay,nas_delay,canc_B
GRB,2,11,9.363636363636363,0.5454545454545454,7,29.571428571428573,23.714285714285715,12,210.58333333333334,196.58333333333334,carrier_delay,nas_delay,weather_delay
GRB,3,8,7.375,-0.5,15,39.0,34.13333333333333,11,108.0909090909091,101.45454545454545,nas_delay,carrier_delay,late_aircraft_delay
GRB,4,14,7.857142857142857,10.642857142857142,5,27.6,34.2,13,181.76923076923077,179.69230769230768,carrier_delay,nas_delay,late_aircraft_delay
GRB,5,10,6.7,4.4,19,32.68421052631579,25.31578947368421,22,145.3181818181818,145.0909090909091,carrier_delay,late_aircraft_delay,nas_delay
GRB,6,19,5.2631578947368425,10.263157894736842,18,31.444444444444443,37.27777777777778,18,174.16666666666666,178.77777777777777,carrier_delay,nas_delay,late_aircraft_delay
GRB,7,9,7.222222222222222,10.555555555555555,15,35.06666666666667,38.46666666666667,18,125.61111111111111,129.77777777777777,carrier_delay,nas_delay,late_aircraft_delay
GRB,8,15,7.8,3.1333333333333333,18,34.05555555555556,31.11111111111111,13,115.07692307692308,119.3076923076923,carrier_delay,nas_delay,late_aircraft_delay
GRB,9,23,5.478260869565218,2.347826086956522,23,30.782608695652176,27.565217391304348,9,142.22222222222223,141.22222222222223,carrier_delay,nas_delay,late_aircraft_delay
GRB,10,14,6.714285714285714,3.5,8,40.25,35.5,5,97.8,85.2,carrier_delay,late_aircraft_delay,nas_delay
GRB,11,12,5.416666666666667,-0.5,19,30.36842105263158,20.31578947368421,12,155.58333333333334,155.33333333333334,carrier_delay,nas_delay,weather_delay
GRB,12,16,7.125,1.375,14,27.214285714285715,17.857142857142858,15,147.93333333333334,141.8,carrier_delay,nas_delay,weather_delay
GRI,1,5,4.6,15.6,4,20.25,19.75,7,178.28571428571428,190.42857142857142,carrier_delay,nas_delay,weather_delay
GRI,2,4,6.25,-6.75,5,34.2,30.4,1,410.0,408.0,nas_delay,carrier_delay,late_aircraft_delay
GRI,3,4,5.25,-8.75,3,38.333333333333336,31.666666666666668,1,71.0,95.0,nas_delay,late_aircraft_delay,weather_delay
GRI,4,3,9.0,-7.0,2,18.5,23.0,3,176.66666666666666,200.33333333333334,nas_delay,carrier_delay,weather_delay
GRI,5,6,7.666666666666667,0.8333333333333334,6,25.166666666666668,11.166666666666666,5,326.0,326.0,weather_delay,carrier_delay,nas_delay
GRI,6,5,3.6,0.0,4,24.25,17.5,8,128.625,123.875,carrier_delay,nas_delay,late_aircraft_delay
GRI,7,3,5.0,7.666666666666667,2,22.0,22.0,1,100.0,86.0,carrier_delay,nas_delay,late_aircraft_delay
GRI,8,5,6.8,6.6,9,25.666666666666668,26.333333333333332,2,187.0,189.0,nas_delay,carrier_delay,late_aircraft_delay
GRI,9,4,8.75,2.75,4,34.0,45.75,3,222.0,217.0,carrier_delay,nas_delay,late_aircraft_delay
GRI,10,9,7.0,1.4444444444444444,4,41.25,33.75,3,212.0,223.0,carrier_delay,nas_delay,late_aircraft_delay
GRI,11,8,5.25,8.5,1,35.0,36.0,8,326.75,333.25,carrier_delay,nas_delay,weather_delay
GRI,12,8,4.625,-1.5,8,32.5,26.5,7,181.85714285714286,182.14285714285714,carrier_delay,nas_delay,late_aircraft_delay
GRK,1,7,5.428571428571429,-0.14285714285714285,6,30.0,28.166666666666668,10,141.7,140.5,carrier_delay,nas_delay,late_aircraft_delay
GRK,2,7,7.857142857142857,4.857142857142857,6,21.333333333333332,22.833333333333332,1,87.0,91.0,nas_delay,late_aircraft_delay,carrier_delay
GRK,3,6,6.666666666666667,16.833333333333332,6,28.0,35.0,6,83.5,79.5,late_aircraft_delay,nas_delay,carrier_delay
GRK,4,8,7.125,0.625,5,33.4,36.2,6,291.5,298.0,nas_delay,weather_delay,carrier_delay
GRK,5,8,7.25,8.0,14,32.0,31.571428571428573,9,145.55555555555554,146.33333333333334,carrier_delay,nas_delay,late_aircraft_delay
GRK,6,14,6.285714285714286,3.857142857142857,12,37.666666666666664,35.333333333333336,15,161.93333333333334,154.66666666666666,late_aircraft_delay,carrier_delay,nas_delay
GRK,7,16,6.0,4.0625,17,36.588235294117645,32.05882352941177,11,124.0,121.0909090909091,late_aircraft_delay,carrier_delay,nas_delay
GRK,8,11,6.7272727272727275,2.909090909090909,13,31.307692307692307,29.0,3,159.0,151.0,late_aircraft_delay,carrier_delay,nas_delay
GRK,9,20,6.8,5.25,14,31.571428571428573,31.142857142857142,7,134.14285714285714,130.28571428571428,carrier_delay,late_aircraft_delay,nas_delay
GRK,10,11,7.818181818181818,3.5454545454545454,8,26.875,21.0,4,145.5,141.25,carrier_delay,nas_delay,late_aircraft_delay
GRK,11,4,11.75,3.75,10,24.2,29.5,8,109.125,101.5,late_aircraft_delay,carrier_delay,nas_delay
GRK,12,11,6.363636363636363,15.545454545454545,7,35.714285714285715,31.142857142857142,3,174.33333333333334,177.33333333333334,nas_delay,late_aircraft_delay,carrier_delay
GRR,1,99,6.5353535353535355,9.242424242424242,95,32.88421052631579,33.170212765957444,87,183.16091954022988,189.86206896551724,nas_delay,late_aircraft_delay,carrier_delay
GRR,2,64,5.96875,-7.53125,51,31.431372549019606,20.705882352941178,36,178.33333333333334,177.22222222222223,nas_delay,carrier_delay,late_aircraft_delay
GRR,3,78,5.769230769230769,3.1153846153846154,75,31.32,25.906666666666666,45,171.86666666666667,171.88888888888889,nas_delay,late_aircraft_delay,carrier_delay
GRR,4,65,5.969230769230769,-0.6461538461538462,59,30.8135593220339,24.338983050847457,42,159.07142857142858,153.92857142857142,late_aircraft_delay,nas_delay,carrier_delay
GRR,5,76,6.2368421052631575,4.065789473684211,63,30.174603174603174,28.53968253968254,54,172.72222222222223,177.55555555555554,nas_delay,late_aircraft_delay,carrier_delay
GRR,6,102,6.872549019607843,6.617647058823529,106,30.81132075471698,27.962264150943398,64,147.796875,148.109375,nas_delay,late_aircraft_delay,carrier_delay
GRR,7,116,6.336206896551724,3.8189655172413794,105,33.333333333333336,30.17142857142857,71,166.4788732394366,163.2,late_aircraft_delay,nas_delay,carrier_delay
GRR,8,89,6.280898876404494,3.258426966292135,101,32.18811881188119,31.07920792079208,51,162.5686274509804,167.23529411764707,nas_delay,late_aircraft_delay,carrier_delay
GRR,9,95,5.705263157894737,2.568421052631579,68,29.426470588235293,25.485294117647058,28,173.71428571428572,170.57142857142858,nas_delay,carrier_delay,late_aircraft_delay
GRR,10,69,5.768115942028985,0.855072463768116,52,28.692307692307693,23.884615384615383,19,184.68421052631578,180.3684210526316,nas_delay,carrier_delay,late_aircraft_delay
GRR,11,84,6.214285714285714,2.392857142857143,60,30.083333333333332,30.7,36,147.91666666666666,148.25,nas_delay,carrier_delay,late_aircraft_delay
GRR,12,108,6.37037037037037,6.685185185185185,110,31.818181818181817,31.554545454545455,59,181.47457627118644,180.33898305084745,nas_delay,carrier_delay,late_aircraft_delay
GSO,1,46,5.586956521739131,2.1555555555555554,31,34.54838709677419,34.064516129032256,28,167.03571428571428,159.14285714285714,nas_delay,carrier_delay,late_aircraft_delay
GSO,2,23,6.434782608695652,-4.3478260869565215,19,30.05263157894737,18.263157894736842,15,137.0,134.26666666666668,nas_delay,late_aircraft_delay,carrier_delay
GSO,3,43,6.8604651162790695,-0.7674418604651163,24,32.166666666666664,27.458333333333332,18,198.5,201.72222222222223,nas_delay,late_aircraft_delay,carrier_delay
GSO,4,60,6.75,5.933333333333334,32,28.4375,26.625,22,186.3181818181818,188.0909090909091,nas_delay,carrier_delay,late_aircraft_delay
GSO,5,51,5.803921568627451,6.529411764705882,46,36.69565217391305,33.93333333333333,37,171.13513513513513,170.13513513513513,nas_delay,carrier_delay,late_aircraft_delay
GSO,6,48,5.625,4.729166666666667,42,32.0,26.214285714285715,37,200.21621621621622,201.05405405405406,late_aircraft_delay,nas_delay,carrier_delay
GSO,7,47,6.851063829787234,5.297872340425532,70,34.94285714285714,36.17142857142857,70,170.72857142857143,175.43478260869566,late_aircraft_delay,nas_delay,carrier_delay
GSO,8,50,6.58,1.16,50,30.26,30.46,48,160.35416666666666,158.0,nas_delay,late_aircraft_delay,carrier_delay
GSO,9,54,6.018518518518518,3.0,44,32.5,24.5,28,167.46428571428572,165.92857142857142,nas_delay,late_aircraft_delay,carrier_delay
GSO,10,50,4.66,0.04,33,26.939393939393938,20.666666666666668,15,184.4,175.13333333333333,nas_delay,carrier_delay,late_aircraft_delay
GSO,11,62,5.790322580645161,0.8870967741935484,25,34.0,34.52,13,282.15384615384613,290.61538461538464,nas_delay,carrier_delay,late_aircraft_delay
GSO,12,77,5.8441558441558445,4.298701298701299,52,31.076923076923077,27.23076923076923,37,117.35135135135135,114.05555555555556,nas_delay,carrier_delay,late_aircraft_delay
GSP,1,56,5.857142857142857,-2.392857142857143,62,32.5,24.338709677419356,47,142.2340425531915,135.74468085106383,carrier_delay,late_aircraft_delay,nas_delay
GSP,2,44,6.5227272727272725,1.3636363636363635,26,32.07692307692308,23.846153846153847,22,150.4090909090909,143.27272727272728,carrier_delay,nas_delay,late_aircraft_delay
GSP,3,64,4.828125,-1.046875,50,28.86,23.2,22,181.27272727272728,176.36363636363637,late_aircraft_delay,nas_delay,carrier_delay
GSP,4,66,6.166666666666667,3.015151515151515,56,31.035714285714285,28.535714285714285,30,126.66666666666667,127.9,late_aircraft_delay,nas_delay,carrier_delay
GSP,5,89,6.393258426966292,3.898876404494382,92,32.20652173913044,30.57608695652174,73,135.32876712328766,133.34246575342465,late_aircraft_delay,nas_delay,carrier_delay
GSP,6,93,5.89247311827957,3.3548387096774195,66,31.015151515151516,24.363636363636363,44,231.5909090909091,230.64285714285714,nas_delay,carrier_delay,late_aircraft_delay
GSP,7,78,6.243589743589744,5.337662337662338,83,33.13253012048193,31.325301204819276,94,153.96808510638297,153.80851063829786,late_aircraft_delay,nas_delay,carrier_delay
GSP,8,74,5.864864864864865,3.328767123287671,74,33.270270270270274,31.39189189189189,49,137.0612244897959,137.54166666666666,nas_delay,carrier_delay,late_aircraft_delay
GSP,9,76,6.2894736842105265,2.473684210526316,59,32.932203389830505,26.576271186440678,35,158.6,155.02857142857144,late_aircraft_delay,nas_delay,carrier_delay
GSP,10,76,5.815789473684211,1.6973684210526316,48,32.604166666666664,28.375,29,155.55172413793105,149.6206896551724,nas_delay,carrier_delay,late_aircraft_delay
GSP,11,78,6.628205128205129,2.41025641025641,49,28.346938775510203,22.755102040816325,18,129.44444444444446,122.72222222222223,nas_delay,late_aircraft_delay,carrier_delay
GSP,12,109,6.192660550458716,1.128440366972477,86,29.593023255813954,22.5,47,151.0,143.84782608695653,carrier_delay,late_aircraft_delay,nas_delay
GST,6,1,5.0,-8.0,0,"","",0,"","",Nessuna,Nessuna,Nessuna
GST,7,6,5.0,6.5,2,25.0,16.0,2,120.5,111.5,security_delay,late_aircraft_delay,nas_delay
GST,8,0,"","",3,24.666666666666668,15.666666666666666,0,"","",carrier_delay,nas_delay,Nessuna
GTF,1,12,5.5,3.4166666666666665,6,34.5,19.666666666666668,15,183.26666666666668,190.86666666666667,nas_delay,weather_delay,late_aircraft_delay
GTF,2,10,4.8,14.3,9,32.666666666666664,33.22222222222222,6,318.0,319.6666666666667,carrier_delay,nas_delay,weather_delay
GTF,3,10,8.0,7.2,6,40.0,41.333333333333336,4,97.75,105.0,nas_delay,carrier_delay,late_aircraft_delay
GTF,4,9,6.666666666666667,5.555555555555555,8,36.5,28.5,6,218.83333333333334,212.33333333333334,carrier_delay,nas_delay,late_aircraft_delay
GTF,5,6,5.5,3.6666666666666665,7,38.57142857142857,30.857142857142858,6,134.33333333333334,127.5,carrier_delay,nas_delay,late_aircraft_delay
GTF,6,12,5.416666666666667,-5.666666666666667,6,37.166666666666664,32.166666666666664,5,197.2,185.8,nas_delay,carrier_delay,late_aircraft_delay
GTF,7,9,5.777777777777778,-3.2222222222222223,3,30.333333333333332,23.666666666666668,2,275.0,266.0,nas_delay,canc_A,late_aircraft_delay
GTF,8,11,5.2727272727272725,1.7272727272727273,2,30.0,36.0,1,111.0,158.0,nas_delay,late_aircraft_delay,weather_delay
GTF,9,4,6.5,-1.25,5,18.2,0.2,2,135.0,118.0,carrier_delay,Nessuna,Nessuna
GTF,10,5,4.6,-0.6,4,21.75,11.5,4,181.0,162.5,carrier_delay,nas_delay,weather_delay
GTF,11,11,7.181818181818182,5.636363636363637,5,46.4,44.6,3,78.0,84.66666666666667,carrier_delay,nas_delay,canc_B
GTF,12,7,4.428571428571429,-9.142857142857142,10,32.4,21.0,5,318.0,322.4,late_aircraft_delay,carrier_delay,nas_delay
GTR,1,3,4.666666666666667,-14.333333333333334,2,32.0,32.0,5,158.0,150.0,late_aircraft_delay,nas_delay,carrier_delay
GTR,2,0,"","",2,25.0,6.0,0,"","",Nessuna,Nessuna,Nessuna
GTR,3,3,5.333333333333333,12.0,2,25.0,6.5,0,"","",late_aircraft_delay,nas_delay,Nessuna
GTR,4,1,9.0,8.0,3,37.666666666666664,28.333333333333332,1,144.0,143.0,late_aircraft_delay,carrier_delay,nas_delay
GTR,5,2,6.5,11.5,2,48.0,46.5,1,165.0,171.0,late_aircraft_delay,nas_delay,Nessuna
GTR,6,1,13.0,2.0,0,"","",1,126.0,127.0,nas_delay,carrier_delay,Nessuna
GTR,7,2,4.0,6.5,3,21.333333333333332,9.333333333333334,3,121.66666666666667,128.33333333333334,nas_delay,late_aircraft_delay,canc_A
GTR,8,0,"","",1,23.0,21.0,0,"","",late_aircraft_delay,Nessuna,Nessuna
GTR,9,0,"","",2,22.0,10.0,1,66.0,148.0,nas_delay,late_aircraft_delay,Nessuna
GTR,10,0,"","",0,"","",0,"","",nas_delay,Nessuna,Nessuna
GTR,11,3,3.6666666666666665,-1.6666666666666667,0,"","",1,292.0,285.0,nas_delay,late_aircraft_delay,Nessuna
GTR,12,2,5.0,-0.5,2,24.5,18.0,2,95.5,92.0,nas_delay,carrier_delay,late_aircraft_delay
GUC,1,4,6.5,4.5,4,30.0,28.25,10,160.1,169.9,nas_delay,late_aircraft_delay,carrier_delay
GUC,2,2,8.5,-4.0,2,27.0,17.0,4,90.75,86.5,carrier_delay,nas_delay,late_aircraft_delay
GUC,3,3,7.333333333333333,1.0,2,33.5,12.0,3,147.66666666666666,135.33333333333334,carrier_delay,nas_delay,Nessuna
GUC,4,1,6.0,6.0,0,"","",0,"","",Nessuna,Nessuna,Nessuna
GUC,5,0,"","",1,20.0,16.0,3,107.66666666666667,110.0,nas_delay,weather_delay,late_aircraft_delay
GUC,6,3,6.333333333333333,5.666666666666667,6,38.0,40.0,2,101.5,88.0,carrier_delay,nas_delay,late_aircraft_delay
GUC,7,4,7.25,7.5,3,21.666666666666668,16.333333333333332,1,98.0,91.0,carrier_delay,nas_delay,late_aircraft_delay
GUC,8,1,9.0,-5.0,4,35.5,25.75,4,175.5,172.25,carrier_delay,late_aircraft_delay,nas_delay
GUC,9,1,2.0,-25.0,0,"","",1,63.0,57.0,carrier_delay,Nessuna,Nessuna
GUC,10,0,"","",1,22.0,20.0,0,"","",carrier_delay,Nessuna,Nessuna
GUC,11,2,5.0,-28.5,1,50.0,16.0,1,302.0,291.0,carrier_delay,canc_B,late_aircraft_delay
GUC,12,5,7.2,-8.8,1,43.0,31.0,5,386.4,373.0,carrier_delay,canc_B,weather_delay
GUM,1,1,5.0,0.0,0,"","",1,374.0,344.0,carrier_delay,late_aircraft_delay,Nessuna
GUM,2,7,6.142857142857143,-5.571428571428571,1,40.0,-4.0,0,"","",Nessuna,Nessuna,Nessuna
GUM,3,8,5.625,-16.875,0,"","",0,"","",Nessuna,Nessuna,Nessuna
GUM,4,3,2.3333333333333335,-34.333333333333336,3,15.0,-12.333333333333334,0,"","",Nessuna,Nessuna,Nessuna
GUM,5,9,9.88888888888889,-17.555555555555557,3,37.666666666666664,1.3333333333333333,0,"","",canc_A,Nessuna,Nessuna
GUM,6,9,7.666666666666667,1.2222222222222223,4,24.5,20.0,1,61.0,50.0,carrier_delay,nas_delay,Nessuna
GUM,7,13,6.6923076923076925,-11.23076923076923,3,30.0,7.666666666666667,0,"","",carrier_delay,Nessuna,Nessuna
GUM,8,9,4.0,-5.333333333333333,4,33.5,25.25,1,116.0,108.0,carrier_delay,Nessuna,Nessuna
GUM,9,2,4.5,-12.5,2,44.5,16.0,1,162.0,152.0,carrier_delay,canc_C,canc_A
GUM,10,5,4.8,-6.0,0,"","",0,"","",Nessuna,Nessuna,Nessuna
GUM,11,5,3.2,2.4,2,32.5,16.5,1,112.0,111.0,carrier_delay,canc_C,Nessuna
GUM,12,5,4.0,-9.6,1,17.0,-9.0,0,"","",Nessuna,Nessuna,Nessuna
HDN,1,43,7.046511627906977,9.209302325581396,33,35.18181818181818,33.333333333333336,22,220.36363636363637,215.72727272727272,late_aircraft_delay,nas_delay,carrier_delay
HDN,2,29,7.586206896551724,-1.4482758620689655,35,30.97142857142857,28.6,15,202.26666666666668,214.93333333333334,nas_delay,late_aircraft_delay,carrier_delay
HDN,3,32,6.59375,4.4375,25,33.88,33.0,18,328.1111111111111,341.52941176470586,nas_delay,late_aircraft_delay,carrier_delay
HDN,4,9,6.888888888888889,0.4444444444444444,6,34.0,22.0,1,89.0,78.0,late_aircraft_delay,carrier_delay,nas_delay
HDN,5,2,9.5,4.0,5,31.8,14.2,4,122.5,140.5,nas_delay,carrier_delay,late_aircraft_delay
HDN,6,8,3.75,-0.375,3,29.333333333333332,20.0,6,104.33333333333333,101.0,carrier_delay,nas_delay,late_aircraft_delay
HDN,7,5,2.8,-8.6,13,40.07692307692308,26.384615384615383,8,142.0,126.5,carrier_delay,late_aircraft_delay,weather_delay
HDN,8,14,4.857142857142857,-4.928571428571429,8,31.125,24.125,5,197.0,181.0,carrier_delay,nas_delay,weather_delay
HDN,9,3,6.666666666666667,6.333333333333333,3,21.0,10.333333333333334,4,165.5,155.25,carrier_delay,nas_delay,late_aircraft_delay
HDN,10,4,8.5,-5.0,1,35.0,15.0,1,64.0,44.0,carrier_delay,late_aircraft_delay,nas_delay
HDN,11,6,2.8333333333333335,6.5,10,35.0,16.9,6,165.33333333333334,162.33333333333334,late_aircraft_delay,nas_delay,weather_delay
HDN,12,17,8.0,10.764705882352942,22,31.681818181818183,27.954545454545453,15,117.66666666666667,109.42857142857143,late_aircraft_delay,nas_delay,carrier_delay
HGR,1,1,14.0,8.0,2,31.5,47.0,1,112.0,107.0,carrier_delay,late_aircraft_delay,weather_delay
HGR,2,0,"","",0,"","",0,"","",Nessuna,Nessuna,Nessuna
HGR,3,1,2.0,-12.0,0,"","",1,87.0,82.0,late_aircraft_delay,Nessuna,Nessuna
HGR,4,0,"","",4,42.5,28.0,1,129.0,131.0,late_aircraft_delay,carrier_delay,nas_delay
HGR,5,2,2.5,-3.0,2,22.0,16.5,1,94.0,122.0,nas_delay,late_aircraft_delay,Nessuna
HGR,6,1,3.0,-5.0,9,35.0,28.666666666666668,2,115.0,108.5,late_aircraft_delay,carrier_delay,nas_delay
HGR,7,1,10.0,-1.0,7,32.714285714285715,27.857142857142858,4,555.25,558.25,late_aircraft_delay,carrier_delay,nas_delay
HGR,8,3,8.0,7.0,3,23.666666666666668,28.0,1,90.0,128.0,late_aircraft_delay,nas_delay,carrier_delay
HGR,9,2,9.5,5.5,0,"","",0,"","",Nessuna,Nessuna,Nessuna
HGR,10,0,"","",2,19.5,18.5,3,172.33333333333334,169.0,late_aircraft_delay,carrier_delay,nas_delay
HGR,11,1,1.0,-23.0,0,"","",1,76.0,67.0,carrier_delay,late_aircraft_delay,Nessuna
HGR,12,1,11.0,-1.0,1,56.0,45.0,2,74.5,71.0,late_aircraft_delay,carrier_delay,canc_B
HHH,1,1,6.0,-13.0,3,47.333333333333336,43.666666666666664,1,103.0,92.0,late_aircraft_delay,nas_delay,canc_B
HHH,2,4,3.75,0.75,5,28.2,27.4,3,100.0,98.66666666666667,late_aircraft_delay,nas_delay,carrier_delay
HHH,3,5,3.6,2.2,8,29.875,21.125,2,62.5,54.0,late_aircraft_delay,nas_delay,Nessuna
HHH,4,15,6.066666666666666,10.2,15,22.2,15.857142857142858,5,154.8,140.2,late_aircraft_delay,nas_delay,carrier_delay
HHH,5,16,7.375,9.625,20,31.2,27.2,32,155.375,151.625,late_aircraft_delay,nas_delay,carrier_delay
HHH,6,16,8.0,-0.25,18,27.61111111111111,22.647058823529413,11,110.0909090909091,100.18181818181819,late_aircraft_delay,carrier_delay,nas_delay
HHH,7,13,5.461538461538462,-0.25,16,29.75,24.125,13,195.84615384615384,208.15384615384616,nas_delay,late_aircraft_delay,carrier_delay
HHH,8,17,6.647058823529412,11.352941176470589,13,31.846153846153847,25.363636363636363,5,292.4,348.75,nas_delay,late_aircraft_delay,carrier_delay
HHH,9,6,8.0,13.0,9,35.0,36.375,10,117.4,115.2,nas_delay,late_aircraft_delay,carrier_delay
HHH,10,8,6.5,11.625,7,32.857142857142854,35.0,4,98.5,88.0,nas_delay,late_aircraft_delay,carrier_delay
HHH,11,11,5.545454545454546,0.36363636363636365,7,30.714285714285715,23.571428571428573,1,166.0,146.0,late_aircraft_delay,nas_delay,carrier_delay
HHH,12,6,7.0,5.833333333333333,7,32.42857142857143,27.428571428571427,0,"","",late_aircraft_delay,nas_delay,carrier_delay
HIB,1,2,8.5,-12.5,2,27.0,30.5,2,110.5,100.5,carrier_delay,nas_delay,Nessuna
HIB,2,1,6.0,19.0,1,51.0,43.0,2,130.0,110.0,weather_delay,carrier_delay,canc_B
HIB,3,1,4.0,17.0,0,"","",3,80.66666666666667,77.66666666666667,carrier_delay,nas_delay,weather_delay
HIB,4,1,11.0,-7.0,2,27.0,8.0,0,"","",carrier_delay,Nessuna,Nessuna
HIB,5,1,7.0,8.0,2,37.5,23.0,1,294.0,290.0,carrier_delay,weather_delay,Nessuna
HIB,6,3,7.333333333333333,11.0,2,31.0,37.5,4,372.75,377.5,nas_delay,carrier_delay,weather_delay
HIB,7,1,12.0,44.0,3,35.0,39.666666666666664,0,"","",carrier_delay,nas_delay,weather_delay
HIB,8,3,5.666666666666667,10.333333333333334,1,33.0,68.0,3,415.6666666666667,417.0,nas_delay,carrier_delay,weather_delay
HIB,9,2,6.5,13.0,0,"","",2,140.0,144.0,carrier_delay,nas_delay,Nessuna
HIB,10,3,5.0,3.6666666666666665,1,57.0,40.0,3,183.33333333333334,167.66666666666666,carrier_delay,nas_delay,Nessuna
HIB,11,0,"","",2,37.0,17.5,0,"","",carrier_delay,weather_delay,Nessuna
HIB,12,4,8.0,31.5,3,19.666666666666668,2.0,5,139.2,134.2,nas_delay,weather_delay,carrier_delay
HLN,1,6,5.833333333333333,-2.1666666666666665,10,25.4,33.7,5,211.4,215.0,carrier_delay,nas_delay,late_aircraft_delay
HLN,2,7,3.857142857142857,8.142857142857142,4,35.75,38.5,5,139.8,139.2,carrier_delay,nas_delay,weather_delay
HLN,3,4,4.75,13.0,3,16.0,21.666666666666668,1,85.0,98.0,carrier_delay,nas_delay,canc_B
HLN,4,2,2.0,9.0,2,20.5,4.0,2,326.5,332.5,carrier_delay,weather_delay,nas_delay
HLN,5,5,5.0,6.2,2,24.0,13.0,8,147.5,146.75,carrier_delay,nas_delay,weather_delay
HLN,6,3,6.333333333333333,13.5,4,28.25,30.25,2,85.5,93.0,nas_delay,carrier_delay,late_aircraft_delay
HLN,7,3,2.0,1.6666666666666667,2,24.0,18.5,6,163.83333333333334,169.83333333333334,carrier_delay,nas_delay,late_aircraft_delay
HLN,8,4,7.0,11.25,2,25.5,29.0,6,464.1666666666667,466.3333333333333,nas_delay,carrier_delay,late_aircraft_delay
HLN,9,6,4.166666666666667,-1.3333333333333333,3,39.333333333333336,43.0,5,145.6,150.4,nas_delay,weather_delay,carrier_delay
HLN,10,2,11.0,4.0,2,25.0,16.5,2,669.0,656.0,carrier_delay,late_aircraft_delay,Nessuna
HLN,11,5,6.4,11.4,3,36.666666666666664,25.333333333333332,2,545.5,546.5,carrier_delay,nas_delay,late_aircraft_delay
HLN,12,5,4.2,-2.2,4,30.0,23.75,2,165.5,154.5,nas_delay,carrier_delay,weather_delay
HNL,1,648,6.328703703703703,-1.919629057187017,446,29.968609865470853,20.49438202247191,135,130.9111111111111,116.75555555555556,late_aircraft_delay,carrier_delay,canc_A
HNL,2,606,5.98019801980198,-0.2367549668874172,289,29.079584775086506,16.775086505190313,115,164.80869565217392,145.87719298245614,carrier_delay,late_aircraft_delay,nas_delay
HNL,3,687,5.4352256186317325,1.455604075691412,245,26.68979591836735,19.56967213114754,40,116.6,106.925,carrier_delay,late_aircraft_delay,nas_delay
HNL,4,593,5.298482293423271,0.25675675675675674,236,28.741525423728813,23.652542372881356,94,147.5744680851064,138.85106382978722,carrier_delay,late_aircraft_delay,nas_delay
HNL,5,636,5.70440251572327,3.998427672955975,281,30.306049822064058,28.275,98,114.95918367346938,113.63265306122449,carrier_delay,late_aircraft_delay,nas_delay
HNL,6,646,5.678018575851393,3.1842105263157894,289,28.66782006920415,26.560553633217992,76,120.8157894736842,113.51315789473684,carrier_delay,late_aircraft_delay,nas_delay
HNL,7,654,6.0963302752293576,3.649310872894334,326,27.87116564417178,25.56,106,119.56603773584905,115.83962264150944,carrier_delay,late_aircraft_delay,nas_delay
HNL,8,610,5.550819672131148,-0.35081967213114756,210,29.86190476190476,20.97142857142857,68,147.5441176470588,133.98529411764707,carrier_delay,late_aircraft_delay,nas_delay
HNL,9,472,5.059322033898305,1.2309322033898304,145,28.79310344827586,22.351724137931033,39,169.82051282051282,164.56410256410257,carrier_delay,late_aircraft_delay,nas_delay
HNL,10,590,5.045762711864406,1.096774193548387,236,28.572033898305083,21.622881355932204,60,108.45,98.95,carrier_delay,late_aircraft_delay,nas_delay
HNL,11,435,5.025287356321839,2.731034482758621,164,29.29268292682927,22.51219512195122,64,112.46875,101.75,carrier_delay,late_aircraft_delay,nas_delay
HNL,12,572,5.353146853146853,1.5674255691768826,295,29.322033898305083,23.109215017064848,85,139.04705882352943,129.39285714285714,carrier_delay,late_aircraft_delay,nas_delay
HOB,5,2,6.5,-3.0,3,25.0,47.5,1,158.0,150.0,weather_delay,nas_delay,carrier_delay
HOB,6,1,13.0,8.0,1,56.0,38.0,7,178.57142857142858,177.0,carrier_delay,nas_delay,weather_delay
HOB,7,4,7.0,-3.0,0,"","",3,120.66666666666667,125.33333333333333,carrier_delay,canc_B,nas_delay
HOB,8,3,4.666666666666667,7.333333333333333,6,30.333333333333332,23.666666666666668,1,218.0,194.0,carrier_delay,late_aircraft_delay,nas_delay
HOB,9,4,6.25,-4.5,1,32.0,27.0,0,"","",late_aircraft_delay,Nessuna,Nessuna
HOB,10,3,6.333333333333333,-5.666666666666667,1,33.0,16.0,1,608.0,594.0,carrier_delay,nas_delay,late_aircraft_delay
HOB,11,2,6.0,0.0,5,22.6,6.6,2,236.5,217.0,carrier_delay,canc_B,Nessuna
HOB,12,5,5.4,5.8,4,28.5,6.5,2,123.0,119.5,carrier_delay,nas_delay,security_delay
HOU,1,570,6.075438596491228,0.5536028119507909,412,30.32281553398058,27.58009708737864,170,125.03529411764706,134.6,late_aircraft_delay,nas_delay,carrier_delay
HOU,2,433,5.745958429561201,-0.027777777777777776,232,27.55603448275862,21.792207792207794,44,96.72727272727273,91.9090909090909,carrier_delay,nas_delay,late_aircraft_delay
HOU,3,569,6.008787346221441,-1.301056338028169,396,29.68686868686869,23.666666666666668,135,121.38518518518518,114.77611940298507,late_aircraft_delay,carrier_delay,nas_delay
HOU,4,545,6.157798165137614,-3.360294117647059,435,29.806896551724137,21.842956120092378,121,131.31404958677686,128.92561983471074,late_aircraft_delay,carrier_delay,nas_delay
HOU,5,624,6.253205128205129,-0.864516129032258,591,31.487309644670052,26.39322033898305,353,148.45042492917847,143.3399433427762,late_aircraft_delay,carrier_delay,nas_delay
HOU,6,689,6.505079825834543,-0.5953420669577875,599,30.751252086811352,22.87102177554439,236,126.99152542372882,119.58050847457628,late_aircraft_delay,carrier_delay,nas_delay
HOU,7,641,6.235569422776911,-3.040625,662,31.225075528700906,23.009077155824507,362,128.71270718232043,122.4016620498615,late_aircraft_delay,carrier_delay,nas_delay
HOU,8,500,6.112,-4.732394366197183,347,29.962536023054756,18.583815028901736,103,128.18446601941747,120.24509803921569,late_aircraft_delay,carrier_delay,nas_delay
HOU,9,473,5.8160676532769555,-4.758985200845666,292,29.15068493150685,18.72852233676976,48,103.75,94.0625,late_aircraft_delay,carrier_delay,nas_delay
HOU,10,530,5.930188679245283,-4.584905660377358,300,29.356666666666666,19.317725752508363,73,136.3972602739726,129.73972602739727,late_aircraft_delay,carrier_delay,nas_delay
HOU,11,466,5.656652360515022,-1.9678111587982832,259,29.637065637065636,22.697674418604652,58,111.3103448275862,109.12280701754386,late_aircraft_delay,carrier_delay,nas_delay
HOU,12,537,5.890130353817504,-0.7873134328358209,374,30.647058823529413,26.47860962566845,165,134.22424242424242,136.6969696969697,late_aircraft_delay,carrier_delay,nas_delay
HPN,1,81,6.864197530864198,2.240506329113924,86,34.02325581395349,34.141176470588235,57,198.91228070175438,199.3684210526316,nas_delay,carrier_delay,late_aircraft_delay
HPN,2,72,5.875,-4.805555555555555,45,31.2,24.133333333333333,25,158.28,149.64,carrier_delay,nas_delay,late_aircraft_delay
HPN,3,75,5.906666666666666,-3.96,66,30.454545454545453,26.630769230769232,34,180.7058823529412,177.23529411764707,nas_delay,carrier_delay,late_aircraft_delay
HPN,4,60,6.616666666666666,-0.8333333333333334,54,34.574074074074076,31.90566037735849,42,195.95238095238096,194.97560975609755,carrier_delay,nas_delay,late_aircraft_delay
HPN,5,56,6.196428571428571,-0.43636363636363634,60,32.766666666666666,29.2,29,128.06896551724137,136.5,nas_delay,late_aircraft_delay,carrier_delay
HPN,6,65,6.092307692307692,-1.7230769230769232,40,32.225,27.775,40,230.75,235.15384615384616,carrier_delay,nas_delay,late_aircraft_delay
HPN,7,58,7.258620689655173,7.5964912280701755,61,34.442622950819676,36.08196721311475,64,189.0625,188.75,carrier_delay,nas_delay,late_aircraft_delay
HPN,8,64,5.9375,2.3968253968253967,75,34.49333333333333,34.33783783783784,52,137.05769230769232,139.92307692307693,carrier_delay,nas_delay,late_aircraft_delay
HPN,9,40,5.825,2.0256410256410255,24,35.625,39.75,29,187.27586206896552,186.28571428571428,nas_delay,carrier_delay,late_aircraft_delay
HPN,10,53,6.132075471698113,-5.509433962264151,33,30.363636363636363,24.03030303030303,23,153.8695652173913,143.08695652173913,carrier_delay,nas_delay,late_aircraft_delay
HPN,11,44,5.9772727272727275,-3.6363636363636362,57,32.31578947368421,25.017857142857142,18,110.44444444444444,102.66666666666667,carrier_delay,late_aircraft_delay,nas_delay
HPN,12,79,6.253164556962025,1.7721518987341771,68,34.55882352941177,32.9264705882353,68,142.47058823529412,140.73529411764707,nas_delay,late_aircraft_delay,carrier_delay
HRL,1,33,5.0,-0.36363636363636365,18,33.94444444444444,28.27777777777778,13,136.46153846153845,149.41666666666666,late_aircraft_delay,nas_delay,carrier_delay
HRL,2,24,7.5,3.8333333333333335,11,28.181818181818183,17.90909090909091,1,74.0,63.0,late_aircraft_delay,nas_delay,carrier_delay
HRL,3,26,6.1923076923076925,0.8846153846153846,17,30.58823529411765,20.3125,11,160.54545454545453,155.63636363636363,late_aircraft_delay,nas_delay,carrier_delay
HRL,4,18,5.777777777777778,2.0555555555555554,18,32.111111111111114,35.77777777777778,8,121.375,123.375,late_aircraft_delay,nas_delay,carrier_delay
HRL,5,32,6.59375,11.40625,28,32.82142857142857,34.642857142857146,13,190.07692307692307,194.53846153846155,nas_delay,late_aircraft_delay,carrier_delay
HRL,6,42,6.809523809523809,8.547619047619047,24,26.416666666666668,27.125,18,142.61111111111111,139.77777777777777,late_aircraft_delay,nas_delay,carrier_delay
HRL,7,31,6.32258064516129,4.709677419354839,33,29.87878787878788,29.363636363636363,16,127.8125,136.4375,late_aircraft_delay,nas_delay,carrier_delay
HRL,8,20,4.5,3.35,14,31.285714285714285,28.214285714285715,4,116.0,116.75,late_aircraft_delay,nas_delay,carrier_delay
HRL,9,23,7.130434782608695,0.30434782608695654,15,29.6,28.466666666666665,4,150.75,145.5,late_aircraft_delay,nas_delay,carrier_delay
HRL,10,22,6.863636363636363,4.090909090909091,14,28.071428571428573,24.714285714285715,5,128.4,124.2,nas_delay,late_aircraft_delay,carrier_delay
HRL,11,21,6.380952380952381,1.0,15,29.933333333333334,27.466666666666665,7,168.14285714285714,170.71428571428572,nas_delay,late_aircraft_delay,carrier_delay
HRL,12,36,5.777777777777778,-0.7777777777777778,19,34.05263157894737,38.578947368421055,12,137.83333333333334,138.33333333333334,carrier_delay,late_aircraft_delay,nas_delay
HSV,1,33,7.303030303030303,3.212121212121212,33,29.87878787878788,26.393939393939394,36,138.41666666666666,132.33333333333334,late_aircraft_delay,nas_delay,carrier_delay
HSV,2,29,7.448275862068965,2.5517241379310347,25,28.68,26.88,16,117.5,105.8125,late_aircraft_delay,nas_delay,carrier_delay
HSV,3,36,6.694444444444445,-1.25,49,30.632653061224488,23.877551020408163,27,165.62962962962962,160.59259259259258,late_aircraft_delay,carrier_delay,nas_delay
HSV,4,43,6.790697674418604,2.488372093023256,40,33.025,26.85,31,128.7741935483871,121.83870967741936,carrier_delay,late_aircraft_delay,nas_delay
HSV,5,61,7.0,6.409836065573771,53,30.641509433962263,31.528301886792452,42,139.23809523809524,142.5952380952381,nas_delay,late_aircraft_delay,carrier_delay
HSV,6,43,7.232558139534884,1.5813953488372092,55,31.545454545454547,28.01818181818182,34,169.2941176470588,161.6875,carrier_delay,nas_delay,late_aircraft_delay
HSV,7,67,6.522388059701493,3.4328358208955225,58,30.70689655172414,27.982758620689655,54,170.37037037037038,161.7962962962963,carrier_delay,late_aircraft_delay,nas_delay
HSV,8,44,7.568181818181818,1.5476190476190477,40,32.0,28.025,26,138.8846153846154,130.76923076923077,carrier_delay,late_aircraft_delay,nas_delay
HSV,9,56,7.75,5.071428571428571,43,32.30232558139535,27.6046511627907,27,194.66666666666666,191.66666666666666,carrier_delay,nas_delay,late_aircraft_delay
HSV,10,46,7.130434782608695,0.3695652173913043,53,28.264150943396228,16.9811320754717,20,112.4,103.6,carrier_delay,nas_delay,late_aircraft_delay
HSV,11,45,7.222222222222222,2.1777777777777776,43,28.790697674418606,22.790697674418606,27,217.85185185185185,216.80769230769232,carrier_delay,nas_delay,late_aircraft_delay
HSV,12,56,7.875,0.8928571428571429,62,32.62903225806452,24.70967741935484,22,116.18181818181819,122.85714285714286,carrier_delay,late_aircraft_delay,nas_delay
HTS,1,1,6.0,1.0,2,40.0,39.0,0,"","",carrier_delay,nas_delay,late_aircraft_delay
HTS,2,1,11.0,0.0,3,20.0,21.0,2,67.0,52.5,carrier_delay,late_aircraft_delay,nas_delay
HTS,3,2,9.5,19.5,2,38.0,31.5,3,309.6666666666667,312.0,carrier_delay,late_aircraft_delay,nas_delay
HTS,4,3,7.333333333333333,-0.3333333333333333,4,22.25,14.25,1,69.0,66.0,late_aircraft_delay,carrier_delay,weather_delay
HTS,5,2,10.0,-2.0,3,31.0,27.666666666666668,7,213.0,212.28571428571428,late_aircraft_delay,carrier_delay,nas_delay
HTS,6,10,7.1,8.3,10,36.4,36.8,12,139.75,141.0,late_aircraft_delay,nas_delay,carrier_delay
HTS,7,8,5.375,10.0,8,35.5,33.875,5,270.6,271.6,late_aircraft_delay,nas_delay,carrier_delay
HTS,8,3,8.0,0.3333333333333333,4,36.5,38.5,3,209.0,216.0,nas_delay,late_aircraft_delay,carrier_delay
HTS,9,3,4.0,-5.666666666666667,2,36.5,29.5,0,"","",carrier_delay,Nessuna,Nessuna
HTS,10,1,4.0,8.0,3,31.333333333333332,29.333333333333332,1,63.0,63.0,canc_B,carrier_delay,late_aircraft_delay
HTS,11,2,5.0,-3.5,3,29.666666666666668,33.333333333333336,2,93.0,90.0,carrier_delay,late_aircraft_delay,nas_delay
HTS,12,3,5.0,-3.6666666666666665,4,25.0,25.75,1,91.0,85.0,late_aircraft_delay,nas_delay,weather_delay
HYA,5,0,"","",0,"","",0,"","",Nessuna,Nessuna,Nessuna
HYA,6,2,3.5,8.5,2,34.5,34.0,4,180.5,192.25,nas_delay,late_aircraft_delay,carrier_delay
HYA,7,8,6.0,12.75,2,20.0,24.0,5,103.6,100.25,nas_delay,carrier_delay,late_aircraft_delay
HYA,8,5,10.8,11.4,5,31.8,35.0,3,165.66666666666666,194.66666666666666,nas_delay,late_aircraft_delay,carrier_delay
HYA,9,0,"","",0,"","",1,64.0,61.0,nas_delay,carrier_delay,late_aircraft_delay
HYS,1,2,7.0,7.5,6,30.5,30.166666666666668,4,165.75,159.0,late_aircraft_delay,canc_B,nas_delay
HYS,2,1,8.0,32.0,1,24.0,18.0,1,174.0,174.0,carrier_delay,nas_delay,late_aircraft_delay
HYS,3,0,"","",1,43.0,26.0,1,92.0,84.0,carrier_delay,Nessuna,Nessuna
HYS,4,2,8.5,14.5,1,30.0,20.0,2,87.0,89.5,late_aircraft_delay,nas_delay,canc_B
HYS,5,5,9.8,9.6,3,39.0,34.666666666666664,4,166.0,160.25,late_aircraft_delay,nas_delay,carrier_delay
HYS,6,4,6.5,-7.25,0,"","",1,115.0,100.0,late_aircraft_delay,Nessuna,Nessuna
HYS,7,1,5.0,56.0,0,"","",4,292.5,285.25,nas_delay,late_aircraft_delay,carrier_delay
HYS,8,2,3.0,-7.5,2,21.5,7.0,3,221.0,206.66666666666666,late_aircraft_delay,carrier_delay,Nessuna
HYS,9,0,"","",0,"","",4,221.0,209.0,carrier_delay,Nessuna,Nessuna
HYS,10,1,7.0,-11.0,0,"","",1,140.0,128.0,carrier_delay,Nessuna,Nessuna
HYS,11,0,"","",2,50.5,37.5,0,"","",canc_B,late_aircraft_delay,nas_delay
HYS,12,4,5.75,-3.0,0,"","",2,168.0,159.5,carrier_delay,Nessuna,Nessuna
IAD,1,307,6.4332247557003255,5.084690553745928,217,30.36405529953917,30.93548387096774,136,158.28676470588235,161.4558823529412,nas_delay,carrier_delay,late_aircraft_delay
IAD,2,257,5.8599221789883265,-0.7265625,118,29.923728813559322,18.95762711864407,60,146.71666666666667,136.86666666666667,nas_delay,carrier_delay,late_aircraft_delay
IAD,3,285,5.708771929824562,-3.9719298245614034,209,31.47846889952153,21.31578947368421,110,123.19090909090909,114.72727272727273,nas_delay,carrier_delay,late_aircraft_delay
IAD,4,252,5.809523809523809,1.4166666666666667,197,29.65989847715736,24.385786802030456,125,141.144,132.664,nas_delay,carrier_delay,late_aircraft_delay
IAD,5,354,5.488700564971752,3.752840909090909,242,30.925619834710744,28.024896265560166,172,162.86627906976744,157.5438596491228,nas_delay,carrier_delay,late_aircraft_delay
IAD,6,364,6.1291208791208796,2.7052341597796143,245,30.951020408163266,24.50409836065574,153,158.19607843137254,150.20915032679738,carrier_delay,nas_delay,late_aircraft_delay
IAD,7,433,6.297921478060046,3.3402777777777777,338,30.381656804733726,26.468842729970326,204,159.0392156862745,152.30392156862746,carrier_delay,nas_delay,late_aircraft_delay
IAD,8,375,6.0986666666666665,0.8213333333333334,241,31.319502074688796,26.698744769874477,243,187.50205761316872,179.78925619834712,carrier_delay,nas_delay,late_aircraft_delay
IAD,9,297,5.764309764309765,-1.0,158,29.430379746835442,19.848101265822784,80,156.975,146.9,carrier_delay,nas_delay,late_aircraft_delay
IAD,10,347,5.605187319884727,-2.6907514450867054,156,30.33974358974359,17.641025641025642,67,129.47761194029852,116.76119402985074,carrier_delay,nas_delay,late_aircraft_delay
IAD,11,303,6.135313531353136,-0.8151815181518152,176,29.647727272727273,20.514285714285716,82,186.47560975609755,173.8048780487805,nas_delay,carrier_delay,late_aircraft_delay
IAD,12,464,5.913793103448276,-0.7787418655097614,270,30.159259259259258,22.51865671641791,139,150.97122302158274,140.49640287769785,carrier_delay,nas_delay,late_aircraft_delay
IAG,1,6,6.0,11.166666666666666,2,43.5,65.0,4,179.75,167.5,nas_delay,carrier_delay,late_aircraft_delay
IAG,2,4,3.5,2.75,5,18.8,3.4,5,143.4,115.0,late_aircraft_delay,carrier_delay,nas_delay
IAG,3,4,6.25,-7.0,5,33.6,32.4,4,98.25,111.25,nas_delay,carrier_delay,late_aircraft_delay
IAG,4,9,8.666666666666666,-6.555555555555555,2,24.5,15.0,2,233.0,225.0,carrier_delay,late_aircraft_delay,Nessuna
IAG,5,3,4.333333333333333,-4.0,4,26.0,15.0,1,71.0,61.0,nas_delay,late_aircraft_delay,carrier_delay
IAG,6,2,8.0,-7.0,7,24.857142857142858,24.285714285714285,2,150.5,154.5,carrier_delay,nas_delay,late_aircraft_delay
IAG,7,3,9.333333333333334,9.666666666666666,10,36.2,33.9,3,159.66666666666666,166.0,late_aircraft_delay,nas_delay,carrier_delay
IAG,8,4,5.0,1.75,3,25.333333333333332,28.0,1,112.0,110.0,late_aircraft_delay,nas_delay,carrier_delay
IAG,9,0,"","",0,"","",1,371.0,352.0,late_aircraft_delay,carrier_delay,canc_B
IAG,10,1,8.0,4.0,3,24.333333333333332,29.0,1,357.0,355.0,carrier_delay,late_aircraft_delay,nas_delay
IAG,11,1,1.0,-15.0,2,28.0,12.0,1,142.0,145.0,nas_delay,carrier_delay,Nessuna
IAG,12,2,1.5,-2.5,2,31.5,42.5,1,63.0,48.0,nas_delay,weather_delay,canc_B
IAH,1,862,5.940835266821345,0.10697674418604651,630,30.784126984126985,24.507223113964688,430,169.5139534883721,168.8711943793911,carrier_delay,nas_delay,late_aircraft_delay
IAH,2,667,5.72863568215892,0.8288288288288288,411,31.279805352798054,24.861313868613138,178,124.43820224719101,115.33714285714285,nas_delay,carrier_delay,late_aircraft_delay
IAH,3,858,6.068764568764569,0.03271028037383177,663,31.553544494720967,25.02269288956127,408,143.5808823529412,137.43488943488944,carrier_delay,nas_delay,late_aircraft_delay
IAH,4,877,5.830102622576967,2.1815068493150687,641,31.74882995319813,27.440625,350,129.36285714285714,122.52298850574712,carrier_delay,nas_delay,late_aircraft_delay
IAH,5,914,6.111597374179431,4.143798024149286,833,32.30252100840336,30.584633853541416,982,158.0753564154786,157.87090163934425,carrier_delay,nas_delay,late_aircraft_delay
IAH,6,1130,6.113274336283186,2.7573333333333334,917,32.46019629225736,28.319031903190318,668,147.63622754491018,144.45234493192135,carrier_delay,late_aircraft_delay,nas_delay
IAH,7,984,6.266260162601626,2.762487257900102,1029,33.1622934888241,30.064390243902437,988,150.85526315789474,146.00510204081633,carrier_delay,late_aircraft_delay,nas_delay
IAH,8,1025,6.013658536585366,1.388235294117647,809,31.714462299134734,24.645522388059703,477,148.75890985324946,142.54315789473685,carrier_delay,late_aircraft_delay,nas_delay
IAH,9,691,5.642547033285094,-0.6657018813314037,536,31.936567164179106,23.95131086142322,268,115.20149253731343,103.07169811320755,carrier_delay,late_aircraft_delay,nas_delay
IAH,10,833,5.960384153661464,-0.4855769230769231,489,30.711656441717793,22.954918032786885,253,134.8695652173913,125.31620553359684,carrier_delay,nas_delay,late_aircraft_delay
IAH,11,830,6.009638554216868,0.9589867310012062,496,30.856854838709676,24.363636363636363,253,132.22924901185772,126.4505928853755,carrier_delay,nas_delay,late_aircraft_delay
IAH,12,1035,6.010628019323671,-1.3352713178294573,717,31.394700139470014,25.068531468531468,422,156.59715639810426,154.91866028708134,carrier_delay,nas_delay,late_aircraft_delay
ICT,1,41,6.0,5.951219512195122,35,32.628571428571426,34.714285714285715,34,191.5,195.38235294117646,nas_delay,late_aircraft_delay,carrier_delay
ICT,2,33,6.242424242424242,1.606060606060606,27,35.44444444444444,30.074074074074073,14,123.42857142857143,119.21428571428571,nas_delay,carrier_delay,late_aircraft_delay
ICT,3,50,7.26,3.54,28,32.357142857142854,27.678571428571427,24,153.375,151.33333333333334,late_aircraft_delay,nas_delay,carrier_delay
ICT,4,46,5.1521739130434785,2.782608695652174,40,35.35,34.17948717948718,24,223.33333333333334,218.3913043478261,carrier_delay,nas_delay,late_aircraft_delay
ICT,5,64,6.84375,10.0625,50,30.56,29.3,40,200.4,201.56410256410257,nas_delay,late_aircraft_delay,carrier_delay
ICT,6,53,6.509433962264151,2.056603773584906,50,31.34,28.52,43,197.8372093023256,192.48837209302326,late_aircraft_delay,carrier_delay,nas_delay
ICT,7,62,7.435483870967742,10.193548387096774,60,32.4,26.559322033898304,39,138.89743589743588,136.64102564102564,late_aircraft_delay,carrier_delay,nas_delay
ICT,8,47,6.914893617021277,5.914893617021277,49,34.44897959183673,29.0625,44,141.97727272727272,124.43181818181819,late_aircraft_delay,nas_delay,carrier_delay
ICT,9,39,6.769230769230769,2.7435897435897436,20,34.9,31.65,20,164.15,163.65,nas_delay,late_aircraft_delay,carrier_delay
ICT,10,36,5.916666666666667,0.3888888888888889,38,35.10526315789474,29.63157894736842,16,136.375,129.9375,carrier_delay,nas_delay,late_aircraft_delay
ICT,11,46,7.173913043478261,2.6739130434782608,52,34.98076923076923,32.23076923076923,34,148.38235294117646,144.26470588235293,carrier_delay,nas_delay,late_aircraft_delay
ICT,12,70,5.371428571428571,-2.4714285714285715,44,31.25,23.15909090909091,23,214.43478260869566,210.2173913043478,nas_delay,carrier_delay,late_aircraft_delay
IDA,1,12,7.416666666666667,0.4166666666666667,8,26.75,20.875,6,295.8333333333333,292.8333333333333,nas_delay,weather_delay,carrier_delay
IDA,2,8,3.75,3.75,5,32.4,15.6,7,167.28571428571428,155.28571428571428,nas_delay,carrier_delay,late_aircraft_delay
IDA,3,9,8.0,2.7777777777777777,7,29.714285714285715,28.571428571428573,9,200.22222222222223,195.44444444444446,carrier_delay,nas_delay,late_aircraft_delay
IDA,4,4,5.5,-1.0,6,24.5,24.166666666666668,8,190.0,172.75,carrier_delay,nas_delay,late_aircraft_delay
IDA,5,10,6.3,-2.4,12,27.333333333333332,22.416666666666668,14,122.14285714285714,117.14285714285714,nas_delay,carrier_delay,weather_delay
IDA,6,14,5.642857142857143,3.7857142857142856,10,30.3,27.0,12,203.66666666666666,196.5,carrier_delay,nas_delay,late_aircraft_delay
IDA,7,14,8.285714285714286,4.071428571428571,12,33.583333333333336,25.083333333333332,15,134.86666666666667,131.8,carrier_delay,late_aircraft_delay,nas_delay
IDA,8,14,5.857142857142857,2.357142857142857,15,35.333333333333336,38.86666666666667,5,80.6,79.0,nas_delay,carrier_delay,late_aircraft_delay
IDA,9,6,6.833333333333333,2.8333333333333335,11,40.27272727272727,38.0,7,162.57142857142858,155.42857142857142,carrier_delay,nas_delay,weather_delay
IDA,10,14,6.785714285714286,-0.6428571428571429,15,34.46666666666667,28.666666666666668,8,235.75,224.125,carrier_delay,nas_delay,late_aircraft_delay
IDA,11,21,6.9523809523809526,3.8095238095238093,11,30.272727272727273,31.636363636363637,6,272.6666666666667,270.8333333333333,nas_delay,carrier_delay,late_aircraft_delay
IDA,12,20,6.55,-3.1052631578947367,14,30.571428571428573,19.5,20,368.45,371.1,carrier_delay,nas_delay,late_aircraft_delay
ILM,1,20,5.25,2.0,25,33.76,28.92,19,189.78947368421052,194.89473684210526,late_aircraft_delay,nas_delay,carrier_delay
ILM,2,25,6.24,-0.4,16,35.1875,25.9375,8,176.5,181.0,nas_delay,late_aircraft_delay,carrier_delay
ILM,3,25,6.44,0.6,19,29.263157894736842,24.210526315789473,12,104.5,103.33333333333333,late_aircraft_delay,nas_delay,carrier_delay
ILM,4,36,6.083333333333333,2.4722222222222223,33,29.848484848484848,26.363636363636363,17,127.23529411764706,124.3529411764706,nas_delay,late_aircraft_delay,carrier_delay
ILM,5,39,6.6923076923076925,3.948717948717949,30,30.366666666666667,31.733333333333334,21,172.28571428571428,172.52380952380952,late_aircraft_delay,nas_delay,carrier_delay
ILM,6,41,5.634146341463414,-1.048780487804878,41,29.365853658536587,24.853658536585368,29,170.24137931034483,169.31034482758622,late_aircraft_delay,nas_delay,weather_delay
ILM,7,50,6.06,0.52,64,35.34375,36.73015873015873,60,165.36666666666667,172.8135593220339,late_aircraft_delay,nas_delay,carrier_delay
ILM,8,54,6.574074074074074,2.2962962962962963,61,33.131147540983605,35.55,44,127.3409090909091,122.83720930232558,late_aircraft_delay,nas_delay,carrier_delay
ILM,9,27,5.222222222222222,1.3703703703703705,26,33.03846153846154,29.615384615384617,23,122.65217391304348,122.43478260869566,late_aircraft_delay,carrier_delay,nas_delay
ILM,10,41,5.7560975609756095,0.7560975609756098,25,35.08,28.0,10,277.1,276.5,nas_delay,late_aircraft_delay,carrier_delay
ILM,11,35,6.485714285714286,4.057142857142857,28,29.964285714285715,24.035714285714285,10,87.7,104.0,nas_delay,late_aircraft_delay,carrier_delay
ILM,12,33,5.515151515151516,1.1515151515151516,50,28.2,23.54,29,131.20689655172413,127.32142857142857,late_aircraft_delay,nas_delay,carrier_delay
IMT,1,1,3.0,-17.0,3,25.0,13.666666666666666,6,158.16666666666666,147.16666666666666,carrier_delay,weather_delay,nas_delay
IMT,2,1,8.0,2.0,2,28.0,21.5,0,"","",carrier_delay,nas_delay,weather_delay
IMT,3,2,1.5,14.0,2,34.5,29.0,1,393.0,366.0,weather_delay,nas_delay,carrier_delay
IMT,4,0,"","",2,40.0,29.5,2,222.5,231.5,carrier_delay,nas_delay,weather_delay
IMT,5,2,9.5,8.0,1,29.0,16.0,2,166.5,156.0,carrier_delay,Nessuna,Nessuna
IMT,6,2,6.5,20.5,4,32.5,29.5,3,219.66666666666666,230.33333333333334,carrier_delay,nas_delay,weather_delay
IMT,7,1,1.0,7.0,3,36.0,28.333333333333332,4,184.75,178.0,carrier_delay,Nessuna,Nessuna
IMT,8,1,2.0,24.0,0,"","",4,108.75,105.75,carrier_delay,weather_delay,nas_delay
IMT,9,3,7.666666666666667,2.0,2,33.5,39.0,0,"","",carrier_delay,nas_delay,Nessuna
IMT,10,0,"","",1,38.0,26.0,4,168.0,160.75,carrier_delay,nas_delay,Nessuna
IMT,11,2,1.5,-5.0,1,24.0,1.0,0,"","",carrier_delay,Nessuna,Nessuna
IMT,12,1,14.0,3.0,4,34.75,47.25,6,292.0,139.6,carrier_delay,nas_delay,canc_B
IND,1,294,6.663265306122449,1.7959183673469388,210,32.90952380952381,28.476190476190474,125,140.104,138.464,nas_delay,late_aircraft_delay,carrier_delay
IND,2,245,6.1959183673469385,-1.7755102040816326,158,31.075949367088608,27.286624203821656,60,153.81666666666666,151.6,nas_delay,carrier_delay,late_aircraft_delay
IND,3,322,6.496894409937888,-0.8006230529595015,234,29.692307692307693,23.692307692307693,145,137.55862068965519,134.9241379310345,nas_delay,late_aircraft_delay,carrier_delay
IND,4,301,5.687707641196013,-1.1727574750830565,186,28.693548387096776,21.675675675675677,97,154.6701030927835,153.58333333333334,nas_delay,late_aircraft_delay,carrier_delay
IND,5,370,5.945945945945946,1.3896457765667576,267,30.217228464419474,27.151515151515152,151,143.23841059602648,143.69333333333333,nas_delay,late_aircraft_delay,carrier_delay
IND,6,384,6.125,2.91644908616188,230,30.817391304347826,26.76419213973799,160,139.96875,135.31875,nas_delay,late_aircraft_delay,carrier_delay
IND,7,364,6.195054945054945,2.030640668523677,298,31.2751677852349,29.04040404040404,200,160.415,159.5228426395939,late_aircraft_delay,nas_delay,carrier_delay
IND,8,277,6.07942238267148,0.4618181818181818,208,32.62019230769231,29.6875,120,148.275,147.2268907563025,nas_delay,late_aircraft_delay,carrier_delay
IND,9,270,5.692592592592592,0.003703703703703704,174,31.20689655172414,25.121387283236995,60,121.06666666666666,115.61666666666666,late_aircraft_delay,nas_delay,carrier_delay
IND,10,316,5.825949367088608,-2.4335443037974684,183,30.94535519125683,20.994535519125684,59,171.35593220338984,163.38983050847457,carrier_delay,late_aircraft_delay,nas_delay
IND,11,264,6.15530303030303,-0.7727272727272727,132,29.825757575757574,26.59090909090909,66,155.21212121212122,159.12307692307692,nas_delay,carrier_delay,late_aircraft_delay
IND,12,350,6.3342857142857145,-1.9942528735632183,204,30.397058823529413,24.48768472906404,119,138.32773109243698,134.94017094017093,nas_delay,late_aircraft_delay,carrier_delay
INL,1,1,10.0,-9.0,1,27.0,21.0,0,"","",weather_delay,Nessuna,Nessuna
INL,2,2,7.5,-11.0,0,"","",3,104.0,84.66666666666667,weather_delay,carrier_delay,Nessuna
INL,3,0,"","",2,31.0,17.0,1,139.0,129.0,carrier_delay,Nessuna,Nessuna
INL,4,0,"","",0,"","",1,121.0,117.0,carrier_delay,Nessuna,Nessuna
INL,5,0,"","",1,32.0,34.0,0,"","",nas_delay,weather_delay,Nessuna
INL,6,5,5.8,10.8,6,30.5,35.666666666666664,5,188.2,199.0,carrier_delay,nas_delay,weather_delay
INL,7,7,4.714285714285714,5.285714285714286,7,32.142857142857146,28.142857142857142,2,177.5,172.0,carrier_delay,nas_delay,weather_delay
INL,8,1,14.0,13.0,3,35.666666666666664,43.333333333333336,3,196.0,193.33333333333334,weather_delay,nas_delay,carrier_delay
INL,9,0,"","",4,37.75,42.25,2,349.0,329.0,carrier_delay,nas_delay,weather_delay
INL,10,2,10.0,-0.5,1,21.0,5.0,4,122.25,115.75,carrier_delay,Nessuna,Nessuna
INL,11,1,13.0,6.0,0,"","",1,87.0,74.0,carrier_delay,Nessuna,Nessuna
INL,12,0,"","",1,32.0,16.0,7,135.71428571428572,138.57142857142858,carrier_delay,nas_delay,Nessuna
ISP,1,37,5.756756756756757,4.324324324324325,35,30.6,32.4,17,176.7058823529412,176.8235294117647,nas_delay,late_aircraft_delay,carrier_delay
ISP,2,43,5.488372093023256,-7.186046511627907,22,33.86363636363637,26.09090909090909,14,260.2857142857143,246.92857142857142,late_aircraft_delay,nas_delay,carrier_delay
ISP,3,37,6.027027027027027,-6.675675675675675,30,33.9,24.4,27,119.44444444444444,116.14814814814815,late_aircraft_delay,nas_delay,carrier_delay
ISP,4,42,5.833333333333333,-7.428571428571429,25,31.72,24.32,20,163.65,153.85,late_aircraft_delay,carrier_delay,nas_delay
ISP,5,45,5.088888888888889,-8.71111111111111,34,30.441176470588236,18.636363636363637,26,128.76923076923077,121.84615384615384,late_aircraft_delay,carrier_delay,nas_delay
ISP,6,40,6.7,-6.4,23,30.73913043478261,16.0,15,162.06666666666666,150.4,late_aircraft_delay,carrier_delay,nas_delay
ISP,7,48,6.145833333333333,-3.5208333333333335,46,30.282608695652176,19.733333333333334,21,120.0952380952381,110.76190476190476,late_aircraft_delay,carrier_delay,nas_delay
ISP,8,53,6.188679245283019,1.9056603773584906,32,28.65625,22.03125,31,116.45161290322581,109.54838709677419,late_aircraft_delay,carrier_delay,nas_delay
ISP,9,30,5.566666666666666,-0.8666666666666667,14,22.785714285714285,11.0,4,148.25,137.5,nas_delay,late_aircraft_delay,carrier_delay
ISP,10,41,6.634146341463414,-3.4634146341463414,20,23.3,12.35,7,115.14285714285714,99.14285714285714,late_aircraft_delay,carrier_delay,canc_B
ISP,11,48,5.041666666666667,-10.875,18,27.27777777777778,12.833333333333334,4,207.25,190.25,late_aircraft_delay,carrier_delay,nas_delay
ISP,12,44,6.590909090909091,-1.6136363636363635,41,31.024390243902438,23.926829268292682,26,186.76923076923077,181.6153846153846,late_aircraft_delay,nas_delay,carrier_delay
ITH,1,2,8.5,24.0,0,"","",2,256.0,230.5,nas_delay,late_aircraft_delay,canc_B
ITH,2,1,13.0,-18.0,1,51.0,28.0,1,216.0,225.0,weather_delay,canc_B,nas_delay
ITH,3,1,7.0,-15.0,0,"","",3,130.66666666666666,123.0,late_aircraft_delay,carrier_delay,nas_delay
ITH,4,0,"","",0,"","",5,87.4,68.6,nas_delay,late_aircraft_delay,weather_delay
ITH,5,2,2.0,-20.0,4,28.0,14.5,2,247.5,227.5,nas_delay,carrier_delay,canc_B
ITH,6,1,6.0,-10.0,4,44.25,46.0,3,129.33333333333334,121.0,late_aircraft_delay,canc_C,carrier_delay
ITH,7,1,9.0,17.0,4,33.0,40.5,6,174.0,179.66666666666666,nas_delay,late_aircraft_delay,carrier_delay
ITH,8,2,7.0,-5.0,3,25.0,20.666666666666668,4,90.75,84.0,carrier_delay,canc_C,late_aircraft_delay
ITH,9,1,6.0,-9.0,1,17.0,10.0,0,"","",Nessuna,Nessuna,Nessuna
ITH,10,0,"","",0,"","",0,"","",Nessuna,Nessuna,Nessuna
ITH,11,1,4.0,-1.0,0,"","",0,"","",Nessuna,Nessuna,Nessuna
ITH,12,3,5.0,-3.3333333333333335,1,49.0,64.0,3,418.0,407.0,carrier_delay,late_aircraft_delay,nas_delay
ITO,1,55,6.618181818181818,11.927272727272728,32,28.9375,32.59375,12,98.5,101.0,late_aircraft_delay,carrier_delay,weather_delay
ITO,2,42,5.404761904761905,6.738095238095238,13,29.0,32.15384615384615,4,97.5,99.25,late_aircraft_delay,carrier_delay,nas_delay
ITO,3,73,5.465753424657534,2.835616438356164,25,21.64,18.32,3,182.66666666666666,184.66666666666666,late_aircraft_delay,carrier_delay,nas_delay
ITO,4,42,6.880952380952381,4.4523809523809526,28,30.785714285714285,29.0,7,89.57142857142857,89.0,late_aircraft_delay,carrier_delay,nas_delay
ITO,5,57,5.842105263157895,6.245614035087719,28,34.17857142857143,33.75,12,90.33333333333333,95.41666666666667,late_aircraft_delay,carrier_delay,nas_delay
ITO,6,59,5.254237288135593,5.796610169491525,38,24.31578947368421,25.13157894736842,4,88.25,91.25,late_aircraft_delay,carrier_delay,nas_delay
ITO,7,56,5.803571428571429,4.625,18,25.88888888888889,23.11111111111111,7,99.85714285714286,97.71428571428571,late_aircraft_delay,carrier_delay,nas_delay
ITO,8,60,7.016666666666667,4.266666666666667,16,21.875,19.5,3,142.33333333333334,137.33333333333334,canc_B,late_aircraft_delay,carrier_delay
ITO,9,35,5.685714285714286,3.5428571428571427,12,25.75,22.833333333333332,1,96.0,93.0,late_aircraft_delay,carrier_delay,canc_A
ITO,10,64,6.53125,6.140625,25,30.56,30.76,3,81.0,77.66666666666667,late_aircraft_delay,carrier_delay,nas_delay
ITO,11,57,6.2631578947368425,4.385964912280702,18,28.61111111111111,25.27777777777778,0,"","",late_aircraft_delay,carrier_delay,security_delay
ITO,12,63,6.015873015873016,3.5873015873015874,24,24.791666666666668,22.5,3,103.66666666666667,101.0,late_aircraft_delay,carrier_delay,weather_delay
JAC,1,36,7.527777777777778,1.6857142857142857,43,34.46511627906977,27.13953488372093,26,237.15384615384616,230.26923076923077,late_aircraft_delay,carrier_delay,nas_delay
JAC,2,33,6.878787878787879,1.625,43,31.53488372093023,28.785714285714285,34,277.05882352941177,294.90625,nas_delay,late_aircraft_delay,carrier_delay
JAC,3,38,6.7105263157894735,-0.34210526315789475,34,29.41176470588235,23.941176470588236,30,264.1666666666667,263.1333333333333,nas_delay,late_aircraft_delay,carrier_delay
JAC,4,11,6.0,6.090909090909091,10,22.8,18.8,7,513.4285714285714,513.8571428571429,nas_delay,late_aircraft_delay,carrier_delay
JAC,5,26,5.0,-1.3846153846153846,10,37.8,33.77777777777778,14,156.64285714285714,157.57142857142858,nas_delay,late_aircraft_delay,carrier_delay
JAC,6,47,6.127659574468085,-1.2666666666666666,24,34.083333333333336,27.416666666666668,29,198.79310344827587,194.0,late_aircraft_delay,nas_delay,carrier_delay
JAC,7,50,6.64,0.9387755102040817,36,31.166666666666668,25.37142857142857,39,191.56410256410257,190.89743589743588,nas_delay,carrier_delay,late_aircraft_delay
JAC,8,57,6.491228070175438,1.3928571428571428,42,34.166666666666664,29.804878048780488,36,186.30555555555554,183.34285714285716,late_aircraft_delay,nas_delay,carrier_delay
JAC,9,32,6.90625,5.21875,30,30.733333333333334,29.551724137931036,17,163.23529411764707,157.1764705882353,late_aircraft_delay,nas_delay,carrier_delay
JAC,10,17,7.294117647058823,6.764705882352941,4,37.75,31.75,6,357.8333333333333,350.1666666666667,nas_delay,carrier_delay,late_aircraft_delay
JAC,11,4,5.25,18.75,11,40.45454545454545,36.36363636363637,11,239.27272727272728,244.45454545454547,nas_delay,late_aircraft_delay,carrier_delay
JAC,12,25,5.04,-2.04,21,32.04761904761905,31.55,36,392.22222222222223,386.0833333333333,nas_delay,carrier_delay,late_aircraft_delay
JAN,1,29,7.689655172413793,1.7241379310344827,24,31.583333333333332,28.416666666666668,22,148.63636363636363,147.85714285714286,late_aircraft_delay,nas_delay,weather_delay
JAN,2,26,5.269230769230769,3.3461538461538463,20,28.9,26.85,9,115.88888888888889,105.22222222222223,late_aircraft_delay,carrier_delay,nas_delay
JAN,3,30,7.433333333333334,0.43333333333333335,23,28.73913043478261,27.82608695652174,20,138.5,130.4,late_aircraft_delay,carrier_delay,nas_delay
JAN,4,22,7.2272727272727275,-1.6363636363636365,24,30.5,25.458333333333332,20,204.0,202.1,late_aircraft_delay,carrier_delay,nas_delay
JAN,5,47,5.51063829787234,5.276595744680851,51,33.431372549019606,30.2,39,174.53846153846155,175.6578947368421,late_aircraft_delay,nas_delay,carrier_delay
JAN,6,47,6.574468085106383,2.3191489361702127,44,31.431818181818183,29.318181818181817,20,140.5,138.5,late_aircraft_delay,carrier_delay,nas_delay
JAN,7,35,6.457142857142857,3.911764705882353,53,32.0,33.03846153846154,41,161.4390243902439,157.82926829268294,late_aircraft_delay,carrier_delay,nas_delay
JAN,8,34,7.617647058823529,1.088235294117647,25,30.72,24.16,13,134.23076923076923,130.46153846153845,late_aircraft_delay,carrier_delay,nas_delay
JAN,9,31,5.129032258064516,2.2903225806451615,18,28.555555555555557,22.166666666666668,10,150.0,140.6,nas_delay,carrier_delay,late_aircraft_delay
JAN,10,45,4.7555555555555555,1.4666666666666666,21,25.714285714285715,18.80952380952381,8,196.5,185.875,late_aircraft_delay,carrier_delay,nas_delay
JAN,11,51,7.352941176470588,1.2156862745098038,23,27.043478260869566,21.608695652173914,8,143.25,142.125,late_aircraft_delay,nas_delay,carrier_delay
JAN,12,51,6.294117647058823,4.1568627450980395,33,29.78787878787879,25.40625,22,214.8181818181818,214.63636363636363,nas_delay,carrier_delay,late_aircraft_delay
JAX,1,164,5.865853658536586,-0.6932515337423313,142,33.485915492957744,28.3943661971831,91,158.94505494505495,152.03296703296704,late_aircraft_delay,carrier_delay,nas_delay
JAX,2,135,5.592592592592593,-0.664179104477612,95,30.51578947368421,23.905263157894737,55,135.52727272727273,130.25454545454545,late_aircraft_delay,carrier_delay,nas_delay
JAX,3,187,5.909090909090909,2.3529411764705883,150,30.486666666666668,25.677852348993287,65,164.2923076923077,162.96923076923076,late_aircraft_delay,carrier_delay,nas_delay
JAX,4,190,6.089473684210526,2.4105263157894736,129,33.325581395348834,30.651162790697676,73,185.65753424657535,182.69444444444446,late_aircraft_delay,nas_delay,carrier_delay
JAX,5,220,6.281818181818182,4.678899082568807,198,32.45454545454545,29.515151515151516,142,168.53521126760563,172.0921985815603,late_aircraft_delay,nas_delay,carrier_delay
JAX,6,193,5.896373056994818,0.16580310880829016,181,34.48066298342541,29.69832402234637,135,155.82222222222222,155.3925925925926,late_aircraft_delay,nas_delay,carrier_delay
JAX,7,197,5.690355329949239,0.9137055837563451,185,35.33513513513513,33.902702702702705,197,182.48730964467006,185.12307692307692,late_aircraft_delay,nas_delay,carrier_delay
JAX,8,181,5.823204419889502,3.0279329608938546,175,32.222857142857144,31.69942196531792,109,153.77981651376146,151.05504587155963,late_aircraft_delay,nas_delay,carrier_delay
JAX,9,165,5.666666666666667,2.618181818181818,98,31.612244897959183,28.23469387755102,43,161.8139534883721,156.72093023255815,late_aircraft_delay,nas_delay,carrier_delay
JAX,10,166,5.969879518072289,1.4036144578313252,105,29.495238095238093,22.590476190476192,33,203.36363636363637,196.45454545454547,nas_delay,carrier_delay,late_aircraft_delay
JAX,11,181,5.679558011049724,0.39779005524861877,109,30.44954128440367,24.155963302752294,39,162.66666666666666,159.35897435897436,nas_delay,carrier_delay,late_aircraft_delay
JAX,12,228,6.4868421052631575,2.1101321585903086,180,30.666666666666668,25.45,88,141.70454545454547,140.1627906976744,late_aircraft_delay,nas_delay,carrier_delay
JFK,1,671,5.995529061102832,-3.478325859491779,544,32.35294117647059,26.859519408502774,376,133.18882978723406,134.06382978723406,nas_delay,carrier_delay,late_aircraft_delay
JFK,2,589,6.106960950764007,-6.532312925170068,458,31.397379912663755,20.92543859649123,280,132.7107142857143,125.82971014492753,carrier_delay,nas_delay,late_aircraft_delay
JFK,3,685,6.300729927007299,-6.297058823529412,628,33.254777070063696,23.220095693779903,441,139.86167800453515,131.58409090909092,carrier_delay,nas_delay,late_aircraft_delay
JFK,4,666,6.2342342342342345,-2.162406015037594,634,31.66403785488959,23.486571879936808,347,131.06628242074927,125.16184971098266,nas_delay,carrier_delay,late_aircraft_delay
JFK,5,701,6.253922967189729,-0.32,711,32.46835443037975,26.440845070422537,425,150.07764705882352,145.2995283018868,nas_delay,carrier_delay,late_aircraft_delay
JFK,6,746,6.528150134048257,-1.695945945945946,751,33.03728362183755,27.627688172043012,501,154.0,148.592,carrier_delay,nas_delay,late_aircraft_delay
JFK,7,796,6.407035175879397,0.9433249370277078,836,32.958133971291865,28.272289156626506,685,171.20291970802919,165.89882697947215,carrier_delay,nas_delay,late_aircraft_delay
JFK,8,748,6.362299465240642,5.404569892473118,785,33.220382165605095,31.96030729833547,553,155.81555153707052,154.92740471869328,nas_delay,carrier_delay,late_aircraft_delay
JFK,9,617,6.162074554294976,-3.4025974025974026,471,30.9723991507431,24.07872340425532,240,139.9,133.17083333333332,nas_delay,carrier_delay,late_aircraft_delay
JFK,10,721,6.072122052704577,-6.602225312934632,452,28.991150442477878,15.292682926829269,164,138.92073170731706,126.24691358024691,carrier_delay,nas_delay,late_aircraft_delay
JFK,11,567,6.231040564373898,-5.831858407079646,389,30.110539845758353,19.451030927835053,178,126.48876404494382,114.74157303370787,carrier_delay,nas_delay,late_aircraft_delay
JFK,12,848,6.274764150943396,-3.375886524822695,759,31.62187088274045,24.84259259259259,482,132.753112033195,126.72765072765073,carrier_delay,nas_delay,late_aircraft_delay
JLN,1,1,1.0,-9.0,2,17.0,23.0,4,355.5,348.5,carrier_delay,nas_delay,canc_B
JLN,2,1,1.0,-15.0,1,53.0,35.0,0,"","",carrier_delay,Nessuna,Nessuna
JLN,3,1,5.0,-1.0,0,"","",4,265.75,258.75,carrier_delay,late_aircraft_delay,canc_B
JLN,4,3,12.0,20.0,2,20.5,33.0,2,112.5,104.0,nas_delay,weather_delay,carrier_delay
JLN,5,3,4.666666666666667,4.333333333333333,1,31.0,15.0,6,149.66666666666666,145.66666666666666,carrier_delay,nas_delay,weather_delay
JLN,6,2,2.0,-1.5,0,"","",5,122.6,125.0,late_aircraft_delay,nas_delay,Nessuna
JLN,7,2,8.5,12.0,3,36.666666666666664,28.666666666666668,0,"","",canc_B,nas_delay,late_aircraft_delay
JLN,8,4,8.25,4.75,3,21.0,-2.0,2,613.0,603.5,carrier_delay,canc_B,nas_delay
JLN,9,3,11.0,1.3333333333333333,4,27.5,17.25,5,187.2,176.8,late_aircraft_delay,carrier_delay,nas_delay
JLN,10,1,1.0,-17.0,5,39.4,25.4,1,73.0,48.0,carrier_delay,late_aircraft_delay,weather_delay
JLN,11,0,"","",0,"","",6,355.3333333333333,348.0,carrier_delay,late_aircraft_delay,canc_B
JLN,12,0,"","",2,30.0,24.5,2,237.0,225.0,late_aircraft_delay,carrier_delay,nas_delay
JMS,1,1,5.0,-24.0,1,30.0,16.0,0,"","",canc_B,late_aircraft_delay,Nessuna
JMS,2,2,2.0,4.5,5,32.8,28.8,2,783.0,774.0,nas_delay,weather_delay,canc_C
JMS,3,3,5.333333333333333,-9.333333333333334,2,43.0,35.0,2,83.0,82.0,carrier_delay,late_aircraft_delay,canc_B
JMS,4,0,"","",1,15.0,14.0,1,111.0,101.0,late_aircraft_delay,carrier_delay,Nessuna
JMS,5,0,"","",0,"","",1,97.0,96.0,late_aircraft_delay,Nessuna,Nessuna
JMS,6,1,13.0,14.0,1,18.0,58.0,2,131.5,150.0,canc_C,nas_delay,carrier_delay
JMS,7,6,8.833333333333334,5.833333333333333,3,25.666666666666668,21.333333333333332,1,104.0,103.0,late_aircraft_delay,carrier_delay,nas_delay
JMS,8,1,1.0,-9.0,3,22.0,15.666666666666666,0,"","",late_aircraft_delay,carrier_delay,canc_C
JMS,9,0,"","",3,26.333333333333332,23.666666666666668,1,160.0,184.0,carrier_delay,nas_delay,late_aircraft_delay
JMS,10,3,6.333333333333333,8.0,2,52.5,45.5,0,"","",carrier_delay,nas_delay,late_aircraft_delay
JMS,11,4,7.0,0.5,2,19.5,13.5,5,139.0,132.2,late_aircraft_delay,nas_delay,canc_B
JMS,12,3,8.666666666666666,2.6666666666666665,3,37.0,41.333333333333336,1,170.0,156.0,nas_delay,late_aircraft_delay,weather_delay
JNU,1,18,6.944444444444445,12.444444444444445,24,29.541666666666668,41.21739130434783,21,164.66666666666666,174.0952380952381,nas_delay,late_aircraft_delay,carrier_delay
JNU,2,9,7.555555555555555,7.0,7,30.714285714285715,28.428571428571427,6,104.0,112.16666666666667,nas_delay,late_aircraft_delay,carrier_delay
JNU,3,9,4.888888888888889,4.777777777777778,13,35.15384615384615,35.07692307692308,6,125.33333333333333,122.66666666666667,late_aircraft_delay,nas_delay,carrier_delay
JNU,4,11,5.2727272727272725,-0.5454545454545454,14,29.428571428571427,25.46153846153846,8,112.875,108.625,late_aircraft_delay,nas_delay,carrier_delay
JNU,5,25,6.84,5.12,17,26.41176470588235,26.41176470588235,3,104.0,104.66666666666667,carrier_delay,nas_delay,late_aircraft_delay
JNU,6,36,6.25,4.472222222222222,23,33.130434782608695,28.869565217391305,8,142.5,141.875,late_aircraft_delay,nas_delay,carrier_delay
JNU,7,47,7.148936170212766,8.425531914893616,40,29.3,27.525,10,146.8,149.5,nas_delay,late_aircraft_delay,carrier_delay
JNU,8,38,7.657894736842105,5.945945945945946,33,34.36363636363637,35.21212121212121,13,157.3846153846154,159.0,nas_delay,late_aircraft_delay,carrier_delay
JNU,9,16,5.0625,4.25,13,31.692307692307693,26.0,13,167.69230769230768,164.6153846153846,late_aircraft_delay,nas_delay,carrier_delay
JNU,10,15,5.666666666666667,-0.6666666666666666,10,32.9,29.8,8,183.25,179.25,carrier_delay,nas_delay,late_aircraft_delay
JNU,11,10,6.1,8.7,10,27.7,34.3,5,116.4,125.2,nas_delay,late_aircraft_delay,carrier_delay
JNU,12,24,5.333333333333333,9.791666666666666,16,33.5,44.8125,11,171.72727272727272,190.0909090909091,nas_delay,late_aircraft_delay,carrier_delay
JST,1,1,5.0,-5.0,1,34.0,66.0,5,182.8,183.6,late_aircraft_delay,nas_delay,canc_B
JST,2,2,2.5,-18.5,2,30.0,-0.5,0,"","",carrier_delay,canc_B,Nessuna
JST,3,0,"","",2,34.0,35.5,2,113.0,96.0,carrier_delay,late_aircraft_delay,canc_B
JST,4,1,5.0,2.0,5,38.4,46.4,4,232.75,221.75,carrier_delay,late_aircraft_delay,nas_delay
JST,5,2,11.5,2.0,3,40.0,35.666666666666664,2,130.5,125.5,late_aircraft_delay,nas_delay,canc_B
JST,6,0,"","",5,50.4,45.8,2,212.0,209.5,carrier_delay,late_aircraft_delay,nas_delay
JST,7,4,5.25,-1.25,4,30.75,26.0,1,559.0,554.0,carrier_delay,late_aircraft_delay,Nessuna
JST,8,2,9.5,22.0,2,31.5,21.0,2,69.5,68.0,nas_delay,late_aircraft_delay,carrier_delay
JST,9,1,6.0,9.0,2,36.5,30.5,5,270.8,270.2,carrier_delay,nas_delay,late_aircraft_delay
JST,10,0,"","",1,36.0,44.0,2,108.0,94.0,late_aircraft_delay,nas_delay,carrier_delay
JST,11,0,"","",1,23.0,3.0,2,181.0,162.5,canc_B,weather_delay,late_aircraft_delay
JST,12,3,5.333333333333333,15.666666666666666,1,26.0,33.0,6,431.3333333333333,439.3333333333333,nas_delay,carrier_delay,late_aircraft_delay
KOA,1,148,5.736486486486487,3.824324324324324,88,28.113636363636363,23.704545454545453,32,254.65625,240.4375,late_aircraft_delay,carrier_delay,canc_A
KOA,2,140,5.257142857142857,-0.4785714285714286,57,27.017543859649123,15.912280701754385,31,190.38709677419354,179.83870967741936,late_aircraft_delay,carrier_delay,nas_delay
KOA,3,148,5.837837837837838,1.2837837837837838,45,27.333333333333332,22.644444444444446,12,112.16666666666667,108.0,late_aircraft_delay,carrier_delay,nas_delay
KOA,4,112,5.660714285714286,0.6428571428571429,47,31.51063829787234,25.638297872340427,17,169.52941176470588,162.76470588235293,late_aircraft_delay,carrier_delay,nas_delay
KOA,5,127,5.653543307086614,4.6141732283464565,74,29.04054054054054,28.054054054054053,24,114.91666666666667,113.91666666666667,late_aircraft_delay,carrier_delay,nas_delay
KOA,6,105,5.476190476190476,3.1523809523809523,54,29.75925925925926,27.203703703703702,10,142.5,144.9,carrier_delay,late_aircraft_delay,nas_delay
KOA,7,137,5.693430656934306,3.065693430656934,64,25.59375,23.09375,16,255.6875,250.8125,late_aircraft_delay,carrier_delay,nas_delay
KOA,8,129,5.162790697674419,-0.12403100775193798,46,28.369565217391305,19.130434782608695,27,151.7037037037037,142.59259259259258,late_aircraft_delay,carrier_delay,nas_delay
KOA,9,85,4.964705882352941,0.788235294117647,34,28.88235294117647,23.558823529411764,13,120.0,114.23076923076923,late_aircraft_delay,carrier_delay,nas_delay
KOA,10,104,5.0576923076923075,1.6057692307692308,52,30.576923076923077,29.942307692307693,18,169.22222222222223,161.33333333333334,late_aircraft_delay,carrier_delay,nas_delay
KOA,11,96,5.625,2.0729166666666665,35,30.714285714285715,25.514285714285716,9,239.33333333333334,232.11111111111111,carrier_delay,late_aircraft_delay,nas_delay
KOA,12,115,6.2,0.4956521739130435,74,26.513513513513512,16.753424657534246,15,146.73333333333332,136.53333333333333,late_aircraft_delay,carrier_delay,nas_delay
KTN,1,12,7.166666666666667,-0.5833333333333334,14,32.642857142857146,26.5,7,157.85714285714286,158.14285714285714,late_aircraft_delay,nas_delay,canc_A
KTN,2,7,6.285714285714286,2.7142857142857144,7,40.857142857142854,68.14285714285714,1,244.0,245.0,nas_delay,late_aircraft_delay,weather_delay
KTN,3,8,4.875,4.875,7,29.0,25.0,3,78.66666666666667,83.0,late_aircraft_delay,nas_delay,canc_A
KTN,4,13,5.769230769230769,1.7692307692307692,6,22.833333333333332,25.5,6,74.83333333333333,69.16666666666667,carrier_delay,late_aircraft_delay,nas_delay
KTN,5,18,5.388888888888889,3.5,12,32.5,30.083333333333332,3,129.0,122.66666666666667,late_aircraft_delay,carrier_delay,nas_delay
KTN,6,17,5.411764705882353,3.764705882352941,9,26.0,20.666666666666668,5,132.8,136.0,carrier_delay,late_aircraft_delay,nas_delay
KTN,7,19,7.2631578947368425,4.2105263157894735,19,31.210526315789473,31.263157894736842,7,133.42857142857142,132.85714285714286,late_aircraft_delay,nas_delay,carrier_delay
KTN,8,33,6.606060606060606,6.0606060606060606,26,25.076923076923077,25.56,14,129.28571428571428,124.0,nas_delay,late_aircraft_delay,carrier_delay
KTN,9,14,6.642857142857143,5.214285714285714,6,34.5,35.333333333333336,2,99.5,82.5,late_aircraft_delay,nas_delay,carrier_delay
KTN,10,17,4.705882352941177,-0.7647058823529411,7,36.714285714285715,35.285714285714285,2,99.0,97.5,late_aircraft_delay,canc_B,nas_delay
KTN,11,7,5.0,3.857142857142857,8,32.75,31.375,1,72.0,61.0,late_aircraft_delay,nas_delay,carrier_delay
KTN,12,9,6.777777777777778,0.1111111111111111,15,24.2,20.866666666666667,6,123.83333333333333,114.5,late_aircraft_delay,nas_delay,carrier_delay
LAN,1,4,7.25,-0.5,1,36.0,21.0,10,141.0,149.6,carrier_delay,nas_delay,canc_B
LAN,2,4,5.25,19.25,3,41.666666666666664,40.0,1,61.0,58.0,nas_delay,carrier_delay,late_aircraft_delay
LAN,3,3,5.666666666666667,12.333333333333334,7,28.142857142857142,23.0,6,104.33333333333333,105.5,carrier_delay,late_aircraft_delay,nas_delay
LAN,4,3,5.333333333333333,4.666666666666667,3,23.666666666666668,22.666666666666668,4,142.0,145.75,carrier_delay,nas_delay,late_aircraft_delay
LAN,5,4,6.25,1.0,7,40.42857142857143,44.285714285714285,5,131.8,127.6,carrier_delay,nas_delay,late_aircraft_delay
LAN,6,4,7.25,5.25,10,33.1,34.6,8,133.375,127.375,carrier_delay,weather_delay,nas_delay
LAN,7,8,4.5,-0.25,6,34.166666666666664,48.166666666666664,4,210.75,207.25,late_aircraft_delay,nas_delay,carrier_delay
LAN,8,7,6.428571428571429,-0.8571428571428571,5,30.8,34.8,5,232.6,244.0,nas_delay,carrier_delay,weather_delay
LAN,9,7,6.428571428571429,-5.285714285714286,6,41.333333333333336,31.5,2,72.0,112.5,weather_delay,carrier_delay,nas_delay
LAN,10,7,7.0,2.142857142857143,8,34.375,32.125,2,92.0,87.5,carrier_delay,late_aircraft_delay,nas_delay
LAN,11,5,7.0,15.2,4,17.75,24.0,5,158.0,159.6,carrier_delay,nas_delay,weather_delay
LAN,12,3,8.333333333333334,25.666666666666668,9,41.77777777777778,43.111111111111114,3,107.33333333333333,108.66666666666667,carrier_delay,nas_delay,late_aircraft_delay
LAR,1,1,2.0,-7.0,2,34.5,43.5,0,"","",canc_B,nas_delay,canc_C
LAR,2,2,7.0,-1.0,1,17.0,27.0,1,63.0,45.0,carrier_delay,canc_B,nas_delay
LAR,3,0,"","",1,35.0,39.0,2,177.5,170.5,nas_delay,canc_B,late_aircraft_delay
LAR,4,1,5.0,14.0,1,15.0,18.0,0,"","",carrier_delay,nas_delay,canc_B
LAR,5,1,12.0,119.0,1,30.0,23.0,2,120.0,112.5,nas_delay,weather_delay,carrier_delay
LAR,6,4,6.25,18.5,0,"","",1,89.0,77.0,carrier_delay,late_aircraft_delay,canc_B
LAR,7,4,4.5,-2.75,0,"","",3,140.0,130.33333333333334,weather_delay,canc_C,nas_delay
LAR,8,1,1.0,-13.0,5,34.0,29.6,0,"","",late_aircraft_delay,nas_delay,Nessuna
LAR,9,1,5.0,8.0,2,33.5,22.5,3,100.33333333333333,86.66666666666667,late_aircraft_delay,Nessuna,Nessuna
LAR,10,2,5.5,6.0,3,30.666666666666668,14.333333333333334,1,102.0,74.0,carrier_delay,weather_delay,nas_delay
LAR,11,3,9.333333333333334,-7.333333333333333,3,31.0,22.333333333333332,3,144.66666666666666,122.33333333333333,late_aircraft_delay,carrier_delay,canc_B
LAR,12,3,10.666666666666666,-6.666666666666667,2,28.0,13.5,2,97.0,74.5,late_aircraft_delay,carrier_delay,Nessuna
LAS,1,1433,6.312630844382414,0.9286713286713286,1139,31.06145741878841,25.073878627968337,439,129.27107061503418,123.7579908675799,late_aircraft_delay,carrier_delay,nas_delay
LAS,2,1357,6.244657332350774,-0.49704579025110784,1039,30.750721847930702,23.996135265700484,402,133.43034825870646,128.7275,late_aircraft_delay,carrier_delay,nas_delay
LAS,3,1597,6.364433312460864,1.0784190715181932,1375,31.694545454545455,27.157779401022644,775,132.2541935483871,128.4374193548387,late_aircraft_delay,carrier_delay,nas_delay
LAS,4,1574,6.197585768742059,-1.585987261146497,1272,31.15801886792453,24.224232887490164,472,133.95127118644066,126.04255319148936,late_aircraft_delay,carrier_delay,nas_delay
LAS,5,1834,6.273718647764449,-2.0514504652435686,1550,31.566451612903226,24.01875808538163,606,132.2128712871287,126.20299500831946,late_aircraft_delay,carrier_delay,nas_delay
LAS,6,1797,6.452420701168615,0.8938798427849522,1673,31.184698147041242,25.212946158499697,660,141.52727272727273,135.1435185185185,carrier_delay,late_aircraft_delay,nas_delay
LAS,7,1734,6.675893886966551,1.0409117475160725,1778,31.676040494938132,27.54007959067652,1005,140.2547263681592,137.58793969849245,carrier_delay,late_aircraft_delay,nas_delay
LAS,8,1522,6.199737187910644,0.5875743555849307,1260,31.566666666666666,26.267628205128204,645,129.0186046511628,123.50551181102362,late_aircraft_delay,carrier_delay,nas_delay
LAS,9,1436,6.1135097493036215,-1.2879105520614955,1111,30.75967596759676,23.616216216216216,502,115.83067729083665,107.76152304609218,carrier_delay,late_aircraft_delay,nas_delay
LAS,10,1756,5.986902050113895,-1.7317351598173516,1153,29.908933217692976,23.401561144839548,369,122.39024390243902,118.38524590163935,nas_delay,carrier_delay,late_aircraft_delay
LAS,11,1501,5.986675549633578,-3.8529411764705883,965,29.758549222797928,18.668743509865006,309,124.33980582524272,117.6590909090909,carrier_delay,late_aircraft_delay,nas_delay
LAS,12,1597,6.426424546023795,-2.723337515683814,1080,29.780555555555555,21.0354147250699,439,140.9134396355353,134.53103448275863,carrier_delay,late_aircraft_delay,nas_delay
LAW,1,2,11.0,12.5,1,50.0,34.0,6,130.0,140.5,weather_delay,nas_delay,late_aircraft_delay
LAW,2,2,8.0,8.0,0,"","",2,235.5,228.0,weather_delay,canc_B,carrier_delay
LAW,3,6,7.833333333333333,1.8333333333333333,3,30.333333333333332,25.666666666666668,6,396.8333333333333,388.3333333333333,carrier_delay,nas_delay,weather_delay
LAW,4,3,6.666666666666667,7.666666666666667,6,40.0,48.5,4,157.0,149.5,late_aircraft_delay,nas_delay,carrier_delay
LAW,5,1,3.0,-7.0,4,44.75,46.75,6,156.83333333333334,151.5,carrier_delay,nas_delay,canc_B
LAW,6,1,1.0,3.0,0,"","",3,150.33333333333334,147.33333333333334,carrier_delay,nas_delay,weather_delay
LAW,7,3,5.333333333333333,7.0,4,24.5,30.25,5,234.6,231.8,carrier_delay,nas_delay,canc_B
LAW,8,1,14.0,23.0,2,28.0,29.0,2,132.0,127.0,carrier_delay,nas_delay,late_aircraft_delay
LAW,9,5,7.4,13.0,4,44.0,51.0,1,202.0,204.0,nas_delay,carrier_delay,late_aircraft_delay
LAW,10,4,6.75,0.5,4,34.0,32.75,3,400.0,395.6666666666667,late_aircraft_delay,carrier_delay,nas_delay
LAW,11,6,7.166666666666667,7.666666666666667,1,23.0,32.0,3,111.66666666666667,109.66666666666667,carrier_delay,canc_B,nas_delay
LAW,12,1,4.0,17.0,5,29.4,25.0,3,193.33333333333334,228.66666666666666,carrier_delay,nas_delay,canc_B
LAX,1,1155,5.883116883116883,1.4227430555555556,807,31.721189591078065,25.437810945273633,418,152.32775119617224,143.89294403892944,carrier_delay,nas_delay,late_aircraft_delay
LAX,2,1124,6.222419928825623,-1.182546749777382,862,30.440835266821345,23.277906976744188,381,144.61942257217848,138.8713910761155,nas_delay,carrier_delay,late_aircraft_delay
LAX,3,1340,6.082089552238806,1.6434456928838952,1089,31.23048668503214,27.65437788018433,549,150.18943533697632,145.7661141804788,nas_delay,carrier_delay,late_aircraft_delay
LAX,4,1217,5.884141331142152,0.06788079470198675,913,31.820372398685652,27.681668496158068,464,154.125,149.55965292841648,nas_delay,carrier_delay,late_aircraft_delay
LAX,5,1422,6.015471167369902,0.4748761500353857,1199,31.83903252710592,26.584667228306657,667,148.42128935532233,143.18345864661654,carrier_delay,nas_delay,late_aircraft_delay
LAX,6,1486,6.158815612382234,1.7914691943127963,1238,30.991922455573505,26.34304207119741,608,135.54111842105263,131.4495867768595,carrier_delay,nas_delay,late_aircraft_delay
LAX,7,1478,6.2083897158322054,0.6824966078697422,1253,31.036711891460495,26.203212851405624,730,150.93013698630136,146.25931034482758,carrier_delay,nas_delay,late_aircraft_delay
LAX,8,1291,6.057319907048799,0.3514774494556765,951,31.472134595162988,27.437434279705574,490,146.11632653061224,143.20901639344262,carrier_delay,nas_delay,late_aircraft_delay
LAX,9,1100,5.9809090909090905,-2.640582347588717,681,30.71071953010279,23.195876288659793,327,157.5565749235474,149.6553846153846,carrier_delay,nas_delay,late_aircraft_delay
LAX,10,1058,5.754253308128544,-1.0596026490066226,739,29.949932341001354,24.186738836265224,328,143.15853658536585,136.99694189602445,nas_delay,carrier_delay,late_aircraft_delay
LAX,11,1157,5.8167675021607606,-5.590277777777778,696,31.57758620689655,21.703757225433527,362,136.9060773480663,129.51388888888889,carrier_delay,nas_delay,late_aircraft_delay
LAX,12,1313,5.872810357958873,-1.3646071700991609,1002,31.323353293413174,22.866,523,141.95028680688335,135.45961538461538,nas_delay,carrier_delay,late_aircraft_delay
LBB,1,26,5.615384615384615,2.8076923076923075,28,32.214285714285715,25.285714285714285,26,191.65384615384616,186.80769230769232,late_aircraft_delay,carrier_delay,nas_delay
LBB,2,28,5.392857142857143,5.107142857142857,17,31.529411764705884,26.705882352941178,10,128.7,128.4,nas_delay,late_aircraft_delay,carrier_delay
LBB,3,11,5.454545454545454,3.6363636363636362,28,34.82142857142857,30.857142857142858,9,320.6666666666667,320.0,nas_delay,late_aircraft_delay,carrier_delay
LBB,4,30,5.966666666666667,1.2,33,34.09090909090909,29.424242424242426,14,169.57142857142858,163.5,late_aircraft_delay,nas_delay,carrier_delay
LBB,5,45,6.555555555555555,1.3181818181818181,38,36.0,35.47222222222222,33,216.84848484848484,210.15151515151516,late_aircraft_delay,nas_delay,carrier_delay
LBB,6,29,6.0,1.4482758620689655,22,32.31818181818182,30.045454545454547,13,172.92307692307693,168.53846153846155,late_aircraft_delay,carrier_delay,nas_delay
LBB,7,29,6.137931034482759,2.0344827586206895,26,28.346153846153847,24.03846153846154,22,161.5909090909091,158.86363636363637,late_aircraft_delay,carrier_delay,nas_delay
LBB,8,26,7.115384615384615,2.3461538461538463,16,35.0,29.3125,13,182.84615384615384,179.53846153846155,late_aircraft_delay,carrier_delay,nas_delay
LBB,9,24,8.416666666666666,8.041666666666666,23,34.130434782608695,31.869565217391305,8,108.75,103.375,nas_delay,late_aircraft_delay,carrier_delay
LBB,10,25,6.68,2.52,19,30.05263157894737,20.63157894736842,16,208.875,207.75,late_aircraft_delay,nas_delay,carrier_delay
LBB,11,42,6.309523809523809,0.9285714285714286,30,31.5,26.0,21,166.66666666666666,163.85714285714286,late_aircraft_delay,carrier_delay,nas_delay
LBB,12,35,4.714285714285714,-1.8,35,33.51428571428571,26.029411764705884,23,152.3913043478261,155.13636363636363,late_aircraft_delay,carrier_delay,nas_delay
LBE,1,3,3.3333333333333335,-1.6666666666666667,0,"","",2,79.0,80.0,nas_delay,late_aircraft_delay,carrier_delay
LBE,2,4,6.75,-10.25,2,33.5,35.0,2,77.0,61.0,late_aircraft_delay,nas_delay,Nessuna
LBE,3,3,2.6666666666666665,-13.0,1,31.0,51.0,0,"","",nas_delay,Nessuna,Nessuna
LBE,4,1,2.0,-21.0,5,29.4,25.2,0,"","",nas_delay,late_aircraft_delay,carrier_delay
LBE,5,3,11.0,4.333333333333333,2,31.5,28.5,0,"","",nas_delay,late_aircraft_delay,Nessuna
LBE,6,4,3.5,-2.5,4,25.5,20.5,1,114.0,104.0,late_aircraft_delay,nas_delay,Nessuna
LBE,7,3,9.333333333333334,3.6666666666666665,5,35.2,28.0,1,130.0,112.0,late_aircraft_delay,carrier_delay,nas_delay
LBE,8,1,8.0,-11.0,2,23.0,-3.0,2,114.5,104.0,canc_B,carrier_delay,late_aircraft_delay
LBE,9,0,"","",1,25.0,13.0,3,107.0,99.33333333333333,late_aircraft_delay,nas_delay,canc_A
LBE,10,4,5.25,1.75,1,33.0,31.0,0,"","",late_aircraft_delay,Nessuna,Nessuna
LBE,11,4,7.0,2.0,0,"","",0,"","",nas_delay,carrier_delay,canc_A
LBE,12,5,4.2,-16.0,0,"","",2,98.0,88.0,nas_delay,Nessuna,Nessuna
LBF,1,3,9.333333333333334,2.3333333333333335,0,"","",2,229.0,227.0,nas_delay,late_aircraft_delay,carrier_delay
LBF,2,4,8.75,12.25,1,43.0,38.0,0,"","",nas_delay,carrier_delay,late_aircraft_delay
LBF,3,0,"","",2,18.5,21.5,1,336.0,327.0,nas_delay,canc_B,weather_delay
LBF,4,1,4.0,16.0,2,21.0,5.5,1,66.0,65.0,carrier_delay,late_aircraft_delay,nas_delay
LBF,5,1,6.0,8.0,1,43.0,41.0,0,"","",nas_delay,canc_B,Nessuna
LBF,6,0,"","",3,33.0,36.333333333333336,1,276.0,272.0,late_aircraft_delay,nas_delay,canc_B
LBF,7,3,1.0,1.3333333333333333,2,27.5,24.5,3,92.0,109.33333333333333,carrier_delay,nas_delay,late_aircraft_delay
LBF,8,2,3.0,5.0,2,46.0,58.0,3,75.66666666666667,71.33333333333333,nas_delay,late_aircraft_delay,Nessuna
LBF,9,0,"","",3,37.0,31.333333333333332,3,401.6666666666667,402.0,late_aircraft_delay,nas_delay,carrier_delay
LBF,10,3,6.0,-1.6666666666666667,1,39.0,36.0,0,"","",carrier_delay,Nessuna,Nessuna
LBF,11,2,7.5,-2.0,2,35.5,22.0,4,172.75,165.0,canc_B,late_aircraft_delay,carrier_delay
LBF,12,1,6.0,-2.0,1,15.0,10.0,2,184.5,166.0,carrier_delay,late_aircraft_delay,Nessuna
LBL,1,0,"","",0,"","",0,"","",canc_B,Nessuna,Nessuna
LBL,2,1,6.0,-1.0,0,"","",1,510.0,502.0,late_aircraft_delay,Nessuna,Nessuna
LBL,3,1,13.0,-1.0,3,16.333333333333332,16.333333333333332,1,195.0,212.0,nas_delay,late_aircraft_delay,carrier_delay
LBL,4,3,7.0,1.3333333333333333,0,"","",2,281.5,279.0,carrier_delay,weather_delay,Nessuna
LBL,5,0,"","",1,52.0,43.0,4,141.25,141.25,late_aircraft_delay,nas_delay,Nessuna
LBL,6,3,3.6666666666666665,-1.6666666666666667,1,21.0,13.0,0,"","",canc_B,Nessuna,Nessuna
LBL,7,0,"","",3,29.0,24.666666666666668,1,96.0,91.0,canc_C,carrier_delay,weather_delay
LBL,8,0,"","",3,37.0,31.0,5,148.8,149.2,late_aircraft_delay,nas_delay,carrier_delay
LBL,9,1,5.0,4.0,1,28.0,40.0,3,137.0,128.0,late_aircraft_delay,weather_delay,nas_delay
LBL,10,1,5.0,-3.0,2,39.5,40.5,0,"","",late_aircraft_delay,weather_delay,nas_delay
LBL,11,1,5.0,15.0,2,51.5,61.0,1,77.0,87.0,nas_delay,canc_B,late_aircraft_delay
LBL,12,1,11.0,1.0,1,50.0,45.0,2,161.0,150.0,late_aircraft_delay,carrier_delay,Nessuna
LCH,1,4,5.25,0.75,2,38.0,37.0,7,204.0,204.71428571428572,carrier_delay,nas_delay,canc_B
LCH,2,0,"","",4,30.75,27.75,2,282.5,272.5,carrier_delay,weather_delay,late_aircraft_delay
LCH,3,2,7.5,-2.5,3,34.666666666666664,26.0,3,347.3333333333333,342.3333333333333,carrier_delay,canc_B,nas_delay
LCH,4,3,8.0,10.0,2,24.5,27.5,6,155.33333333333334,161.66666666666666,nas_delay,weather_delay,carrier_delay
LCH,5,4,7.0,5.0,2,43.5,33.0,11,279.45454545454544,283.8181818181818,nas_delay,late_aircraft_delay,weather_delay
LCH,6,2,9.0,8.5,3,43.333333333333336,29.666666666666668,7,159.28571428571428,175.0,carrier_delay,weather_delay,nas_delay
LCH,7,6,6.0,0.5,4,44.5,30.0,2,211.0,201.0,late_aircraft_delay,nas_delay,carrier_delay
LCH,8,2,3.0,-0.5,2,49.5,42.0,4,215.25,210.25,carrier_delay,late_aircraft_delay,nas_delay
LCH,9,5,9.2,9.8,3,29.333333333333332,29.666666666666668,7,211.85714285714286,205.14285714285714,carrier_delay,nas_delay,late_aircraft_delay
LCH,10,3,10.333333333333334,2.6666666666666665,6,31.333333333333332,23.0,4,184.0,173.0,carrier_delay,late_aircraft_delay,weather_delay
LCH,11,1,8.0,0.0,4,35.25,22.75,6,176.16666666666666,166.0,carrier_delay,canc_B,nas_delay
LCH,12,5,5.8,8.4,4,36.0,42.75,4,160.25,157.25,nas_delay,carrier_delay,weather_delay
LCK,1,8,8.125,4.625,5,28.0,20.8,0,"","",carrier_delay,late_aircraft_delay,nas_delay
LCK,2,4,7.25,-4.0,4,24.25,13.0,2,78.0,75.0,late_aircraft_delay,carrier_delay,nas_delay
LCK,3,5,6.2,6.4,6,28.333333333333332,23.0,9,91.33333333333333,91.0,late_aircraft_delay,nas_delay,canc_C
LCK,4,5,5.6,-7.0,1,16.0,14.0,2,184.5,184.0,nas_delay,late_aircraft_delay,canc_C
LCK,5,7,6.714285714285714,7.571428571428571,5,25.6,18.6,5,429.0,427.8,late_aircraft_delay,nas_delay,carrier_delay
LCK,6,8,7.25,6.375,9,33.22222222222222,35.666666666666664,3,142.33333333333334,141.0,late_aircraft_delay,nas_delay,carrier_delay
LCK,7,6,6.166666666666667,7.333333333333333,9,33.55555555555556,39.888888888888886,8,116.5,122.125,nas_delay,late_aircraft_delay,carrier_delay
LCK,8,7,7.428571428571429,10.571428571428571,7,40.285714285714285,40.714285714285715,8,95.125,97.625,late_aircraft_delay,nas_delay,carrier_delay
LCK,9,5,7.4,8.0,5,34.0,39.2,5,101.0,95.0,late_aircraft_delay,nas_delay,carrier_delay
LCK,10,3,4.0,-3.3333333333333335,2,31.5,32.5,2,107.5,107.5,late_aircraft_delay,nas_delay,canc_C
LCK,11,4,8.5,-4.0,4,47.0,30.5,0,"","",late_aircraft_delay,carrier_delay,Nessuna
LCK,12,4,8.5,-4.25,7,34.142857142857146,29.714285714285715,7,136.14285714285714,144.42857142857142,late_aircraft_delay,carrier_delay,nas_delay
LEX,1,31,6.709677419354839,8.64516129032258,37,30.864864864864863,32.027027027027025,38,175.78947368421052,171.92105263157896,nas_delay,carrier_delay,late_aircraft_delay
LEX,2,39,5.948717948717949,4.897435897435898,30,32.8,19.066666666666666,11,177.0,167.0909090909091,carrier_delay,nas_delay,late_aircraft_delay
LEX,3,36,7.5,1.25,34,28.676470588235293,18.441176470588236,18,158.0,148.16666666666666,late_aircraft_delay,nas_delay,carrier_delay
LEX,4,54,7.333333333333333,3.792452830188679,31,29.838709677419356,25.677419354838708,22,125.45454545454545,121.76190476190476,nas_delay,late_aircraft_delay,carrier_delay
LEX,5,52,7.076923076923077,3.769230769230769,45,32.68888888888889,28.488888888888887,39,141.69230769230768,152.64102564102564,late_aircraft_delay,nas_delay,carrier_delay
LEX,6,55,6.545454545454546,1.7636363636363637,49,32.285714285714285,26.20408163265306,33,168.4848484848485,166.33333333333334,carrier_delay,nas_delay,late_aircraft_delay
LEX,7,49,5.571428571428571,3.1041666666666665,59,32.779661016949156,30.25862068965517,48,191.10416666666666,186.75,late_aircraft_delay,nas_delay,carrier_delay
LEX,8,33,6.848484848484849,4.606060606060606,35,32.457142857142856,29.2,22,101.95454545454545,94.45454545454545,nas_delay,late_aircraft_delay,carrier_delay
LEX,9,40,6.575,5.15,45,29.866666666666667,22.022222222222222,16,120.75,124.5625,carrier_delay,late_aircraft_delay,nas_delay
LEX,10,39,5.794871794871795,-0.358974358974359,29,31.724137931034484,22.20689655172414,16,191.0625,184.1875,carrier_delay,nas_delay,late_aircraft_delay
LEX,11,33,6.393939393939394,4.606060606060606,26,30.307692307692307,22.23076923076923,20,146.25,156.75,nas_delay,carrier_delay,late_aircraft_delay
LEX,12,49,6.244897959183674,-2.4693877551020407,36,32.583333333333336,28.485714285714284,27,188.1851851851852,181.59259259259258,late_aircraft_delay,nas_delay,carrier_delay
LFT,1,7,7.142857142857143,17.714285714285715,15,31.333333333333332,23.266666666666666,12,233.16666666666666,243.91666666666666,late_aircraft_delay,weather_delay,nas_delay
LFT,2,15,5.466666666666667,8.6,19,30.36842105263158,22.473684210526315,3,89.0,87.33333333333333,weather_delay,late_aircraft_delay,nas_delay
LFT,3,14,5.214285714285714,-2.7857142857142856,15,33.8,27.866666666666667,14,177.0,172.71428571428572,nas_delay,weather_delay,late_aircraft_delay
LFT,4,15,5.933333333333334,12.5,7,36.714285714285715,35.0,12,187.25,198.16666666666666,late_aircraft_delay,nas_delay,weather_delay
LFT,5,12,6.416666666666667,2.4166666666666665,11,27.90909090909091,33.09090909090909,14,129.92857142857142,130.69230769230768,late_aircraft_delay,nas_delay,weather_delay
LFT,6,15,6.666666666666667,1.6,11,32.63636363636363,30.545454545454547,16,219.1875,218.25,carrier_delay,late_aircraft_delay,nas_delay
LFT,7,18,7.388888888888889,4.0,24,32.458333333333336,27.583333333333332,23,264.5217391304348,264.7391304347826,carrier_delay,weather_delay,late_aircraft_delay
LFT,8,14,6.357142857142857,4.642857142857143,13,39.92307692307692,31.846153846153847,11,211.0,202.0909090909091,carrier_delay,late_aircraft_delay,weather_delay
LFT,9,11,5.0,-0.7272727272727273,13,24.307692307692307,24.076923076923077,8,401.125,397.875,carrier_delay,late_aircraft_delay,nas_delay
LFT,10,12,8.0,-1.0833333333333333,10,31.8,20.7,11,177.0,169.1818181818182,carrier_delay,late_aircraft_delay,nas_delay
LFT,11,11,6.818181818181818,6.909090909090909,9,37.888888888888886,29.555555555555557,14,209.0,209.46153846153845,late_aircraft_delay,nas_delay,carrier_delay
LFT,12,12,4.833333333333333,4.083333333333333,9,26.77777777777778,17.333333333333332,7,190.28571428571428,188.0,nas_delay,carrier_delay,late_aircraft_delay
LGA,1,789,6.062103929024081,-2.2111959287531806,701,33.26105563480742,28.962857142857143,590,148.3322033898305,152.7189097103918,nas_delay,late_aircraft_delay,carrier_delay
LGA,2,755,6.023841059602649,-6.468085106382978,549,30.477231329690348,16.979890310786107,349,145.07163323782234,131.73563218390805,carrier_delay,late_aircraft_delay,nas_delay
LGA,3,751,6.2316910785619175,-5.93716577540107,728,32.52197802197802,20.25793103448276,429,125.86480186480186,115.62004662004662,late_aircraft_delay,carrier_delay,nas_delay
LGA,4,801,5.811485642946317,-3.928481806775408,623,32.195826645264845,23.685990338164252,402,151.31094527363183,144.26119402985074,carrier_delay,nas_delay,late_aircraft_delay
LGA,5,811,6.52157829839704,-0.3325062034739454,807,31.71747211895911,26.96886674968867,625,145.3168,144.65916398713827,nas_delay,late_aircraft_delay,carrier_delay
LGA,6,785,6.309554140127388,-0.07317073170731707,809,32.89864029666255,29.347826086956523,616,162.06493506493507,156.36215334420882,carrier_delay,nas_delay,late_aircraft_delay
LGA,7,862,6.321345707656612,2.737514518002323,965,33.04145077720207,31.654848800834202,889,154.69516310461194,152.02389078498294,nas_delay,late_aircraft_delay,carrier_delay
LGA,8,914,6.12253829321663,1.7263736263736265,795,32.32327044025157,30.727735368956743,740,159.2743243243243,157.20081967213116,nas_delay,carrier_delay,late_aircraft_delay
LGA,9,668,5.7380239520958085,-3.454272863568216,509,30.976424361493123,23.21062992125984,244,137.9672131147541,129.62962962962962,carrier_delay,nas_delay,late_aircraft_delay
LGA,10,755,5.92317880794702,-5.33112582781457,528,30.893939393939394,21.422348484848484,273,150.95238095238096,143.62132352941177,carrier_delay,nas_delay,late_aircraft_delay
LGA,11,743,5.790040376850605,-6.134589502018843,517,30.88201160541586,19.497098646034818,237,121.48945147679325,109.91525423728814,late_aircraft_delay,carrier_delay,nas_delay
LGA,12,939,6.3099041533546325,-1.1848290598290598,936,32.11752136752137,24.993589743589745,489,130.22085889570553,125.16221765913758,nas_delay,late_aircraft_delay,carrier_delay
LGB,1,140,5.764285714285714,2.0434782608695654,90,28.288888888888888,22.255555555555556,35,102.2,102.28571428571429,late_aircraft_delay,carrier_delay,nas_delay
LGB,2,154,5.512987012987013,-2.0324675324675323,94,28.56382978723404,20.311827956989248,25,97.92,88.48,late_aircraft_delay,carrier_delay,nas_delay
LGB,3,173,5.445086705202312,-0.815028901734104,106,28.70754716981132,23.79047619047619,36,103.08333333333333,94.55882352941177,late_aircraft_delay,carrier_delay,nas_delay
LGB,4,164,6.2682926829268295,-1.3170731707317074,97,30.47422680412371,23.020833333333332,28,105.0,96.0,late_aircraft_delay,carrier_delay,nas_delay
LGB,5,188,5.6436170212765955,-3.3315508021390374,113,30.256637168141594,21.4070796460177,41,128.390243902439,123.2439024390244,late_aircraft_delay,carrier_delay,nas_delay
LGB,6,205,6.04390243902439,-1.726829268292683,97,29.742268041237114,21.237113402061855,31,131.96774193548387,122.61290322580645,late_aircraft_delay,carrier_delay,nas_delay
LGB,7,193,5.658031088082901,-0.4270833333333333,134,30.35820895522388,23.834586466165412,34,101.58823529411765,95.3529411764706,late_aircraft_delay,carrier_delay,nas_delay
LGB,8,134,5.574626865671642,0.7985074626865671,60,30.283333333333335,26.433333333333334,23,118.8695652173913,114.30434782608695,late_aircraft_delay,nas_delay,carrier_delay
LGB,9,147,5.163265306122449,-2.1156462585034013,71,28.169014084507044,22.154929577464788,29,144.27586206896552,138.3448275862069,late_aircraft_delay,carrier_delay,nas_delay
LGB,10,128,5.8359375,-1.0703125,80,30.5125,23.7875,35,116.51428571428572,107.54285714285714,late_aircraft_delay,carrier_delay,nas_delay
LGB,11,114,5.824561403508772,-4.684210526315789,65,31.03076923076923,21.646153846153847,17,112.6470588235294,103.23529411764706,late_aircraft_delay,carrier_delay,nas_delay
LGB,12,146,6.465753424657534,1.2945205479452055,103,32.45631067961165,25.466019417475728,57,124.96491228070175,118.75438596491227,late_aircraft_delay,carrier_delay,nas_delay
LIH,1,156,6.083333333333333,5.961538461538462,106,28.556603773584907,25.08490566037736,41,184.7560975609756,167.7,late_aircraft_delay,carrier_delay,nas_delay
LIH,2,144,6.666666666666667,2.4166666666666665,64,31.03125,17.875,11,208.63636363636363,197.36363636363637,late_aircraft_delay,carrier_delay,nas_delay
LIH,3,142,5.859154929577465,1.3380281690140845,60,24.516666666666666,21.2,6,110.33333333333333,105.5,carrier_delay,late_aircraft_delay,nas_delay
LIH,4,113,5.265486725663717,2.168141592920354,56,30.357142857142858,26.581818181818182,15,101.26666666666667,99.46666666666667,late_aircraft_delay,carrier_delay,nas_delay
LIH,5,133,5.706766917293233,3.5789473684210527,68,27.397058823529413,27.86764705882353,22,115.27272727272727,112.9090909090909,late_aircraft_delay,carrier_delay,nas_delay
LIH,6,139,6.014388489208633,4.431654676258993,51,28.745098039215687,25.03921568627451,20,118.05,115.0,late_aircraft_delay,carrier_delay,nas_delay
LIH,7,135,5.6,5.574626865671642,79,33.77215189873418,31.49367088607595,10,108.9,102.2,late_aircraft_delay,carrier_delay,nas_delay
LIH,8,122,6.090163934426229,0.3114754098360656,40,30.025,23.275,11,184.72727272727272,184.0909090909091,late_aircraft_delay,carrier_delay,nas_delay
LIH,9,85,5.517647058823529,1.035294117647059,39,30.76923076923077,26.07894736842105,7,400.14285714285717,450.6666666666667,late_aircraft_delay,carrier_delay,nas_delay
LIH,10,117,5.982905982905983,1.376068376068376,44,26.136363636363637,23.181818181818183,12,106.08333333333333,101.25,late_aircraft_delay,carrier_delay,nas_delay
LIH,11,80,5.925,0.9,29,28.655172413793103,21.344827586206897,12,86.25,78.9090909090909,late_aircraft_delay,carrier_delay,nas_delay
LIH,12,112,5.642857142857143,0.7589285714285714,51,28.705882352941178,22.568627450980394,15,216.2,206.2,late_aircraft_delay,carrier_delay,nas_delay
LIT,1,56,7.303571428571429,2.6785714285714284,60,32.61666666666667,28.133333333333333,45,136.44444444444446,138.73333333333332,nas_delay,late_aircraft_delay,carrier_delay
LIT,2,45,5.955555555555556,2.0,30,28.966666666666665,23.966666666666665,11,223.45454545454547,212.9090909090909,nas_delay,late_aircraft_delay,carrier_delay
LIT,3,61,5.60655737704918,2.557377049180328,47,30.93617021276596,26.29787234042553,40,127.45,125.85,late_aircraft_delay,nas_delay,carrier_delay
LIT,4,72,6.722222222222222,0.18309859154929578,63,28.746031746031747,23.095238095238095,40,208.425,217.05263157894737,carrier_delay,late_aircraft_delay,nas_delay
LIT,5,109,6.08256880733945,2.2685185185185186,93,31.333333333333332,28.25,70,165.8,175.1014492753623,nas_delay,late_aircraft_delay,carrier_delay
LIT,6,96,5.666666666666667,3.0842105263157893,84,31.654761904761905,28.38095238095238,60,159.13333333333333,160.53333333333333,late_aircraft_delay,carrier_delay,nas_delay
LIT,7,119,6.361344537815126,4.605042016806722,112,31.428571428571427,32.125,61,161.62295081967213,163.49180327868854,nas_delay,late_aircraft_delay,carrier_delay
LIT,8,80,5.7,-0.3924050632911392,62,31.677419354838708,28.35483870967742,24,215.5,211.45833333333334,carrier_delay,late_aircraft_delay,nas_delay
LIT,9,75,6.253333333333333,0.2,55,30.581818181818182,24.472727272727273,28,182.89285714285714,181.82142857142858,nas_delay,carrier_delay,late_aircraft_delay
LIT,10,93,6.774193548387097,1.5483870967741935,48,33.229166666666664,25.375,20,261.9,259.8,late_aircraft_delay,carrier_delay,nas_delay
LIT,11,53,7.037735849056604,2.490566037735849,40,30.325,25.325,20,145.0,138.42105263157896,nas_delay,carrier_delay,late_aircraft_delay
LIT,12,86,6.744186046511628,0.9418604651162791,79,30.481012658227847,25.063291139240505,33,119.51515151515152,117.57575757575758,carrier_delay,late_aircraft_delay,nas_delay
LNK,1,6,5.666666666666667,1.0,5,26.0,30.8,5,126.2,139.2,late_aircraft_delay,nas_delay,carrier_delay
LNK,2,1,14.0,-4.0,2,18.5,10.5,0,"","",Nessuna,Nessuna,Nessuna
LNK,3,4,5.75,5.25,0,"","",1,497.0,476.0,carrier_delay,nas_delay,Nessuna
LNK,4,2,6.5,3.0,3,51.0,48.666666666666664,8,380.875,374.5,carrier_delay,late_aircraft_delay,nas_delay
LNK,5,8,5.875,-0.7142857142857143,10,32.1,40.1,14,217.42857142857142,219.69230769230768,nas_delay,late_aircraft_delay,carrier_delay
LNK,6,10,6.0,-2.9,9,37.44444444444444,27.0,8,154.5,147.375,carrier_delay,late_aircraft_delay,nas_delay
LNK,7,8,5.625,9.75,14,31.428571428571427,29.642857142857142,13,167.53846153846155,153.76923076923077,carrier_delay,late_aircraft_delay,nas_delay
LNK,8,15,6.6,2.1333333333333333,16,35.3125,31.25,13,183.07692307692307,175.23076923076923,carrier_delay,nas_delay,late_aircraft_delay
LNK,9,12,7.833333333333333,-3.5,5,38.4,27.0,9,253.0,241.77777777777777,carrier_delay,late_aircraft_delay,nas_delay
LNK,10,8,3.625,-0.375,3,42.0,30.666666666666668,4,114.5,87.75,carrier_delay,weather_delay,canc_B
LNK,11,13,5.230769230769231,-6.461538461538462,9,28.0,16.0,4,143.75,146.75,carrier_delay,nas_delay,late_aircraft_delay
LNK,12,10,5.0,0.2,8,36.875,31.875,8,173.75,154.5,carrier_delay,late_aircraft_delay,nas_delay
LRD,1,7,4.857142857142857,1.5714285714285714,8,22.625,29.75,7,145.57142857142858,137.57142857142858,late_aircraft_delay,nas_delay,carrier_delay
LRD,2,3,4.0,1.0,9,31.666666666666668,36.333333333333336,2,150.0,150.5,late_aircraft_delay,nas_delay,carrier_delay
LRD,3,4,5.5,6.25,8,27.0,30.5,6,144.16666666666666,137.0,late_aircraft_delay,nas_delay,canc_B
LRD,4,10,6.5,-1.6,7,42.285714285714285,36.714285714285715,11,119.9090909090909,118.72727272727273,late_aircraft_delay,nas_delay,carrier_delay
LRD,5,10,8.9,5.9,10,29.9,22.8,11,208.1818181818182,218.1,late_aircraft_delay,nas_delay,canc_B
LRD,6,17,7.647058823529412,4.882352941176471,15,32.2,26.8,4,115.75,111.25,late_aircraft_delay,nas_delay,carrier_delay
LRD,7,14,8.0,6.785714285714286,11,39.45454545454545,43.09090909090909,10,272.0,268.4,late_aircraft_delay,nas_delay,carrier_delay
LRD,8,6,6.0,-0.3333333333333333,10,30.3,29.0,3,142.33333333333334,134.66666666666666,late_aircraft_delay,nas_delay,carrier_delay
LRD,9,11,6.181818181818182,1.9090909090909092,6,37.166666666666664,31.166666666666668,0,"","",late_aircraft_delay,nas_delay,carrier_delay
LRD,10,7,8.285714285714286,-1.2857142857142858,4,30.75,28.0,5,140.2,140.0,late_aircraft_delay,carrier_delay,nas_delay
LRD,11,6,5.666666666666667,0.5,4,22.5,15.5,10,129.5,125.1,late_aircraft_delay,nas_delay,carrier_delay
LRD,12,8,7.625,9.5,5,25.6,21.4,6,181.66666666666666,187.5,nas_delay,late_aircraft_delay,carrier_delay
LSE,1,0,"","",2,28.5,5.5,0,"","",canc_B,Nessuna,Nessuna
LSE,2,1,1.0,-21.0,0,"","",0,"","",Nessuna,Nessuna,Nessuna
LSE,5,4,7.5,3.75,2,41.0,36.0,5,136.2,158.0,late_aircraft_delay,nas_delay,carrier_delay
LSE,6,1,13.0,12.0,0,"","",0,"","",Nessuna,Nessuna,Nessuna
LSE,7,0,"","",4,28.25,25.25,3,178.0,167.33333333333334,late_aircraft_delay,carrier_delay,nas_delay
LSE,8,4,5.75,2.5,1,44.0,36.0,2,227.5,221.0,carrier_delay,nas_delay,canc_B
LSE,9,3,6.0,6.333333333333333,1,38.0,96.0,1,62.0,58.0,nas_delay,carrier_delay,late_aircraft_delay
LSE,10,1,3.0,-4.0,1,17.0,17.0,2,95.5,88.0,carrier_delay,late_aircraft_delay,nas_delay
LSE,11,1,10.0,0.0,1,21.0,21.0,1,134.0,144.0,nas_delay,late_aircraft_delay,canc_A
LSE,12,0,"","",1,15.0,26.0,0,"","",nas_delay,late_aircraft_delay,Nessuna
LWS,1,7,7.428571428571429,16.0,11,33.81818181818182,21.363636363636363,6,182.66666666666666,191.83333333333334,carrier_delay,nas_delay,late_aircraft_delay
LWS,2,5,4.8,-4.0,3,26.333333333333332,20.0,5,158.4,149.4,carrier_delay,nas_delay,weather_delay
LWS,3,3,7.333333333333333,6.333333333333333,2,32.0,23.5,2,155.5,161.0,carrier_delay,nas_delay,late_aircraft_delay
LWS,4,1,4.0,-11.0,0,"","",3,89.0,77.33333333333333,carrier_delay,weather_delay,Nessuna
LWS,5,4,6.0,2.25,4,31.75,27.25,0,"","",carrier_delay,nas_delay,weather_delay
LWS,6,3,10.0,5.0,1,15.0,-4.0,0,"","",Nessuna,Nessuna,Nessuna
LWS,7,6,6.333333333333333,0.8333333333333334,4,37.0,28.5,3,447.0,437.6666666666667,carrier_delay,weather_delay,Nessuna
LWS,8,5,6.0,2.0,2,20.5,10.0,1,111.0,104.0,carrier_delay,nas_delay,Nessuna
LWS,9,1,4.0,25.0,1,52.0,42.0,1,75.0,64.0,carrier_delay,nas_delay,late_aircraft_delay
LWS,10,3,5.333333333333333,-5.333333333333333,6,24.333333333333332,18.833333333333332,0,"","",carrier_delay,nas_delay,security_delay
LWS,11,2,4.5,1.0,1,54.0,24.0,0,"","",carrier_delay,Nessuna,Nessuna
LWS,12,6,8.666666666666666,2.3333333333333335,1,57.0,89.0,2,311.0,295.5,carrier_delay,weather_delay,nas_delay
MAF,1,37,7.135135135135135,2.135135135135135,30,35.96666666666667,33.63333333333333,23,143.7826086956522,146.43478260869566,late_aircraft_delay,nas_delay,carrier_delay
MAF,2,31,4.67741935483871,-0.2903225806451613,20,35.6,32.05,6,164.33333333333334,160.16666666666666,nas_delay,late_aircraft_delay,carrier_delay
MAF,3,49,5.530612244897959,1.1428571428571428,33,30.545454545454547,29.393939393939394,23,142.7391304347826,136.43478260869566,late_aircraft_delay,nas_delay,carrier_delay
MAF,4,30,6.033333333333333,3.2666666666666666,37,37.78378378378378,34.4054054054054,25,143.56,144.76,late_aircraft_delay,carrier_delay,nas_delay
MAF,5,77,6.441558441558442,5.025974025974026,64,35.21875,33.5,52,174.44230769230768,177.55769230769232,nas_delay,carrier_delay,late_aircraft_delay
MAF,6,50,6.48,3.673469387755102,71,30.464788732394368,28.485714285714284,47,136.36170212765958,136.62222222222223,carrier_delay,late_aircraft_delay,nas_delay
MAF,7,64,6.859375,5.875,70,31.185714285714287,28.714285714285715,33,168.6060606060606,166.3939393939394,late_aircraft_delay,carrier_delay,nas_delay
MAF,8,42,5.761904761904762,3.9761904761904763,40,30.9,29.384615384615383,19,143.3684210526316,137.0,late_aircraft_delay,nas_delay,carrier_delay
MAF,9,47,5.8936170212765955,1.7446808510638299,34,32.588235294117645,26.941176470588236,16,165.75,158.3125,carrier_delay,late_aircraft_delay,nas_delay
MAF,10,41,6.073170731707317,4.829268292682927,17,30.058823529411764,22.41176470588235,10,148.5,140.0,nas_delay,carrier_delay,late_aircraft_delay
MAF,11,51,6.568627450980392,2.0,23,29.608695652173914,22.347826086956523,17,129.88235294117646,124.23529411764706,nas_delay,late_aircraft_delay,carrier_delay
MAF,12,47,7.659574468085107,3.0,36,28.27777777777778,25.457142857142856,31,166.8709677419355,165.74193548387098,nas_delay,late_aircraft_delay,carrier_delay
MBS,1,9,5.0,13.125,13,37.84615384615385,52.76923076923077,19,161.10526315789474,159.52631578947367,nas_delay,carrier_delay,weather_delay
MBS,2,6,6.166666666666667,-6.833333333333333,5,38.2,45.6,5,256.6,247.0,carrier_delay,nas_delay,weather_delay
MBS,3,7,5.571428571428571,6.571428571428571,3,18.333333333333332,19.666666666666668,7,236.71428571428572,226.42857142857142,carrier_delay,nas_delay,late_aircraft_delay
MBS,4,5,6.4,-5.0,6,36.0,36.166666666666664,8,126.375,129.5,carrier_delay,nas_delay,late_aircraft_delay
MBS,5,2,5.0,6.5,8,26.75,23.25,11,117.81818181818181,124.18181818181819,nas_delay,late_aircraft_delay,carrier_delay
MBS,6,10,7.7,3.6,8,34.5,29.875,8,225.625,224.25,carrier_delay,nas_delay,weather_delay
MBS,7,8,7.0,0.75,11,33.72727272727273,25.545454545454547,8,103.0,106.5,carrier_delay,nas_delay,late_aircraft_delay
MBS,8,15,7.333333333333333,1.6,6,32.833333333333336,26.833333333333332,9,164.66666666666666,164.88888888888889,carrier_delay,nas_delay,late_aircraft_delay
MBS,9,6,7.833333333333333,11.5,8,40.25,35.125,5,91.4,93.2,carrier_delay,late_aircraft_delay,weather_delay
MBS,10,11,8.909090909090908,4.2727272727272725,4,27.75,25.5,11,190.0909090909091,182.54545454545453,carrier_delay,nas_delay,weather_delay
MBS,11,13,6.538461538461538,8.76923076923077,8,35.125,26.75,6,166.33333333333334,162.0,carrier_delay,nas_delay,weather_delay
MBS,12,13,6.230769230769231,6.0,16,32.4375,34.375,14,153.78571428571428,158.5,nas_delay,carrier_delay,weather_delay
MCI,1,343,6.314868804664723,5.501457725947522,265,30.70188679245283,32.26792452830189,161,147.6583850931677,158.93167701863354,nas_delay,late_aircraft_delay,carrier_delay
MCI,2,277,5.483754512635379,-1.2166064981949458,152,29.263157894736842,24.721854304635762,68,160.33823529411765,155.43283582089552,nas_delay,late_aircraft_delay,carrier_delay
MCI,3,349,5.71919770773639,-2.2283236994219653,233,31.1931330472103,24.03862660944206,93,150.89247311827958,149.1720430107527,late_aircraft_delay,nas_delay,carrier_delay
MCI,4,398,5.9045226130653266,-0.48614609571788414,247,31.14574898785425,24.682926829268293,111,158.12612612612614,156.07207207207207,late_aircraft_delay,nas_delay,carrier_delay
MCI,5,480,5.514583333333333,1.1607515657620042,284,30.975352112676056,27.565371024734983,177,135.71751412429379,132.6918604651163,late_aircraft_delay,nas_delay,carrier_delay
MCI,6,458,6.299126637554585,2.039473684210526,331,30.468277945619334,26.258358662613983,137,151.96350364963504,148.26666666666668,late_aircraft_delay,carrier_delay,nas_delay
MCI,7,418,6.217703349282297,2.394230769230769,350,31.034285714285716,29.089080459770116,203,152.58620689655172,150.5742574257426,late_aircraft_delay,nas_delay,carrier_delay
MCI,8,341,5.674486803519062,1.2463343108504399,249,29.859437751004016,25.475806451612904,135,138.77777777777777,136.25563909774436,late_aircraft_delay,nas_delay,carrier_delay
MCI,9,322,5.748447204968944,0.675,165,29.55757575757576,23.73939393939394,62,147.09677419354838,139.09677419354838,nas_delay,late_aircraft_delay,carrier_delay
MCI,10,350,5.914285714285715,-0.6446991404011462,145,29.875862068965517,23.220689655172414,57,166.80701754385964,160.12280701754386,late_aircraft_delay,nas_delay,carrier_delay
MCI,11,307,5.260586319218241,-1.1140065146579805,168,29.511904761904763,20.583333333333332,67,147.38805970149255,141.44776119402985,carrier_delay,late_aircraft_delay,nas_delay
MCI,12,365,5.887671232876713,-3.0767123287671234,255,28.2078431372549,17.48627450980392,93,133.6451612903226,123.65934065934066,carrier_delay,late_aircraft_delay,nas_delay
MCO,1,1484,6.377358490566038,1.5736486486486487,1259,30.52263701350278,25.9976057462091,602,157.02325581395348,153.6677796327212,carrier_delay,nas_delay,late_aircraft_delay
MCO,2,1259,6.237490071485306,2.054980079681275,891,30.099887766554435,26.032584269662923,396,126.46212121212122,120.67424242424242,nas_delay,carrier_delay,late_aircraft_delay
MCO,3,1520,6.366447368421053,4.02437417654809,1429,31.87823652904129,29.820153953813858,926,137.74298056155507,136.85945945945946,nas_delay,late_aircraft_delay,carrier_delay
MCO,4,1356,6.0553097345132745,1.000738552437223,956,30.65899581589958,24.32494758909853,523,146.79541108986615,140.92514395393474,carrier_delay,nas_delay,late_aircraft_delay
MCO,5,1335,6.133333333333334,2.910188679245283,1245,32.16787148594378,30.702333065164925,732,135.14617486338798,135.17283950617283,nas_delay,carrier_delay,late_aircraft_delay
MCO,6,1266,6.162717219589258,-0.24722662440570523,1112,32.66546762589928,26.705405405405404,849,146.24028268551237,141.39593301435406,late_aircraft_delay,carrier_delay,nas_delay
MCO,7,1305,6.3272030651341,2.2019969278033793,1268,32.738170347003155,28.556521739130435,1034,150.4284332688588,146.505859375,late_aircraft_delay,carrier_delay,nas_delay
MCO,8,1089,6.1965105601469235,1.4119815668202764,1077,32.89600742804085,29.797763280521902,748,137.30614973262033,133.19194630872482,late_aircraft_delay,nas_delay,carrier_delay
MCO,9,942,5.834394904458598,0.6261980830670927,640,30.325,26.173708920187792,245,125.01224489795918,120.8,nas_delay,carrier_delay,late_aircraft_delay
MCO,10,1014,6.050295857988166,-1.6999012833168805,612,28.787581699346404,20.414075286415713,206,129.3640776699029,120.36893203883496,carrier_delay,canc_B,late_aircraft_delay
MCO,11,1120,5.914285714285715,-2.4168157423971377,679,29.920471281296024,22.410029498525073,281,128.18505338078293,121.93571428571428,carrier_delay,nas_delay,late_aircraft_delay
MCO,12,1442,6.378640776699029,-0.40221914008321774,1014,30.464497041420117,21.98711595639247,558,133.8100358422939,127.68345323741008,late_aircraft_delay,carrier_delay,nas_delay
MCW,1,3,9.0,16.666666666666668,4,39.25,18.0,4,186.5,181.0,late_aircraft_delay,canc_B,nas_delay
MCW,2,1,2.0,-36.0,0,"","",0,"","",canc_B,Nessuna,Nessuna
MCW,3,0,"","",4,38.75,46.75,2,97.0,91.5,late_aircraft_delay,nas_delay,carrier_delay
MCW,4,0,"","",2,33.0,28.5,2,481.0,474.5,late_aircraft_delay,canc_A,carrier_delay
MCW,5,4,6.0,8.25,1,28.0,30.0,3,233.66666666666666,228.33333333333334,nas_delay,late_aircraft_delay,carrier_delay
MCW,6,1,10.0,21.0,1,18.0,9.0,2,78.5,71.5,late_aircraft_delay,nas_delay,Nessuna
MCW,7,5,8.2,15.6,4,46.5,53.25,4,80.25,79.25,late_aircraft_delay,nas_delay,carrier_delay
MCW,8,2,10.0,5.0,7,32.857142857142854,38.42857142857143,4,190.0,182.0,late_aircraft_delay,nas_delay,carrier_delay
MCW,9,0,"","",0,"","",3,115.33333333333333,103.66666666666667,late_aircraft_delay,nas_delay,Nessuna
MCW,10,0,"","",0,"","",0,"","",carrier_delay,Nessuna,Nessuna
MCW,11,3,7.0,13.333333333333334,1,55.0,67.0,5,435.6,432.2,late_aircraft_delay,nas_delay,carrier_delay
MCW,12,1,11.0,4.0,0,"","",0,"","",canc_B,Nessuna,Nessuna
MDT,1,25,6.32,8.625,12,35.916666666666664,34.916666666666664,18,186.66666666666666,181.66666666666666,nas_delay,late_aircraft_delay,carrier_delay
MDT,2,20,4.45,-15.15,15,28.533333333333335,18.4,13,141.92307692307693,132.92307692307693,carrier_delay,late_aircraft_delay,nas_delay
MDT,3,31,6.838709677419355,0.967741935483871,17,30.41176470588235,22.11764705882353,7,128.14285714285714,120.85714285714286,late_aircraft_delay,nas_delay,carrier_delay
MDT,4,30,6.833333333333333,-3.066666666666667,22,34.81818181818182,28.636363636363637,8,133.75,131.625,carrier_delay,late_aircraft_delay,nas_delay
MDT,5,32,6.71875,1.28125,32,33.40625,31.90625,24,147.875,142.16666666666666,late_aircraft_delay,nas_delay,carrier_delay
MDT,6,37,6.0,-0.35135135135135137,32,30.5625,22.4375,26,214.46153846153845,210.1153846153846,carrier_delay,late_aircraft_delay,nas_delay
MDT,7,38,5.421052631578948,1.6842105263157894,35,34.97142857142857,31.914285714285715,36,150.33333333333334,153.30555555555554,carrier_delay,late_aircraft_delay,nas_delay
MDT,8,43,6.604651162790698,6.27906976744186,32,27.8125,32.064516129032256,20,146.0,144.8,carrier_delay,nas_delay,late_aircraft_delay
MDT,9,28,7.571428571428571,2.857142857142857,24,32.208333333333336,27.0,15,140.06666666666666,131.46666666666667,carrier_delay,late_aircraft_delay,nas_delay
MDT,10,38,5.631578947368421,-2.3684210526315788,21,28.38095238095238,17.80952380952381,12,164.5,155.41666666666666,carrier_delay,late_aircraft_delay,nas_delay
MDT,11,31,5.516129032258065,-2.4838709677419355,17,32.23529411764706,21.176470588235293,14,110.42857142857143,94.07142857142857,carrier_delay,late_aircraft_delay,nas_delay
MDT,12,43,6.372093023255814,3.2093023255813953,31,30.032258064516128,23.93548387096774,24,122.25,116.375,carrier_delay,nas_delay,late_aircraft_delay
MDW,1,677,6.199409158050222,1.5716395864106352,533,30.606003752345217,26.25187969924812,209,143.08612440191388,141.25728155339806,late_aircraft_delay,carrier_delay,nas_delay
MDW,2,577,5.9896013864818025,-3.0155979202772962,263,28.182509505703422,19.425855513307983,72,135.16666666666666,126.23611111111111,carrier_delay,nas_delay,late_aircraft_delay
MDW,3,793,6.1197982345523325,-1.6641318124207858,626,30.202875399361023,21.81540930979133,197,123.49746192893402,117.56345177664974,late_aircraft_delay,carrier_delay,nas_delay
MDW,4,797,6.023839397741531,-0.13584905660377358,586,30.517064846416382,24.36239316239316,172,136.59883720930233,131.9593023255814,late_aircraft_delay,carrier_delay,nas_delay
MDW,5,859,6.2072176949941795,2.11137162954279,820,30.840243902439024,28.13686806411837,378,115.7010582010582,114.14854111405836,late_aircraft_delay,carrier_delay,nas_delay
MDW,6,1004,6.594621513944223,1.3907815631262526,921,30.220412595005428,26.3921139101862,332,126.64759036144578,126.17824773413898,carrier_delay,late_aircraft_delay,nas_delay
MDW,7,1063,6.538099717779868,1.295004712535344,993,30.65558912386707,26.238336713995942,388,124.95103092783505,120.95336787564767,late_aircraft_delay,carrier_delay,nas_delay
MDW,8,921,6.248642779587405,-0.0957562568008705,664,30.43975903614458,25.69335347432024,236,110.8177966101695,108.06808510638298,late_aircraft_delay,carrier_delay,nas_delay
MDW,9,856,5.84696261682243,-1.1345029239766082,469,28.680170575692962,21.74145299145299,93,115.6236559139785,109.43956043956044,carrier_delay,late_aircraft_delay,nas_delay
MDW,10,790,5.953164556962025,-3.692503176620076,396,28.585858585858585,18.053299492385786,84,107.71428571428571,96.05952380952381,carrier_delay,late_aircraft_delay,nas_delay
MDW,11,639,6.031298904538341,-3.105015673981191,309,28.54368932038835,21.058252427184467,119,139.18487394957984,131.91596638655463,carrier_delay,late_aircraft_delay,nas_delay
MDW,12,751,6.186418109187749,-3.2981283422459895,546,30.457875457875456,22.360294117647058,158,106.89873417721519,100.3375796178344,carrier_delay,late_aircraft_delay,nas_delay
MEI,1,2,9.0,-12.5,2,23.5,-1.0,2,80.0,46.5,canc_B,carrier_delay,Nessuna
MEI,2,0,"","",1,23.0,-16.0,3,169.0,146.66666666666666,late_aircraft_delay,Nessuna,Nessuna
MEI,3,0,"","",2,30.5,38.5,1,196.0,174.0,nas_delay,canc_B,weather_delay
MEI,4,1,12.0,12.0,2,36.0,38.0,2,414.5,406.0,carrier_delay,nas_delay,late_aircraft_delay
MEI,5,2,1.5,5.0,3,30.333333333333332,40.0,4,141.0,171.0,nas_delay,late_aircraft_delay,weather_delay
MEI,6,3,3.6666666666666665,8.333333333333334,1,21.0,31.0,3,598.0,599.0,carrier_delay,nas_delay,late_aircraft_delay
MEI,7,1,1.0,-6.0,2,31.5,55.5,4,109.0,104.5,carrier_delay,nas_delay,canc_B
MEI,8,3,6.666666666666667,13.666666666666666,5,29.0,23.4,0,"","",nas_delay,carrier_delay,late_aircraft_delay
MEI,9,1,14.0,24.0,0,"","",1,122.0,121.0,carrier_delay,nas_delay,late_aircraft_delay
MEI,10,0,"","",2,41.0,32.5,1,89.0,93.0,carrier_delay,nas_delay,Nessuna
MEI,11,1,2.0,55.0,0,"","",1,61.0,73.0,carrier_delay,nas_delay,Nessuna
MEI,12,5,7.4,4.8,6,30.333333333333332,35.0,0,"","",nas_delay,carrier_delay,late_aircraft_delay
MEM,1,96,5.489583333333333,1.9791666666666667,95,32.473684210526315,30.57894736842105,63,212.14285714285714,220.74603174603175,nas_delay,late_aircraft_delay,carrier_delay
MEM,2,74,7.094594594594595,0.5135135135135135,53,32.283018867924525,24.39622641509434,24,178.20833333333334,172.70833333333334,nas_delay,carrier_delay,late_aircraft_delay
MEM,3,107,6.457943925233645,-0.24528301886792453,95,31.642105263157895,22.88421052631579,43,168.7906976744186,169.04651162790697,late_aircraft_delay,nas_delay,carrier_delay
MEM,4,119,6.0588235294117645,-0.5798319327731093,86,30.546511627906977,23.72093023255814,45,232.11111111111111,224.55555555555554,carrier_delay,late_aircraft_delay,nas_delay
MEM,5,151,6.503311258278146,0.8571428571428571,142,30.133802816901408,24.914893617021278,96,177.11458333333334,179.96808510638297,carrier_delay,late_aircraft_delay,nas_delay
MEM,6,157,6.012738853503185,0.3076923076923077,131,31.732824427480917,28.00769230769231,89,168.65168539325842,163.05747126436782,carrier_delay,late_aircraft_delay,nas_delay
MEM,7,169,6.21301775147929,1.3964497041420119,154,30.662337662337663,25.194805194805195,124,177.55645161290323,175.22764227642276,carrier_delay,late_aircraft_delay,nas_delay
MEM,8,140,6.1571428571428575,1.4028776978417266,91,33.83516483516483,29.912087912087912,52,205.15384615384616,198.0,nas_delay,late_aircraft_delay,carrier_delay
MEM,9,125,6.016,0.712,77,29.558441558441558,25.83116883116883,32,172.625,172.83870967741936,nas_delay,carrier_delay,late_aircraft_delay
MEM,10,147,5.081632653061225,-2.7346938775510203,78,28.512820512820515,19.03846153846154,32,153.03125,144.21875,carrier_delay,nas_delay,late_aircraft_delay
MEM,11,136,5.955882352941177,-1.3235294117647058,73,32.342465753424655,28.561643835616437,38,137.07894736842104,133.97368421052633,nas_delay,carrier_delay,late_aircraft_delay
MEM,12,157,6.114649681528663,0.2802547770700637,106,30.547169811320753,23.285714285714285,51,204.2941176470588,203.27450980392157,nas_delay,carrier_delay,late_aircraft_delay
MFE,1,15,6.6,2.6666666666666665,20,30.65,27.0,11,275.72727272727275,269.6363636363636,late_aircraft_delay,nas_delay,carrier_delay
MFE,2,13,6.153846153846154,5.6923076923076925,11,30.363636363636363,28.818181818181817,5,175.4,175.0,nas_delay,late_aircraft_delay,carrier_delay
MFE,3,16,4.1875,1.0625,11,38.54545454545455,38.72727272727273,11,141.0,143.72727272727272,nas_delay,late_aircraft_delay,carrier_delay
MFE,4,11,8.181818181818182,13.090909090909092,17,32.1764705882353,34.8125,13,143.84615384615384,150.46153846153845,late_aircraft_delay,carrier_delay,nas_delay
MFE,5,17,8.941176470588236,14.470588235294118,17,31.058823529411764,28.764705882352942,39,177.15384615384616,179.78378378378378,nas_delay,carrier_delay,late_aircraft_delay
MFE,6,33,5.878787878787879,4.454545454545454,29,30.310344827586206,26.93103448275862,32,173.59375,177.9375,nas_delay,carrier_delay,late_aircraft_delay
MFE,7,32,6.4375,4.90625,35,31.485714285714284,35.48571428571429,33,173.4848484848485,174.8181818181818,carrier_delay,nas_delay,late_aircraft_delay
MFE,8,19,4.842105263157895,1.2222222222222223,15,30.133333333333333,29.733333333333334,24,181.54166666666666,179.58333333333334,carrier_delay,late_aircraft_delay,nas_delay
MFE,9,19,7.2631578947368425,6.684210526315789,16,33.875,29.5625,10,96.7,86.7,late_aircraft_delay,carrier_delay,nas_delay
MFE,10,12,5.666666666666667,0.75,14,35.785714285714285,32.285714285714285,3,279.3333333333333,284.3333333333333,late_aircraft_delay,nas_delay,carrier_delay
MFE,11,11,8.0,5.2727272727272725,22,36.13636363636363,31.045454545454547,17,139.35294117647058,145.7058823529412,late_aircraft_delay,nas_delay,carrier_delay
MFE,12,17,8.058823529411764,0.5882352941176471,16,34.6875,27.5625,17,138.8235294117647,159.41176470588235,carrier_delay,nas_delay,late_aircraft_delay
MFR,1,11,6.363636363636363,-2.272727272727273,14,30.142857142857142,18.714285714285715,9,246.88888888888889,238.88888888888889,carrier_delay,nas_delay,weather_delay
MFR,2,15,5.066666666666666,-1.3333333333333333,12,28.833333333333332,18.333333333333332,12,128.58333333333334,133.25,nas_delay,late_aircraft_delay,carrier_delay
MFR,3,21,6.9523809523809526,-1.619047619047619,14,32.57142857142857,19.928571428571427,11,188.54545454545453,184.45454545454547,nas_delay,carrier_delay,late_aircraft_delay
MFR,4,9,5.777777777777778,2.888888888888889,8,30.125,21.875,9,221.44444444444446,215.44444444444446,carrier_delay,nas_delay,late_aircraft_delay
MFR,5,23,5.739130434782608,0.391304347826087,17,34.8235294117647,35.0,10,139.1,133.4,nas_delay,carrier_delay,late_aircraft_delay
MFR,6,31,7.096774193548387,4.193548387096774,21,28.523809523809526,21.761904761904763,10,80.8,76.7,carrier_delay,nas_delay,late_aircraft_delay
MFR,7,28,6.964285714285714,-1.0357142857142858,19,29.68421052631579,26.263157894736842,21,119.61904761904762,115.47619047619048,carrier_delay,late_aircraft_delay,nas_delay
MFR,8,21,6.571428571428571,2.6666666666666665,10,30.8,25.4,7,176.85714285714286,173.28571428571428,carrier_delay,nas_delay,late_aircraft_delay
MFR,9,22,5.863636363636363,5.545454545454546,17,27.0,21.529411764705884,11,129.9090909090909,125.63636363636364,carrier_delay,nas_delay,late_aircraft_delay
MFR,10,20,5.5,0.2,17,26.941176470588236,26.529411764705884,5,119.2,120.8,carrier_delay,nas_delay,late_aircraft_delay
MFR,11,15,5.8,4.733333333333333,10,34.2,31.6,11,302.90909090909093,301.3636363636364,carrier_delay,nas_delay,weather_delay
MFR,12,29,5.206896551724138,-2.2758620689655173,16,38.0625,26.8125,13,271.6923076923077,249.16666666666666,carrier_delay,late_aircraft_delay,nas_delay
MGM,1,21,5.857142857142857,1.5714285714285714,17,34.0,35.88235294117647,8,280.875,272.75,carrier_delay,late_aircraft_delay,nas_delay
MGM,2,12,4.666666666666667,-2.8333333333333335,9,30.88888888888889,22.11111111111111,6,156.66666666666666,149.33333333333334,late_aircraft_delay,carrier_delay,nas_delay
MGM,3,11,4.545454545454546,2.6363636363636362,11,29.272727272727273,25.181818181818183,4,134.0,128.0,nas_delay,late_aircraft_delay,carrier_delay
MGM,4,17,6.0,0.35294117647058826,4,21.5,28.0,6,131.33333333333334,122.5,nas_delay,carrier_delay,late_aircraft_delay
MGM,5,8,5.25,6.75,8,33.25,33.75,9,338.8888888888889,339.22222222222223,carrier_delay,nas_delay,weather_delay
MGM,6,6,6.166666666666667,0.6666666666666666,16,32.125,20.866666666666667,6,177.5,166.5,carrier_delay,late_aircraft_delay,nas_delay
MGM,7,20,8.9,6.1,12,29.75,28.0,20,110.4,114.7,nas_delay,late_aircraft_delay,carrier_delay
MGM,8,14,5.357142857142857,3.4285714285714284,12,30.25,21.916666666666668,5,129.8,130.4,carrier_delay,late_aircraft_delay,nas_delay
MGM,9,15,6.266666666666667,3.933333333333333,7,32.57142857142857,28.714285714285715,8,161.75,107.14285714285714,late_aircraft_delay,nas_delay,carrier_delay
MGM,10,9,3.3333333333333335,-8.777777777777779,11,34.45454545454545,26.09090909090909,3,80.33333333333333,82.0,late_aircraft_delay,nas_delay,carrier_delay
MGM,11,22,5.7272727272727275,-2.772727272727273,19,32.421052631578945,29.42105263157895,3,131.66666666666666,155.5,carrier_delay,nas_delay,late_aircraft_delay
MGM,12,19,6.473684210526316,0.5,22,35.36363636363637,27.636363636363637,11,154.8181818181818,151.54545454545453,carrier_delay,nas_delay,late_aircraft_delay
MGW,12,1,11.0,5.0,1,23.0,33.0,6,254.83333333333334,239.66666666666666,carrier_delay,late_aircraft_delay,nas_delay
MHK,1,5,9.0,9.6,8,32.375,29.25,3,145.33333333333334,143.33333333333334,late_aircraft_delay,nas_delay,weather_delay
MHK,2,3,4.666666666666667,8.333333333333334,1,15.0,-11.0,0,"","",nas_delay,carrier_delay,Nessuna
MHK,3,3,8.333333333333334,-4.333333333333333,4,24.75,12.75,1,656.0,642.0,carrier_delay,canc_B,late_aircraft_delay
MHK,4,4,6.0,-13.25,1,46.0,38.0,3,102.66666666666667,39.5,carrier_delay,late_aircraft_delay,nas_delay
MHK,5,4,3.5,5.0,3,23.0,14.333333333333334,5,101.4,106.2,carrier_delay,late_aircraft_delay,nas_delay
MHK,6,6,6.0,-3.3333333333333335,6,30.166666666666668,45.5,2,294.0,290.0,late_aircraft_delay,nas_delay,carrier_delay
MHK,7,10,7.7,-6.2,3,33.666666666666664,26.0,3,105.66666666666667,97.0,nas_delay,late_aircraft_delay,carrier_delay
MHK,8,4,8.25,5.25,5,37.6,28.8,1,86.0,74.0,late_aircraft_delay,carrier_delay,nas_delay
MHK,9,3,3.3333333333333335,-9.0,3,24.666666666666668,-0.3333333333333333,1,83.0,68.0,nas_delay,carrier_delay,Nessuna
MHK,10,10,5.3,-10.9,3,20.333333333333332,-0.6666666666666666,1,147.0,148.0,nas_delay,late_aircraft_delay,Nessuna
MHK,11,9,6.666666666666667,-10.11111111111111,3,26.0,26.0,3,186.0,209.0,late_aircraft_delay,nas_delay,weather_delay
MHK,12,5,4.0,-12.0,3,25.0,13.333333333333334,1,132.0,118.0,canc_B,late_aircraft_delay,carrier_delay
MHT,1,29,4.862068965517241,-1.0,16,31.9375,24.625,16,147.5625,156.25,nas_delay,late_aircraft_delay,carrier_delay
MHT,2,16,5.9375,-5.0,16,29.6875,15.0,7,160.14285714285714,156.28571428571428,late_aircraft_delay,nas_delay,carrier_delay
MHT,3,32,7.25,-3.21875,29,30.482758620689655,28.448275862068964,16,182.0625,178.1875,nas_delay,late_aircraft_delay,carrier_delay
MHT,4,35,5.514285714285714,-0.6571428571428571,34,33.1764705882353,28.264705882352942,14,114.92857142857143,118.28571428571429,late_aircraft_delay,nas_delay,carrier_delay
MHT,5,32,5.03125,0.967741935483871,34,32.38235294117647,31.0,23,206.52173913043478,207.2608695652174,late_aircraft_delay,nas_delay,carrier_delay
MHT,6,33,6.515151515151516,-0.7575757575757576,22,31.954545454545453,29.318181818181817,14,144.21428571428572,136.0,late_aircraft_delay,carrier_delay,nas_delay
MHT,7,36,6.388888888888889,-0.22857142857142856,41,27.70731707317073,20.725,22,158.13636363636363,162.6818181818182,late_aircraft_delay,carrier_delay,nas_delay
MHT,8,41,5.2439024390243905,1.170731707317073,30,34.9,37.733333333333334,24,225.0,224.125,nas_delay,late_aircraft_delay,carrier_delay
MHT,9,25,7.16,-1.52,18,36.333333333333336,31.72222222222222,8,136.0,122.375,late_aircraft_delay,nas_delay,carrier_delay
MHT,10,44,6.431818181818182,-3.3636363636363638,30,27.466666666666665,16.333333333333332,16,125.25,115.5625,late_aircraft_delay,carrier_delay,nas_delay
MHT,11,31,5.806451612903226,-5.32258064516129,6,27.166666666666668,28.5,9,169.55555555555554,162.66666666666666,late_aircraft_delay,nas_delay,carrier_delay
MHT,12,19,5.526315789473684,-4.526315789473684,31,31.129032258064516,23.133333333333333,11,212.27272727272728,214.0,late_aircraft_delay,nas_delay,carrier_delay
MIA,1,999,6.314314314314315,1.3961693548387097,1088,31.70863970588235,28.69351851851852,503,150.3220675944334,147.0,carrier_delay,nas_delay,late_aircraft_delay
MIA,2,876,6.0,4.574857142857143,689,30.872278664731496,28.34156976744186,332,146.8765060240964,144.94259818731118,nas_delay,carrier_delay,late_aircraft_delay
MIA,3,976,6.269467213114754,3.7553956834532376,916,32.94650655021834,31.29585152838428,671,161.7317436661699,163.33781763826607,nas_delay,late_aircraft_delay,carrier_delay
MIA,4,816,6.10171568627451,0.9889162561576355,672,31.605654761904763,25.53283582089552,357,149.6778711484594,143.18130311614732,carrier_delay,nas_delay,late_aircraft_delay
MIA,5,913,6.307776560788609,3.0987925356750825,927,32.87702265372168,30.817297297297298,598,151.73076923076923,151.4924623115578,carrier_delay,late_aircraft_delay,nas_delay
MIA,6,750,6.3933333333333335,-0.6938502673796791,849,33.23203769140165,29.41322314049587,677,158.98227474150664,153.46996996996998,late_aircraft_delay,carrier_delay,nas_delay
MIA,7,808,6.23019801980198,0.7478152309612984,876,33.0513698630137,27.739380022962113,677,162.9675036927622,156.85267857142858,carrier_delay,late_aircraft_delay,nas_delay
MIA,8,704,6.2585227272727275,0.8605974395448079,796,33.518844221105525,29.564943253467845,702,144.2891737891738,139.22668579626972,late_aircraft_delay,carrier_delay,nas_delay
MIA,9,572,5.753496503496503,0.6451048951048951,432,30.72685185185185,26.104408352668212,203,138.52216748768473,135.97989949748742,nas_delay,carrier_delay,late_aircraft_delay
MIA,10,592,5.962837837837838,-2.55160744500846,432,31.27314814814815,22.558139534883722,181,127.08839779005525,117.78453038674033,carrier_delay,late_aircraft_delay,nas_delay
MIA,11,756,5.523809523809524,-4.075697211155378,477,31.448637316561843,21.59119496855346,220,129.97272727272727,119.86697247706422,carrier_delay,late_aircraft_delay,nas_delay
MIA,12,967,6.016546018614271,-1.4026915113871636,867,32.55247981545559,26.40740740740741,451,130.37472283813747,123.30337078651685,carrier_delay,late_aircraft_delay,nas_delay
MKE,1,186,5.483870967741935,5.389189189189189,129,33.310077519379846,31.162790697674417,100,176.0,177.68,nas_delay,carrier_delay,late_aircraft_delay
MKE,2,120,5.708333333333333,-2.375,109,32.63302752293578,19.146788990825687,31,224.29032258064515,216.29032258064515,nas_delay,late_aircraft_delay,carrier_delay
MKE,3,188,6.202127659574468,1.3297872340425532,158,32.563291139240505,28.28481012658228,90,145.93333333333334,142.76666666666668,late_aircraft_delay,nas_delay,carrier_delay
MKE,4,176,6.380681818181818,2.3579545454545454,94,30.414893617021278,23.462365591397848,72,189.26388888888889,187.48611111111111,late_aircraft_delay,carrier_delay,nas_delay
MKE,5,197,6.081218274111675,0.7806122448979592,127,31.275590551181104,27.52755905511811,99,159.72727272727272,161.17171717171718,late_aircraft_delay,nas_delay,carrier_delay
MKE,6,193,5.803108808290156,0.2916666666666667,137,30.16788321167883,27.16788321167883,87,153.7471264367816,150.80459770114942,late_aircraft_delay,nas_delay,carrier_delay
MKE,7,220,5.85,1.059090909090909,180,32.705555555555556,31.83240223463687,128,165.984375,167.064,late_aircraft_delay,carrier_delay,nas_delay
MKE,8,188,6.49468085106383,4.572192513368984,127,32.196850393700785,29.325396825396826,80,132.6375,131.275,nas_delay,late_aircraft_delay,carrier_delay
MKE,9,162,5.777777777777778,-1.5,101,29.91089108910891,25.07920792079208,51,194.3921568627451,190.94117647058823,carrier_delay,nas_delay,late_aircraft_delay
MKE,10,175,5.988571428571428,-2.8,93,30.93548387096774,23.516129032258064,47,209.3404255319149,199.31914893617022,carrier_delay,late_aircraft_delay,nas_delay
MKE,11,143,5.370629370629371,-2.762237762237762,97,32.855670103092784,25.45360824742268,36,151.72222222222223,145.77777777777777,carrier_delay,nas_delay,late_aircraft_delay
MKE,12,172,6.162790697674419,-1.1395348837209303,141,29.80851063829787,24.50354609929078,66,166.46969696969697,167.63636363636363,carrier_delay,nas_delay,late_aircraft_delay
MLB,1,12,4.583333333333333,-5.666666666666667,19,31.736842105263158,20.666666666666668,7,188.85714285714286,184.0,late_aircraft_delay,carrier_delay,nas_delay
MLB,2,9,5.111111111111111,-2.5555555555555554,10,35.0,30.6,2,139.5,138.5,late_aircraft_delay,nas_delay,carrier_delay
MLB,3,13,6.153846153846154,2.0,20,26.9,22.45,6,129.33333333333334,126.33333333333333,late_aircraft_delay,carrier_delay,nas_delay
MLB,4,11,6.0,-0.9090909090909091,10,30.4,27.3,8,199.25,192.875,carrier_delay,late_aircraft_delay,nas_delay
MLB,5,12,6.333333333333333,3.0,7,40.142857142857146,39.142857142857146,12,130.41666666666666,127.66666666666667,late_aircraft_delay,nas_delay,carrier_delay
MLB,6,13,7.0,-1.4615384615384615,6,35.333333333333336,21.666666666666668,7,114.57142857142857,103.57142857142857,late_aircraft_delay,carrier_delay,nas_delay
MLB,7,22,6.5,8.045454545454545,12,31.166666666666668,29.5,16,140.3125,158.25,nas_delay,late_aircraft_delay,carrier_delay
MLB,8,12,7.333333333333333,1.5833333333333333,16,35.0,26.75,9,101.22222222222223,120.88888888888889,carrier_delay,late_aircraft_delay,nas_delay
MLB,9,14,6.285714285714286,4.5,9,25.0,28.0,4,104.5,124.0,nas_delay,late_aircraft_delay,carrier_delay
MLB,10,7,3.857142857142857,9.857142857142858,2,18.5,15.0,4,108.5,95.25,canc_B,nas_delay,late_aircraft_delay
MLB,11,8,5.375,1.75,7,29.285714285714285,19.0,3,160.33333333333334,158.66666666666666,late_aircraft_delay,carrier_delay,nas_delay
MLB,12,19,7.578947368421052,4.7894736842105265,23,30.391304347826086,22.130434782608695,8,195.125,201.0,late_aircraft_delay,nas_delay,carrier_delay
MLI,1,19,5.0,7.2631578947368425,19,30.31578947368421,34.73684210526316,26,233.5,239.23076923076923,nas_delay,late_aircraft_delay,canc_B
MLI,2,10,6.2,1.9,9,31.666666666666668,25.77777777777778,7,282.14285714285717,270.42857142857144,carrier_delay,nas_delay,late_aircraft_delay
MLI,3,16,5.9375,2.125,17,30.352941176470587,23.529411764705884,11,134.8181818181818,141.27272727272728,nas_delay,late_aircraft_delay,carrier_delay
MLI,4,13,7.846153846153846,3.230769230769231,18,31.5,25.444444444444443,8,178.25,174.42857142857142,late_aircraft_delay,nas_delay,carrier_delay
MLI,5,24,5.583333333333333,3.1666666666666665,26,31.26923076923077,30.423076923076923,19,202.21052631578948,214.78947368421052,nas_delay,late_aircraft_delay,carrier_delay
MLI,6,21,7.0476190476190474,1.0952380952380953,21,36.857142857142854,32.95238095238095,10,155.2,155.0,late_aircraft_delay,nas_delay,carrier_delay
MLI,7,29,6.931034482758621,5.413793103448276,34,29.764705882352942,30.735294117647058,23,128.6086956521739,125.21739130434783,late_aircraft_delay,carrier_delay,nas_delay
MLI,8,16,5.875,7.4375,19,27.42105263157895,24.31578947368421,16,141.0625,137.25,nas_delay,late_aircraft_delay,carrier_delay
MLI,9,16,5.3125,3.25,15,35.266666666666666,32.0,11,137.54545454545453,144.45454545454547,nas_delay,late_aircraft_delay,carrier_delay
MLI,10,13,7.615384615384615,1.2307692307692308,13,32.30769230769231,32.0,4,193.25,187.0,carrier_delay,nas_delay,late_aircraft_delay
MLI,11,12,5.583333333333333,5.666666666666667,16,27.4375,21.8125,8,147.0,138.5,carrier_delay,nas_delay,late_aircraft_delay
MLI,12,28,5.428571428571429,-1.2142857142857142,19,35.21052631578947,19.333333333333332,15,218.26666666666668,215.8,late_aircraft_delay,nas_delay,carrier_delay
MLU,1,3,4.0,17.333333333333332,13,31.384615384615383,29.53846153846154,11,211.1818181818182,219.9090909090909,nas_delay,late_aircraft_delay,carrier_delay
MLU,2,4,6.25,10.25,2,40.5,56.5,2,86.5,72.0,late_aircraft_delay,nas_delay,weather_delay
MLU,3,9,6.555555555555555,2.0,12,34.416666666666664,25.666666666666668,4,129.5,128.0,late_aircraft_delay,nas_delay,carrier_delay
MLU,4,6,8.666666666666666,9.333333333333334,10,31.5,20.3,6,152.33333333333334,152.0,nas_delay,late_aircraft_delay,carrier_delay
MLU,5,16,7.3125,3.6875,4,28.0,26.25,8,147.0,150.375,nas_delay,late_aircraft_delay,weather_delay
MLU,6,10,7.7,-0.9,8,23.25,14.75,9,129.55555555555554,122.55555555555556,late_aircraft_delay,carrier_delay,nas_delay
MLU,7,11,7.0,0.2727272727272727,10,33.2,36.1,15,156.46666666666667,154.86666666666667,late_aircraft_delay,nas_delay,carrier_delay
MLU,8,8,6.875,5.5,4,29.5,35.5,5,212.4,198.8,late_aircraft_delay,carrier_delay,nas_delay
MLU,9,11,8.090909090909092,9.090909090909092,12,32.583333333333336,25.333333333333332,9,172.55555555555554,167.22222222222223,carrier_delay,late_aircraft_delay,nas_delay
MLU,10,9,3.888888888888889,-0.3333333333333333,4,45.5,33.5,1,467.0,456.0,carrier_delay,nas_delay,late_aircraft_delay
MLU,11,8,4.875,-2.375,3,45.0,33.0,10,211.2,211.4,late_aircraft_delay,carrier_delay,nas_delay
MLU,12,7,7.571428571428571,2.857142857142857,6,37.166666666666664,28.166666666666668,6,105.33333333333333,93.66666666666667,carrier_delay,nas_delay,late_aircraft_delay
MOB,1,14,4.428571428571429,-1.1428571428571428,11,32.27272727272727,28.2,7,194.71428571428572,182.71428571428572,late_aircraft_delay,carrier_delay,nas_delay
MOB,2,13,5.3076923076923075,1.1538461538461537,8,37.0,32.125,6,373.1666666666667,367.1666666666667,carrier_delay,nas_delay,late_aircraft_delay
MOB,3,6,7.833333333333333,8.333333333333334,14,34.357142857142854,28.785714285714285,7,75.57142857142857,76.66666666666667,late_aircraft_delay,nas_delay,carrier_delay
MOB,4,13,4.538461538461538,-4.384615384615385,8,20.375,30.25,0,"","",nas_delay,late_aircraft_delay,carrier_delay
MOB,5,21,6.285714285714286,10.238095238095237,11,36.45454545454545,40.63636363636363,7,196.28571428571428,207.14285714285714,nas_delay,late_aircraft_delay,carrier_delay
MOB,6,12,5.916666666666667,-1.3333333333333333,11,31.09090909090909,25.545454545454547,5,146.0,143.8,nas_delay,late_aircraft_delay,carrier_delay
MOB,7,14,5.142857142857143,-2.0714285714285716,12,36.75,33.416666666666664,15,125.33333333333333,123.4,late_aircraft_delay,carrier_delay,nas_delay
MOB,8,16,6.6875,-0.875,10,25.4,20.1,2,163.0,158.5,late_aircraft_delay,nas_delay,carrier_delay
MOB,9,13,6.461538461538462,0.9230769230769231,8,33.0,26.75,4,87.75,79.75,late_aircraft_delay,nas_delay,carrier_delay
MOB,10,9,7.444444444444445,1.5555555555555556,5,28.6,33.4,2,76.0,77.0,nas_delay,carrier_delay,late_aircraft_delay
MOB,11,17,4.882352941176471,-2.588235294117647,9,28.666666666666668,24.11111111111111,5,126.8,120.4,late_aircraft_delay,carrier_delay,nas_delay
MOB,12,17,7.117647058823529,0.11764705882352941,12,31.5,35.333333333333336,11,195.63636363636363,198.1818181818182,nas_delay,late_aircraft_delay,carrier_delay
MOT,1,11,6.818181818181818,1.2727272727272727,11,36.81818181818182,32.0,18,281.77777777777777,286.9375,nas_delay,carrier_delay,canc_B
MOT,2,11,5.090909090909091,-4.545454545454546,8,32.625,23.125,4,413.0,406.75,carrier_delay,nas_delay,weather_delay
MOT,3,11,5.363636363636363,2.8181818181818183,6,23.5,22.666666666666668,3,206.66666666666666,212.0,carrier_delay,nas_delay,canc_B
MOT,4,3,7.0,11.333333333333334,4,27.25,18.0,6,172.66666666666666,160.0,carrier_delay,nas_delay,late_aircraft_delay
MOT,5,9,4.0,-1.4444444444444444,9,30.11111111111111,17.77777777777778,5,137.6,134.8,carrier_delay,nas_delay,weather_delay
MOT,6,17,5.411764705882353,17.647058823529413,14,38.0,35.61538461538461,9,272.55555555555554,283.1111111111111,nas_delay,carrier_delay,weather_delay
MOT,7,10,6.4,5.0,11,40.54545454545455,37.81818181818182,9,188.55555555555554,185.0,carrier_delay,nas_delay,late_aircraft_delay
MOT,8,9,6.111111111111111,14.0,13,28.615384615384617,24.46153846153846,0,"","",carrier_delay,nas_delay,late_aircraft_delay
MOT,9,8,6.5,-0.75,11,34.54545454545455,28.636363636363637,3,329.3333333333333,332.3333333333333,carrier_delay,nas_delay,weather_delay
MOT,10,10,4.5,4.7,8,25.625,22.0,1,64.0,73.0,nas_delay,carrier_delay,late_aircraft_delay
MOT,11,20,5.7,6.35,7,37.714285714285715,59.285714285714285,9,236.0,235.77777777777777,carrier_delay,nas_delay,weather_delay
MOT,12,14,6.071428571428571,4.5,12,32.333333333333336,26.416666666666668,11,238.0909090909091,235.54545454545453,carrier_delay,nas_delay,weather_delay
MQT,1,2,8.5,-1.0,0,"","",1,65.0,44.0,canc_B,late_aircraft_delay,Nessuna
MQT,2,2,4.5,-9.5,0,"","",3,163.0,129.66666666666666,carrier_delay,late_aircraft_delay,nas_delay
MQT,3,2,6.0,5.0,1,24.0,5.0,0,"","",nas_delay,Nessuna,Nessuna
MQT,4,1,2.0,-7.0,3,45.333333333333336,37.666666666666664,3,368.0,362.6666666666667,carrier_delay,nas_delay,late_aircraft_delay
MQT,5,3,10.333333333333334,8.333333333333334,3,35.333333333333336,45.666666666666664,4,121.25,123.75,nas_delay,late_aircraft_delay,weather_delay
MQT,6,4,8.0,0.6666666666666666,6,40.0,37.666666666666664,3,211.33333333333334,226.0,carrier_delay,late_aircraft_delay,nas_delay
MQT,7,6,3.8333333333333335,3.1666666666666665,6,28.166666666666668,24.0,4,76.0,72.0,carrier_delay,late_aircraft_delay,nas_delay
MQT,8,5,8.0,8.75,10,28.5,28.5,4,157.5,167.0,nas_delay,carrier_delay,late_aircraft_delay
MQT,9,5,7.4,5.6,4,25.5,28.5,0,"","",carrier_delay,nas_delay,Nessuna
MQT,10,3,7.666666666666667,6.0,2,42.5,37.5,2,124.0,115.5,carrier_delay,nas_delay,late_aircraft_delay
MQT,11,3,10.333333333333334,-3.3333333333333335,7,41.714285714285715,36.142857142857146,1,97.0,79.0,carrier_delay,weather_delay,canc_B
MQT,12,3,8.666666666666666,-11.333333333333334,5,35.0,33.2,6,247.83333333333334,239.83333333333334,weather_delay,nas_delay,canc_B
MRY,1,13,6.923076923076923,4.153846153846154,16,27.5,21.375,10,138.6,128.2,late_aircraft_delay,nas_delay,carrier_delay
MRY,2,14,7.0,3.4285714285714284,9,33.333333333333336,32.0,11,150.0,146.0909090909091,late_aircraft_delay,nas_delay,carrier_delay
MRY,3,21,6.428571428571429,1.5714285714285714,15,31.733333333333334,31.733333333333334,4,578.5,580.25,nas_delay,carrier_delay,late_aircraft_delay
MRY,4,20,6.85,6.35,18,35.05555555555556,34.27777777777778,9,188.55555555555554,190.88888888888889,nas_delay,carrier_delay,late_aircraft_delay
MRY,5,20,4.7,2.15,23,31.08695652173913,29.26086956521739,10,118.4,136.8,late_aircraft_delay,nas_delay,carrier_delay
MRY,6,27,5.37037037037037,4.296296296296297,19,32.473684210526315,34.11764705882353,18,131.0,130.27777777777777,carrier_delay,late_aircraft_delay,nas_delay
MRY,7,29,6.931034482758621,6.035714285714286,30,29.7,29.866666666666667,16,288.75,293.25,nas_delay,late_aircraft_delay,carrier_delay
MRY,8,25,6.04,3.68,20,33.05,31.6,18,118.0,120.27777777777777,nas_delay,late_aircraft_delay,carrier_delay
MRY,9,29,7.448275862068965,3.586206896551724,18,37.55555555555556,34.111111111111114,10,221.6,215.3,carrier_delay,late_aircraft_delay,nas_delay
MRY,10,25,5.92,5.44,14,33.642857142857146,28.214285714285715,10,113.4,110.5,carrier_delay,late_aircraft_delay,nas_delay
MRY,11,23,7.217391304347826,5.608695652173913,20,32.4,30.05,12,145.91666666666666,139.75,late_aircraft_delay,carrier_delay,nas_delay
MRY,12,24,6.75,0.8333333333333334,18,30.944444444444443,28.61111111111111,15,228.0,221.46666666666667,carrier_delay,nas_delay,late_aircraft_delay
MSN,1,45,7.044444444444444,7.222222222222222,41,35.53658536585366,34.853658536585364,53,155.96226415094338,156.0188679245283,carrier_delay,nas_delay,late_aircraft_delay
MSN,2,27,5.0,-7.407407407407407,25,35.0,29.6,24,167.5,154.58333333333334,carrier_delay,nas_delay,late_aircraft_delay
MSN,3,38,6.921052631578948,4.631578947368421,46,34.41304347826087,26.26086956521739,30,264.3666666666667,253.16666666666666,nas_delay,carrier_delay,late_aircraft_delay
MSN,4,38,5.631578947368421,6.378378378378378,37,29.324324324324323,25.97222222222222,35,214.28571428571428,217.28571428571428,nas_delay,carrier_delay,late_aircraft_delay
MSN,5,44,6.318181818181818,7.613636363636363,55,33.127272727272725,31.527272727272727,59,198.01694915254237,193.135593220339,carrier_delay,late_aircraft_delay,nas_delay
MSN,6,60,6.466666666666667,5.8,54,33.166666666666664,30.40740740740741,48,171.22916666666666,169.68085106382978,nas_delay,carrier_delay,late_aircraft_delay
MSN,7,50,8.38,5.32,56,37.142857142857146,36.142857142857146,52,163.78846153846155,164.1346153846154,carrier_delay,nas_delay,late_aircraft_delay
MSN,8,42,5.357142857142857,4.666666666666667,56,34.5,33.142857142857146,50,177.46,177.82,carrier_delay,late_aircraft_delay,nas_delay
MSN,9,34,6.264705882352941,7.0,38,29.789473684210527,26.105263157894736,25,181.76,174.28,carrier_delay,nas_delay,late_aircraft_delay
MSN,10,45,6.288888888888889,0.08888888888888889,26,30.153846153846153,18.653846153846153,16,147.125,143.75,carrier_delay,nas_delay,late_aircraft_delay
MSN,11,35,7.6,4.2,34,31.705882352941178,27.0,16,130.0,128.8125,nas_delay,carrier_delay,late_aircraft_delay
MSN,12,52,6.673076923076923,8.096153846153847,65,31.76923076923077,25.446153846153845,35,158.0857142857143,154.05714285714285,nas_delay,carrier_delay,late_aircraft_delay
MSO,1,19,6.842105263157895,3.2222222222222223,9,28.444444444444443,24.0,13,241.30769230769232,250.6153846153846,nas_delay,weather_delay,carrier_delay
MSO,2,10,4.9,3.7,10,31.4,25.9,7,111.14285714285714,115.14285714285714,nas_delay,carrier_delay,late_aircraft_delay
MSO,3,13,5.538461538461538,2.3846153846153846,7,22.0,26.571428571428573,7,136.85714285714286,135.42857142857142,nas_delay,carrier_delay,late_aircraft_delay
MSO,4,11,5.090909090909091,5.545454545454546,9,34.333333333333336,28.555555555555557,2,197.0,185.5,late_aircraft_delay,nas_delay,carrier_delay
MSO,5,29,6.344827586206897,5.137931034482759,21,30.047619047619047,27.476190476190474,8,101.75,102.75,nas_delay,carrier_delay,late_aircraft_delay
MSO,6,39,6.0,-3.0,32,32.40625,22.15625,29,173.89655172413794,170.48275862068965,late_aircraft_delay,carrier_delay,nas_delay
MSO,7,61,6.60655737704918,2.9,47,32.787234042553195,30.851063829787233,28,212.60714285714286,207.85185185185185,carrier_delay,late_aircraft_delay,nas_delay
MSO,8,47,5.404255319148936,1.2127659574468086,37,32.810810810810814,27.216216216216218,12,135.5,138.0909090909091,carrier_delay,nas_delay,late_aircraft_delay
MSO,9,26,5.961538461538462,0.46153846153846156,18,31.72222222222222,21.166666666666668,10,115.9,106.6,late_aircraft_delay,carrier_delay,nas_delay
MSO,10,18,7.277777777777778,2.8333333333333335,15,30.266666666666666,32.666666666666664,6,122.33333333333333,117.16666666666667,nas_delay,late_aircraft_delay,carrier_delay
MSO,11,14,6.785714285714286,2.2857142857142856,6,34.5,33.833333333333336,7,87.28571428571429,80.28571428571429,nas_delay,carrier_delay,late_aircraft_delay
MSO,12,14,6.0,7.857142857142857,14,28.714285714285715,18.428571428571427,6,246.5,238.5,carrier_delay,nas_delay,late_aircraft_delay
MSP,1,638,5.954545454545454,-1.8223270440251573,538,31.42193308550186,23.324022346368714,357,165.14005602240897,155.54390934844193,carrier_delay,nas_delay,late_aircraft_delay
MSP,2,485,6.047422680412371,-4.677685950413223,340,30.441176470588236,19.455882352941178,165,159.87878787878788,147.30674846625766,carrier_delay,nas_delay,late_aircraft_delay
MSP,3,672,6.394345238095238,0.8095238095238095,493,30.732251521298174,26.873727087576373,284,149.79577464788733,150.29432624113474,nas_delay,carrier_delay,late_aircraft_delay
MSP,4,613,6.039151712887439,0.014754098360655738,450,30.64666666666667,23.670378619153674,215,136.2325581395349,132.08878504672896,carrier_delay,nas_delay,late_aircraft_delay
MSP,5,751,6.210386151797604,3.481283422459893,603,31.22719734660033,28.921926910299003,354,141.5819209039548,140.6045197740113,nas_delay,carrier_delay,late_aircraft_delay
MSP,6,953,6.455403987408185,5.121848739495798,1079,32.55236329935125,31.9135687732342,554,133.35018050541515,132.4690909090909,nas_delay,carrier_delay,late_aircraft_delay
MSP,7,941,6.284803400637619,2.5373931623931623,972,32.68518518518518,26.552115583075334,667,148.13643178410794,144.11060606060607,carrier_delay,nas_delay,late_aircraft_delay
MSP,8,987,6.2097264437689965,2.4235055724417425,912,32.61842105263158,29.274229074889867,417,129.8369304556355,127.32530120481928,carrier_delay,nas_delay,late_aircraft_delay
MSP,9,621,5.7101449275362315,-1.1368760064412238,424,30.485849056603772,22.03562945368171,156,117.48717948717949,108.89677419354838,carrier_delay,nas_delay,late_aircraft_delay
MSP,10,506,5.950592885375494,-0.9782608695652174,384,32.466145833333336,23.676240208877285,134,139.32089552238807,130.1492537313433,carrier_delay,nas_delay,late_aircraft_delay
MSP,11,598,5.605351170568562,0.152428810720268,373,31.302949061662197,25.447721179624665,170,137.64705882352942,136.7941176470588,nas_delay,carrier_delay,late_aircraft_delay
MSP,12,887,6.213077790304397,1.165158371040724,645,31.750387596899223,26.252336448598133,424,157.0259433962264,150.69121140142516,carrier_delay,nas_delay,late_aircraft_delay
MSY,1,374,6.363636363636363,2.7459893048128343,342,31.43859649122807,24.788235294117648,163,155.35582822085888,153.6564417177914,late_aircraft_delay,carrier_delay,nas_delay
MSY,2,370,5.889189189189189,0.5891891891891892,220,30.10909090909091,23.904545454545456,83,135.59036144578315,129.710843373494,late_aircraft_delay,nas_delay,carrier_delay
MSY,3,416,6.509615384615385,0.8245192307692307,351,31.52991452991453,26.134285714285713,160,145.85625,143.46540880503144,late_aircraft_delay,nas_delay,carrier_delay
MSY,4,404,5.881188118811881,0.5247524752475248,278,30.255395683453237,25.259927797833935,144,188.20138888888889,187.84722222222223,late_aircraft_delay,nas_delay,carrier_delay
MSY,5,457,6.100656455142232,2.9296703296703295,413,31.38498789346247,29.364077669902912,253,144.53754940711462,146.57707509881422,late_aircraft_delay,nas_delay,carrier_delay
MSY,6,394,6.274111675126903,1.3071065989847717,369,31.964769647696478,28.92643051771117,142,169.31690140845072,169.74468085106383,late_aircraft_delay,nas_delay,carrier_delay
MSY,7,395,6.415189873417722,0.9236641221374046,413,32.8498789346247,29.741463414634147,277,145.13718411552347,143.018115942029,late_aircraft_delay,carrier_delay,nas_delay
MSY,8,314,6.286624203821656,0.0,257,31.326848249027236,25.957198443579767,164,165.26829268292684,157.14197530864197,late_aircraft_delay,carrier_delay,nas_delay
MSY,9,321,5.682242990654205,1.367601246105919,213,30.929577464788732,25.047169811320753,81,127.98765432098766,117.6375,late_aircraft_delay,carrier_delay,nas_delay
MSY,10,438,6.358447488584475,0.6506849315068494,214,28.574766355140188,20.733644859813083,82,127.21951219512195,119.6219512195122,carrier_delay,late_aircraft_delay,nas_delay
MSY,11,405,5.9753086419753085,-0.7277227722772277,217,30.788018433179722,24.694444444444443,92,144.95652173913044,143.42391304347825,late_aircraft_delay,carrier_delay,nas_delay
MSY,12,379,6.163588390501319,0.06068601583113457,300,31.113333333333333,24.63422818791946,152,144.71052631578948,141.9271523178808,late_aircraft_delay,carrier_delay,nas_delay
MTJ,1,25,6.88,2.68,26,33.34615384615385,30.73076923076923,17,141.41176470588235,145.94117647058823,late_aircraft_delay,nas_delay,carrier_delay
MTJ,2,36,6.75,-1.3055555555555556,25,32.4,27.44,18,120.66666666666667,116.61111111111111,late_aircraft_delay,nas_delay,carrier_delay
MTJ,3,16,5.875,9.1875,29,32.86206896551724,28.035714285714285,9,109.88888888888889,96.77777777777777,late_aircraft_delay,nas_delay,carrier_delay
MTJ,4,4,7.75,3.5,8,34.5,27.125,2,81.0,89.0,late_aircraft_delay,carrier_delay,nas_delay
MTJ,5,6,7.166666666666667,2.1666666666666665,10,30.5,21.9,8,141.875,155.875,nas_delay,late_aircraft_delay,carrier_delay
MTJ,6,9,6.111111111111111,7.0,15,36.93333333333333,28.466666666666665,13,278.0769230769231,265.7692307692308,late_aircraft_delay,nas_delay,carrier_delay
MTJ,7,17,6.352941176470588,2.25,13,28.46153846153846,22.846153846153847,15,149.33333333333334,150.0,late_aircraft_delay,carrier_delay,nas_delay
MTJ,8,19,5.473684210526316,0.9473684210526315,6,34.5,37.833333333333336,9,150.55555555555554,143.55555555555554,nas_delay,late_aircraft_delay,carrier_delay
MTJ,9,8,6.0,0.75,9,29.666666666666668,14.222222222222221,4,123.5,111.5,carrier_delay,late_aircraft_delay,nas_delay
MTJ,10,5,8.0,0.4,2,23.5,16.5,1,119.0,115.0,late_aircraft_delay,Nessuna,Nessuna
MTJ,11,9,4.0,-0.5555555555555556,6,27.0,12.666666666666666,4,94.25,106.0,nas_delay,late_aircraft_delay,carrier_delay
MTJ,12,16,5.9375,-6.125,18,31.72222222222222,28.833333333333332,15,175.6,187.0,late_aircraft_delay,nas_delay,carrier_delay
MVY,5,2,7.0,-4.0,1,52.0,47.0,2,320.5,319.0,weather_delay,late_aircraft_delay,carrier_delay
MVY,6,11,6.454545454545454,7.909090909090909,11,34.36363636363637,52.0,14,216.0,221.64285714285714,nas_delay,late_aircraft_delay,carrier_delay
MVY,7,22,6.409090909090909,2.9047619047619047,18,34.166666666666664,30.833333333333332,22,218.0,217.13636363636363,nas_delay,carrier_delay,late_aircraft_delay
MVY,8,28,7.571428571428571,16.071428571428573,27,30.666666666666668,30.85185185185185,16,211.875,222.6875,nas_delay,late_aircraft_delay,carrier_delay
MVY,9,2,8.5,19.0,1,15.0,23.0,1,95.0,107.0,nas_delay,carrier_delay,late_aircraft_delay
MVY,10,2,8.5,4.5,1,56.0,57.0,0,"","",late_aircraft_delay,nas_delay,Nessuna
MYR,1,33,6.363636363636363,0.12121212121212122,28,29.892857142857142,19.035714285714285,24,114.45833333333333,109.45833333333333,late_aircraft_delay,nas_delay,carrier_delay
MYR,2,27,5.37037037037037,-1.4444444444444444,28,31.107142857142858,22.571428571428573,21,206.9047619047619,198.1904761904762,late_aircraft_delay,nas_delay,carrier_delay
MYR,3,66,6.545454545454546,0.6060606060606061,53,31.22641509433962,24.77358490566038,22,170.22727272727272,166.95238095238096,nas_delay,late_aircraft_delay,carrier_delay
MYR,4,56,6.125,3.3214285714285716,66,31.09090909090909,27.815384615384616,34,109.94117647058823,103.47058823529412,late_aircraft_delay,nas_delay,carrier_delay
MYR,5,109,7.229357798165138,5.330275229357798,103,29.436893203883496,26.844660194174757,54,159.07407407407408,157.1509433962264,late_aircraft_delay,nas_delay,carrier_delay
MYR,6,125,6.448,2.56,134,31.455223880597014,27.65671641791045,90,180.1,177.42696629213484,late_aircraft_delay,nas_delay,carrier_delay
MYR,7,117,6.076923076923077,0.5603448275862069,169,31.952662721893493,29.148809523809526,108,150.94444444444446,144.50467289719626,late_aircraft_delay,nas_delay,carrier_delay
MYR,8,115,6.3652173913043475,4.530434782608696,106,32.056603773584904,31.523809523809526,80,131.45,130.525,late_aircraft_delay,nas_delay,carrier_delay
MYR,9,84,6.166666666666667,0.2976190476190476,61,30.737704918032787,26.65573770491803,30,143.33333333333334,143.23333333333332,nas_delay,late_aircraft_delay,carrier_delay
MYR,10,70,5.8,1.4714285714285715,51,33.23529411764706,27.784313725490197,31,129.6451612903226,122.64516129032258,late_aircraft_delay,nas_delay,carrier_delay
MYR,11,52,5.769230769230769,-0.6923076923076923,51,28.627450980392158,25.313725490196077,19,142.05263157894737,139.3684210526316,nas_delay,late_aircraft_delay,carrier_delay
MYR,12,44,6.340909090909091,-1.1136363636363635,49,32.142857142857146,26.510204081632654,36,144.94444444444446,141.22222222222223,late_aircraft_delay,nas_delay,carrier_delay
OAJ,1,3,5.0,-3.0,0,"","",4,409.5,398.25,late_aircraft_delay,carrier_delay,nas_delay
OAJ,2,5,4.4,0.6,2,31.5,19.5,1,336.0,321.0,carrier_delay,late_aircraft_delay,Nessuna
OAJ,3,4,3.75,-5.25,4,21.25,12.75,1,141.0,140.0,late_aircraft_delay,carrier_delay,nas_delay
OAJ,4,7,6.857142857142857,2.857142857142857,4,22.75,7.5,2,70.5,67.5,late_aircraft_delay,nas_delay,Nessuna
OAJ,5,5,6.4,7.6,3,23.666666666666668,18.666666666666668,6,158.83333333333334,159.0,carrier_delay,nas_delay,late_aircraft_delay
OAJ,6,8,3.5,-6.25,1,19.0,7.0,1,80.0,67.0,nas_delay,weather_delay,late_aircraft_delay
OAJ,7,7,7.0,7.857142857142857,16,34.4375,31.6875,16,140.5,143.5,carrier_delay,late_aircraft_delay,nas_delay
OAJ,8,12,5.083333333333333,-0.25,10,28.2,18.8,7,140.42857142857142,139.0,carrier_delay,late_aircraft_delay,nas_delay
OAJ,9,14,7.285714285714286,6.142857142857143,7,32.57142857142857,32.42857142857143,5,277.2,271.6,nas_delay,late_aircraft_delay,carrier_delay
OAJ,10,8,7.75,5.875,5,27.6,22.0,4,102.75,92.5,nas_delay,carrier_delay,late_aircraft_delay
OAJ,11,4,2.0,-1.75,2,18.0,5.5,4,291.5,279.25,nas_delay,carrier_delay,late_aircraft_delay
OAJ,12,8,6.875,-3.25,2,31.5,19.5,5,295.8,290.2,nas_delay,carrier_delay,late_aircraft_delay
OAK,1,368,5.9728260869565215,1.0516304347826086,275,29.094545454545454,22.503649635036496,84,117.76190476190476,113.27380952380952,carrier_delay,late_aircraft_delay,nas_delay
OAK,2,380,5.831578947368421,-0.7710526315789473,224,29.40625,22.506726457399104,79,112.32911392405063,107.51898734177215,carrier_delay,late_aircraft_delay,nas_delay
OAK,3,390,6.1179487179487175,0.26098191214470284,252,30.686507936507937,26.154761904761905,81,110.19753086419753,106.30864197530865,late_aircraft_delay,carrier_delay,nas_delay
OAK,4,411,5.5036496350364965,-0.7274939172749392,203,28.379310344827587,21.92118226600985,56,100.46428571428571,94.5,late_aircraft_delay,carrier_delay,nas_delay
OAK,5,446,6.011210762331839,-0.6412556053811659,277,29.332129963898918,22.394927536231883,76,115.17105263157895,106.96052631578948,late_aircraft_delay,carrier_delay,nas_delay
OAK,6,420,6.15952380952381,-1.0548926014319808,341,30.04692082111437,23.28529411764706,100,103.22,96.09,late_aircraft_delay,carrier_delay,nas_delay
OAK,7,435,5.942528735632184,1.1751152073732718,320,30.6,25.66875,130,114.23846153846154,110.33846153846154,carrier_delay,late_aircraft_delay,nas_delay
OAK,8,364,5.673076923076923,-1.184065934065934,239,29.577405857740587,23.711297071129707,97,108.34020618556701,102.5360824742268,late_aircraft_delay,carrier_delay,nas_delay
OAK,9,346,6.2514450867052025,-1.0953757225433527,224,29.1875,21.919642857142858,86,117.62790697674419,113.40697674418605,late_aircraft_delay,carrier_delay,nas_delay
OAK,10,353,5.977337110481586,-0.6136363636363636,202,30.14851485148515,24.485148514851485,65,115.0,112.0923076923077,carrier_delay,late_aircraft_delay,nas_delay
OAK,11,316,6.120253164556962,-2.346031746031746,167,29.389221556886227,21.01197604790419,45,98.46666666666667,93.53333333333333,carrier_delay,late_aircraft_delay,nas_delay
OAK,12,348,6.028735632183908,-1.8040345821325647,275,31.26181818181818,23.57090909090909,100,121.3,115.41,late_aircraft_delay,carrier_delay,nas_delay
OGG,1,253,6.391304347826087,0.33067729083665337,161,28.403726708074533,25.84472049689441,52,157.82692307692307,150.46938775510205,late_aircraft_delay,carrier_delay,nas_delay
OGG,2,206,6.218446601941747,1.6634146341463414,124,29.5,16.0,35,149.74285714285713,137.31428571428572,late_aircraft_delay,carrier_delay,nas_delay
OGG,3,212,5.382075471698113,1.4575471698113207,102,29.774509803921568,23.215686274509803,19,181.3684210526316,177.88888888888889,carrier_delay,late_aircraft_delay,nas_delay
OGG,4,191,5.37696335078534,1.2827225130890052,80,29.4875,26.1375,28,143.39285714285714,139.07142857142858,carrier_delay,late_aircraft_delay,nas_delay
OGG,5,226,5.672566371681416,4.823008849557522,107,30.177570093457945,29.878504672897197,32,120.34375,122.84375,carrier_delay,late_aircraft_delay,nas_delay
OGG,6,227,5.779735682819383,4.070484581497797,73,29.027397260273972,25.205479452054796,26,197.23076923076923,183.48,carrier_delay,late_aircraft_delay,nas_delay
OGG,7,245,5.522448979591837,3.0285714285714285,120,29.725,25.125,32,186.3125,178.875,late_aircraft_delay,carrier_delay,nas_delay
OGG,8,233,5.07725321888412,-2.6609442060085837,96,27.354166666666668,20.5,28,162.53571428571428,150.39285714285714,late_aircraft_delay,carrier_delay,nas_delay
OGG,9,170,5.6,1.464705882352941,64,27.40625,22.859375,22,115.45454545454545,103.4090909090909,late_aircraft_delay,carrier_delay,nas_delay
OGG,10,206,5.402912621359223,1.9660194174757282,91,26.824175824175825,22.813186813186814,20,111.45,102.9,late_aircraft_delay,carrier_delay,nas_delay
OGG,11,175,5.514285714285714,1.028735632183908,48,28.270833333333332,23.604166666666668,24,89.83333333333333,80.04166666666667,carrier_delay,late_aircraft_delay,nas_delay
OGG,12,194,5.603092783505154,1.7783505154639174,89,28.471910112359552,24.367816091954023,31,112.61290322580645,103.16666666666667,late_aircraft_delay,carrier_delay,nas_delay
OKC,1,105,6.2,4.6923076923076925,80,32.7375,29.5375,51,164.5686274509804,162.41176470588235,nas_delay,late_aircraft_delay,carrier_delay
OKC,2,83,5.674698795180723,4.457831325301205,51,30.49019607843137,28.15686274509804,31,170.25806451612902,168.90322580645162,nas_delay,carrier_delay,late_aircraft_delay
OKC,3,91,6.197802197802198,1.8571428571428572,86,30.674418604651162,25.627906976744185,28,155.0,149.17857142857142,late_aircraft_delay,carrier_delay,nas_delay
OKC,4,137,6.197080291970803,1.5220588235294117,86,31.476744186046513,25.406976744186046,36,180.58333333333334,171.47222222222223,late_aircraft_delay,carrier_delay,nas_delay
OKC,5,166,6.536144578313253,2.2409638554216866,136,32.036764705882355,29.11764705882353,84,144.64285714285714,145.08333333333334,late_aircraft_delay,nas_delay,carrier_delay
OKC,6,152,5.4605263157894735,2.736842105263158,131,29.3206106870229,24.3206106870229,63,176.96825396825398,176.68253968253967,late_aircraft_delay,carrier_delay,nas_delay
OKC,7,139,6.0,1.4782608695652173,143,31.237762237762237,28.35211267605634,78,132.71794871794873,132.15384615384616,late_aircraft_delay,carrier_delay,nas_delay
OKC,8,114,5.921052631578948,2.2035398230088497,85,31.529411764705884,26.833333333333332,73,152.21917808219177,143.06944444444446,carrier_delay,nas_delay,late_aircraft_delay
OKC,9,92,5.532608695652174,1.2307692307692308,86,31.825581395348838,28.558139534883722,33,168.5151515151515,159.27272727272728,late_aircraft_delay,carrier_delay,nas_delay
OKC,10,127,5.622047244094488,0.5511811023622047,69,32.08695652173913,29.130434782608695,43,147.5581395348837,142.72093023255815,carrier_delay,nas_delay,late_aircraft_delay
OKC,11,113,5.938053097345133,0.035398230088495575,83,30.662650602409638,27.710843373493976,45,143.82222222222222,142.17777777777778,carrier_delay,nas_delay,late_aircraft_delay
OKC,12,109,6.165137614678899,0.2018348623853211,97,31.278350515463917,26.65979381443299,49,159.57142857142858,156.54166666666666,carrier_delay,late_aircraft_delay,nas_delay
OMA,1,155,6.2,4.740259740259741,114,33.26315789473684,35.3421052631579,106,154.61320754716982,165.16981132075472,nas_delay,carrier_delay,late_aircraft_delay
OMA,2,115,5.626086956521739,-1.2260869565217392,68,30.676470588235293,22.558823529411764,31,203.0,196.1290322580645,nas_delay,late_aircraft_delay,carrier_delay
OMA,3,154,6.025974025974026,0.38311688311688313,114,30.596491228070175,23.07079646017699,63,137.47619047619048,132.984126984127,late_aircraft_delay,carrier_delay,nas_delay
OMA,4,127,6.244094488188976,1.4960629921259843,79,30.10126582278481,22.759493670886076,53,160.0943396226415,156.33962264150944,late_aircraft_delay,nas_delay,carrier_delay
OMA,5,174,5.919540229885057,1.6264367816091954,173,31.895953757225435,27.971098265895954,111,157.59459459459458,156.24545454545455,late_aircraft_delay,nas_delay,carrier_delay
OMA,6,191,5.769633507853404,2.2842105263157895,163,31.12883435582822,27.030674846625768,91,178.16483516483515,174.58241758241758,late_aircraft_delay,carrier_delay,nas_delay
OMA,7,207,5.666666666666667,2.816425120772947,157,30.254777070063696,29.19871794871795,80,166.5,165.0759493670886,carrier_delay,nas_delay,late_aircraft_delay
OMA,8,137,5.656934306569343,1.562043795620438,124,30.233870967741936,27.642276422764226,57,128.5438596491228,129.42105263157896,nas_delay,late_aircraft_delay,carrier_delay
OMA,9,140,6.371428571428571,0.9357142857142857,70,30.557142857142857,25.2,22,130.6818181818182,125.0909090909091,nas_delay,late_aircraft_delay,carrier_delay
OMA,10,131,5.312977099236641,-2.885496183206107,77,27.337662337662337,18.90909090909091,34,147.02941176470588,140.2058823529412,carrier_delay,nas_delay,late_aircraft_delay
OMA,11,159,5.245283018867925,-0.6792452830188679,91,30.87912087912088,23.72222222222222,38,201.6578947368421,196.55263157894737,nas_delay,carrier_delay,late_aircraft_delay
OMA,12,156,6.416666666666667,-4.076923076923077,114,29.657894736842106,20.640350877192983,57,137.7719298245614,135.6909090909091,carrier_delay,late_aircraft_delay,nas_delay
OME,1,2,3.0,-1.0,1,45.0,"",0,"","",canc_B,Nessuna,Nessuna
OME,2,1,4.0,1.0,2,55.5,54.5,0,"","",canc_A,late_aircraft_delay,canc_B
OME,3,0,"","",3,18.0,20.0,1,172.0,171.0,carrier_delay,nas_delay,late_aircraft_delay
OME,4,1,1.0,11.0,2,46.5,48.5,1,115.0,118.0,nas_delay,late_aircraft_delay,carrier_delay
OME,5,1,4.0,12.0,0,"","",0,"","",Nessuna,Nessuna,Nessuna
OME,6,1,7.0,6.0,1,21.0,29.0,0,"","",late_aircraft_delay,nas_delay,Nessuna
OME,7,5,4.8,9.2,4,19.75,30.75,0,"","",late_aircraft_delay,nas_delay,carrier_delay
OME,8,6,9.333333333333334,16.5,3,25.666666666666668,26.333333333333332,0,"","",late_aircraft_delay,nas_delay,carrier_delay
OME,9,0,"","",1,18.0,28.0,0,"","",late_aircraft_delay,nas_delay,carrier_delay
OME,10,2,1.0,3.5,1,19.0,39.0,0,"","",nas_delay,carrier_delay,Nessuna
OME,11,1,3.0,4.0,0,"","",1,69.0,70.0,nas_delay,late_aircraft_delay,Nessuna
OME,12,2,3.0,9.5,3,29.333333333333332,30.666666666666668,0,"","",late_aircraft_delay,carrier_delay,nas_delay
ONT,1,154,5.681818181818182,-2.5194805194805197,92,30.77173913043478,24.73913043478261,40,160.35,159.175,late_aircraft_delay,carrier_delay,nas_delay
ONT,2,134,5.507462686567164,-3.5522388059701493,90,29.57777777777778,23.011111111111113,39,161.0,157.5897435897436,late_aircraft_delay,nas_delay,carrier_delay
ONT,3,186,6.279569892473118,-1.1236559139784945,132,32.71212121212121,28.893129770992367,71,147.35211267605635,148.11267605633802,late_aircraft_delay,nas_delay,carrier_delay
ONT,4,177,5.9491525423728815,-1.0227272727272727,148,30.95945945945946,27.277027027027028,48,182.72916666666666,176.54166666666666,late_aircraft_delay,carrier_delay,nas_delay
ONT,5,217,5.645161290322581,-0.20930232558139536,163,30.21472392638037,26.54320987654321,81,165.44444444444446,159.8148148148148,late_aircraft_delay,nas_delay,carrier_delay
ONT,6,234,6.1239316239316235,0.060085836909871244,146,30.993150684931507,24.60958904109589,65,181.3230769230769,173.76923076923077,late_aircraft_delay,carrier_delay,nas_delay
ONT,7,213,5.821596244131455,-0.5330188679245284,157,32.11464968152866,27.872611464968152,76,152.3815789473684,143.82894736842104,late_aircraft_delay,carrier_delay,nas_delay
ONT,8,191,5.848167539267016,-0.07936507936507936,99,32.01010101010101,28.464646464646464,61,129.72131147540983,127.47540983606558,late_aircraft_delay,nas_delay,carrier_delay
ONT,9,192,5.458333333333333,-0.6073298429319371,116,30.07758620689655,23.198275862068964,63,126.95238095238095,120.95238095238095,late_aircraft_delay,nas_delay,carrier_delay
ONT,10,200,5.155,-1.592964824120603,105,29.238095238095237,23.038095238095238,38,143.21052631578948,136.97368421052633,carrier_delay,late_aircraft_delay,nas_delay
ONT,11,190,5.494736842105263,-2.5157894736842104,97,31.030927835051546,23.526315789473685,35,139.4857142857143,134.6,late_aircraft_delay,carrier_delay,nas_delay
ONT,12,206,5.412621359223301,-1.2107843137254901,119,29.26890756302521,22.15126050420168,56,153.82142857142858,147.85454545454544,late_aircraft_delay,carrier_delay,nas_delay
ORD,1,1616,6.02970297029703,3.474239602731223,1443,32.062370062370064,31.36013986013986,1207,151.51284175642087,150.02166666666668,nas_delay,carrier_delay,late_aircraft_delay
ORD,2,1245,5.6682730923694775,-1.7988736926790023,821,31.22777101096224,24.09348093480935,444,136.77477477477478,130.3090909090909,nas_delay,carrier_delay,late_aircraft_delay
ORD,3,1663,6.070956103427541,-0.3443708609271523,1276,31.811912225705328,25.35483870967742,680,130.26176470588234,124.42688330871492,nas_delay,carrier_delay,late_aircraft_delay
ORD,4,1917,6.111111111111111,1.031331592689295,1404,31.70940170940171,27.54760200429492,732,146.2513661202186,141.8326474622771,nas_delay,carrier_delay,late_aircraft_delay
ORD,5,2065,6.027118644067796,5.178988326848249,2014,33.25769612711023,33.6791230692576,1797,153.86477462437395,155.0,nas_delay,late_aircraft_delay,carrier_delay
ORD,6,2218,6.143372407574391,3.1637268204432383,1994,32.83801404212638,29.59264853977845,1462,145.21545827633378,142.58327574291638,carrier_delay,nas_delay,late_aircraft_delay
ORD,7,2240,6.208482142857143,2.477792732166891,2093,32.812231247013855,30.63453237410072,1628,146.36855036855036,141.97454996896337,carrier_delay,nas_delay,late_aircraft_delay
ORD,8,2271,6.256715103478644,2.836436170212766,2141,32.641756188696874,30.88157894736842,1527,137.65094957432876,134.57058047493405,nas_delay,carrier_delay,late_aircraft_delay
ORD,9,1943,5.742665980442615,0.38556701030927837,1376,31.50872093023256,24.747813411078717,599,125.59098497495826,116.58823529411765,carrier_delay,nas_delay,late_aircraft_delay
ORD,10,2022,5.859545004945598,-1.3790882061446976,1238,30.994345718901453,21.41437802907916,499,124.73947895791584,115.06237424547284,carrier_delay,nas_delay,late_aircraft_delay
ORD,11,1650,5.821818181818182,1.7378640776699028,1050,31.603809523809524,28.32409177820268,537,136.10614525139664,135.294776119403,nas_delay,carrier_delay,late_aircraft_delay
ORD,12,2356,6.0513582342954155,-0.8881327094853254,1540,31.53116883116883,25.221354166666668,916,144.1703056768559,137.93509350935093,carrier_delay,nas_delay,late_aircraft_delay
ORF,1,76,5.684210526315789,-0.3684210526315789,75,34.026666666666664,30.85333333333333,46,207.65217391304347,204.1304347826087,late_aircraft_delay,nas_delay,carrier_delay
ORF,2,83,6.168674698795181,-0.5060240963855421,58,30.017241379310345,22.17241379310345,29,156.58620689655172,152.68965517241378,nas_delay,late_aircraft_delay,carrier_delay
ORF,3,126,6.285714285714286,-2.5952380952380953,70,30.32857142857143,23.728571428571428,56,197.80357142857142,194.3272727272727,nas_delay,late_aircraft_delay,carrier_delay
ORF,4,107,6.196261682242991,1.2429906542056075,90,31.08888888888889,25.18888888888889,50,152.62,148.76,late_aircraft_delay,nas_delay,carrier_delay
ORF,5,153,6.405228758169935,1.2745098039215685,119,30.48739495798319,27.75423728813559,83,153.85542168674698,148.84146341463415,late_aircraft_delay,nas_delay,carrier_delay
ORF,6,170,6.229411764705882,2.0176470588235293,141,30.5531914893617,25.27659574468085,68,167.89705882352942,167.05882352941177,carrier_delay,late_aircraft_delay,nas_delay
ORF,7,184,6.293478260869565,2.4751381215469612,171,33.45029239766082,29.529761904761905,134,184.57462686567163,184.26119402985074,late_aircraft_delay,carrier_delay,nas_delay
ORF,8,163,6.49079754601227,3.506172839506173,130,32.4,29.615384615384617,90,163.36666666666667,161.2888888888889,late_aircraft_delay,nas_delay,carrier_delay
ORF,9,140,5.257142857142857,0.9142857142857143,80,32.55,30.525,37,124.78378378378379,126.4054054054054,nas_delay,late_aircraft_delay,carrier_delay
ORF,10,129,6.8062015503875966,0.007751937984496124,93,30.096774193548388,22.141304347826086,33,165.54545454545453,166.0909090909091,nas_delay,late_aircraft_delay,carrier_delay
ORF,11,116,5.758620689655173,-0.45689655172413796,76,29.223684210526315,20.80263157894737,32,145.46875,137.70967741935485,nas_delay,carrier_delay,late_aircraft_delay
ORF,12,171,5.608187134502924,-1.4912280701754386,122,30.16393442622951,23.39344262295082,60,170.01666666666668,162.61666666666667,carrier_delay,nas_delay,late_aircraft_delay
ORH,1,8,8.25,2.125,10,32.3,27.3,4,236.75,239.75,carrier_delay,late_aircraft_delay,nas_delay
ORH,2,13,7.076923076923077,-9.538461538461538,15,30.533333333333335,12.933333333333334,7,96.57142857142857,108.14285714285714,late_aircraft_delay,carrier_delay,nas_delay
ORH,3,12,6.0,-6.75,15,33.53333333333333,31.142857142857142,13,111.23076923076923,112.61538461538461,late_aircraft_delay,nas_delay,carrier_delay
ORH,4,7,5.714285714285714,15.666666666666666,5,33.8,24.6,5,98.8,114.4,nas_delay,late_aircraft_delay,carrier_delay
ORH,5,11,5.090909090909091,-15.818181818181818,6,26.666666666666668,41.666666666666664,5,166.2,164.6,late_aircraft_delay,nas_delay,carrier_delay
ORH,6,6,5.833333333333333,-22.166666666666668,7,35.714285714285715,25.0,3,179.0,181.66666666666666,nas_delay,late_aircraft_delay,canc_C
ORH,7,8,7.25,4.5,9,34.666666666666664,29.666666666666668,10,214.6,229.11111111111111,late_aircraft_delay,nas_delay,carrier_delay
ORH,8,5,11.6,11.0,9,34.77777777777778,38.22222222222222,9,144.0,143.55555555555554,late_aircraft_delay,nas_delay,carrier_delay
ORH,9,2,8.5,18.5,2,30.5,25.5,1,234.0,214.0,nas_delay,carrier_delay,late_aircraft_delay
ORH,10,7,7.857142857142857,-8.428571428571429,1,32.0,13.0,2,113.0,109.0,nas_delay,carrier_delay,late_aircraft_delay
ORH,11,7,8.0,-5.428571428571429,5,29.0,8.6,3,156.33333333333334,148.33333333333334,late_aircraft_delay,carrier_delay,nas_delay
ORH,12,8,5.25,-1.25,6,45.333333333333336,41.166666666666664,4,300.25,298.0,late_aircraft_delay,nas_delay,carrier_delay
OTH,1,1,7.0,-3.0,0,"","",1,125.0,118.0,late_aircraft_delay,Nessuna,Nessuna
OTH,2,2,13.5,19.5,2,46.5,41.5,1,62.0,58.0,nas_delay,late_aircraft_delay,Nessuna
OTH,3,0,"","",4,30.75,35.25,2,120.0,132.5,nas_delay,late_aircraft_delay,canc_B
OTH,4,4,5.25,4.5,7,31.0,38.142857142857146,3,89.0,93.0,nas_delay,late_aircraft_delay,Nessuna
OTH,5,1,14.0,15.0,4,45.75,48.75,2,1055.0,1043.0,nas_delay,carrier_delay,weather_delay
OTH,6,4,5.0,-6.5,2,25.0,10.0,2,99.0,94.5,late_aircraft_delay,nas_delay,Nessuna
OTH,7,3,8.333333333333334,0.0,1,43.0,36.0,2,158.5,141.5,late_aircraft_delay,weather_delay,Nessuna
OTH,8,2,2.5,9.0,6,23.833333333333332,20.0,4,96.25,82.0,late_aircraft_delay,nas_delay,carrier_delay
OTH,9,6,5.5,-1.2,5,32.4,25.2,3,435.3333333333333,424.6666666666667,late_aircraft_delay,carrier_delay,nas_delay
OTH,10,3,6.666666666666667,2.6666666666666665,1,45.0,34.0,3,141.0,135.0,late_aircraft_delay,carrier_delay,nas_delay
OTH,11,1,12.0,14.0,5,33.2,32.4,0,"","",nas_delay,late_aircraft_delay,carrier_delay
OTH,12,1,5.0,-14.0,1,40.0,32.0,0,"","",nas_delay,Nessuna,Nessuna
OTZ,1,1,1.0,-4.0,1,46.0,43.0,1,82.0,98.0,late_aircraft_delay,canc_B,nas_delay
OTZ,2,0,"","",2,23.0,23.0,0,"","",late_aircraft_delay,nas_delay,Nessuna
OTZ,3,1,12.0,2.0,0,"","",1,152.0,152.0,canc_B,carrier_delay,late_aircraft_delay
OTZ,4,2,7.0,12.5,0,"","",0,"","",canc_B,late_aircraft_delay,nas_delay
OTZ,5,1,2.0,1.0,0,"","",0,"","",Nessuna,Nessuna,Nessuna
OTZ,6,1,11.0,11.0,2,23.5,24.5,1,73.0,90.0,late_aircraft_delay,nas_delay,Nessuna
OTZ,7,0,"","",1,16.0,15.0,1,421.0,412.0,late_aircraft_delay,carrier_delay,Nessuna
OTZ,8,5,8.8,6.6,0,"","",0,"","",Nessuna,Nessuna,Nessuna
OTZ,9,0,"","",0,"","",0,"","",Nessuna,Nessuna,Nessuna
OTZ,10,0,"","",1,38.0,37.0,0,"","",canc_B,late_aircraft_delay,Nessuna
OTZ,11,0,"","",1,17.0,15.0,0,"","",carrier_delay,late_aircraft_delay,Nessuna
OTZ,12,0,"","",2,43.0,51.0,0,"","",carrier_delay,late_aircraft_delay,nas_delay
PAE,1,6,3.8333333333333335,-0.4,7,32.857142857142854,48.8,1,88.0,99.0,canc_A,nas_delay,carrier_delay
PAE,2,8,7.875,9.5,6,28.0,43.666666666666664,1,231.0,266.0,nas_delay,carrier_delay,late_aircraft_delay
PAE,3,8,7.875,-1.375,5,34.0,35.4,4,140.0,158.0,nas_delay,carrier_delay,late_aircraft_delay
PAE,4,8,6.375,12.25,2,44.5,42.5,1,123.0,127.0,carrier_delay,nas_delay,late_aircraft_delay
PAE,5,8,4.375,0.375,2,35.0,34.5,0,"","",carrier_delay,nas_delay,canc_A
PAE,6,6,7.5,-4.166666666666667,0,"","",1,100.0,97.0,late_aircraft_delay,carrier_delay,Nessuna
PAE,7,3,5.666666666666667,-10.666666666666666,5,36.6,35.2,0,"","",late_aircraft_delay,nas_delay,Nessuna
PAE,8,4,4.0,-10.5,4,31.75,15.25,1,77.0,61.0,nas_delay,carrier_delay,weather_delay
PAE,9,3,4.333333333333333,-9.333333333333334,2,38.0,25.0,2,72.0,59.5,late_aircraft_delay,Nessuna,Nessuna
PAE,10,6,4.166666666666667,8.166666666666666,3,24.0,20.0,0,"","",nas_delay,late_aircraft_delay,Nessuna
PAE,11,7,6.714285714285714,-0.14285714285714285,4,33.75,25.5,2,122.0,116.5,late_aircraft_delay,carrier_delay,nas_delay
PAE,12,12,4.75,-4.5,10,29.0,15.1,4,101.25,97.5,nas_delay,late_aircraft_delay,carrier_delay
PBG,1,1,13.0,-19.0,5,38.6,20.6,4,213.25,232.5,nas_delay,weather_delay,late_aircraft_delay
PBG,2,6,8.666666666666666,-9.833333333333334,6,35.666666666666664,26.666666666666668,2,116.0,103.0,nas_delay,late_aircraft_delay,carrier_delay
PBG,3,8,6.5,-2.0,6,35.5,28.333333333333332,0,"","",carrier_delay,late_aircraft_delay,nas_delay
PBG,4,3,6.0,-6.333333333333333,5,28.8,13.2,2,93.0,91.0,nas_delay,carrier_delay,late_aircraft_delay
PBG,5,0,"","",3,46.333333333333336,49.333333333333336,3,507.6666666666667,515.6666666666666,nas_delay,late_aircraft_delay,carrier_delay
PBG,6,5,7.2,-8.2,3,41.0,34.666666666666664,3,110.66666666666667,119.0,late_aircraft_delay,nas_delay,carrier_delay
PBG,7,1,12.0,26.0,2,36.0,19.0,2,206.5,220.0,carrier_delay,nas_delay,late_aircraft_delay
PBG,8,2,12.0,22.0,5,33.2,29.5,4,165.75,187.75,nas_delay,late_aircraft_delay,carrier_delay
PBG,9,2,4.0,9.5,1,39.0,37.0,0,"","",nas_delay,late_aircraft_delay,canc_B
PBG,10,2,5.0,-10.5,2,23.0,23.0,1,130.0,106.0,carrier_delay,canc_B,late_aircraft_delay
PBG,11,1,14.0,-2.0,1,16.0,34.0,2,118.5,91.5,nas_delay,carrier_delay,weather_delay
PBG,12,3,11.666666666666666,14.666666666666666,10,34.1,38.666666666666664,5,710.4,714.2,nas_delay,late_aircraft_delay,weather_delay
PBI,1,225,6.644444444444445,-4.322869955156951,231,31.155844155844157,25.225108225108226,151,171.58278145695365,168.49324324324326,late_aircraft_delay,carrier_delay,nas_delay
PBI,2,189,6.671957671957672,0.026455026455026454,152,31.223684210526315,22.67763157894737,85,185.89411764705883,175.41176470588235,late_aircraft_delay,carrier_delay,nas_delay
PBI,3,260,6.184615384615385,1.0347490347490347,252,31.734126984126984,24.535714285714285,184,157.95652173913044,151.71195652173913,late_aircraft_delay,carrier_delay,nas_delay
PBI,4,215,6.148837209302326,0.9624413145539906,169,32.05917159763314,26.607142857142858,117,168.3846153846154,159.81578947368422,late_aircraft_delay,carrier_delay,nas_delay
PBI,5,233,6.214592274678112,2.3819742489270386,169,32.98816568047337,29.810650887573964,138,157.20289855072463,157.7536231884058,late_aircraft_delay,nas_delay,carrier_delay
PBI,6,149,5.966442953020135,1.4324324324324325,138,32.18115942028985,26.698529411764707,116,160.93103448275863,155.92920353982302,late_aircraft_delay,nas_delay,carrier_delay
PBI,7,146,6.006849315068493,4.475524475524476,169,30.45562130177515,28.53293413173653,124,166.25,167.27642276422765,late_aircraft_delay,carrier_delay,nas_delay
PBI,8,145,6.158620689655172,6.048275862068966,147,33.857142857142854,33.93150684931507,129,152.1860465116279,150.4453125,late_aircraft_delay,nas_delay,carrier_delay
PBI,9,141,5.943262411347518,1.3120567375886525,100,30.55,23.83,42,163.9047619047619,159.42857142857142,late_aircraft_delay,carrier_delay,nas_delay
PBI,10,142,5.922535211267606,-1.119718309859155,93,29.967741935483872,20.397849462365592,49,126.04081632653062,117.42857142857143,late_aircraft_delay,carrier_delay,canc_B
PBI,11,163,6.098159509202454,-0.39263803680981596,125,29.808,22.848,63,118.84126984126983,113.12698412698413,nas_delay,carrier_delay,late_aircraft_delay
PBI,12,236,6.059322033898305,2.9322033898305087,242,33.05785123966942,28.958677685950413,173,147.31791907514452,145.23976608187135,late_aircraft_delay,carrier_delay,nas_delay
PDX,1,362,6.375690607734807,2.1357340720221605,258,31.093023255813954,28.286821705426355,180,157.38333333333333,155.83798882681563,nas_delay,carrier_delay,late_aircraft_delay
PDX,2,300,5.946666666666666,1.8026755852842808,179,31.45810055865922,29.29608938547486,74,117.85135135135135,115.77027027027027,nas_delay,carrier_delay,late_aircraft_delay
PDX,3,360,5.908333333333333,1.3899721448467968,246,31.235772357723576,29.15447154471545,89,128.8426966292135,127.98876404494382,nas_delay,carrier_delay,late_aircraft_delay
PDX,4,283,5.530035335689046,1.6501766784452296,266,32.27067669172932,28.518796992481203,104,141.625,139.85576923076923,nas_delay,carrier_delay,late_aircraft_delay
PDX,5,378,5.8465608465608465,1.1402116402116402,319,31.927899686520377,25.426332288401255,156,149.4102564102564,144.20645161290324,nas_delay,late_aircraft_delay,carrier_delay
PDX,6,508,6.488188976377953,-0.13976377952755906,429,30.757575757575758,23.33644859813084,169,150.9940828402367,146.22619047619048,late_aircraft_delay,carrier_delay,nas_delay
PDX,7,487,6.174537987679671,0.6625514403292181,363,31.669421487603305,27.102493074792243,174,143.55172413793105,139.5977011494253,late_aircraft_delay,nas_delay,carrier_delay
PDX,8,484,5.8347107438016526,1.8012422360248448,299,30.8561872909699,26.377926421404684,143,154.02797202797203,151.65734265734267,nas_delay,late_aircraft_delay,carrier_delay
PDX,9,400,5.6375,0.7625,237,30.932489451476794,26.70886075949367,91,135.6153846153846,134.43333333333334,nas_delay,carrier_delay,late_aircraft_delay
PDX,10,411,5.197080291970803,0.0,203,32.152709359605915,28.049261083743843,73,130.42465753424656,125.67123287671232,nas_delay,carrier_delay,late_aircraft_delay
PDX,11,394,5.647208121827411,-0.3401015228426396,208,29.576923076923077,24.759615384615383,70,143.65714285714284,147.75714285714287,nas_delay,carrier_delay,late_aircraft_delay
PDX,12,543,5.828729281767956,0.566420664206642,295,29.810169491525425,22.884745762711866,141,153.6241134751773,146.09929078014184,nas_delay,carrier_delay,late_aircraft_delay
PGD,1,32,6.9375,-2.625,46,32.93478260869565,25.282608695652176,28,139.53571428571428,138.40740740740742,late_aircraft_delay,carrier_delay,nas_delay
PGD,2,40,7.2,10.225,34,33.205882352941174,27.970588235294116,9,230.33333333333334,237.88888888888889,nas_delay,carrier_delay,late_aircraft_delay
PGD,3,48,6.375,5.708333333333333,70,34.114285714285714,33.75714285714286,36,154.36111111111111,149.66666666666666,late_aircraft_delay,carrier_delay,nas_delay
PGD,4,29,6.172413793103448,2.5517241379310347,13,37.61538461538461,36.166666666666664,15,181.86666666666667,174.86666666666667,nas_delay,carrier_delay,late_aircraft_delay
PGD,5,24,7.666666666666667,7.5,26,30.0,28.0,17,189.94117647058823,190.76470588235293,nas_delay,late_aircraft_delay,carrier_delay
PGD,6,31,8.451612903225806,6.290322580645161,34,31.705882352941178,29.823529411764707,23,139.52173913043478,143.34782608695653,late_aircraft_delay,nas_delay,carrier_delay
PGD,7,36,7.777777777777778,7.083333333333333,37,32.648648648648646,37.37837837837838,21,162.57142857142858,164.38095238095238,nas_delay,late_aircraft_delay,carrier_delay
PGD,8,18,4.777777777777778,2.611111111111111,26,25.73076923076923,23.68,26,159.57692307692307,159.23076923076923,carrier_delay,weather_delay,nas_delay
PGD,9,12,7.416666666666667,-1.9166666666666667,16,31.0,27.1875,10,121.7,122.6,carrier_delay,late_aircraft_delay,nas_delay
PGD,10,31,6.774193548387097,-0.22580645161290322,27,25.444444444444443,19.296296296296298,13,147.30769230769232,142.30769230769232,canc_B,nas_delay,carrier_delay
PGD,11,42,7.476190476190476,3.0,34,26.38235294117647,22.705882352941178,6,100.33333333333333,94.5,carrier_delay,nas_delay,late_aircraft_delay
PGD,12,50,7.28,3.6,54,33.574074074074076,30.38888888888889,52,164.8653846153846,163.2156862745098,late_aircraft_delay,nas_delay,carrier_delay
PHL,1,504,6.192460317460317,5.578842315369261,456,31.646929824561404,31.58407079646018,290,167.04827586206898,174.1083916083916,nas_delay,carrier_delay,late_aircraft_delay
PHL,2,430,6.388372093023256,-3.6209302325581394,264,30.34469696969697,21.981060606060606,167,129.92215568862275,120.21556886227545,nas_delay,late_aircraft_delay,carrier_delay
PHL,3,535,5.807476635514019,-4.563670411985019,473,31.150105708245242,20.921775898520085,283,143.34982332155477,134.32155477031802,late_aircraft_delay,carrier_delay,nas_delay
PHL,4,577,6.0398613518197575,-0.5798611111111112,407,30.13022113022113,21.386699507389164,261,149.4750957854406,144.64750957854406,late_aircraft_delay,carrier_delay,nas_delay
PHL,5,720,6.304166666666666,1.6089385474860336,607,32.4003294892916,28.12748344370861,428,146.23598130841123,141.36470588235295,nas_delay,late_aircraft_delay,carrier_delay
PHL,6,720,6.125,-2.1267409470752088,711,32.774964838255976,26.25212464589235,489,153.7361963190184,147.78189300411523,carrier_delay,late_aircraft_delay,nas_delay
PHL,7,786,6.155216284987278,1.5494223363286264,854,33.0152224824356,27.876470588235293,764,151.8259162303665,145.2806324110672,carrier_delay,late_aircraft_delay,nas_delay
PHL,8,854,6.274004683840749,3.165289256198347,874,33.04347826086956,34.533947065592635,641,163.04992199687987,165.0894819466248,carrier_delay,nas_delay,late_aircraft_delay
PHL,9,532,6.131578947368421,0.7406015037593985,468,31.322649572649574,27.70663811563169,277,143.57761732851986,135.1768953068592,nas_delay,carrier_delay,late_aircraft_delay
PHL,10,660,6.125757575757576,-2.0,407,29.923832923832922,21.445812807881772,186,155.31720430107526,144.32432432432432,carrier_delay,nas_delay,late_aircraft_delay
PHL,11,453,5.947019867549669,-3.980132450331126,335,32.41492537313433,22.16417910447761,173,142.20809248554914,131.61046511627907,carrier_delay,late_aircraft_delay,nas_delay
PHL,12,661,6.042360060514373,-1.9044006069802732,530,31.373584905660376,25.126893939393938,313,158.2300319488818,153.17207792207793,carrier_delay,nas_delay,late_aircraft_delay
PHX,1,1360,6.2625,2.007390983000739,1084,31.512915129151292,25.597966728280962,434,151.53456221198158,145.0,late_aircraft_delay,carrier_delay,nas_delay
PHX,2,1371,5.863603209336251,-1.1023391812865497,879,29.737201365187712,22.52104664391354,282,119.75531914893617,113.82562277580071,carrier_delay,late_aircraft_delay,nas_delay
PHX,3,1779,5.998875772906127,0.7186268992684299,1259,31.87450357426529,25.77211155378486,537,137.17504655493482,132.2257462686567,late_aircraft_delay,carrier_delay,nas_delay
PHX,4,1695,6.086135693215339,-0.7896919431279621,1207,30.869096934548466,23.153782211138818,452,127.67035398230088,121.81111111111112,late_aircraft_delay,carrier_delay,nas_delay
PHX,5,1764,5.965986394557823,-0.11965811965811966,1397,31.924838940586973,25.609228550829126,703,127.7126600284495,121.51355206847362,late_aircraft_delay,carrier_delay,nas_delay
PHX,6,1566,6.232439335887611,2.1337172104926423,1353,31.239467849223946,26.886498516320476,614,133.74918566775244,129.01633986928104,carrier_delay,late_aircraft_delay,nas_delay
PHX,7,1433,6.3447313328681085,1.8479327259985985,1376,31.65261627906977,27.155701754385966,773,146.4320827943079,142.66797900262466,late_aircraft_delay,carrier_delay,nas_delay
PHX,8,1368,5.889619883040936,1.296759941089838,1021,31.56709108716944,28.351724137931033,555,143.75135135135136,142.06934306569343,late_aircraft_delay,carrier_delay,nas_delay
PHX,9,1315,5.947528517110266,-1.0951293759512937,801,30.146067415730336,22.12406015037594,311,131.10289389067523,124.27831715210355,carrier_delay,late_aircraft_delay,nas_delay
PHX,10,1529,5.646827992151733,0.22527832351015062,979,30.956077630234933,24.8935516888434,385,128.31428571428572,123.09375,carrier_delay,late_aircraft_delay,nas_delay
PHX,11,1583,5.754895767530006,-3.0620645978467382,1030,30.524271844660195,21.66796494644596,340,122.64411764705882,115.98816568047337,carrier_delay,late_aircraft_delay,nas_delay
PHX,12,1659,5.969258589511754,-0.4882175226586103,1141,30.843120070113937,23.95518453427065,501,126.46307385229541,119.97585513078471,carrier_delay,late_aircraft_delay,nas_delay
PIA,1,19,6.578947368421052,-2.473684210526316,22,32.09090909090909,33.36363636363637,19,173.78947368421052,168.38888888888889,weather_delay,late_aircraft_delay,nas_delay
PIA,2,21,5.809523809523809,-1.9047619047619047,6,33.166666666666664,19.833333333333332,9,188.77777777777777,171.77777777777777,carrier_delay,nas_delay,late_aircraft_delay
PIA,3,24,7.625,-2.2083333333333335,14,29.214285714285715,29.214285714285715,13,149.84615384615384,144.76923076923077,nas_delay,late_aircraft_delay,carrier_delay
PIA,4,15,5.333333333333333,2.2666666666666666,17,35.23529411764706,31.352941176470587,14,169.35714285714286,164.0,late_aircraft_delay,carrier_delay,nas_delay
PIA,5,17,6.0588235294117645,5.235294117647059,15,31.866666666666667,33.46666666666667,12,178.25,177.16666666666666,nas_delay,late_aircraft_delay,carrier_delay
PIA,6,26,8.076923076923077,4.8076923076923075,27,29.25925925925926,21.037037037037038,12,220.41666666666666,211.75,late_aircraft_delay,carrier_delay,nas_delay
PIA,7,26,6.961538461538462,7.115384615384615,22,28.545454545454547,26.954545454545453,10,187.2,188.6,late_aircraft_delay,nas_delay,carrier_delay
PIA,8,22,6.363636363636363,3.0454545454545454,17,29.41176470588235,24.352941176470587,12,201.08333333333334,199.25,nas_delay,late_aircraft_delay,carrier_delay
PIA,9,19,5.105263157894737,2.6842105263157894,18,30.22222222222222,29.11111111111111,8,136.25,134.375,nas_delay,late_aircraft_delay,carrier_delay
PIA,10,23,6.695652173913044,2.0869565217391304,18,31.72222222222222,26.055555555555557,5,103.6,85.6,carrier_delay,nas_delay,late_aircraft_delay
PIA,11,16,4.5625,-5.375,16,26.1875,26.25,11,192.54545454545453,194.8181818181818,late_aircraft_delay,nas_delay,carrier_delay
PIA,12,26,6.153846153846154,1.6153846153846154,25,29.56,27.32,16,198.8125,195.1875,late_aircraft_delay,nas_delay,carrier_delay
PIB,1,4,7.75,-13.0,2,48.0,19.0,3,180.0,164.66666666666666,late_aircraft_delay,carrier_delay,canc_B
PIB,2,0,"","",1,48.0,39.0,1,209.0,194.0,late_aircraft_delay,Nessuna,Nessuna
PIB,3,2,11.0,14.5,3,19.333333333333332,16.666666666666668,3,454.3333333333333,451.0,nas_delay,late_aircraft_delay,canc_B
PIB,4,1,8.0,9.0,4,29.5,28.75,0,"","",late_aircraft_delay,nas_delay,carrier_delay
PIB,5,1,1.0,-1.0,5,28.6,28.6,2,508.5,511.0,late_aircraft_delay,nas_delay,carrier_delay
PIB,6,5,6.8,1.8,2,30.5,27.5,1,254.0,259.0,late_aircraft_delay,canc_B,nas_delay
PIB,7,1,7.0,0.0,4,25.75,27.0,0,"","",late_aircraft_delay,carrier_delay,canc_B
PIB,8,0,"","",1,34.0,29.0,3,424.3333333333333,417.6666666666667,late_aircraft_delay,nas_delay,carrier_delay
PIB,9,0,"","",1,15.0,12.0,2,199.0,192.0,late_aircraft_delay,Nessuna,Nessuna
PIB,10,2,8.0,3.0,3,37.0,32.333333333333336,3,154.33333333333334,145.33333333333334,late_aircraft_delay,carrier_delay,Nessuna
PIB,11,2,2.0,-11.5,1,27.0,46.0,2,95.5,90.5,carrier_delay,nas_delay,late_aircraft_delay
PIB,12,6,4.166666666666667,0.3333333333333333,2,25.5,23.0,2,80.0,74.0,late_aircraft_delay,carrier_delay,canc_B
PIE,1,30,6.166666666666667,0.6333333333333333,37,33.78378378378378,27.56756756756757,19,235.1578947368421,231.68421052631578,late_aircraft_delay,carrier_delay,nas_delay
PIE,2,26,5.923076923076923,7.730769230769231,23,29.869565217391305,31.727272727272727,14,96.85714285714286,97.28571428571429,nas_delay,late_aircraft_delay,carrier_delay
PIE,3,30,6.033333333333333,3.533333333333333,44,33.0,35.79545454545455,16,145.0625,142.9375,nas_delay,late_aircraft_delay,carrier_delay
PIE,4,28,6.035714285714286,3.25,24,33.0,26.083333333333332,14,138.0,136.92857142857142,nas_delay,carrier_delay,late_aircraft_delay
PIE,5,48,6.708333333333333,2.9166666666666665,60,31.466666666666665,29.383333333333333,26,174.3846153846154,173.84615384615384,nas_delay,late_aircraft_delay,carrier_delay
PIE,6,67,6.567164179104478,5.91044776119403,68,33.029411764705884,34.161764705882355,45,162.3111111111111,168.2,nas_delay,late_aircraft_delay,carrier_delay
PIE,7,56,6.142857142857143,3.625,86,32.98837209302326,32.406976744186046,64,135.03125,136.82539682539684,weather_delay,nas_delay,late_aircraft_delay
PIE,8,36,8.333333333333334,2.5277777777777777,43,31.11627906976744,27.11627906976744,35,139.88571428571427,140.31428571428572,carrier_delay,nas_delay,weather_delay
PIE,9,24,6.875,4.791666666666667,21,29.666666666666668,25.285714285714285,16,220.0,221.1875,nas_delay,carrier_delay,canc_B
PIE,10,23,6.608695652173913,1.6521739130434783,23,29.08695652173913,24.391304347826086,6,99.66666666666667,93.66666666666667,canc_B,nas_delay,carrier_delay
PIE,11,27,7.518518518518518,8.814814814814815,33,26.96969696969697,27.818181818181817,17,126.88235294117646,126.82352941176471,nas_delay,carrier_delay,late_aircraft_delay
PIE,12,37,6.594594594594595,3.891891891891892,64,29.671875,29.65625,41,166.09756097560975,173.390243902439,late_aircraft_delay,nas_delay,carrier_delay
PIH,1,2,1.5,45.5,2,32.5,31.5,0,"","",weather_delay,carrier_delay,nas_delay
PIH,2,1,3.0,10.0,0,"","",1,240.0,230.0,carrier_delay,Nessuna,Nessuna
PIH,3,1,8.0,19.0,0,"","",3,133.0,130.33333333333334,weather_delay,carrier_delay,nas_delay
PIH,4,0,"","",0,"","",0,"","",Nessuna,Nessuna,Nessuna
PIH,5,3,4.0,-9.333333333333334,0,"","",3,94.66666666666667,88.66666666666667,carrier_delay,weather_delay,Nessuna
PIH,6,0,"","",1,21.0,19.0,1,167.0,163.0,carrier_delay,Nessuna,Nessuna
PIH,7,1,1.0,-2.0,1,53.0,50.0,2,97.0,89.5,carrier_delay,Nessuna,Nessuna
PIH,8,1,3.0,0.0,0,"","",2,71.0,62.0,weather_delay,carrier_delay,Nessuna
PIH,9,1,8.0,-1.0,0,"","",1,255.0,247.0,carrier_delay,Nessuna,Nessuna
PIH,10,0,"","",1,18.0,5.0,0,"","",carrier_delay,Nessuna,Nessuna
PIH,11,0,"","",0,"","",0,"","",carrier_delay,Nessuna,Nessuna
PIH,12,1,1.0,-24.0,2,25.0,29.0,0,"","",nas_delay,weather_delay,carrier_delay
PIT,1,220,5.8,3.190909090909091,147,31.775510204081634,30.883561643835616,104,169.90384615384616,168.92307692307693,nas_delay,late_aircraft_delay,carrier_delay
PIT,2,176,5.5,-2.9261363636363638,137,30.014598540145986,19.05839416058394,55,175.4909090909091,172.03636363636363,nas_delay,late_aircraft_delay,carrier_delay
PIT,3,209,5.607655502392345,-2.588516746411483,186,30.5752688172043,24.0,112,161.99107142857142,157.3125,nas_delay,late_aircraft_delay,carrier_delay
PIT,4,211,5.85781990521327,2.057142857142857,175,30.937142857142856,24.43103448275862,75,203.01333333333332,198.6164383561644,nas_delay,late_aircraft_delay,carrier_delay
PIT,5,272,6.305147058823529,5.297794117647059,239,31.510460251046027,29.675105485232066,166,146.64457831325302,148.97575757575757,nas_delay,late_aircraft_delay,carrier_delay
PIT,6,262,5.820610687022901,2.42911877394636,254,33.338582677165356,29.81422924901186,153,142.19607843137254,137.94078947368422,late_aircraft_delay,nas_delay,carrier_delay
PIT,7,293,6.064846416382252,1.8413793103448275,297,32.54545454545455,30.013513513513512,198,149.05555555555554,148.27272727272728,late_aircraft_delay,nas_delay,carrier_delay
PIT,8,272,6.349264705882353,3.0,236,33.059322033898304,30.638297872340427,171,140.83040935672514,139.3859649122807,nas_delay,late_aircraft_delay,carrier_delay
PIT,9,209,5.5933014354066986,0.18181818181818182,142,31.154929577464788,28.04255319148936,73,167.34246575342465,161.17808219178082,nas_delay,late_aircraft_delay,carrier_delay
PIT,10,283,5.851590106007067,-4.752650176678445,129,26.852713178294575,17.62015503875969,53,126.81132075471699,117.33962264150944,nas_delay,carrier_delay,late_aircraft_delay
PIT,11,220,5.2,-2.981818181818182,132,29.636363636363637,22.265151515151516,61,115.95081967213115,116.68852459016394,nas_delay,carrier_delay,late_aircraft_delay
PIT,12,334,6.1706586826347305,1.4487951807228916,208,32.22115384615385,26.51207729468599,95,145.89473684210526,143.54736842105262,nas_delay,carrier_delay,late_aircraft_delay
PLN,1,0,"","",2,40.5,32.5,4,405.0,401.75,canc_B,weather_delay,nas_delay
PLN,2,0,"","",0,"","",4,169.25,156.25,weather_delay,carrier_delay,nas_delay
PLN,3,0,"","",1,37.0,22.0,2,204.5,196.0,weather_delay,carrier_delay,Nessuna
PLN,4,3,8.333333333333334,-0.3333333333333333,1,21.0,12.0,4,147.25,148.25,carrier_delay,weather_delay,nas_delay
PLN,5,1,3.0,-12.0,1,35.0,29.0,6,184.0,183.16666666666666,carrier_delay,weather_delay,nas_delay
PLN,6,1,12.0,6.0,4,38.0,34.25,5,120.6,115.2,carrier_delay,weather_delay,nas_delay
PLN,7,3,3.0,-9.333333333333334,6,30.666666666666668,23.833333333333332,7,103.42857142857143,97.14285714285714,carrier_delay,nas_delay,Nessuna
PLN,8,3,5.666666666666667,5.0,4,41.0,38.25,6,96.66666666666667,90.0,carrier_delay,weather_delay,Nessuna
PLN,9,2,7.5,0.0,4,38.5,32.5,4,260.25,257.25,carrier_delay,nas_delay,weather_delay
PLN,10,1,4.0,16.0,0,"","",3,228.0,225.0,nas_delay,carrier_delay,weather_delay
PLN,11,0,"","",2,29.5,22.0,3,152.33333333333334,146.66666666666666,carrier_delay,weather_delay,nas_delay
PLN,12,1,4.0,-20.0,6,38.5,33.833333333333336,2,85.5,74.0,carrier_delay,nas_delay,canc_B
PNS,1,61,6.721311475409836,1.2950819672131149,48,29.833333333333332,28.041666666666668,47,194.68085106382978,191.2173913043478,late_aircraft_delay,nas_delay,carrier_delay
PNS,2,42,6.857142857142857,5.5476190476190474,39,30.76923076923077,22.94871794871795,21,272.57142857142856,274.3809523809524,late_aircraft_delay,nas_delay,carrier_delay
PNS,3,71,7.070422535211268,2.9295774647887325,80,33.9625,26.3875,47,174.7659574468085,172.85106382978722,late_aircraft_delay,nas_delay,carrier_delay
PNS,4,86,5.627906976744186,3.686046511627907,61,33.9344262295082,28.442622950819672,35,187.62857142857143,181.65714285714284,late_aircraft_delay,nas_delay,carrier_delay
PNS,5,89,6.640449438202247,4.045454545454546,91,32.8021978021978,31.945054945054945,82,216.70731707317074,221.66666666666666,late_aircraft_delay,nas_delay,carrier_delay
PNS,6,119,6.243697478991597,2.4873949579831933,100,32.59,26.428571428571427,54,166.62962962962962,163.18867924528303,late_aircraft_delay,nas_delay,carrier_delay
PNS,7,96,7.208333333333333,6.260416666666667,130,32.38461538461539,25.73846153846154,100,174.14,174.2828282828283,late_aircraft_delay,carrier_delay,nas_delay
PNS,8,72,7.236111111111111,2.1267605633802815,49,32.38775510204081,26.367346938775512,33,183.54545454545453,188.21212121212122,late_aircraft_delay,nas_delay,carrier_delay
PNS,9,64,5.859375,0.171875,47,30.148936170212767,24.106382978723403,22,130.54545454545453,124.18181818181819,late_aircraft_delay,nas_delay,carrier_delay
PNS,10,103,5.524271844660194,-0.14563106796116504,46,28.195652173913043,24.891304347826086,19,170.73684210526315,169.1578947368421,carrier_delay,late_aircraft_delay,nas_delay
PNS,11,61,5.934426229508197,0.9016393442622951,44,29.431818181818183,21.431818181818183,17,208.2941176470588,220.1764705882353,late_aircraft_delay,nas_delay,carrier_delay
PNS,12,84,5.904761904761905,0.3855421686746988,76,32.94736842105263,29.526315789473685,46,166.45652173913044,166.19565217391303,late_aircraft_delay,carrier_delay,nas_delay
PPG,1,0,"","",0,"","",0,"","",Nessuna,Nessuna,Nessuna
PPG,2,0,"","",2,19.0,28.5,0,"","",carrier_delay,late_aircraft_delay,Nessuna
PPG,3,2,1.5,-11.5,0,"","",0,"","",Nessuna,Nessuna,Nessuna
PPG,4,1,7.0,18.0,1,55.0,63.0,0,"","",carrier_delay,late_aircraft_delay,Nessuna
PPG,5,3,10.333333333333334,11.333333333333334,1,50.0,42.0,0,"","",carrier_delay,late_aircraft_delay,Nessuna
PPG,6,0,"","",1,40.0,38.0,0,"","",carrier_delay,Nessuna,Nessuna
PPG,7,3,11.666666666666666,10.333333333333334,1,15.0,9.0,0,"","",carrier_delay,Nessuna,Nessuna
PPG,8,3,3.3333333333333335,-14.0,0,"","",1,92.0,86.0,carrier_delay,Nessuna,Nessuna
PPG,9,3,6.666666666666667,-6.0,1,21.0,9.0,1,123.0,127.0,carrier_delay,Nessuna,Nessuna
PPG,10,3,7.0,-5.0,0,"","",0,"","",Nessuna,Nessuna,Nessuna
PPG,11,2,9.0,-4.0,1,16.0,9.0,0,"","",Nessuna,Nessuna,Nessuna
PPG,12,1,9.0,-3.0,0,"","",0,"","",Nessuna,Nessuna,Nessuna
PQI,9,1,3.0,-7.0,1,15.0,2.0,1,575.0,564.0,carrier_delay,Nessuna,Nessuna
PQI,10,4,5.75,-4.75,3,16.333333333333332,13.333333333333334,0,"","",carrier_delay,Nessuna,Nessuna
PQI,11,1,6.0,60.0,1,19.0,2.0,0,"","",nas_delay,carrier_delay,Nessuna
PQI,12,1,1.0,9.0,0,"","",0,"","",nas_delay,Nessuna,Nessuna
PRC,1,0,"","",4,26.25,17.25,3,215.33333333333334,203.66666666666666,late_aircraft_delay,carrier_delay,nas_delay
PRC,2,0,"","",3,36.333333333333336,38.666666666666664,4,224.0,207.5,carrier_delay,nas_delay,canc_A
PRC,3,4,10.5,11.75,0,"","",4,86.0,77.25,carrier_delay,nas_delay,late_aircraft_delay
PRC,4,2,9.5,48.5,4,28.5,37.5,0,"","",nas_delay,late_aircraft_delay,carrier_delay
PRC,5,0,"","",5,24.0,28.8,4,343.5,337.5,nas_delay,late_aircraft_delay,carrier_delay
PRC,6,5,7.4,0.2,4,42.25,37.0,6,111.33333333333333,126.33333333333333,nas_delay,carrier_delay,late_aircraft_delay
PRC,7,3,6.333333333333333,-12.333333333333334,5,33.0,24.2,2,119.0,124.5,late_aircraft_delay,carrier_delay,nas_delay
PRC,8,2,9.0,6.0,1,59.0,68.0,9,210.0,210.11111111111111,late_aircraft_delay,nas_delay,carrier_delay
PRC,9,5,3.8,1.0,2,22.0,17.5,0,"","",late_aircraft_delay,nas_delay,Nessuna
PRC,10,2,8.5,3.0,1,46.0,47.0,3,452.6666666666667,449.6666666666667,carrier_delay,nas_delay,late_aircraft_delay
PRC,11,2,6.5,-2.0,2,56.0,57.5,1,102.0,111.0,late_aircraft_delay,nas_delay,Nessuna
PRC,12,3,2.0,-7.666666666666667,0,"","",3,148.0,141.33333333333334,carrier_delay,nas_delay,Nessuna
PSC,1,17,7.117647058823529,9.823529411764707,20,28.35,24.1,23,174.43478260869566,170.7391304347826,nas_delay,weather_delay,carrier_delay
PSC,2,11,7.818181818181818,3.6,14,29.642857142857142,25.642857142857142,6,204.33333333333334,191.5,carrier_delay,nas_delay,weather_delay
PSC,3,11,4.0,-5.0,12,35.0,37.333333333333336,3,120.33333333333333,121.0,nas_delay,carrier_delay,late_aircraft_delay
PSC,4,9,7.444444444444445,-1.6666666666666667,11,29.09090909090909,26.90909090909091,6,114.33333333333333,113.83333333333333,nas_delay,carrier_delay,weather_delay
PSC,5,15,4.866666666666666,-3.2,16,31.0,25.6875,7,145.28571428571428,140.57142857142858,nas_delay,carrier_delay,late_aircraft_delay
PSC,6,24,6.333333333333333,4.875,26,29.346153846153847,27.923076923076923,12,141.66666666666666,133.25,carrier_delay,nas_delay,late_aircraft_delay
PSC,7,30,4.9,2.6333333333333333,22,31.727272727272727,30.0,9,302.44444444444446,306.6666666666667,nas_delay,carrier_delay,late_aircraft_delay
PSC,8,21,5.857142857142857,3.4285714285714284,22,29.09090909090909,32.45454545454545,6,163.66666666666666,165.33333333333334,nas_delay,carrier_delay,late_aircraft_delay
PSC,9,20,5.85,1.55,15,36.86666666666667,33.46666666666667,10,156.5,152.7,carrier_delay,nas_delay,late_aircraft_delay
PSC,10,21,6.761904761904762,3.0952380952380953,10,33.5,28.3,10,89.5,85.7,carrier_delay,nas_delay,late_aircraft_delay
PSC,11,28,6.464285714285714,1.7857142857142858,21,30.38095238095238,18.571428571428573,5,236.2,231.2,carrier_delay,nas_delay,canc_B
PSC,12,29,6.9655172413793105,2.0344827586206895,20,29.9,21.55,22,192.63636363636363,179.9090909090909,carrier_delay,nas_delay,weather_delay
PSE,1,3,4.666666666666667,0.6666666666666666,4,36.0,42.0,4,244.75,252.75,late_aircraft_delay,nas_delay,carrier_delay
PSE,2,3,8.333333333333334,0.0,5,43.6,42.4,0,"","",late_aircraft_delay,nas_delay,carrier_delay
PSE,3,0,"","",5,27.6,22.2,2,71.5,85.0,late_aircraft_delay,nas_delay,carrier_delay
PSE,4,9,5.888888888888889,3.0,3,38.666666666666664,29.666666666666668,2,64.5,73.5,late_aircraft_delay,nas_delay,carrier_delay
PSE,5,7,6.714285714285714,1.4285714285714286,9,34.333333333333336,25.666666666666668,3,100.0,89.66666666666667,late_aircraft_delay,nas_delay,carrier_delay
PSE,6,2,7.0,-1.0,6,39.666666666666664,35.333333333333336,7,148.42857142857142,136.71428571428572,late_aircraft_delay,carrier_delay,nas_delay
PSE,7,4,8.5,0.75,3,26.333333333333332,20.666666666666668,5,96.2,94.4,late_aircraft_delay,carrier_delay,nas_delay
PSE,8,6,6.166666666666667,-0.16666666666666666,4,32.25,32.5,7,104.42857142857143,99.42857142857143,late_aircraft_delay,carrier_delay,nas_delay
PSE,9,0,"","",0,"","",0,"","",Nessuna,Nessuna,Nessuna
PSE,10,2,6.0,-3.0,0,"","",1,79.0,58.0,canc_B,late_aircraft_delay,Nessuna
PSE,11,3,9.0,3.6666666666666665,0,"","",0,"","",Nessuna,Nessuna,Nessuna
PSE,12,9,7.666666666666667,4.777777777777778,3,39.0,34.0,3,88.33333333333333,78.66666666666667,late_aircraft_delay,nas_delay,canc_B
PSG,1,3,6.333333333333333,8.0,6,39.0,54.833333333333336,0,"","",nas_delay,late_aircraft_delay,weather_delay
PSG,2,5,6.2,3.6,1,31.0,25.0,0,"","",nas_delay,late_aircraft_delay,canc_A
PSG,3,4,8.5,12.75,0,"","",1,96.0,91.0,late_aircraft_delay,nas_delay,Nessuna
PSG,4,3,6.333333333333333,4.333333333333333,3,30.666666666666668,37.666666666666664,0,"","",late_aircraft_delay,nas_delay,Nessuna
PSG,5,8,4.75,1.5,6,28.333333333333332,27.5,1,247.0,243.0,late_aircraft_delay,carrier_delay,nas_delay
PSG,6,7,6.0,3.857142857142857,4,27.75,23.0,0,"","",late_aircraft_delay,Nessuna,Nessuna
PSG,7,4,7.5,6.25,1,40.0,36.0,0,"","",late_aircraft_delay,canc_B,carrier_delay
PSG,8,5,2.8,1.0,6,27.166666666666668,26.833333333333332,1,229.0,252.0,late_aircraft_delay,nas_delay,carrier_delay
PSG,9,2,9.5,30.0,3,22.666666666666668,15.333333333333334,1,209.0,207.0,late_aircraft_delay,nas_delay,security_delay
PSG,10,0,"","",1,46.0,51.0,0,"","",canc_B,nas_delay,late_aircraft_delay
PSG,11,1,8.0,-4.0,0,"","",2,153.0,231.0,carrier_delay,Nessuna,Nessuna
PSG,12,3,9.0,15.333333333333334,1,36.0,30.0,2,79.5,94.0,late_aircraft_delay,nas_delay,Nessuna
PSM,1,2,5.5,-6.0,0,"","",1,61.0,50.0,late_aircraft_delay,Nessuna,Nessuna
PSM,2,3,9.666666666666666,-1.0,1,32.0,-5.0,0,"","",nas_delay,Nessuna,Nessuna
PSM,3,1,7.0,7.0,1,57.0,91.0,2,151.0,132.0,late_aircraft_delay,nas_delay,carrier_delay
PSM,4,5,4.0,-4.4,3,20.666666666666668,7.666666666666667,0,"","",nas_delay,late_aircraft_delay,Nessuna
PSM,5,5,6.2,-2.4,0,"","",1,147.0,166.0,nas_delay,Nessuna,Nessuna
PSM,6,0,"","",2,49.5,75.0,2,150.5,134.0,late_aircraft_delay,canc_B,weather_delay
PSM,7,3,4.333333333333333,36.0,3,46.333333333333336,35.333333333333336,0,"","",late_aircraft_delay,nas_delay,carrier_delay
PSM,8,2,2.0,-18.0,1,35.0,18.0,4,409.75,410.75,carrier_delay,late_aircraft_delay,nas_delay
PSM,9,0,"","",2,18.5,1.5,1,165.0,156.0,late_aircraft_delay,carrier_delay,Nessuna
PSM,10,4,2.5,-2.0,1,46.0,35.0,0,"","",carrier_delay,nas_delay,canc_B
PSM,11,4,3.75,-3.5,2,28.5,11.0,0,"","",late_aircraft_delay,Nessuna,Nessuna
PSM,12,0,"","",2,43.5,23.0,1,194.0,167.0,nas_delay,late_aircraft_delay,canc_B
PSP,1,96,5.802083333333333,1.78125,75,31.88,28.946666666666665,45,137.17777777777778,130.75555555555556,nas_delay,late_aircraft_delay,carrier_delay
PSP,2,99,6.1313131313131315,-1.4848484848484849,92,30.608695652173914,25.318681318681318,43,163.30232558139534,163.25581395348837,nas_delay,carrier_delay,late_aircraft_delay
PSP,3,160,6.56875,1.49375,138,31.797101449275363,29.5,60,167.13333333333333,163.40677966101694,nas_delay,carrier_delay,late_aircraft_delay
PSP,4,126,6.341269841269841,3.272,101,29.15841584158416,29.821782178217823,47,167.53191489361703,164.82978723404256,nas_delay,late_aircraft_delay,carrier_delay
PSP,5,85,5.682352941176471,0.8809523809523809,76,33.6578947368421,30.08,40,127.725,123.53846153846153,nas_delay,late_aircraft_delay,carrier_delay
PSP,6,43,6.023255813953488,1.5813953488372092,34,34.1764705882353,29.323529411764707,19,112.3157894736842,113.10526315789474,nas_delay,carrier_delay,late_aircraft_delay
PSP,7,38,7.315789473684211,4.894736842105263,38,29.0,27.57894736842105,22,140.0,136.4090909090909,carrier_delay,nas_delay,late_aircraft_delay
PSP,8,31,7.032258064516129,5.709677419354839,43,35.53488372093023,34.883720930232556,16,111.625,112.93333333333334,nas_delay,carrier_delay,late_aircraft_delay
PSP,9,28,7.071428571428571,0.9642857142857143,34,35.0,33.911764705882355,14,81.0,79.07142857142857,nas_delay,carrier_delay,late_aircraft_delay
PSP,10,64,6.421875,3.234375,38,32.78947368421053,28.54054054054054,22,217.5,218.95454545454547,nas_delay,carrier_delay,late_aircraft_delay
PSP,11,93,6.032258064516129,3.129032258064516,58,29.20689655172414,26.310344827586206,16,222.8125,229.06666666666666,nas_delay,carrier_delay,late_aircraft_delay
PSP,12,94,6.595744680851064,4.223404255319149,74,29.2972972972973,24.164383561643834,28,238.85714285714286,234.39285714285714,nas_delay,carrier_delay,late_aircraft_delay
PVD,1,72,6.208333333333333,1.4647887323943662,66,29.166666666666668,25.575757575757574,39,143.5897435897436,147.02564102564102,nas_delay,late_aircraft_delay,carrier_delay
PVD,2,52,5.5,-4.673076923076923,40,27.875,20.6,16,172.1875,166.625,late_aircraft_delay,nas_delay,carrier_delay
PVD,3,77,5.909090909090909,-3.038961038961039,50,30.8,25.12,31,104.61290322580645,103.35483870967742,late_aircraft_delay,nas_delay,carrier_delay
PVD,4,92,5.869565217391305,-3.630434782608696,39,30.692307692307693,23.82051282051282,31,175.93548387096774,176.5483870967742,late_aircraft_delay,carrier_delay,nas_delay
PVD,5,111,5.936936936936937,-0.44144144144144143,74,33.5,27.527027027027028,55,157.3090909090909,156.03636363636363,late_aircraft_delay,nas_delay,carrier_delay
PVD,6,88,5.943181818181818,-0.6896551724137931,70,29.985714285714284,25.014285714285716,57,204.64912280701753,202.42105263157896,nas_delay,late_aircraft_delay,carrier_delay
PVD,7,112,6.008928571428571,-0.10810810810810811,87,31.0,30.28735632183908,80,181.95,177.875,late_aircraft_delay,nas_delay,carrier_delay
PVD,8,105,5.295238095238095,3.7403846153846154,73,32.821917808219176,31.72222222222222,67,192.1492537313433,192.3134328358209,nas_delay,late_aircraft_delay,carrier_delay
PVD,9,82,6.402439024390244,1.3170731707317074,40,27.45,24.7,26,192.53846153846155,184.69230769230768,nas_delay,carrier_delay,late_aircraft_delay
PVD,10,103,5.786407766990291,-2.6666666666666665,60,31.183333333333334,22.116666666666667,24,195.79166666666666,184.91666666666666,carrier_delay,late_aircraft_delay,nas_delay
PVD,11,93,5.838709677419355,-4.688172043010753,53,31.58490566037736,16.73076923076923,15,131.8,111.8,late_aircraft_delay,carrier_delay,nas_delay
PVD,12,119,7.260504201680672,1.4621848739495797,80,31.325,25.925,32,153.21875,151.0,nas_delay,carrier_delay,late_aircraft_delay
PVU,1,8,9.625,4.5,11,32.0,20.636363636363637,6,166.5,175.83333333333334,carrier_delay,nas_delay,weather_delay
PVU,2,7,4.142857142857143,-1.2857142857142858,1,18.0,-1.0,1,145.0,142.0,nas_delay,Nessuna,Nessuna
PVU,3,13,4.6923076923076925,-0.07692307692307693,8,39.875,41.5,6,197.16666666666666,213.66666666666666,nas_delay,carrier_delay,canc_A
PVU,4,2,2.5,-2.0,6,31.333333333333332,35.333333333333336,3,103.33333333333333,97.33333333333333,nas_delay,late_aircraft_delay,carrier_delay
PVU,5,8,8.75,4.375,4,27.75,18.5,3,89.66666666666667,88.0,nas_delay,late_aircraft_delay,carrier_delay
PVU,6,9,5.0,3.0,8,35.875,34.625,4,153.5,157.0,carrier_delay,nas_delay,late_aircraft_delay
PVU,7,9,5.111111111111111,1.3333333333333333,9,38.0,33.666666666666664,9,163.66666666666666,163.33333333333334,carrier_delay,nas_delay,late_aircraft_delay
PVU,8,7,3.5714285714285716,0.5714285714285714,6,31.833333333333332,30.833333333333332,2,89.0,106.5,carrier_delay,nas_delay,late_aircraft_delay
PVU,9,4,9.25,4.0,6,28.666666666666668,25.833333333333332,3,90.66666666666667,100.0,carrier_delay,nas_delay,late_aircraft_delay
PVU,10,13,5.538461538461538,4.769230769230769,9,34.55555555555556,28.22222222222222,11,146.9090909090909,152.45454545454547,carrier_delay,nas_delay,late_aircraft_delay
PVU,11,15,7.533333333333333,4.866666666666666,18,33.166666666666664,24.555555555555557,14,217.14285714285714,227.76923076923077,carrier_delay,nas_delay,late_aircraft_delay
PVU,12,19,4.578947368421052,-5.315789473684211,17,33.76470588235294,21.8,14,347.57142857142856,334.7142857142857,carrier_delay,nas_delay,late_aircraft_delay
PWM,1,49,5.489795918367347,-1.7346938775510203,29,33.62068965517241,34.06896551724138,20,228.1,237.2,nas_delay,late_aircraft_delay,carrier_delay
PWM,2,35,7.685714285714286,-7.371428571428571,22,24.727272727272727,7.681818181818182,7,303.14285714285717,291.2857142857143,late_aircraft_delay,nas_delay,carrier_delay
PWM,3,38,5.842105263157895,-4.921052631578948,24,30.375,23.625,18,157.55555555555554,149.72222222222223,late_aircraft_delay,carrier_delay,nas_delay
PWM,4,31,5.741935483870968,-1.1935483870967742,30,33.36666666666667,25.3,16,212.25,214.4375,late_aircraft_delay,nas_delay,carrier_delay
PWM,5,51,6.333333333333333,2.7450980392156863,43,33.13953488372093,26.767441860465116,27,219.59259259259258,211.03703703703704,carrier_delay,late_aircraft_delay,nas_delay
PWM,6,93,6.612903225806452,4.419354838709677,81,34.32098765432099,33.675,57,174.52631578947367,170.40350877192984,late_aircraft_delay,nas_delay,carrier_delay
PWM,7,99,6.242424242424242,4.909090909090909,82,32.30487804878049,35.15853658536585,66,175.71212121212122,178.265625,late_aircraft_delay,nas_delay,carrier_delay
PWM,8,125,6.472,3.346774193548387,98,29.744897959183675,33.316326530612244,57,166.75438596491227,166.05357142857142,nas_delay,late_aircraft_delay,carrier_delay
PWM,9,83,5.831325301204819,1.7710843373493976,48,30.25,25.0625,22,163.3181818181818,159.63636363636363,nas_delay,late_aircraft_delay,carrier_delay
PWM,10,112,6.455357142857143,-1.4464285714285714,64,32.09375,21.578125,36,196.66666666666666,185.57142857142858,carrier_delay,nas_delay,late_aircraft_delay
PWM,11,44,6.0227272727272725,-0.5454545454545454,39,27.923076923076923,15.58974358974359,22,166.1818181818182,155.0,carrier_delay,nas_delay,late_aircraft_delay
PWM,12,42,6.976190476190476,-0.7857142857142857,43,29.41860465116279,19.58139534883721,29,220.06896551724137,211.6206896551724,nas_delay,late_aircraft_delay,carrier_delay
RAP,1,13,6.6923076923076925,5.615384615384615,11,33.45454545454545,27.545454545454547,10,176.5,165.8,nas_delay,carrier_delay,late_aircraft_delay
RAP,2,15,5.8,2.533333333333333,5,37.8,28.8,8,321.875,331.375,nas_delay,canc_B,late_aircraft_delay
RAP,3,12,4.916666666666667,-7.25,11,32.72727272727273,28.818181818181817,10,130.7,123.7,late_aircraft_delay,nas_delay,carrier_delay
RAP,4,17,5.882352941176471,4.117647058823529,17,32.529411764705884,25.294117647058822,9,142.77777777777777,137.66666666666666,nas_delay,carrier_delay,late_aircraft_delay
RAP,5,24,5.875,-1.4583333333333333,20,30.7,25.5,20,161.05,158.05,nas_delay,carrier_delay,late_aircraft_delay
RAP,6,35,5.428571428571429,-1.2571428571428571,37,30.18918918918919,24.405405405405407,30,151.46666666666667,151.8,carrier_delay,late_aircraft_delay,nas_delay
RAP,7,62,5.967741935483871,4.661290322580645,59,32.13559322033898,30.29310344827586,25,133.36,129.91304347826087,nas_delay,carrier_delay,late_aircraft_delay
RAP,8,52,6.923076923076923,5.0576923076923075,36,31.694444444444443,29.34285714285714,18,220.61111111111111,217.61111111111111,nas_delay,carrier_delay,late_aircraft_delay
RAP,9,35,5.428571428571429,-2.3142857142857145,27,26.88888888888889,25.03846153846154,5,124.2,120.8,nas_delay,carrier_delay,late_aircraft_delay
RAP,10,35,5.8,-1.1714285714285715,16,31.0,21.1875,10,141.9,134.77777777777777,nas_delay,carrier_delay,late_aircraft_delay
RAP,11,29,6.448275862068965,3.6551724137931036,19,31.63157894736842,21.842105263157894,14,139.0,128.92857142857142,carrier_delay,nas_delay,late_aircraft_delay
RAP,12,41,6.146341463414634,-0.0975609756097561,11,27.818181818181817,23.09090909090909,16,227.5625,218.9375,carrier_delay,nas_delay,late_aircraft_delay
RDD,1,2,6.0,-10.5,2,24.5,8.5,2,230.0,228.0,nas_delay,carrier_delay,late_aircraft_delay
RDD,2,3,4.666666666666667,-0.6666666666666666,4,42.0,34.5,2,183.5,180.5,carrier_delay,nas_delay,late_aircraft_delay
RDD,3,7,4.428571428571429,5.0,2,38.5,25.5,1,358.0,351.0,carrier_delay,nas_delay,canc_B
RDD,4,4,5.75,-2.25,2,36.0,33.0,1,155.0,132.0,nas_delay,late_aircraft_delay,Nessuna
RDD,5,5,2.4,3.4,6,25.5,41.833333333333336,1,211.0,218.0,nas_delay,carrier_delay,late_aircraft_delay
RDD,6,11,6.818181818181818,1.3636363636363635,6,25.833333333333332,19.5,3,286.0,285.0,late_aircraft_delay,nas_delay,carrier_delay
RDD,7,7,6.714285714285714,6.285714285714286,8,38.5,31.0,4,139.5,134.5,late_aircraft_delay,carrier_delay,nas_delay
RDD,8,2,9.0,-3.0,7,32.857142857142854,36.857142857142854,4,149.75,140.25,late_aircraft_delay,carrier_delay,nas_delay
RDD,9,6,4.666666666666667,3.1666666666666665,8,28.5,30.625,4,141.5,137.25,nas_delay,late_aircraft_delay,carrier_delay
RDD,10,2,5.5,0.5,7,34.142857142857146,34.285714285714285,6,281.5,270.5,carrier_delay,late_aircraft_delay,nas_delay
RDD,11,5,11.2,17.2,6,34.333333333333336,40.2,3,522.3333333333334,518.0,nas_delay,carrier_delay,late_aircraft_delay
RDD,12,7,5.714285714285714,2.5714285714285716,4,26.5,30.75,6,136.0,134.16666666666666,late_aircraft_delay,nas_delay,canc_B
RDM,1,29,6.344827586206897,3.2413793103448274,24,29.625,40.125,33,253.3939393939394,255.0,nas_delay,weather_delay,canc_B
RDM,2,26,6.423076923076923,6.6923076923076925,32,30.65625,39.375,26,299.34615384615387,299.65384615384613,nas_delay,carrier_delay,weather_delay
RDM,3,30,7.433333333333334,4.466666666666667,29,33.58620689655172,30.0,19,148.05263157894737,147.31578947368422,nas_delay,carrier_delay,late_aircraft_delay
RDM,4,22,6.363636363636363,3.5,15,33.266666666666666,31.0,16,265.5,267.0625,carrier_delay,nas_delay,late_aircraft_delay
RDM,5,18,8.277777777777779,-0.5,21,37.476190476190474,37.142857142857146,12,128.16666666666666,125.16666666666667,nas_delay,carrier_delay,late_aircraft_delay
RDM,6,25,7.56,4.52,32,29.1875,25.40625,18,118.72222222222223,116.55555555555556,carrier_delay,nas_delay,late_aircraft_delay
RDM,7,45,5.355555555555555,-2.0444444444444443,38,30.210526315789473,28.972972972972972,22,198.9090909090909,194.77272727272728,carrier_delay,nas_delay,late_aircraft_delay
RDM,8,38,5.947368421052632,6.378378378378378,33,30.393939393939394,30.848484848484848,14,272.64285714285717,272.7142857142857,nas_delay,carrier_delay,late_aircraft_delay
RDM,9,40,6.35,7.4,19,30.105263157894736,34.1578947368421,15,170.6,175.33333333333334,nas_delay,late_aircraft_delay,carrier_delay
RDM,10,23,5.6521739130434785,3.5217391304347827,15,38.53333333333333,36.2,13,138.6153846153846,138.15384615384616,carrier_delay,nas_delay,late_aircraft_delay
RDM,11,29,5.862068965517241,1.1379310344827587,17,31.823529411764707,31.88235294117647,9,130.88888888888889,126.11111111111111,nas_delay,carrier_delay,late_aircraft_delay
RDM,12,40,6.875,-1.2,22,33.0,23.40909090909091,20,220.3,216.55,carrier_delay,nas_delay,canc_B
RDU,1,317,6.255520504731861,2.2082018927444795,259,32.447876447876446,26.310077519379846,168,159.01190476190476,156.375,nas_delay,late_aircraft_delay,carrier_delay
RDU,2,300,5.983333333333333,-2.0733333333333333,181,29.353591160220994,20.61878453038674,71,140.9718309859155,134.25352112676057,nas_delay,late_aircraft_delay,carrier_delay
RDU,3,380,6.031578947368421,-1.3386243386243386,309,31.15210355987055,24.4512987012987,162,180.59876543209876,178.8695652173913,late_aircraft_delay,nas_delay,carrier_delay
RDU,4,428,5.598130841121495,1.3779342723004695,261,30.8544061302682,29.324324324324323,180,148.54444444444445,146.23033707865167,nas_delay,late_aircraft_delay,carrier_delay
RDU,5,428,6.413551401869159,2.9414519906323187,357,32.9187675070028,30.988732394366195,265,159.7433962264151,160.125,nas_delay,late_aircraft_delay,carrier_delay
RDU,6,514,6.124513618677042,0.4538310412573674,370,32.22162162162162,27.994594594594595,249,152.92369477911646,148.00806451612902,late_aircraft_delay,nas_delay,carrier_delay
RDU,7,408,6.421568627450981,1.547911547911548,441,32.961451247165535,30.4123006833713,370,154.81621621621622,153.33423913043478,late_aircraft_delay,nas_delay,carrier_delay
RDU,8,446,6.262331838565022,-0.4898419864559819,401,32.61346633416459,27.86,302,196.28807947019868,191.28476821192052,late_aircraft_delay,nas_delay,carrier_delay
RDU,9,352,5.9147727272727275,0.5641025641025641,240,29.945833333333333,23.270833333333332,132,156.03030303030303,150.8560606060606,nas_delay,late_aircraft_delay,carrier_delay
RDU,10,460,5.7,-1.3877995642701526,239,30.07112970711297,22.682008368200837,103,175.4757281553398,170.36893203883494,nas_delay,carrier_delay,late_aircraft_delay
RDU,11,321,5.878504672897196,0.17445482866043613,211,31.90995260663507,23.81516587677725,102,144.02941176470588,136.97058823529412,nas_delay,late_aircraft_delay,carrier_delay
RDU,12,476,6.079831932773109,-1.6294736842105264,324,30.72222222222222,22.85185185185185,160,123.21875,115.80503144654088,nas_delay,late_aircraft_delay,carrier_delay
RFD,1,6,5.666666666666667,-5.666666666666667,3,42.666666666666664,34.333333333333336,1,1264.0,1249.0,nas_delay,carrier_delay,Nessuna
RFD,2,8,7.0,-12.625,4,34.25,20.25,1,71.0,60.0,carrier_delay,late_aircraft_delay,nas_delay
RFD,3,3,7.333333333333333,-6.333333333333333,3,33.666666666666664,39.333333333333336,3,446.3333333333333,457.0,nas_delay,late_aircraft_delay,carrier_delay
RFD,4,2,6.5,-7.5,1,49.0,32.0,1,145.0,133.0,late_aircraft_delay,carrier_delay,Nessuna
RFD,5,3,6.333333333333333,9.0,7,30.571428571428573,32.57142857142857,4,120.0,126.5,nas_delay,late_aircraft_delay,carrier_delay
RFD,6,8,7.875,-2.875,5,27.8,28.6,2,84.5,79.5,nas_delay,late_aircraft_delay,carrier_delay
RFD,7,10,8.0,9.4,5,35.0,29.6,6,150.66666666666666,152.66666666666666,nas_delay,late_aircraft_delay,weather_delay
RFD,8,4,5.5,-4.0,3,36.333333333333336,30.0,5,148.0,145.8,carrier_delay,late_aircraft_delay,nas_delay
RFD,9,3,5.666666666666667,-0.6666666666666666,1,22.0,6.0,4,514.0,518.25,nas_delay,carrier_delay,canc_B
RFD,10,6,10.5,4.666666666666667,4,36.0,45.25,5,144.2,135.0,late_aircraft_delay,carrier_delay,nas_delay
RFD,11,7,5.571428571428571,0.2857142857142857,6,28.833333333333332,22.0,2,213.0,208.0,late_aircraft_delay,carrier_delay,nas_delay
RFD,12,10,6.6,-4.0,3,32.333333333333336,23.333333333333332,3,435.3333333333333,423.3333333333333,late_aircraft_delay,nas_delay,carrier_delay
RHI,1,3,9.0,1.6666666666666667,2,35.0,17.5,1,155.0,128.0,carrier_delay,Nessuna,Nessuna
RHI,2,1,8.0,6.0,1,16.0,9.0,0,"","",Nessuna,Nessuna,Nessuna
RHI,3,0,"","",2,26.0,-2.5,2,84.0,62.0,canc_B,nas_delay,carrier_delay
RHI,4,0,"","",1,16.0,0.0,1,234.0,224.0,weather_delay,Nessuna,Nessuna
RHI,5,0,"","",0,"","",2,142.5,129.5,carrier_delay,Nessuna,Nessuna
RHI,6,2,5.5,19.0,5,39.8,52.6,6,155.33333333333334,153.66666666666666,carrier_delay,nas_delay,weather_delay
RHI,7,7,5.857142857142857,0.8571428571428571,11,38.63636363636363,46.54545454545455,1,152.0,159.0,nas_delay,carrier_delay,weather_delay
RHI,8,5,5.4,11.6,12,33.833333333333336,36.583333333333336,2,176.0,176.5,nas_delay,carrier_delay,weather_delay
RHI,9,1,4.0,29.0,3,20.0,25.0,2,266.0,259.0,nas_delay,weather_delay,Nessuna
RHI,10,1,8.0,-9.0,1,23.0,17.0,1,92.0,76.0,carrier_delay,Nessuna,Nessuna
RHI,11,1,14.0,-8.0,1,31.0,11.0,1,90.0,75.0,carrier_delay,Nessuna,Nessuna
RHI,12,2,4.0,-5.5,0,"","",6,331.0,329.0,carrier_delay,nas_delay,canc_B
RIC,1,80,6.0375,2.7625,79,32.34177215189873,31.346153846153847,47,238.14893617021278,234.93617021276594,nas_delay,carrier_delay,late_aircraft_delay
RIC,2,90,5.7,-1.9777777777777779,68,31.014705882352942,23.82089552238806,27,165.8148148148148,159.11111111111111,nas_delay,late_aircraft_delay,carrier_delay
RIC,3,111,5.621621621621622,0.9369369369369369,91,33.38461538461539,29.043956043956044,48,157.54166666666666,154.82978723404256,nas_delay,late_aircraft_delay,carrier_delay
RIC,4,114,6.728070175438597,1.1327433628318584,97,31.278350515463917,24.68041237113402,52,150.73076923076923,150.66666666666666,carrier_delay,nas_delay,late_aircraft_delay
RIC,5,137,6.306569343065694,-1.3235294117647058,127,32.37795275590551,27.071428571428573,74,161.77027027027026,161.45945945945945,nas_delay,late_aircraft_delay,carrier_delay
RIC,6,142,6.661971830985915,-1.9366197183098592,91,30.12087912087912,22.022222222222222,70,167.62857142857143,164.55714285714285,carrier_delay,nas_delay,late_aircraft_delay
RIC,7,131,6.145038167938932,-0.5230769230769231,153,32.75816993464052,28.06578947368421,96,183.08333333333334,179.57291666666666,late_aircraft_delay,carrier_delay,nas_delay
RIC,8,126,6.388888888888889,1.7698412698412698,99,32.17171717171717,27.612244897959183,59,160.45762711864407,154.28813559322035,late_aircraft_delay,carrier_delay,nas_delay
RIC,9,108,5.4907407407407405,-0.027777777777777776,65,29.93846153846154,25.107692307692307,31,166.1290322580645,165.32258064516128,nas_delay,carrier_delay,late_aircraft_delay
RIC,10,104,6.096153846153846,-3.2211538461538463,59,33.11864406779661,26.06779661016949,18,161.83333333333334,152.05555555555554,nas_delay,late_aircraft_delay,carrier_delay
RIC,11,90,5.522222222222222,-3.6222222222222222,55,31.472727272727273,21.59259259259259,23,98.26086956521739,89.52173913043478,carrier_delay,nas_delay,late_aircraft_delay
RIC,12,145,6.372413793103449,-1.206896551724138,105,30.085714285714285,23.266666666666666,45,142.75555555555556,136.13333333333333,carrier_delay,nas_delay,late_aircraft_delay
RIW,1,2,2.0,10.0,0,"","",3,199.0,184.0,nas_delay,carrier_delay,late_aircraft_delay
RIW,2,0,"","",2,31.5,27.0,1,321.0,317.0,carrier_delay,canc_B,nas_delay
RIW,3,0,"","",0,"","",1,529.0,514.0,canc_B,carrier_delay,Nessuna
RIW,4,0,"","",1,54.0,46.0,2,284.0,279.5,carrier_delay,late_aircraft_delay,nas_delay
RIW,5,2,4.0,16.5,1,28.0,6.0,1,1028.0,1010.0,late_aircraft_delay,nas_delay,carrier_delay
RIW,6,0,"","",1,27.0,31.0,1,251.0,265.0,carrier_delay,nas_delay,canc_C
RIW,7,1,9.0,27.0,2,44.0,45.5,1,173.0,178.0,nas_delay,carrier_delay,late_aircraft_delay
RIW,8,1,8.0,-3.0,3,37.0,50.333333333333336,4,207.25,215.75,nas_delay,late_aircraft_delay,carrier_delay
RIW,9,5,8.8,10.8,1,27.0,28.0,3,118.66666666666667,131.0,nas_delay,late_aircraft_delay,weather_delay
RIW,10,1,2.0,2.0,2,19.0,21.0,2,378.0,389.5,carrier_delay,late_aircraft_delay,nas_delay
RIW,11,4,6.5,7.75,1,16.0,16.0,2,225.5,216.0,carrier_delay,late_aircraft_delay,nas_delay
RIW,12,3,8.0,-9.666666666666666,2,22.5,14.5,1,124.0,111.0,carrier_delay,late_aircraft_delay,Nessuna
RKS,1,1,9.0,58.0,1,26.0,11.0,2,176.0,176.0,late_aircraft_delay,nas_delay,carrier_delay
RKS,2,2,5.0,-10.5,1,16.0,7.0,1,109.0,111.0,late_aircraft_delay,nas_delay,Nessuna
RKS,3,2,6.5,-1.0,0,"","",2,321.0,310.5,late_aircraft_delay,carrier_delay,Nessuna
RKS,4,0,"","",0,"","",0,"","",Nessuna,Nessuna,Nessuna
RKS,5,0,"","",0,"","",3,273.0,263.0,carrier_delay,nas_delay,Nessuna
RKS,6,1,2.0,0.0,0,"","",1,149.0,154.0,carrier_delay,nas_delay,Nessuna
RKS,7,1,5.0,5.0,1,37.0,30.0,2,199.0,199.0,carrier_delay,late_aircraft_delay,nas_delay
RKS,8,1,12.0,13.0,1,37.0,39.0,3,313.3333333333333,345.3333333333333,carrier_delay,nas_delay,Nessuna
RKS,9,3,5.666666666666667,2.3333333333333335,3,26.666666666666668,24.666666666666668,1,77.0,80.0,carrier_delay,nas_delay,Nessuna
RKS,10,5,4.6,8.8,1,45.0,43.0,3,519.0,530.6666666666666,carrier_delay,nas_delay,late_aircraft_delay
RKS,11,1,12.0,-1.0,1,18.0,35.0,2,96.5,135.0,nas_delay,weather_delay,carrier_delay
RKS,12,1,5.0,-23.0,6,21.833333333333332,11.166666666666666,1,556.0,538.0,weather_delay,late_aircraft_delay,carrier_delay
RNO,1,119,5.848739495798319,-2.2521008403361344,89,29.46067415730337,22.662921348314608,58,131.51724137931035,129.81034482758622,late_aircraft_delay,nas_delay,carrier_delay
RNO,2,117,5.683760683760684,-0.10256410256410256,72,35.375,34.23943661971831,56,178.125,183.375,nas_delay,late_aircraft_delay,carrier_delay
RNO,3,115,6.2,5.095652173913043,91,30.967032967032967,33.36666666666667,67,173.53731343283582,178.3030303030303,nas_delay,late_aircraft_delay,carrier_delay
RNO,4,90,6.0777777777777775,4.055555555555555,90,32.12222222222222,31.666666666666668,40,216.475,217.6,nas_delay,late_aircraft_delay,carrier_delay
RNO,5,117,5.7094017094017095,-0.25217391304347825,86,32.26744186046512,28.46511627906977,64,166.28125,165.703125,late_aircraft_delay,nas_delay,carrier_delay
RNO,6,146,6.0,0.9793103448275862,136,32.48529411764706,24.511111111111113,55,165.14545454545456,159.6909090909091,late_aircraft_delay,carrier_delay,nas_delay
RNO,7,151,6.708609271523179,2.7350993377483444,123,30.495934959349594,24.414634146341463,85,171.0,168.89411764705883,late_aircraft_delay,carrier_delay,nas_delay
RNO,8,158,6.177215189873418,1.643312101910828,130,30.43846153846154,25.823076923076922,67,157.56716417910448,155.32835820895522,late_aircraft_delay,nas_delay,carrier_delay
RNO,9,158,6.018987341772152,1.759493670886076,101,31.574257425742573,27.39,40,121.125,112.775,late_aircraft_delay,nas_delay,carrier_delay
RNO,10,133,6.06015037593985,1.894736842105263,76,32.64473684210526,30.973684210526315,40,116.15,116.725,nas_delay,late_aircraft_delay,carrier_delay
RNO,11,112,5.848214285714286,4.1875,71,33.15492957746479,31.142857142857142,37,167.56756756756758,166.30555555555554,nas_delay,carrier_delay,late_aircraft_delay
RNO,12,150,5.266666666666667,-2.14,106,29.537735849056602,22.504761904761907,46,121.3913043478261,117.04347826086956,carrier_delay,late_aircraft_delay,nas_delay
ROA,1,15,5.0,7.4,18,36.111111111111114,40.888888888888886,16,241.375,240.9375,late_aircraft_delay,nas_delay,carrier_delay
ROA,2,14,6.428571428571429,5.214285714285714,8,28.375,25.25,2,427.0,427.5,nas_delay,late_aircraft_delay,carrier_delay
ROA,3,16,6.9375,1.9375,11,31.181818181818183,23.272727272727273,3,125.33333333333333,115.33333333333333,carrier_delay,nas_delay,late_aircraft_delay
ROA,4,13,5.538461538461538,1.1538461538461537,13,26.076923076923077,28.384615384615383,4,497.75,490.25,nas_delay,late_aircraft_delay,carrier_delay
ROA,5,21,6.619047619047619,-1.1428571428571428,17,29.941176470588236,34.705882352941174,12,239.25,251.91666666666666,nas_delay,late_aircraft_delay,carrier_delay
ROA,6,15,6.2,4.933333333333334,16,31.375,30.5625,8,304.0,296.0,carrier_delay,late_aircraft_delay,nas_delay
ROA,7,21,5.761904761904762,3.0952380952380953,12,35.0,37.083333333333336,13,133.69230769230768,124.53846153846153,carrier_delay,nas_delay,late_aircraft_delay
ROA,8,12,5.333333333333333,2.8333333333333335,12,30.416666666666668,28.666666666666668,12,135.91666666666666,126.41666666666667,nas_delay,carrier_delay,late_aircraft_delay
ROA,9,9,4.222222222222222,-3.3333333333333335,9,31.77777777777778,30.88888888888889,2,169.5,164.0,late_aircraft_delay,nas_delay,carrier_delay
ROA,10,17,6.470588235294118,3.7058823529411766,25,30.6,27.583333333333332,3,95.0,94.33333333333333,late_aircraft_delay,carrier_delay,nas_delay
ROA,11,21,5.904761904761905,2.857142857142857,16,26.9375,23.375,4,79.5,69.25,carrier_delay,nas_delay,late_aircraft_delay
ROA,12,15,6.8,-0.8,29,29.82758620689655,26.103448275862068,20,189.3,180.4,carrier_delay,late_aircraft_delay,nas_delay
ROC,1,70,6.071428571428571,-0.5142857142857142,66,31.242424242424242,30.923076923076923,44,154.5681818181818,164.95348837209303,nas_delay,late_aircraft_delay,carrier_delay
ROC,2,88,6.318181818181818,-4.159090909090909,40,29.45,20.925,20,276.05,283.2631578947368,carrier_delay,nas_delay,late_aircraft_delay
ROC,3,60,5.366666666666666,-2.9,31,26.64516129032258,19.35483870967742,21,154.76190476190476,157.65,nas_delay,late_aircraft_delay,carrier_delay
ROC,4,67,6.164179104477612,-1.7761194029850746,50,31.06,25.04,29,181.86206896551724,177.6551724137931,late_aircraft_delay,nas_delay,carrier_delay
ROC,5,72,6.930555555555555,2.0694444444444446,63,30.174603174603174,24.07936507936508,38,171.68421052631578,171.25,nas_delay,late_aircraft_delay,carrier_delay
ROC,6,81,6.160493827160494,1.0253164556962024,66,29.727272727272727,22.71212121212121,38,130.5,122.60526315789474,late_aircraft_delay,nas_delay,carrier_delay
ROC,7,108,5.416666666666667,-1.6542056074766356,75,30.546666666666667,23.506666666666668,65,166.58461538461538,164.3230769230769,late_aircraft_delay,carrier_delay,nas_delay
ROC,8,101,5.96039603960396,0.1485148514851485,75,27.8,22.14864864864865,64,170.765625,170.671875,nas_delay,late_aircraft_delay,carrier_delay
ROC,9,83,5.9156626506024095,-0.3493975903614458,43,28.069767441860463,23.767441860465116,18,210.88888888888889,205.5,nas_delay,carrier_delay,late_aircraft_delay
ROC,10,88,6.431818181818182,0.6704545454545454,52,28.403846153846153,21.807692307692307,11,189.72727272727272,192.1818181818182,late_aircraft_delay,carrier_delay,nas_delay
ROC,11,67,6.358208955223881,-2.044776119402985,40,32.1,23.6,14,105.42857142857143,97.35714285714286,carrier_delay,nas_delay,late_aircraft_delay
ROC,12,105,6.428571428571429,-0.5238095238095238,80,31.775,26.6875,42,161.1904761904762,160.26190476190476,nas_delay,carrier_delay,late_aircraft_delay
ROW,1,2,3.5,0.0,2,25.5,17.0,5,234.4,234.4,carrier_delay,nas_delay,canc_B
ROW,2,9,7.444444444444445,2.4444444444444446,0,"","",1,624.0,648.0,nas_delay,carrier_delay,weather_delay
ROW,3,4,4.0,-0.25,3,20.333333333333332,17.333333333333332,1,146.0,139.0,nas_delay,carrier_delay,weather_delay
ROW,4,2,7.5,17.0,5,30.0,30.2,1,102.0,104.0,late_aircraft_delay,nas_delay,carrier_delay
ROW,5,5,7.6,0.2,3,42.333333333333336,34.666666666666664,4,186.5,186.0,carrier_delay,canc_B,weather_delay
ROW,6,4,9.75,17.75,5,40.0,42.6,8,298.875,300.625,carrier_delay,nas_delay,late_aircraft_delay
ROW,7,7,8.142857142857142,3.7142857142857144,6,29.333333333333332,19.5,7,187.71428571428572,184.57142857142858,carrier_delay,nas_delay,late_aircraft_delay
ROW,8,2,2.0,8.0,4,27.75,21.0,5,367.8,364.8,carrier_delay,nas_delay,late_aircraft_delay
ROW,9,8,6.25,8.25,7,27.571428571428573,29.428571428571427,4,189.75,190.5,nas_delay,late_aircraft_delay,carrier_delay
ROW,10,7,3.7142857142857144,2.857142857142857,6,32.666666666666664,28.5,5,265.8,256.4,carrier_delay,nas_delay,late_aircraft_delay
ROW,11,7,3.857142857142857,3.4285714285714284,13,28.307692307692307,31.384615384615383,5,106.2,113.2,nas_delay,carrier_delay,weather_delay
ROW,12,8,4.75,-0.5,4,30.0,22.75,3,88.66666666666667,85.0,carrier_delay,canc_B,late_aircraft_delay
RST,1,4,6.25,-8.75,1,56.0,49.0,6,155.0,138.83333333333334,carrier_delay,canc_B,late_aircraft_delay
RST,2,2,2.0,-9.5,2,35.0,11.5,2,89.5,74.0,carrier_delay,weather_delay,Nessuna
RST,3,6,7.833333333333333,6.0,8,24.625,16.25,7,180.0,180.14285714285714,carrier_delay,weather_delay,nas_delay
RST,4,5,7.0,5.6,10,26.4,20.0,6,156.0,165.0,nas_delay,carrier_delay,late_aircraft_delay
RST,5,4,6.5,10.0,9,30.22222222222222,27.666666666666668,5,152.8,156.2,nas_delay,carrier_delay,weather_delay
RST,6,0,"","",12,31.0,35.75,6,174.33333333333334,171.5,nas_delay,carrier_delay,weather_delay
RST,7,4,7.0,17.0,5,24.4,24.2,9,211.77777777777777,211.22222222222223,late_aircraft_delay,nas_delay,carrier_delay
RST,8,4,7.5,12.5,8,30.375,33.0,4,87.75,71.66666666666667,nas_delay,late_aircraft_delay,carrier_delay
RST,9,3,5.0,-5.0,5,36.8,43.8,3,160.66666666666666,160.66666666666666,carrier_delay,late_aircraft_delay,nas_delay
RST,10,3,7.666666666666667,-6.666666666666667,4,25.0,28.5,0,"","",carrier_delay,nas_delay,late_aircraft_delay
RST,11,2,2.0,6.5,4,33.5,32.25,1,107.0,119.0,carrier_delay,nas_delay,weather_delay
RST,12,5,5.0,4.6,4,36.5,27.75,7,193.71428571428572,188.0,carrier_delay,weather_delay,nas_delay
RSW,1,273,6.736263736263736,0.31135531135531136,265,32.384905660377356,24.893129770992367,171,135.92397660818713,131.23076923076923,late_aircraft_delay,nas_delay,carrier_delay
RSW,2,285,6.312280701754386,3.463157894736842,197,30.79695431472081,27.111675126903553,83,166.66265060240963,155.0731707317073,nas_delay,late_aircraft_delay,carrier_delay
RSW,3,340,6.488235294117647,4.43952802359882,377,31.519893899204245,29.220159151193634,222,139.31981981981983,138.16666666666666,late_aircraft_delay,nas_delay,carrier_delay
RSW,4,248,5.443548387096774,-0.21862348178137653,170,30.894117647058824,26.958579881656803,133,153.71428571428572,148.58333333333334,late_aircraft_delay,nas_delay,carrier_delay
RSW,5,199,6.025125628140704,4.97979797979798,161,32.67701863354037,33.5125,130,147.26923076923077,146.390625,late_aircraft_delay,nas_delay,carrier_delay
RSW,6,130,6.2153846153846155,0.546875,106,30.330188679245282,29.254716981132077,104,180.93269230769232,177.97087378640776,late_aircraft_delay,nas_delay,carrier_delay
RSW,7,136,6.088235294117647,4.404411764705882,176,31.289772727272727,27.2,133,151.81954887218046,150.24812030075188,late_aircraft_delay,nas_delay,carrier_delay
RSW,8,132,5.946969696969697,3.6136363636363638,128,32.9921875,32.84126984126984,105,194.27619047619046,190.32038834951456,late_aircraft_delay,nas_delay,carrier_delay
RSW,9,91,5.923076923076923,2.2637362637362637,80,28.4625,24.75,31,149.70967741935485,144.19354838709677,late_aircraft_delay,nas_delay,carrier_delay
RSW,10,134,6.097014925373134,-2.417910447761194,65,30.83076923076923,22.646153846153847,33,173.66666666666666,165.21212121212122,canc_B,late_aircraft_delay,carrier_delay
RSW,11,150,5.333333333333333,-0.26,100,32.2,26.88,52,142.80769230769232,139.3653846153846,nas_delay,late_aircraft_delay,carrier_delay
RSW,12,220,7.036363636363636,2.3363636363636364,218,32.85321100917431,30.238532110091743,174,178.20689655172413,174.55172413793105,late_aircraft_delay,nas_delay,carrier_delay
SAF,1,5,7.4,8.4,5,28.8,41.6,4,149.75,143.5,carrier_delay,nas_delay,weather_delay
SAF,2,2,12.0,2.0,2,31.0,26.0,5,131.4,124.8,carrier_delay,late_aircraft_delay,nas_delay
SAF,3,3,7.333333333333333,6.333333333333333,3,41.0,39.666666666666664,2,177.5,174.0,carrier_delay,weather_delay,nas_delay
SAF,4,10,6.2,22.9,8,40.125,38.5,6,338.8333333333333,342.0,nas_delay,carrier_delay,late_aircraft_delay
SAF,5,4,4.25,2.0,8,44.0,33.875,16,144.0,141.8125,carrier_delay,weather_delay,late_aircraft_delay
SAF,6,17,7.0588235294117645,1.9411764705882353,11,38.27272727272727,31.90909090909091,22,135.1818181818182,133.5,nas_delay,carrier_delay,weather_delay
SAF,7,10,5.9,1.9,16,34.5,31.1875,15,186.13333333333333,182.26666666666668,carrier_delay,nas_delay,late_aircraft_delay
SAF,8,13,6.230769230769231,0.38461538461538464,10,28.4,22.11111111111111,15,119.46666666666667,115.46666666666667,carrier_delay,nas_delay,late_aircraft_delay
SAF,9,9,9.555555555555555,12.11111111111111,10,33.6,33.3,9,81.77777777777777,72.33333333333333,carrier_delay,nas_delay,late_aircraft_delay
SAF,10,7,6.571428571428571,3.142857142857143,23,31.82608695652174,23.82608695652174,10,119.0,106.3,carrier_delay,late_aircraft_delay,nas_delay
SAF,11,7,6.285714285714286,8.285714285714286,19,34.0,35.8421052631579,21,221.52380952380952,227.1904761904762,nas_delay,carrier_delay,weather_delay
SAF,12,18,7.055555555555555,-8.833333333333334,13,32.0,22.76923076923077,12,236.0,226.5,late_aircraft_delay,nas_delay,carrier_delay
SAN,1,633,5.6524486571879935,0.9348171701112877,412,29.604368932038835,25.695863746958636,176,133.4318181818182,128.13714285714286,late_aircraft_delay,nas_delay,carrier_delay
SAN,2,564,6.203900709219858,-1.3017857142857143,421,31.20665083135392,24.0311004784689,165,136.66666666666666,132.41104294478527,nas_delay,late_aircraft_delay,carrier_delay
SAN,3,676,6.218934911242603,0.8962962962962963,539,32.218923933209645,27.394785847299815,251,143.1394422310757,139.82329317269077,nas_delay,late_aircraft_delay,carrier_delay
SAN,4,675,6.2592592592592595,-0.06222222222222222,533,30.900562851782365,25.4671669793621,217,164.40092165898616,163.9447004608295,nas_delay,late_aircraft_delay,carrier_delay
SAN,5,724,6.335635359116022,0.9930555555555556,626,31.573482428115017,26.067524115755628,260,155.76153846153846,151.5984555984556,late_aircraft_delay,nas_delay,carrier_delay
SAN,6,868,6.4953917050691246,2.779190751445087,763,31.80078636959371,29.181102362204726,364,135.0934065934066,135.17355371900825,late_aircraft_delay,nas_delay,carrier_delay
SAN,7,861,6.036004645760744,3.8344988344988344,796,31.594221105527637,30.20152091254753,382,145.5366492146597,144.31496062992127,late_aircraft_delay,nas_delay,carrier_delay
SAN,8,800,6.1125,4.460377358490566,589,30.39219015280136,31.02730375426621,258,125.42248062015504,124.34375,nas_delay,late_aircraft_delay,carrier_delay
SAN,9,692,5.80635838150289,3.3962264150943398,495,32.61818181818182,31.187878787878788,228,111.7280701754386,110.2088888888889,nas_delay,late_aircraft_delay,carrier_delay
SAN,10,736,6.247282608695652,6.639945652173913,628,32.160828025477706,34.76910828025478,327,140.5382262996942,145.51533742331287,nas_delay,late_aircraft_delay,carrier_delay
SAN,11,705,5.9787234042553195,1.4586894586894588,488,30.375,26.967078189300413,200,131.62,129.89949748743717,nas_delay,late_aircraft_delay,carrier_delay
SAN,12,734,6.0040871934604905,4.708618331053351,592,32.119932432432435,32.523648648648646,459,165.15250544662308,168.80786026200875,nas_delay,late_aircraft_delay,carrier_delay
SAT,1,244,6.036885245901639,1.1818181818181819,199,32.45226130653266,25.884422110552762,96,153.61458333333334,148.76041666666666,late_aircraft_delay,nas_delay,carrier_delay
SAT,2,192,6.265625,2.4791666666666665,133,27.774436090225564,24.045112781954888,54,139.53703703703704,134.61111111111111,nas_delay,late_aircraft_delay,carrier_delay
SAT,3,292,5.722602739726027,-1.1849315068493151,234,31.99145299145299,25.602564102564102,98,165.39795918367346,161.18367346938774,late_aircraft_delay,nas_delay,carrier_delay
SAT,4,258,6.124031007751938,-0.875968992248062,221,29.85972850678733,22.728506787330318,112,172.13392857142858,175.46363636363637,late_aircraft_delay,nas_delay,carrier_delay
SAT,5,349,6.312320916905444,1.7220630372492836,262,31.572519083969464,27.693486590038315,158,152.73417721518987,152.08227848101265,late_aircraft_delay,nas_delay,carrier_delay
SAT,6,342,6.266081871345029,1.7008797653958945,289,30.68166089965398,26.6159169550173,148,153.56756756756758,148.60135135135135,late_aircraft_delay,carrier_delay,nas_delay
SAT,7,316,6.072784810126582,3.2012779552715656,289,31.726643598615915,29.359861591695502,232,163.6551724137931,160.73160173160173,late_aircraft_delay,carrier_delay,nas_delay
SAT,8,224,5.96875,0.3783783783783784,201,31.09950248756219,27.743718592964825,92,164.1413043478261,159.67391304347825,late_aircraft_delay,nas_delay,carrier_delay
SAT,9,230,6.160869565217391,-0.2,153,30.901960784313726,25.163398692810457,80,161.3375,153.5375,late_aircraft_delay,carrier_delay,nas_delay
SAT,10,262,5.473282442748092,-1.5534351145038168,170,28.764705882352942,19.805882352941175,67,172.6865671641791,162.2537313432836,late_aircraft_delay,carrier_delay,nas_delay
SAT,11,251,5.49003984063745,-1.051792828685259,150,31.18,24.133333333333333,76,155.72368421052633,151.02631578947367,carrier_delay,late_aircraft_delay,nas_delay
SAT,12,288,5.78125,-0.5972222222222222,227,29.696035242290748,24.215859030837006,108,163.7962962962963,163.0185185185185,late_aircraft_delay,carrier_delay,nas_delay
SAV,1,81,6.827160493827161,-1.7160493827160495,81,33.592592592592595,23.6875,39,191.46153846153845,187.78947368421052,late_aircraft_delay,carrier_delay,nas_delay
SAV,2,70,6.271428571428571,-2.142857142857143,44,30.65909090909091,23.363636363636363,28,144.67857142857142,138.64285714285714,late_aircraft_delay,carrier_delay,nas_delay
SAV,3,118,5.983050847457627,-1.8898305084745763,96,31.03125,25.126315789473683,42,159.38095238095238,153.3095238095238,late_aircraft_delay,carrier_delay,nas_delay
SAV,4,144,7.027777777777778,3.388888888888889,113,28.504424778761063,23.63963963963964,33,146.75757575757575,142.84848484848484,late_aircraft_delay,carrier_delay,nas_delay
SAV,5,155,5.535483870967742,2.4740259740259742,132,31.143939393939394,26.21212121212121,85,163.18823529411765,163.45882352941177,late_aircraft_delay,nas_delay,carrier_delay
SAV,6,137,5.802919708029197,-1.0291970802919708,113,28.991150442477878,24.548672566371682,44,151.27272727272728,143.6590909090909,carrier_delay,late_aircraft_delay,nas_delay
SAV,7,117,6.794871794871795,-0.05982905982905983,144,32.375,29.11111111111111,112,179.17857142857142,178.96396396396398,late_aircraft_delay,carrier_delay,nas_delay
SAV,8,117,5.914529914529915,1.6923076923076923,81,32.925925925925924,27.51851851851852,67,140.16417910447763,141.044776119403,late_aircraft_delay,nas_delay,carrier_delay
SAV,9,124,6.42741935483871,0.3951612903225806,80,29.525,24.5625,43,169.65116279069767,167.0,late_aircraft_delay,carrier_delay,nas_delay
SAV,10,164,5.585365853658536,-2.274390243902439,85,29.32941176470588,22.11764705882353,16,122.9375,115.4375,late_aircraft_delay,carrier_delay,nas_delay
SAV,11,132,5.484848484848484,-0.9696969696969697,80,30.55,26.425,28,182.85714285714286,179.32142857142858,carrier_delay,nas_delay,late_aircraft_delay
SAV,12,159,6.811320754716981,1.729559748427673,108,32.19444444444444,26.564814814814813,61,179.31147540983608,179.7,carrier_delay,late_aircraft_delay,nas_delay
SBA,1,24,7.041666666666667,2.9166666666666665,28,33.785714285714285,30.321428571428573,18,137.72222222222223,128.83333333333334,late_aircraft_delay,nas_delay,carrier_delay
SBA,2,34,6.647058823529412,4.5588235294117645,32,33.0625,31.28125,19,216.8421052631579,216.0,nas_delay,late_aircraft_delay,carrier_delay
SBA,3,32,7.25,1.875,27,33.666666666666664,31.962962962962962,24,151.66666666666666,153.83333333333334,nas_delay,late_aircraft_delay,carrier_delay
SBA,4,30,6.666666666666667,3.033333333333333,32,35.59375,36.25,36,212.69444444444446,210.61111111111111,nas_delay,late_aircraft_delay,carrier_delay
SBA,5,30,6.133333333333334,1.0333333333333334,36,32.5,28.942857142857143,15,118.53333333333333,111.86666666666666,late_aircraft_delay,nas_delay,carrier_delay
SBA,6,51,5.509803921568627,0.3333333333333333,29,25.379310344827587,18.586206896551722,22,151.9090909090909,148.76190476190476,late_aircraft_delay,carrier_delay,nas_delay
SBA,7,44,6.113636363636363,0.1590909090909091,36,34.388888888888886,30.666666666666668,24,173.91666666666666,168.25,carrier_delay,late_aircraft_delay,nas_delay
SBA,8,36,6.138888888888889,4.888888888888889,28,27.892857142857142,23.571428571428573,12,167.83333333333334,163.83333333333334,carrier_delay,nas_delay,late_aircraft_delay
SBA,9,29,5.103448275862069,0.10344827586206896,30,27.833333333333332,20.482758620689655,17,229.11764705882354,222.41176470588235,late_aircraft_delay,carrier_delay,nas_delay
SBA,10,42,5.880952380952381,-1.7619047619047619,37,33.513513513513516,29.45945945945946,25,201.04,201.56,late_aircraft_delay,nas_delay,carrier_delay
SBA,11,33,5.333333333333333,-2.272727272727273,25,31.44,23.16,21,231.0952380952381,226.66666666666666,late_aircraft_delay,nas_delay,carrier_delay
SBA,12,35,5.3428571428571425,2.3714285714285714,24,31.166666666666668,24.625,22,169.04545454545453,162.86363636363637,late_aircraft_delay,carrier_delay,nas_delay
SBN,1,45,5.955555555555556,-0.6363636363636364,32,31.125,32.78125,39,221.07692307692307,222.97435897435898,carrier_delay,nas_delay,canc_B
SBN,2,26,6.1923076923076925,-3.1538461538461537,25,26.6,13.2,16,148.1875,137.8125,carrier_delay,late_aircraft_delay,nas_delay
SBN,3,38,6.2631578947368425,-1.5,28,31.785714285714285,19.5,13,201.92307692307693,193.69230769230768,carrier_delay,nas_delay,late_aircraft_delay
SBN,4,36,6.138888888888889,-0.8,26,28.692307692307693,24.307692307692307,19,180.6315789473684,183.05263157894737,carrier_delay,nas_delay,late_aircraft_delay
SBN,5,36,6.611111111111111,2.8333333333333335,47,34.361702127659576,24.893617021276597,37,151.43243243243242,148.51351351351352,carrier_delay,late_aircraft_delay,nas_delay
SBN,6,32,6.9375,5.59375,28,31.035714285714285,21.75,30,173.03333333333333,169.8,carrier_delay,nas_delay,late_aircraft_delay
SBN,7,35,5.9714285714285715,4.457142857142857,42,34.11904761904762,30.642857142857142,31,138.25806451612902,139.83870967741936,carrier_delay,nas_delay,late_aircraft_delay
SBN,8,41,6.658536585365853,-0.425,34,27.323529411764707,25.735294117647058,33,150.24242424242425,137.34375,carrier_delay,nas_delay,late_aircraft_delay
SBN,9,36,6.305555555555555,1.9444444444444444,31,35.74193548387097,28.70967741935484,18,155.55555555555554,152.05555555555554,carrier_delay,nas_delay,late_aircraft_delay
SBN,10,39,6.0,-6.0,33,31.727272727272727,22.696969696969695,16,161.0625,155.6875,carrier_delay,late_aircraft_delay,nas_delay
SBN,11,38,7.2631578947368425,0.8421052631578947,17,28.11764705882353,17.235294117647058,21,196.61904761904762,200.4,carrier_delay,nas_delay,late_aircraft_delay
SBN,12,58,6.206896551724138,4.775862068965517,46,31.73913043478261,30.022222222222222,28,179.75,176.0,carrier_delay,nas_delay,late_aircraft_delay
SBP,1,15,6.0,-0.06666666666666667,17,33.588235294117645,31.470588235294116,11,169.45454545454547,167.72727272727272,late_aircraft_delay,carrier_delay,nas_delay
SBP,2,14,5.714285714285714,-3.642857142857143,19,35.31578947368421,30.263157894736842,10,253.0,257.5,nas_delay,carrier_delay,late_aircraft_delay
SBP,3,22,7.863636363636363,6.7727272727272725,16,30.0,27.4375,10,129.2,127.7,nas_delay,carrier_delay,late_aircraft_delay
SBP,4,24,7.125,3.0833333333333335,26,33.73076923076923,26.076923076923077,9,138.55555555555554,130.77777777777777,carrier_delay,late_aircraft_delay,nas_delay
SBP,5,16,6.625,4.0625,12,35.166666666666664,32.333333333333336,9,140.11111111111111,141.88888888888889,nas_delay,carrier_delay,late_aircraft_delay
SBP,6,15,5.466666666666667,2.3333333333333335,18,27.11111111111111,26.055555555555557,13,138.30769230769232,134.15384615384616,carrier_delay,nas_delay,late_aircraft_delay
SBP,7,18,5.888888888888889,4.722222222222222,17,33.76470588235294,29.705882352941178,21,177.33333333333334,174.61904761904762,carrier_delay,late_aircraft_delay,nas_delay
SBP,8,24,6.375,6.434782608695652,12,36.083333333333336,34.75,16,133.3125,138.6875,carrier_delay,nas_delay,late_aircraft_delay
SBP,9,22,3.909090909090909,-0.22727272727272727,23,27.73913043478261,24.82608695652174,10,172.4,173.6,carrier_delay,nas_delay,late_aircraft_delay
SBP,10,23,5.695652173913044,2.391304347826087,20,28.85,30.7,17,204.94117647058823,209.8235294117647,nas_delay,carrier_delay,late_aircraft_delay
SBP,11,23,6.608695652173913,-0.4782608695652174,33,33.303030303030305,26.424242424242426,19,122.73684210526316,122.0,carrier_delay,late_aircraft_delay,nas_delay
SBP,12,19,7.368421052631579,3.8947368421052633,18,31.555555555555557,25.944444444444443,32,164.4375,164.0,carrier_delay,late_aircraft_delay,nas_delay
SCC,1,0,"","",0,"","",0,"","",canc_B,Nessuna,Nessuna
SCC,2,4,7.25,5.0,0,"","",0,"","",canc_B,late_aircraft_delay,nas_delay
SCC,3,2,4.5,3.5,0,"","",1,62.0,57.0,late_aircraft_delay,Nessuna,Nessuna
SCC,4,0,"","",2,38.5,39.5,0,"","",late_aircraft_delay,carrier_delay,canc_B
SCC,5,0,"","",3,41.666666666666664,36.666666666666664,1,63.0,59.0,late_aircraft_delay,carrier_delay,nas_delay
SCC,6,3,10.333333333333334,12.666666666666666,2,40.5,32.5,0,"","",late_aircraft_delay,nas_delay,canc_B
SCC,7,0,"","",1,53.0,45.0,1,185.0,189.0,late_aircraft_delay,nas_delay,canc_B
SCC,8,2,2.5,-2.0,2,28.5,24.5,2,157.5,150.0,late_aircraft_delay,carrier_delay,Nessuna
SCC,9,0,"","",1,35.0,29.0,0,"","",late_aircraft_delay,Nessuna,Nessuna
SCC,10,0,"","",2,37.5,42.5,1,434.0,422.0,late_aircraft_delay,canc_B,nas_delay
SCC,11,3,8.333333333333334,1.3333333333333333,1,52.0,51.0,0,"","",late_aircraft_delay,Nessuna,Nessuna
SCC,12,2,4.0,6.0,0,"","",0,"","",canc_B,Nessuna,Nessuna
SCE,1,1,3.0,-18.0,1,37.0,27.0,0,"","",canc_B,carrier_delay,Nessuna
SCE,2,0,"","",1,21.0,14.0,1,166.0,167.0,carrier_delay,nas_delay,Nessuna
SCE,3,2,12.0,-2.5,0,"","",2,116.5,111.5,nas_delay,carrier_delay,weather_delay
SCE,4,2,9.5,6.0,1,45.0,40.0,1,167.0,148.0,carrier_delay,late_aircraft_delay,Nessuna
SCE,5,3,10.333333333333334,5.0,7,27.857142857142858,23.285714285714285,10,113.1,117.0,late_aircraft_delay,nas_delay,carrier_delay
SCE,6,5,7.8,1.4,2,32.0,34.5,7,175.85714285714286,163.42857142857142,carrier_delay,late_aircraft_delay,nas_delay
SCE,7,1,8.0,-11.0,1,36.0,84.0,0,"","",carrier_delay,nas_delay,late_aircraft_delay
SCE,8,2,7.5,7.0,3,31.666666666666668,29.0,1,77.0,72.0,late_aircraft_delay,weather_delay,nas_delay
SCE,9,0,"","",0,"","",0,"","",Nessuna,Nessuna,Nessuna
SCE,10,5,9.4,9.0,2,32.0,23.0,2,115.0,112.0,nas_delay,late_aircraft_delay,carrier_delay
SCE,11,1,1.0,-3.0,1,15.0,9.0,3,149.33333333333334,142.33333333333334,carrier_delay,late_aircraft_delay,Nessuna
SCE,12,0,"","",3,28.0,45.0,1,65.0,91.0,nas_delay,late_aircraft_delay,weather_delay
SCK,1,6,3.3333333333333335,10.333333333333334,3,27.333333333333332,30.0,3,105.66666666666667,109.0,late_aircraft_delay,nas_delay,security_delay
SCK,2,2,8.0,9.5,1,27.0,15.0,3,169.33333333333334,171.33333333333334,late_aircraft_delay,nas_delay,carrier_delay
SCK,3,5,6.2,8.6,5,40.2,42.8,3,142.33333333333334,138.33333333333334,nas_delay,late_aircraft_delay,carrier_delay
SCK,4,1,10.0,2.0,3,19.666666666666668,34.333333333333336,1,100.0,105.0,nas_delay,late_aircraft_delay,carrier_delay
SCK,5,5,6.2,6.6,3,37.666666666666664,34.666666666666664,0,"","",nas_delay,late_aircraft_delay,carrier_delay
SCK,6,5,7.0,8.2,9,31.333333333333332,31.444444444444443,2,98.0,97.0,nas_delay,late_aircraft_delay,carrier_delay
SCK,7,9,8.222222222222221,4.444444444444445,8,33.125,32.5,6,456.3333333333333,461.5,carrier_delay,nas_delay,late_aircraft_delay
SCK,8,4,5.25,7.75,4,33.5,37.75,4,227.25,227.5,nas_delay,late_aircraft_delay,carrier_delay
SCK,9,2,6.5,3.0,6,42.333333333333336,42.666666666666664,4,123.0,120.5,carrier_delay,late_aircraft_delay,nas_delay
SCK,10,2,10.0,6.0,6,26.166666666666668,35.833333333333336,1,98.0,96.0,nas_delay,carrier_delay,late_aircraft_delay
SCK,11,7,5.714285714285714,0.0,7,28.0,29.714285714285715,0,"","",nas_delay,late_aircraft_delay,carrier_delay
SCK,12,6,7.333333333333333,5.5,10,29.8,18.3,6,93.16666666666667,90.83333333333333,late_aircraft_delay,carrier_delay,nas_delay
SDF,1,103,6.631067961165049,3.8155339805825244,93,32.96774193548387,31.258064516129032,82,177.46341463414635,179.53086419753086,nas_delay,carrier_delay,late_aircraft_delay
SDF,2,105,6.0285714285714285,1.9714285714285715,71,30.070422535211268,21.6,22,154.0,162.04545454545453,nas_delay,carrier_delay,late_aircraft_delay
SDF,3,121,6.801652892561983,1.7685950413223142,106,32.009433962264154,24.650943396226417,51,139.64705882352942,137.37254901960785,nas_delay,late_aircraft_delay,carrier_delay
SDF,4,129,6.75968992248062,2.751937984496124,88,29.477272727272727,25.079545454545453,56,123.08928571428571,122.25454545454545,nas_delay,carrier_delay,late_aircraft_delay
SDF,5,178,6.320224719101123,3.842696629213483,160,31.5875,28.55,90,159.96666666666667,159.85555555555555,nas_delay,late_aircraft_delay,carrier_delay
SDF,6,129,5.945736434108527,1.7054263565891472,114,30.92105263157895,29.289473684210527,69,191.69565217391303,193.2089552238806,nas_delay,carrier_delay,late_aircraft_delay
SDF,7,149,6.228187919463087,2.4966442953020134,153,32.490196078431374,31.39072847682119,124,169.1209677419355,170.9430894308943,nas_delay,carrier_delay,late_aircraft_delay
SDF,8,127,5.913385826771654,3.031496062992126,113,31.52212389380531,30.86725663716814,76,194.10526315789474,191.7123287671233,nas_delay,carrier_delay,late_aircraft_delay
SDF,9,138,6.239130434782608,3.1956521739130435,85,30.63529411764706,28.488095238095237,53,156.37735849056602,156.39622641509433,nas_delay,carrier_delay,late_aircraft_delay
SDF,10,121,6.033057851239669,-0.512396694214876,72,33.111111111111114,25.59722222222222,33,172.72727272727272,167.87878787878788,nas_delay,carrier_delay,late_aircraft_delay
SDF,11,103,5.611650485436893,-0.20588235294117646,60,33.78333333333333,27.661016949152543,29,159.10344827586206,157.86206896551724,nas_delay,carrier_delay,late_aircraft_delay
SDF,12,134,6.686567164179104,1.5833333333333333,102,29.362745098039216,24.352941176470587,59,152.66101694915255,148.3793103448276,carrier_delay,late_aircraft_delay,nas_delay
SEA,1,1099,6.286624203821656,0.06586270871985157,950,31.678947368421053,24.640256959314776,488,141.54508196721312,134.46666666666667,carrier_delay,nas_delay,late_aircraft_delay
SEA,2,865,6.0658959537572255,1.6546929316338355,566,30.833922261484098,25.738515901060072,183,138.8415300546448,134.92896174863387,nas_delay,carrier_delay,late_aircraft_delay
SEA,3,1117,6.111906893464638,0.8030575539568345,894,30.828859060402685,27.043771043771045,307,147.4657980456026,144.40655737704918,nas_delay,carrier_delay,late_aircraft_delay
SEA,4,1228,6.1547231270358305,1.746742671009772,927,30.915857605177994,25.882162162162164,304,124.21052631578948,117.99009900990099,nas_delay,carrier_delay,late_aircraft_delay
SEA,5,1519,6.138248847926267,1.333993399339934,1265,30.481422924901185,25.05938242280285,378,125.0026455026455,120.22486772486772,nas_delay,carrier_delay,late_aircraft_delay
SEA,6,1737,6.516983304548071,0.8903635314483554,1527,30.206286836935167,24.394754098360657,421,131.75059382422802,123.57756563245823,carrier_delay,nas_delay,late_aircraft_delay
SEA,7,1781,6.147669848399776,3.3852643419572552,1469,30.601089176310417,27.19330601092896,458,133.50218340611355,129.54585152838428,nas_delay,carrier_delay,late_aircraft_delay
SEA,8,1635,6.271559633027523,4.378444580526638,1402,30.231098430813123,27.85786073223259,490,122.15918367346939,119.30800821355236,nas_delay,carrier_delay,late_aircraft_delay
SEA,9,1443,6.352044352044352,4.002773925104022,1087,29.997240110395584,26.46132596685083,289,125.24567474048443,120.73263888888889,nas_delay,carrier_delay,late_aircraft_delay
SEA,10,1258,6.302861685214626,2.0644904458598727,771,29.704280155642024,24.81747066492829,202,128.13366336633663,121.46766169154229,nas_delay,carrier_delay,late_aircraft_delay
SEA,11,1083,5.869806094182826,0.20498614958448755,665,28.96691729323308,22.602409638554217,180,137.06666666666666,131.63333333333333,nas_delay,carrier_delay,late_aircraft_delay
SEA,12,1265,6.289328063241107,-0.4107850911974623,957,29.91118077324974,21.718947368421052,323,130.87306501547988,122.05295950155764,carrier_delay,nas_delay,late_aircraft_delay
SFB,1,40,7.375,5.925,32,34.5625,26.5625,21,110.76190476190476,109.85,carrier_delay,late_aircraft_delay,nas_delay
SFB,2,48,6.354166666666667,7.875,46,32.5,32.84782608695652,14,178.07142857142858,177.5,nas_delay,carrier_delay,late_aircraft_delay
SFB,3,65,5.7846153846153845,4.861538461538461,66,33.45454545454545,30.924242424242426,38,125.44736842105263,127.05263157894737,late_aircraft_delay,nas_delay,carrier_delay
SFB,4,48,6.5625,6.0638297872340425,36,30.305555555555557,32.19444444444444,20,158.0,157.55,nas_delay,carrier_delay,late_aircraft_delay
SFB,5,56,7.178571428571429,4.285714285714286,51,29.88235294117647,29.941176470588236,32,130.9375,129.4375,nas_delay,late_aircraft_delay,carrier_delay
SFB,6,69,6.304347826086956,4.088235294117647,91,30.417582417582416,28.736263736263737,45,150.55555555555554,149.93333333333334,carrier_delay,nas_delay,late_aircraft_delay
SFB,7,74,6.716216216216216,2.0135135135135136,77,32.79220779220779,32.83116883116883,55,128.9090909090909,130.38181818181818,late_aircraft_delay,carrier_delay,nas_delay
SFB,8,34,5.647058823529412,6.121212121212121,51,33.509803921568626,33.09803921568628,40,158.35,156.1,late_aircraft_delay,nas_delay,carrier_delay
SFB,9,25,6.4,4.72,32,30.375,28.0,19,127.78947368421052,127.0,carrier_delay,nas_delay,late_aircraft_delay
SFB,10,49,6.020408163265306,1.8333333333333333,43,27.906976744186046,25.046511627906977,29,188.58620689655172,189.3793103448276,carrier_delay,canc_B,nas_delay
SFB,11,41,5.7073170731707314,3.731707317073171,45,29.68888888888889,30.844444444444445,13,97.38461538461539,101.84615384615384,nas_delay,carrier_delay,late_aircraft_delay
SFB,12,77,6.714285714285714,3.473684210526316,109,32.04587155963303,28.805555555555557,60,136.01666666666668,134.55,carrier_delay,late_aircraft_delay,nas_delay
SFO,1,853,6.321219226260258,-0.8223529411764706,668,31.79940119760479,24.55855855855856,368,148.01358695652175,137.74246575342465,carrier_delay,late_aircraft_delay,nas_delay
SFO,2,840,6.354761904761904,-1.4431137724550898,805,31.970186335403728,22.751243781094526,505,163.96435643564357,155.87250996015936,late_aircraft_delay,carrier_delay,nas_delay
SFO,3,965,6.47979274611399,0.816008316008316,1037,32.99132111861138,27.058027079303674,507,134.70019723865877,128.23366336633663,late_aircraft_delay,nas_delay,carrier_delay
SFO,4,1014,6.479289940828402,-2.1495049504950496,970,31.81855670103093,23.78615702479339,577,128.7209705372617,119.84895833333333,late_aircraft_delay,nas_delay,carrier_delay
SFO,5,1054,6.5,-2.1958174904942966,1041,32.834774255523534,22.295081967213115,474,136.77004219409284,126.9830866807611,late_aircraft_delay,carrier_delay,nas_delay
SFO,6,1003,6.116650049850449,-3.385,818,31.772616136919314,22.77149877149877,484,141.78925619834712,131.15657620041753,late_aircraft_delay,carrier_delay,nas_delay
SFO,7,1063,6.1241768579492,0.8706326723323891,881,31.430192962542566,24.942045454545454,479,148.3590814196242,142.22526315789474,carrier_delay,late_aircraft_delay,nas_delay
SFO,8,1109,6.328223624887285,-0.2678733031674208,876,31.27853881278539,24.422680412371133,402,136.1492537313433,128.6641604010025,late_aircraft_delay,nas_delay,carrier_delay
SFO,9,937,6.102454642475987,0.8771367521367521,645,32.1968992248062,27.710730948678073,288,158.19444444444446,154.2822299651568,nas_delay,late_aircraft_delay,carrier_delay
SFO,10,1067,6.11340206185567,-0.6225352112676056,684,30.521929824561404,23.794721407624632,303,143.21122112211222,135.88079470198676,carrier_delay,nas_delay,late_aircraft_delay
SFO,11,994,6.289738430583501,-2.174219536757301,787,31.074968233799236,23.27713920817369,515,140.5883495145631,134.03508771929825,late_aircraft_delay,carrier_delay,nas_delay
SFO,12,1106,6.330922242314648,-0.5804701627486437,890,31.942696629213483,24.437429537767756,463,133.9136069114471,125.34640522875817,late_aircraft_delay,carrier_delay,nas_delay
SGF,1,48,6.625,4.479166666666667,35,31.257142857142856,34.34285714285714,41,177.09756097560975,183.97560975609755,nas_delay,late_aircraft_delay,carrier_delay
SGF,2,37,4.837837837837838,-0.5405405405405406,19,28.157894736842106,17.894736842105264,14,94.85714285714286,85.71428571428571,carrier_delay,nas_delay,late_aircraft_delay
SGF,3,31,6.709677419354839,0.6774193548387096,24,29.916666666666668,22.416666666666668,29,117.6896551724138,114.17241379310344,late_aircraft_delay,carrier_delay,nas_delay
SGF,4,58,6.137931034482759,3.103448275862069,34,29.705882352941178,31.41176470588235,28,233.46428571428572,233.88888888888889,nas_delay,late_aircraft_delay,carrier_delay
SGF,5,71,7.169014084507042,5.830985915492958,61,29.508196721311474,28.883333333333333,46,145.41304347826087,145.0,nas_delay,late_aircraft_delay,carrier_delay
SGF,6,69,6.463768115942029,3.5652173913043477,84,29.55952380952381,26.13095238095238,47,148.31914893617022,147.8695652173913,late_aircraft_delay,carrier_delay,nas_delay
SGF,7,87,6.379310344827586,4.448275862068965,74,27.60810810810811,23.905405405405407,52,170.03846153846155,168.0,carrier_delay,late_aircraft_delay,nas_delay
SGF,8,78,5.564102564102564,3.2051282051282053,72,31.680555555555557,28.84722222222222,37,143.13513513513513,141.13888888888889,carrier_delay,late_aircraft_delay,nas_delay
SGF,9,67,6.522388059701493,1.9701492537313432,58,29.03448275862069,26.53448275862069,28,168.89285714285714,159.40740740740742,carrier_delay,nas_delay,late_aircraft_delay
SGF,10,76,6.342105263157895,-1.881578947368421,39,31.871794871794872,25.17948717948718,21,216.0952380952381,209.52380952380952,carrier_delay,nas_delay,late_aircraft_delay
SGF,11,57,6.982456140350878,4.43859649122807,42,30.857142857142858,27.51219512195122,23,187.7826086956522,189.69565217391303,carrier_delay,nas_delay,late_aircraft_delay
SGF,12,87,6.954022988505747,1.4942528735632183,59,34.186440677966104,28.491525423728813,38,197.28947368421052,200.64864864864865,carrier_delay,late_aircraft_delay,nas_delay
SGU,1,5,5.6,2.2,11,33.27272727272727,27.818181818181817,2,345.5,335.0,carrier_delay,nas_delay,late_aircraft_delay
SGU,2,6,5.833333333333333,2.5,7,28.0,28.714285714285715,1,122.0,123.0,carrier_delay,nas_delay,weather_delay
SGU,3,6,7.333333333333333,4.5,6,27.333333333333332,19.5,1,94.0,90.0,carrier_delay,nas_delay,canc_B
SGU,4,15,5.8,3.1333333333333333,7,32.714285714285715,31.857142857142858,6,299.0,297.0,carrier_delay,nas_delay,weather_delay
SGU,5,7,6.714285714285714,0.2857142857142857,5,29.0,17.6,5,138.6,141.4,weather_delay,nas_delay,carrier_delay
SGU,6,12,7.583333333333333,6.833333333333333,5,39.4,32.2,5,136.6,129.8,carrier_delay,nas_delay,late_aircraft_delay
SGU,7,5,7.2,2.8,14,35.142857142857146,31.142857142857142,4,116.0,111.75,carrier_delay,nas_delay,weather_delay
SGU,8,14,8.785714285714286,7.857142857142857,12,36.916666666666664,31.75,6,339.6666666666667,333.8333333333333,carrier_delay,nas_delay,weather_delay
SGU,9,12,6.5,2.6666666666666665,2,17.5,12.0,0,"","",carrier_delay,nas_delay,Nessuna
SGU,10,6,5.0,6.833333333333333,15,31.2,28.666666666666668,6,176.66666666666666,175.0,carrier_delay,nas_delay,weather_delay
SGU,11,8,5.375,5.0,8,35.125,26.428571428571427,15,164.4,157.06666666666666,carrier_delay,nas_delay,late_aircraft_delay
SGU,12,12,4.833333333333333,0.6666666666666666,9,36.22222222222222,24.875,6,286.8333333333333,282.3333333333333,carrier_delay,nas_delay,late_aircraft_delay
SHR,1,2,12.0,-9.5,1,25.0,3.0,2,177.5,162.0,canc_B,carrier_delay,Nessuna
SHR,2,0,"","",0,"","",2,108.5,118.0,canc_B,weather_delay,carrier_delay
SHR,3,2,3.0,3.0,1,23.0,3.0,1,112.0,138.0,nas_delay,canc_B,late_aircraft_delay
SHR,4,1,7.0,-2.0,0,"","",1,403.0,412.0,carrier_delay,nas_delay,Nessuna
SHR,5,1,3.0,9.0,3,33.333333333333336,25.666666666666668,2,220.0,220.5,carrier_delay,late_aircraft_delay,nas_delay
SHR,6,2,3.5,9.5,2,43.0,40.5,0,"","",carrier_delay,nas_delay,Nessuna
SHR,7,0,"","",1,58.0,50.0,2,240.5,249.0,carrier_delay,nas_delay,late_aircraft_delay
SHR,8,2,6.5,10.0,0,"","",2,252.5,264.5,nas_delay,late_aircraft_delay,carrier_delay
SHR,9,3,6.0,-2.0,2,28.0,25.0,2,275.0,267.0,carrier_delay,nas_delay,Nessuna
SHR,10,2,6.0,20.0,2,34.0,35.5,1,105.0,104.0,carrier_delay,nas_delay,late_aircraft_delay
SHR,11,1,4.0,4.0,2,47.0,53.0,1,88.0,88.0,carrier_delay,nas_delay,Nessuna
SHR,12,1,14.0,26.0,1,19.0,-9.0,1,261.0,271.0,carrier_delay,nas_delay,Nessuna
SHV,1,32,7.34375,2.625,12,36.166666666666664,34.833333333333336,15,325.6666666666667,328.4,nas_delay,late_aircraft_delay,canc_B
SHV,2,24,6.833333333333333,4.041666666666667,10,27.8,24.6,4,73.5,72.0,nas_delay,late_aircraft_delay,carrier_delay
SHV,3,21,6.428571428571429,0.14285714285714285,13,28.76923076923077,21.76923076923077,5,104.4,113.2,late_aircraft_delay,nas_delay,weather_delay
SHV,4,25,5.24,4.16,13,27.076923076923077,22.384615384615383,13,174.53846153846155,180.3846153846154,nas_delay,late_aircraft_delay,weather_delay
SHV,5,29,6.482758620689655,1.7586206896551724,22,35.0,38.22727272727273,22,170.86363636363637,171.0,late_aircraft_delay,nas_delay,weather_delay
SHV,6,12,7.25,-0.5833333333333334,31,37.193548387096776,33.41935483870968,20,140.25,137.75,late_aircraft_delay,carrier_delay,weather_delay
SHV,7,30,6.766666666666667,3.433333333333333,38,32.421052631578945,30.342105263157894,27,200.25925925925927,191.66666666666666,late_aircraft_delay,carrier_delay,nas_delay
SHV,8,19,6.7368421052631575,2.8947368421052633,10,28.7,21.8,14,157.78571428571428,155.14285714285714,late_aircraft_delay,carrier_delay,nas_delay
SHV,9,21,7.285714285714286,-1.9047619047619047,13,31.384615384615383,33.23076923076923,13,149.69230769230768,140.15384615384616,late_aircraft_delay,nas_delay,carrier_delay
SHV,10,19,7.2631578947368425,-0.15789473684210525,15,36.93333333333333,27.8,4,111.0,106.75,carrier_delay,late_aircraft_delay,nas_delay
SHV,11,21,4.476190476190476,-0.09523809523809523,15,28.933333333333334,20.466666666666665,6,157.83333333333334,161.33333333333334,nas_delay,carrier_delay,late_aircraft_delay
SHV,12,40,6.75,2.675,31,31.741935483870968,28.967741935483872,20,211.85,211.75,carrier_delay,nas_delay,late_aircraft_delay
SIT,1,5,2.4,1.2,7,29.714285714285715,27.714285714285715,4,189.0,197.0,late_aircraft_delay,nas_delay,canc_A
SIT,2,1,8.0,-1.0,0,"","",1,65.0,65.0,carrier_delay,Nessuna,Nessuna
SIT,3,5,6.0,6.2,4,29.5,29.5,1,71.0,77.0,late_aircraft_delay,nas_delay,canc_A
SIT,4,5,4.8,2.4,1,25.0,22.0,2,106.5,108.5,carrier_delay,nas_delay,weather_delay
SIT,5,10,8.2,6.0,3,25.333333333333332,23.0,2,173.0,177.0,nas_delay,late_aircraft_delay,carrier_delay
SIT,6,9,6.333333333333333,9.555555555555555,3,39.666666666666664,42.333333333333336,5,127.2,120.6,carrier_delay,nas_delay,late_aircraft_delay
SIT,7,10,6.8,8.7,9,41.77777777777778,37.333333333333336,2,93.5,97.0,late_aircraft_delay,nas_delay,carrier_delay
SIT,8,11,7.363636363636363,10.818181818181818,9,31.666666666666668,30.11111111111111,8,169.125,163.25,nas_delay,weather_delay,carrier_delay
SIT,9,9,6.777777777777778,3.3333333333333335,3,30.666666666666668,34.0,1,131.0,127.0,nas_delay,late_aircraft_delay,carrier_delay
SIT,10,3,3.0,1.0,4,36.5,40.5,1,103.0,97.0,late_aircraft_delay,nas_delay,weather_delay
SIT,11,6,5.166666666666667,16.333333333333332,5,35.0,36.8,0,"","",late_aircraft_delay,nas_delay,carrier_delay
SIT,12,8,6.5,12.25,2,46.5,45.5,1,83.0,76.0,nas_delay,late_aircraft_delay,weather_delay
SJC,1,270,6.1,-0.06296296296296296,211,30.180094786729857,23.42654028436019,83,108.96385542168674,101.98795180722891,late_aircraft_delay,carrier_delay,nas_delay
SJC,2,308,5.6980519480519485,-1.6006493506493507,171,30.017543859649123,24.444444444444443,66,130.0151515151515,124.6969696969697,late_aircraft_delay,nas_delay,carrier_delay
SJC,3,361,6.030470914127424,0.12465373961218837,191,31.544502617801047,25.476439790575917,82,118.84146341463415,116.7560975609756,late_aircraft_delay,carrier_delay,nas_delay
SJC,4,357,5.8655462184873945,0.10084033613445378,179,28.949720670391063,22.312849162011172,61,111.01639344262296,103.71666666666667,late_aircraft_delay,carrier_delay,nas_delay
SJC,5,375,5.685333333333333,0.35656836461126007,243,30.633744855967077,25.358024691358025,98,118.13265306122449,110.28865979381443,late_aircraft_delay,carrier_delay,nas_delay
SJC,6,411,5.639902676399027,0.46228710462287104,303,30.019801980198018,24.366336633663366,132,134.24242424242425,115.34351145038168,late_aircraft_delay,carrier_delay,nas_delay
SJC,7,392,5.915816326530612,2.4056122448979593,289,30.80622837370242,26.627177700348433,145,131.55862068965519,127.08275862068966,late_aircraft_delay,carrier_delay,nas_delay
SJC,8,326,5.754601226993865,0.5661538461538461,265,30.343396226415095,26.29811320754717,89,116.15730337078652,110.8314606741573,late_aircraft_delay,carrier_delay,nas_delay
SJC,9,296,5.199324324324325,2.060810810810811,249,31.377510040160644,27.646586345381525,73,106.24657534246575,100.01369863013699,nas_delay,late_aircraft_delay,carrier_delay
SJC,10,311,5.762057877813505,-0.4180064308681672,250,30.84,24.28,115,130.17391304347825,126.0,late_aircraft_delay,nas_delay,carrier_delay
SJC,11,290,6.189655172413793,-0.9307958477508651,199,28.256281407035175,19.40909090909091,79,112.24050632911393,102.08974358974359,late_aircraft_delay,carrier_delay,nas_delay
SJC,12,353,6.076487252124646,-1.2357954545454546,241,30.062240663900415,22.94979079497908,103,136.19417475728156,133.5242718446602,late_aircraft_delay,carrier_delay,nas_delay
SJT,1,2,7.0,5.0,10,29.1,32.6,3,249.0,239.33333333333334,late_aircraft_delay,weather_delay,nas_delay
SJT,2,1,3.0,-2.0,2,24.5,18.5,4,94.25,89.25,nas_delay,late_aircraft_delay,security_delay
SJT,3,0,"","",3,32.333333333333336,37.0,2,74.0,66.5,late_aircraft_delay,nas_delay,weather_delay
SJT,4,3,8.666666666666666,5.0,5,33.0,25.2,3,108.66666666666667,104.0,late_aircraft_delay,carrier_delay,nas_delay
SJT,5,5,3.8,7.8,5,31.8,35.6,5,241.6,246.0,carrier_delay,nas_delay,late_aircraft_delay
SJT,6,1,6.0,8.0,5,34.2,34.6,2,175.5,177.0,carrier_delay,nas_delay,late_aircraft_delay
SJT,7,3,5.666666666666667,21.666666666666668,4,43.5,37.25,6,148.33333333333334,145.0,carrier_delay,late_aircraft_delay,nas_delay
SJT,8,3,7.333333333333333,8.0,2,31.0,34.5,1,81.0,86.0,nas_delay,late_aircraft_delay,carrier_delay
SJT,9,4,6.25,6.0,4,22.75,31.5,1,82.0,84.0,nas_delay,late_aircraft_delay,carrier_delay
SJT,10,4,7.0,15.5,4,32.5,28.25,0,"","",carrier_delay,nas_delay,late_aircraft_delay
SJT,11,4,2.75,2.5,5,29.4,41.0,3,125.66666666666667,115.66666666666667,nas_delay,carrier_delay,late_aircraft_delay
SJT,12,9,7.444444444444445,-2.5555555555555554,4,24.0,38.25,3,116.0,103.66666666666667,canc_B,carrier_delay,nas_delay
SJU,1,248,6.657258064516129,3.080971659919028,251,32.8406374501992,30.172,167,171.82634730538922,169.09815950920245,late_aircraft_delay,carrier_delay,nas_delay
SJU,2,219,6.264840182648402,3.5662100456621006,192,30.984375,26.015625,110,166.9181818181818,163.22935779816513,nas_delay,carrier_delay,late_aircraft_delay
SJU,3,276,6.420289855072464,5.9375,247,31.643724696356276,30.242798353909464,179,216.11173184357543,216.35955056179776,nas_delay,late_aircraft_delay,carrier_delay
SJU,4,213,6.751173708920188,3.103286384976526,184,31.282608695652176,27.45054945054945,107,184.99065420560748,181.9904761904762,late_aircraft_delay,carrier_delay,nas_delay
SJU,5,245,6.416326530612245,2.053719008264463,237,31.362869198312236,29.03846153846154,136,244.2058823529412,241.1203007518797,nas_delay,late_aircraft_delay,carrier_delay
SJU,6,306,6.287581699346405,1.1196013289036544,276,32.380434782608695,30.102564102564102,173,184.4335260115607,180.50292397660817,late_aircraft_delay,nas_delay,carrier_delay
SJU,7,318,6.276729559748428,2.159744408945687,322,33.40372670807454,28.006230529595015,189,172.59259259259258,166.2127659574468,carrier_delay,late_aircraft_delay,nas_delay
SJU,8,254,6.334645669291339,2.768924302788845,283,33.03180212014134,25.68794326241135,192,176.640625,171.06382978723406,late_aircraft_delay,carrier_delay,nas_delay
SJU,9,176,6.045454545454546,-2.346590909090909,107,30.457943925233646,20.596153846153847,67,171.92537313432837,162.5909090909091,carrier_delay,late_aircraft_delay,nas_delay
SJU,10,168,6.238095238095238,0.2215568862275449,118,30.10169491525424,22.491525423728813,48,169.58333333333334,162.1875,carrier_delay,late_aircraft_delay,nas_delay
SJU,11,230,6.1869565217391305,-2.908296943231441,181,31.011049723756905,21.5,68,138.08823529411765,129.13432835820896,carrier_delay,late_aircraft_delay,nas_delay
SJU,12,276,7.061594202898551,4.510869565217392,281,30.750889679715304,26.462633451957295,149,148.751677852349,145.82432432432432,late_aircraft_delay,carrier_delay,nas_delay
SLC,1,813,6.109471094710947,2.5455665024630543,606,30.882838283828384,25.63907284768212,337,158.57270029673592,154.94894894894895,carrier_delay,nas_delay,late_aircraft_delay
SLC,2,711,5.815752461322082,-1.0140845070422535,441,28.746031746031747,22.466970387243737,172,127.67441860465117,120.37278106508876,nas_delay,carrier_delay,late_aircraft_delay
SLC,3,781,5.902688860435339,1.2842509603072982,538,30.87360594795539,28.098696461824954,280,160.22857142857143,156.83870967741936,nas_delay,carrier_delay,late_aircraft_delay
SLC,4,659,6.039453717754173,1.182648401826484,465,31.83440860215054,25.959139784946238,237,127.9493670886076,124.58649789029536,carrier_delay,nas_delay,late_aircraft_delay
SLC,5,757,6.504623513870541,0.5350993377483444,592,31.75337837837838,25.88663282571912,278,129.568345323741,124.94565217391305,carrier_delay,nas_delay,late_aircraft_delay
SLC,6,733,6.291950886766712,0.40846994535519127,674,31.60385756676558,25.74251497005988,319,162.29467084639498,152.5173501577287,carrier_delay,late_aircraft_delay,nas_delay
SLC,7,750,6.152,1.9437751004016064,694,31.110951008645532,25.91329479768786,453,152.45474613686534,147.21651785714286,carrier_delay,late_aircraft_delay,nas_delay
SLC,8,779,5.897304236200257,1.5964010282776349,594,31.816498316498315,27.108474576271185,329,149.34650455927053,143.44307692307692,carrier_delay,nas_delay,late_aircraft_delay
SLC,9,623,6.120385232744783,1.2154340836012862,420,29.919047619047618,24.214797136038186,196,140.55102040816325,134.07692307692307,carrier_delay,nas_delay,late_aircraft_delay
SLC,10,540,5.625925925925926,-0.31851851851851853,368,31.581521739130434,25.065217391304348,157,142.29936305732485,135.48717948717947,carrier_delay,nas_delay,late_aircraft_delay
SLC,11,586,6.165529010238908,0.9829059829059829,325,30.27076923076923,25.107692307692307,166,132.4156626506024,124.71341463414635,carrier_delay,nas_delay,late_aircraft_delay
SLC,12,681,6.113069016152717,-1.5794117647058823,512,31.287109375,22.798828125,264,153.6969696969697,144.31153846153848,carrier_delay,nas_delay,late_aircraft_delay
SLN,1,2,9.5,-2.0,3,30.333333333333332,26.333333333333332,2,207.5,197.0,canc_B,late_aircraft_delay,weather_delay
SLN,2,2,6.0,-12.0,4,27.75,25.5,1,62.0,48.0,carrier_delay,late_aircraft_delay,nas_delay
SLN,3,3,5.666666666666667,8.666666666666666,1,35.0,35.0,2,67.5,58.0,nas_delay,late_aircraft_delay,canc_B
SLN,4,3,2.0,-2.3333333333333335,1,53.0,29.0,1,174.0,176.0,carrier_delay,nas_delay,Nessuna
SLN,5,3,9.333333333333334,31.666666666666668,3,18.666666666666668,14.333333333333334,8,334.625,336.875,nas_delay,late_aircraft_delay,carrier_delay
SLN,6,0,"","",0,"","",3,113.66666666666667,129.66666666666666,nas_delay,late_aircraft_delay,carrier_delay
SLN,7,2,9.0,21.5,0,"","",4,178.75,169.25,carrier_delay,late_aircraft_delay,nas_delay
SLN,8,1,2.0,-7.0,4,37.25,44.666666666666664,2,175.0,166.5,nas_delay,carrier_delay,canc_B
SLN,9,1,7.0,8.0,2,33.5,27.0,1,68.0,48.0,late_aircraft_delay,carrier_delay,Nessuna
SLN,10,0,"","",0,"","",1,70.0,75.0,carrier_delay,nas_delay,Nessuna
SLN,11,1,13.0,4.0,4,27.25,26.0,3,106.0,115.66666666666667,carrier_delay,nas_delay,late_aircraft_delay
SLN,12,5,5.0,-0.6,2,48.5,43.0,2,125.5,126.5,carrier_delay,late_aircraft_delay,nas_delay
SMF,1,363,5.90633608815427,0.02203856749311295,243,31.106995884773664,23.797520661157026,91,132.45054945054946,126.21978021978022,late_aircraft_delay,carrier_delay,nas_delay
SMF,2,347,5.400576368876081,-0.7109826589595376,186,29.586021505376344,25.562162162162164,65,126.63076923076923,123.23076923076923,late_aircraft_delay,nas_delay,carrier_delay
SMF,3,397,5.6120906801007555,-0.04292929292929293,231,30.31168831168831,26.194805194805195,94,146.58510638297872,144.31182795698925,late_aircraft_delay,nas_delay,carrier_delay
SMF,4,417,6.261390887290168,0.691566265060241,259,32.18532818532819,26.474903474903474,110,117.5,113.6,late_aircraft_delay,carrier_delay,nas_delay
SMF,5,503,5.954274353876739,0.9165009940357853,339,30.12684365781711,23.866863905325445,130,126.74615384615385,120.78461538461538,late_aircraft_delay,carrier_delay,nas_delay
SMF,6,568,6.116197183098592,1.3597883597883598,378,30.505291005291006,24.893899204244033,142,149.5,143.21985815602838,late_aircraft_delay,carrier_delay,nas_delay
SMF,7,492,6.002032520325203,1.5641547861507128,370,31.354054054054053,28.372972972972974,166,142.6867469879518,140.10843373493975,late_aircraft_delay,carrier_delay,nas_delay
SMF,8,438,6.057077625570776,0.6681922196796338,275,30.527272727272727,24.76,136,121.82352941176471,116.70149253731343,late_aircraft_delay,carrier_delay,nas_delay
SMF,9,408,5.833333333333333,0.9117647058823529,249,28.97590361445783,23.798387096774192,102,155.23529411764707,144.12871287128712,late_aircraft_delay,nas_delay,carrier_delay
SMF,10,430,5.7046511627906975,-0.858139534883721,249,30.859437751004016,25.70682730923695,99,143.07070707070707,141.0909090909091,late_aircraft_delay,nas_delay,carrier_delay
SMF,11,409,5.880195599022005,-1.547677261613692,228,30.06578947368421,21.211453744493394,82,143.390243902439,137.46913580246914,late_aircraft_delay,carrier_delay,nas_delay
SMF,12,422,6.168246445497631,-0.8171021377672208,344,30.59593023255814,22.80466472303207,149,150.73825503355704,145.31756756756758,carrier_delay,late_aircraft_delay,nas_delay
SMX,1,0,"","",0,"","",0,"","",Nessuna,Nessuna,Nessuna
SMX,2,1,1.0,-11.0,0,"","",0,"","",Nessuna,Nessuna,Nessuna
SMX,3,3,9.666666666666666,14.0,1,31.0,45.0,1,159.0,184.0,nas_delay,late_aircraft_delay,weather_delay
SMX,4,1,7.0,4.0,0,"","",0,"","",Nessuna,Nessuna,Nessuna
SMX,5,1,11.0,9.0,0,"","",1,69.0,85.0,nas_delay,late_aircraft_delay,Nessuna
SMX,6,2,2.5,-0.5,1,33.0,33.0,0,"","",carrier_delay,late_aircraft_delay,Nessuna
SMX,7,1,14.0,7.0,1,57.0,68.0,1,221.0,216.0,late_aircraft_delay,carrier_delay,nas_delay
SMX,8,2,2.5,0.0,0,"","",1,84.0,70.0,carrier_delay,late_aircraft_delay,Nessuna
SMX,9,0,"","",2,44.5,40.5,1,116.0,113.0,late_aircraft_delay,nas_delay,carrier_delay
SMX,10,2,6.0,-7.5,1,31.0,39.0,1,1163.0,1169.0,late_aircraft_delay,nas_delay,Nessuna
SMX,11,0,"","",0,"","",2,88.5,80.5,nas_delay,late_aircraft_delay,Nessuna
SMX,12,1,12.0,2.0,0,"","",0,"","",Nessuna,Nessuna,Nessuna
SNA,1,300,6.223333333333334,0.6066666666666667,236,32.22457627118644,26.470338983050848,96,148.41666666666666,144.05208333333334,late_aircraft_delay,nas_delay,carrier_delay
SNA,2,302,6.503311258278146,-1.9503311258278146,196,30.025510204081634,19.851282051282052,90,151.22222222222223,147.76666666666668,nas_delay,late_aircraft_delay,carrier_delay
SNA,3,333,6.015015015015015,-0.8528528528528528,248,29.721774193548388,25.663967611336034,134,155.82835820895522,154.11940298507463,nas_delay,late_aircraft_delay,carrier_delay
SNA,4,291,5.879725085910653,-2.320689655172414,251,32.73705179282869,26.90836653386454,99,175.36363636363637,170.66666666666666,nas_delay,late_aircraft_delay,carrier_delay
SNA,5,336,5.857142857142857,-2.795795795795796,250,31.416,25.88755020080321,134,181.78358208955223,175.48091603053436,late_aircraft_delay,nas_delay,carrier_delay
SNA,6,294,6.384353741496598,-1.1496598639455782,245,31.62857142857143,24.330578512396695,111,155.63963963963963,147.00900900900902,late_aircraft_delay,carrier_delay,nas_delay
SNA,7,268,6.227611940298507,-0.417910447761194,242,31.669421487603305,24.319502074688796,139,193.5611510791367,189.50359712230215,late_aircraft_delay,carrier_delay,nas_delay
SNA,8,254,6.047244094488189,1.0669291338582678,202,33.277227722772274,28.36318407960199,101,122.31683168316832,119.14,late_aircraft_delay,nas_delay,carrier_delay
SNA,9,288,6.236111111111111,-0.7832167832167832,161,30.273291925465838,23.96273291925466,78,156.71794871794873,149.28571428571428,late_aircraft_delay,nas_delay,carrier_delay
SNA,10,308,5.60064935064935,-0.8246753246753247,187,31.155080213903744,24.032085561497325,77,156.87012987012986,151.0,late_aircraft_delay,nas_delay,carrier_delay
SNA,11,278,5.996402877697841,-2.335740072202166,167,28.748502994011975,21.940119760479043,65,187.6769230769231,182.7846153846154,late_aircraft_delay,nas_delay,carrier_delay
SNA,12,267,5.558052434456929,-0.7857142857142857,207,31.342995169082126,23.91304347826087,147,198.8231292517007,195.14965986394557,late_aircraft_delay,nas_delay,carrier_delay
SPI,1,1,13.0,0.0,2,38.0,30.0,0,"","",nas_delay,late_aircraft_delay,Nessuna
SPI,2,2,3.5,-3.5,3,23.333333333333332,19.666666666666668,0,"","",nas_delay,carrier_delay,late_aircraft_delay
SPI,3,1,3.0,33.0,4,33.25,33.75,1,321.0,314.0,carrier_delay,nas_delay,late_aircraft_delay
SPI,4,2,6.0,-3.0,0,"","",1,348.0,335.0,carrier_delay,Nessuna,Nessuna
SPI,5,1,4.0,20.0,1,20.0,7.0,0,"","",carrier_delay,nas_delay,Nessuna
SPI,6,0,"","",1,56.0,38.0,1,161.0,175.0,carrier_delay,nas_delay,late_aircraft_delay
SPI,7,1,6.0,-2.0,0,"","",0,"","",canc_A,Nessuna,Nessuna
SPI,8,0,"","",1,35.0,142.0,0,"","",nas_delay,late_aircraft_delay,Nessuna
SPI,10,0,"","",1,39.0,24.0,1,109.0,215.0,late_aircraft_delay,nas_delay,canc_B
SPI,11,1,8.0,-3.0,2,40.5,29.5,0,"","",weather_delay,carrier_delay,late_aircraft_delay
SPI,12,2,2.5,10.5,2,23.5,5.0,0,"","",nas_delay,carrier_delay,Nessuna
SPN,1,0,"","",1,29.0,28.0,0,"","",carrier_delay,Nessuna,Nessuna
SPN,2,3,7.666666666666667,3.6666666666666665,0,"","",0,"","",Nessuna,Nessuna,Nessuna
SPN,3,1,7.0,1.0,0,"","",0,"","",Nessuna,Nessuna,Nessuna
SPN,4,1,2.0,-5.0,0,"","",0,"","",Nessuna,Nessuna,Nessuna
SPN,5,2,4.0,1.5,0,"","",0,"","",Nessuna,Nessuna,Nessuna
SPN,6,6,5.0,4.0,2,28.5,42.5,0,"","",carrier_delay,nas_delay,late_aircraft_delay
SPN,7,7,6.571428571428571,3.857142857142857,2,35.0,34.5,0,"","",nas_delay,carrier_delay,weather_delay
SPN,8,5,7.4,4.8,3,37.666666666666664,35.333333333333336,2,89.5,97.0,late_aircraft_delay,carrier_delay,nas_delay
SPN,9,2,2.5,0.5,0,"","",1,980.0,984.0,nas_delay,canc_C,weather_delay
SPN,10,1,5.0,23.0,0,"","",1,262.0,277.0,nas_delay,carrier_delay,Nessuna
SPN,11,4,5.5,2.75,0,"","",0,"","",Nessuna,Nessuna,Nessuna
SPN,12,2,5.0,3.0,1,15.0,14.0,0,"","",Nessuna,Nessuna,Nessuna
SPS,1,1,2.0,31.0,5,34.6,35.8,6,154.33333333333334,151.16666666666666,nas_delay,weather_delay,carrier_delay
SPS,2,1,9.0,16.0,1,36.0,36.0,1,243.0,240.0,carrier_delay,nas_delay,weather_delay
SPS,3,3,7.333333333333333,-3.3333333333333335,3,31.666666666666668,24.333333333333332,0,"","",carrier_delay,weather_delay,nas_delay
SPS,4,1,5.0,21.0,3,22.666666666666668,11.0,2,80.5,93.0,nas_delay,late_aircraft_delay,weather_delay
SPS,5,1,7.0,-8.0,1,37.0,29.0,0,"","",carrier_delay,canc_B,Nessuna
SPS,6,0,"","",3,32.333333333333336,25.333333333333332,2,104.0,95.0,late_aircraft_delay,carrier_delay,weather_delay
SPS,7,3,5.666666666666667,-0.3333333333333333,1,26.0,26.0,4,198.25,198.25,weather_delay,nas_delay,carrier_delay
SPS,8,2,7.5,-7.0,2,29.5,28.5,0,"","",nas_delay,weather_delay,Nessuna
SPS,9,2,6.5,9.0,3,33.666666666666664,33.333333333333336,0,"","",nas_delay,late_aircraft_delay,carrier_delay
SPS,10,1,6.0,-4.0,0,"","",4,211.0,199.25,carrier_delay,nas_delay,Nessuna
SPS,11,11,6.2727272727272725,-5.909090909090909,3,40.666666666666664,33.0,0,"","",carrier_delay,canc_B,weather_delay
SPS,12,4,5.75,4.5,2,48.5,39.5,2,125.5,126.0,carrier_delay,late_aircraft_delay,nas_delay
SRQ,1,112,5.633928571428571,-1.9196428571428572,113,30.805309734513273,22.04424778761062,75,194.93333333333334,185.69333333333333,late_aircraft_delay,carrier_delay,nas_delay
SRQ,2,90,6.0777777777777775,2.033333333333333,59,31.83050847457627,25.88135593220339,43,188.37209302325581,188.51162790697674,nas_delay,late_aircraft_delay,carrier_delay
SRQ,3,122,6.180327868852459,1.1721311475409837,135,32.2,25.91111111111111,79,175.31645569620252,170.77215189873417,late_aircraft_delay,nas_delay,carrier_delay
SRQ,4,132,6.007575757575758,0.5877862595419847,70,29.8,25.681159420289855,62,137.6451612903226,127.80645161290323,late_aircraft_delay,carrier_delay,nas_delay
SRQ,5,100,6.43,5.81,94,29.96808510638298,34.946236559139784,71,152.7605633802817,152.27142857142857,late_aircraft_delay,nas_delay,carrier_delay
SRQ,6,84,6.892857142857143,5.595238095238095,70,29.357142857142858,23.84285714285714,49,223.83673469387756,217.52083333333334,late_aircraft_delay,carrier_delay,nas_delay
SRQ,7,79,6.822784810126582,4.756410256410256,89,35.2247191011236,33.65909090909091,60,149.33333333333334,149.3793103448276,late_aircraft_delay,nas_delay,carrier_delay
SRQ,8,56,6.517857142857143,0.17857142857142858,61,34.31147540983606,33.34426229508197,35,184.02857142857144,181.94285714285715,late_aircraft_delay,nas_delay,carrier_delay
SRQ,9,31,5.806451612903226,1.3548387096774193,28,34.25,25.892857142857142,19,170.6315789473684,160.31578947368422,late_aircraft_delay,nas_delay,canc_B
SRQ,10,42,6.119047619047619,2.6666666666666665,24,36.25,34.25,18,139.94444444444446,133.22222222222223,canc_B,canc_C,carrier_delay
SRQ,11,52,5.461538461538462,2.5961538461538463,43,32.93023255813954,31.88372093023256,23,164.43478260869566,165.30434782608697,nas_delay,carrier_delay,late_aircraft_delay
SRQ,12,98,6.418367346938775,2.1752577319587627,113,30.504424778761063,26.705357142857142,66,238.86363636363637,237.93939393939394,late_aircraft_delay,nas_delay,carrier_delay
STC,1,3,7.666666666666667,-5.333333333333333,3,34.0,39.333333333333336,0,"","",nas_delay,late_aircraft_delay,Nessuna
STC,2,0,"","",1,18.0,22.0,2,86.5,61.5,late_aircraft_delay,carrier_delay,nas_delay
STC,3,2,7.0,-2.0,1,16.0,45.0,0,"","",nas_delay,Nessuna,Nessuna
STC,4,1,5.0,-1.0,0,"","",0,"","",Nessuna,Nessuna,Nessuna
STC,5,0,"","",0,"","",0,"","",Nessuna,Nessuna,Nessuna
STC,6,0,"","",0,"","",0,"","",Nessuna,Nessuna,Nessuna
STC,7,1,1.0,-25.0,0,"","",0,"","",canc_A,Nessuna,Nessuna
STC,8,0,"","",1,33.0,13.0,0,"","",Nessuna,Nessuna,Nessuna
STC,10,1,8.0,-22.0,1,23.0,2.0,0,"","",Nessuna,Nessuna,Nessuna
STC,11,1,4.0,4.0,1,21.0,18.0,0,"","",carrier_delay,nas_delay,Nessuna
STC,12,3,7.666666666666667,-25.0,2,22.5,3.0,1,192.0,186.0,carrier_delay,canc_B,late_aircraft_delay
STL,1,499,6.258517034068136,1.784708249496982,440,30.770454545454545,29.113895216400913,162,154.6358024691358,158.45341614906832,late_aircraft_delay,carrier_delay,nas_delay
STL,2,431,5.7981438515081205,0.814385150812065,264,28.829545454545453,25.238636363636363,85,147.10588235294117,144.8,nas_delay,late_aircraft_delay,carrier_delay
STL,3,565,6.100884955752212,-0.25177304964539005,447,30.002237136465325,24.58165548098434,162,153.9320987654321,151.21604938271605,late_aircraft_delay,carrier_delay,nas_delay
STL,4,575,6.182608695652174,-0.6904347826086956,379,29.38258575197889,24.09814323607427,161,145.6086956521739,141.80745341614906,late_aircraft_delay,carrier_delay,nas_delay
STL,5,667,6.220389805097451,2.3433734939759034,556,30.883093525179856,27.776576576576577,280,156.63214285714287,155.675,late_aircraft_delay,carrier_delay,nas_delay
STL,6,699,6.394849785407725,0.9367816091954023,530,30.09433962264151,25.524714828897338,197,129.0761421319797,125.29081632653062,late_aircraft_delay,carrier_delay,nas_delay
STL,7,690,6.636231884057971,1.433139534883721,686,30.664723032069972,27.419590643274855,312,162.8397435897436,158.95483870967743,late_aircraft_delay,carrier_delay,nas_delay
STL,8,557,5.910233393177738,-0.25,402,29.888059701492537,23.828715365239294,176,140.26136363636363,136.33714285714285,late_aircraft_delay,carrier_delay,nas_delay
STL,9,543,6.057090239410681,0.20994475138121546,276,29.757246376811594,23.507246376811594,80,148.5625,142.2875,late_aircraft_delay,carrier_delay,nas_delay
STL,10,511,5.778864970645793,-2.127450980392157,296,28.7027027027027,20.868243243243242,86,123.86046511627907,116.83720930232558,carrier_delay,late_aircraft_delay,nas_delay
STL,11,472,5.692796610169491,-1.4851694915254237,281,29.04626334519573,23.790035587188612,93,144.0,140.20430107526883,late_aircraft_delay,nas_delay,carrier_delay
STL,12,633,6.3475513428120065,-1.7194928684627575,466,30.394849785407725,21.621505376344086,156,141.73717948717947,136.51282051282053,late_aircraft_delay,carrier_delay,nas_delay
STS,1,14,6.714285714285714,6.214285714285714,17,29.0,19.88235294117647,9,121.55555555555556,111.66666666666667,late_aircraft_delay,nas_delay,carrier_delay
STS,2,18,5.5,4.277777777777778,8,23.375,24.375,9,128.88888888888889,127.88888888888889,nas_delay,late_aircraft_delay,carrier_delay
STS,3,22,7.590909090909091,8.0,20,33.3,40.3,8,91.75,97.125,nas_delay,late_aircraft_delay,carrier_delay
STS,4,22,6.045454545454546,10.909090909090908,15,31.466666666666665,35.6,2,89.0,85.0,nas_delay,late_aircraft_delay,carrier_delay
STS,5,19,5.2105263157894735,10.368421052631579,11,22.0,21.545454545454547,7,361.7142857142857,365.57142857142856,carrier_delay,nas_delay,late_aircraft_delay
STS,6,31,6.645161290322581,9.166666666666666,21,29.476190476190474,28.666666666666668,9,353.0,352.44444444444446,late_aircraft_delay,nas_delay,carrier_delay
STS,7,23,7.0,5.608695652173913,13,33.23076923076923,36.46153846153846,12,141.91666666666666,141.33333333333334,nas_delay,late_aircraft_delay,carrier_delay
STS,8,30,6.133333333333334,6.466666666666667,25,32.52,32.36,6,93.16666666666667,102.0,late_aircraft_delay,nas_delay,carrier_delay
STS,9,25,6.24,2.92,19,31.526315789473685,36.473684210526315,10,110.0,106.8,nas_delay,late_aircraft_delay,carrier_delay
STS,10,24,6.916666666666667,5.875,20,35.0,42.0,14,193.14285714285714,200.71428571428572,nas_delay,late_aircraft_delay,carrier_delay
STS,11,32,7.96875,2.875,41,31.365853658536587,30.51219512195122,16,135.625,133.0,late_aircraft_delay,carrier_delay,nas_delay
STS,12,29,7.206896551724138,4.137931034482759,30,32.733333333333334,29.0,12,148.25,152.08333333333334,late_aircraft_delay,nas_delay,carrier_delay
STT,1,40,6.075,4.552631578947368,36,33.52777777777778,35.48571428571429,13,127.15384615384616,124.58333333333333,nas_delay,late_aircraft_delay,carrier_delay
STT,2,24,6.625,12.416666666666666,38,30.5,26.57894736842105,30,272.56666666666666,232.57692307692307,nas_delay,late_aircraft_delay,carrier_delay
STT,3,47,7.404255319148936,8.53191489361702,40,30.5,30.605263157894736,25,235.44,236.20833333333334,nas_delay,late_aircraft_delay,carrier_delay
STT,4,36,6.75,9.61111111111111,38,32.973684210526315,30.972972972972972,15,105.13333333333334,86.28571428571429,nas_delay,late_aircraft_delay,carrier_delay
STT,5,45,6.4,6.404761904761905,39,31.256410256410255,29.641025641025642,26,215.19230769230768,219.45833333333334,late_aircraft_delay,nas_delay,carrier_delay
STT,6,33,6.7272727272727275,0.53125,51,33.470588235294116,28.88,23,120.08695652173913,118.08695652173913,late_aircraft_delay,nas_delay,carrier_delay
STT,7,45,7.444444444444445,5.295454545454546,42,31.11904761904762,26.775,31,164.58064516129033,170.4,late_aircraft_delay,nas_delay,carrier_delay
STT,8,20,5.75,-3.263157894736842,24,31.208333333333332,31.652173913043477,22,170.8181818181818,168.95238095238096,late_aircraft_delay,nas_delay,carrier_delay
STT,9,13,5.076923076923077,-4.923076923076923,11,29.818181818181817,29.2,6,346.3333333333333,340.5,late_aircraft_delay,carrier_delay,nas_delay
STT,10,9,6.666666666666667,-2.0,16,28.3125,15.875,12,118.83333333333333,110.08333333333333,late_aircraft_delay,carrier_delay,nas_delay
STT,11,26,6.961538461538462,-5.44,13,32.23076923076923,30.53846153846154,11,128.36363636363637,119.36363636363636,late_aircraft_delay,nas_delay,carrier_delay
STT,12,21,4.9523809523809526,-2.5238095238095237,33,35.121212121212125,23.303030303030305,11,250.9090909090909,244.27272727272728,late_aircraft_delay,nas_delay,carrier_delay
STX,1,8,8.25,2.25,18,31.055555555555557,34.0,6,348.8333333333333,350.8333333333333,nas_delay,late_aircraft_delay,security_delay
STX,2,9,8.555555555555555,8.11111111111111,7,29.571428571428573,34.285714285714285,4,134.5,137.25,nas_delay,late_aircraft_delay,carrier_delay
STX,3,9,4.222222222222222,7.555555555555555,8,34.25,33.0,8,751.5,763.5,nas_delay,late_aircraft_delay,carrier_delay
STX,4,3,5.0,1.3333333333333333,6,29.0,26.0,2,90.0,93.5,nas_delay,late_aircraft_delay,carrier_delay
STX,5,8,10.125,6.75,8,31.75,29.0,4,147.75,135.75,late_aircraft_delay,nas_delay,carrier_delay
STX,6,6,8.833333333333334,4.5,18,36.611111111111114,32.0,12,223.58333333333334,222.41666666666666,late_aircraft_delay,nas_delay,carrier_delay
STX,7,10,7.1,5.3,11,34.63636363636363,31.181818181818183,1,154.0,137.0,late_aircraft_delay,carrier_delay,nas_delay
STX,8,5,8.6,-7.6,12,39.0,29.90909090909091,4,117.75,113.0,late_aircraft_delay,nas_delay,carrier_delay
STX,9,2,2.5,-5.0,6,26.5,20.833333333333332,1,62.0,68.0,nas_delay,late_aircraft_delay,carrier_delay
STX,10,2,7.0,-1.5,2,30.0,25.5,3,76.66666666666667,62.0,late_aircraft_delay,carrier_delay,nas_delay
STX,11,9,6.222222222222222,4.222222222222222,8,26.0,17.0,2,74.5,73.0,late_aircraft_delay,nas_delay,carrier_delay
STX,12,9,6.777777777777778,6.333333333333333,9,24.11111111111111,23.333333333333332,8,399.375,390.5,late_aircraft_delay,nas_delay,carrier_delay
SUN,1,7,7.428571428571429,7.857142857142857,7,28.857142857142858,41.142857142857146,13,239.69230769230768,239.15384615384616,nas_delay,carrier_delay,weather_delay
SUN,2,10,5.4,6.222222222222222,7,31.142857142857142,28.428571428571427,10,191.7,186.5,carrier_delay,nas_delay,weather_delay
SUN,3,10,7.0,0.2222222222222222,13,33.84615384615385,35.07692307692308,9,219.22222222222223,219.66666666666666,nas_delay,late_aircraft_delay,weather_delay
SUN,4,0,"","",1,34.0,20.0,1,221.0,220.0,carrier_delay,Nessuna,Nessuna
SUN,5,3,3.0,-12.0,0,"","",0,"","",Nessuna,Nessuna,Nessuna
SUN,6,4,4.0,-2.3333333333333335,3,33.0,47.333333333333336,2,128.5,113.5,late_aircraft_delay,carrier_delay,nas_delay
SUN,7,10,5.7,5.4,4,32.25,33.5,8,201.25,191.125,nas_delay,carrier_delay,late_aircraft_delay
SUN,8,5,5.2,-2.8,12,37.416666666666664,34.333333333333336,9,299.6666666666667,298.875,carrier_delay,nas_delay,weather_delay
SUN,9,1,10.0,-3.0,1,47.0,65.0,2,275.0,307.0,nas_delay,carrier_delay,Nessuna
SUN,10,4,6.75,-1.0,2,43.5,36.0,0,"","",nas_delay,carrier_delay,Nessuna
SUN,11,0,"","",0,"","",0,"","",canc_B,Nessuna,Nessuna
SUN,12,5,8.6,14.0,10,32.6,30.4,5,157.8,156.0,carrier_delay,nas_delay,weather_delay
SUX,1,3,6.666666666666667,-9.333333333333334,2,29.0,36.0,3,168.33333333333334,145.0,carrier_delay,canc_B,nas_delay
SUX,2,3,3.3333333333333335,-6.333333333333333,2,27.5,13.5,4,203.5,234.66666666666666,carrier_delay,nas_delay,late_aircraft_delay
SUX,3,2,8.0,-7.0,4,41.25,27.25,3,126.66666666666667,117.0,late_aircraft_delay,carrier_delay,canc_B
SUX,4,1,10.0,2.0,0,"","",2,81.0,75.0,carrier_delay,late_aircraft_delay,Nessuna
SUX,5,3,8.0,19.0,7,25.857142857142858,28.571428571428573,6,305.5,297.8333333333333,carrier_delay,nas_delay,late_aircraft_delay
SUX,6,5,6.4,8.8,3,32.666666666666664,27.333333333333332,1,79.0,86.0,nas_delay,carrier_delay,late_aircraft_delay
SUX,7,4,9.0,-0.5,2,33.0,26.0,5,315.8,305.8,carrier_delay,late_aircraft_delay,nas_delay
SUX,8,0,"","",6,28.0,29.333333333333332,5,164.4,162.4,carrier_delay,nas_delay,late_aircraft_delay
SUX,9,5,7.6,7.4,3,23.333333333333332,20.0,2,141.0,138.0,carrier_delay,late_aircraft_delay,nas_delay
SUX,10,4,7.0,12.25,5,25.4,31.8,2,531.5,532.0,nas_delay,carrier_delay,late_aircraft_delay
SUX,11,1,5.0,0.0,0,"","",4,199.25,203.25,carrier_delay,late_aircraft_delay,nas_delay
SUX,12,0,"","",0,"","",1,110.0,101.0,carrier_delay,canc_B,Nessuna
SWF,1,1,5.0,-27.0,2,36.0,18.0,1,306.0,312.0,nas_delay,late_aircraft_delay,carrier_delay
SWF,2,6,6.333333333333333,-21.666666666666668,0,"","",2,530.0,518.5,carrier_delay,Nessuna,Nessuna
SWF,3,3,7.333333333333333,1.6666666666666667,5,37.0,21.2,1,64.0,79.0,late_aircraft_delay,nas_delay,carrier_delay
SWF,4,3,6.666666666666667,-12.333333333333334,1,20.0,1.0,0,"","",Nessuna,Nessuna,Nessuna
SWF,5,2,5.5,-10.0,1,32.0,32.0,1,83.0,59.0,carrier_delay,nas_delay,late_aircraft_delay
SWF,6,1,14.0,9.0,4,28.5,29.0,2,155.5,151.5,late_aircraft_delay,carrier_delay,nas_delay
SWF,7,6,3.8333333333333335,12.666666666666666,4,22.25,21.5,5,174.2,169.0,nas_delay,late_aircraft_delay,carrier_delay
SWF,8,3,10.333333333333334,1.6666666666666667,3,24.333333333333332,12.333333333333334,3,177.0,185.0,weather_delay,late_aircraft_delay,nas_delay
SWF,9,1,11.0,4.0,0,"","",1,152.0,135.0,carrier_delay,canc_B,Nessuna
SWF,10,3,9.333333333333334,4.333333333333333,3,31.666666666666668,28.0,0,"","",late_aircraft_delay,nas_delay,canc_B
SWF,11,1,7.0,-6.0,3,23.333333333333332,23.0,1,103.0,88.0,late_aircraft_delay,carrier_delay,nas_delay
SWF,12,3,4.666666666666667,-1.0,1,28.0,35.0,4,84.75,66.25,late_aircraft_delay,carrier_delay,weather_delay
SWO,1,0,"","",1,25.0,24.0,5,313.6,317.0,nas_delay,carrier_delay,weather_delay
SWO,2,1,3.0,-2.0,1,32.0,51.0,1,75.0,55.0,weather_delay,carrier_delay,nas_delay
SWO,3,0,"","",0,"","",1,103.0,93.0,carrier_delay,Nessuna,Nessuna
SWO,4,3,9.666666666666666,9.666666666666666,0,"","",3,140.33333333333334,160.0,carrier_delay,late_aircraft_delay,nas_delay
SWO,5,1,1.0,1.0,2,48.5,37.0,2,110.5,118.5,canc_B,carrier_delay,weather_delay
SWO,6,2,12.0,10.0,0,"","",4,182.0,193.75,weather_delay,nas_delay,carrier_delay
SWO,7,2,4.5,5.0,2,42.5,36.5,2,153.5,155.5,carrier_delay,nas_delay,Nessuna
SWO,8,2,5.5,8.5,3,27.666666666666668,20.333333333333332,1,148.0,151.0,carrier_delay,nas_delay,weather_delay
SWO,9,1,11.0,14.0,1,15.0,7.0,0,"","",Nessuna,Nessuna,Nessuna
SWO,10,1,3.0,-13.0,2,44.0,34.0,2,158.0,153.5,carrier_delay,Nessuna,Nessuna
SWO,11,2,6.0,17.0,4,27.25,32.25,1,418.0,403.0,carrier_delay,nas_delay,weather_delay
SWO,12,1,10.0,-11.0,0,"","",1,221.0,201.0,carrier_delay,Nessuna,Nessuna
SYR,1,68,5.632352941176471,2.8805970149253732,58,31.67241379310345,21.637931034482758,33,136.21212121212122,137.87878787878788,nas_delay,late_aircraft_delay,carrier_delay
SYR,2,58,6.655172413793103,-3.2758620689655173,46,29.456521739130434,15.217391304347826,24,196.70833333333334,196.75,nas_delay,late_aircraft_delay,carrier_delay
SYR,3,74,5.972972972972973,2.0945945945945947,47,33.255319148936174,25.319148936170212,49,176.48979591836735,179.0204081632653,nas_delay,late_aircraft_delay,carrier_delay
SYR,4,57,6.350877192982456,-0.3333333333333333,44,28.0,20.022727272727273,20,158.8,158.15,nas_delay,carrier_delay,late_aircraft_delay
SYR,5,89,6.033707865168539,2.8295454545454546,60,32.5,30.116666666666667,41,240.0,240.78048780487805,nas_delay,late_aircraft_delay,carrier_delay
SYR,6,83,7.156626506024097,2.5421686746987953,57,31.403508771929825,28.236363636363638,29,162.0344827586207,160.32142857142858,late_aircraft_delay,nas_delay,carrier_delay
SYR,7,88,6.318181818181818,3.4482758620689653,72,30.11111111111111,28.02777777777778,85,159.7764705882353,158.36904761904762,carrier_delay,late_aircraft_delay,nas_delay
SYR,8,74,6.1891891891891895,3.1621621621621623,72,30.02777777777778,29.028169014084508,44,168.3181818181818,171.6818181818182,nas_delay,late_aircraft_delay,carrier_delay
SYR,9,58,5.810344827586207,4.5,41,29.48780487804878,23.634146341463413,19,160.21052631578948,157.05263157894737,nas_delay,carrier_delay,late_aircraft_delay
SYR,10,65,5.861538461538461,-0.9076923076923077,41,33.170731707317074,22.121951219512194,21,160.0,157.42857142857142,carrier_delay,nas_delay,late_aircraft_delay
SYR,11,84,6.380952380952381,-2.5238095238095237,53,27.92452830188679,18.92452830188679,17,188.58823529411765,179.05882352941177,carrier_delay,nas_delay,late_aircraft_delay
SYR,12,100,6.7,2.6,77,28.766233766233768,29.545454545454547,52,136.09615384615384,135.92156862745097,nas_delay,carrier_delay,late_aircraft_delay
TLH,1,45,5.511111111111111,4.533333333333333,32,34.9375,34.0625,14,136.85714285714286,134.5,late_aircraft_delay,nas_delay,carrier_delay
TLH,2,31,4.903225806451613,6.387096774193548,14,32.0,30.714285714285715,15,129.86666666666667,124.26666666666667,late_aircraft_delay,nas_delay,carrier_delay
TLH,3,42,6.904761904761905,3.2857142857142856,31,32.354838709677416,30.29032258064516,20,119.75,118.5,late_aircraft_delay,carrier_delay,nas_delay
TLH,4,35,5.514285714285714,4.257142857142857,23,29.26086956521739,33.21739130434783,8,134.625,133.375,late_aircraft_delay,nas_delay,carrier_delay
TLH,5,35,5.485714285714286,9.257142857142858,32,28.9375,28.34375,31,141.83870967741936,147.06451612903226,late_aircraft_delay,nas_delay,carrier_delay
TLH,6,32,6.53125,5.65625,33,32.81818181818182,27.696969696969695,18,231.44444444444446,233.5,late_aircraft_delay,nas_delay,carrier_delay
TLH,7,42,6.0476190476190474,3.380952380952381,39,34.51282051282051,34.38461538461539,24,239.16666666666666,241.125,carrier_delay,late_aircraft_delay,nas_delay
TLH,8,23,4.782608695652174,3.652173913043478,24,32.791666666666664,29.304347826086957,24,135.70833333333334,136.20833333333334,late_aircraft_delay,nas_delay,carrier_delay
TLH,9,25,6.12,4.16,13,31.076923076923077,24.846153846153847,11,119.81818181818181,114.72727272727273,late_aircraft_delay,canc_B,carrier_delay
TLH,10,24,6.666666666666667,5.791666666666667,15,29.866666666666667,27.6,12,117.75,111.16666666666667,carrier_delay,nas_delay,late_aircraft_delay
TLH,11,31,5.516129032258065,0.8387096774193549,14,33.5,27.142857142857142,3,170.33333333333334,161.0,nas_delay,carrier_delay,late_aircraft_delay
TLH,12,35,5.285714285714286,4.885714285714286,25,30.68,30.32,19,206.31578947368422,210.57894736842104,nas_delay,carrier_delay,late_aircraft_delay
TOL,1,2,3.5,-10.0,5,26.4,25.6,0,"","",nas_delay,late_aircraft_delay,carrier_delay
TOL,2,7,8.142857142857142,-6.142857142857143,4,27.25,22.5,3,118.0,112.0,carrier_delay,late_aircraft_delay,nas_delay
TOL,3,2,7.5,11.0,2,33.5,4.0,6,171.83333333333334,166.4,nas_delay,late_aircraft_delay,carrier_delay
TOL,4,2,3.0,-17.0,3,57.333333333333336,49.0,3,211.33333333333334,229.66666666666666,late_aircraft_delay,nas_delay,carrier_delay
TOL,5,0,"","",5,24.0,27.0,2,147.0,136.5,late_aircraft_delay,nas_delay,carrier_delay
TOL,6,0,"","",0,"","",1,168.0,175.0,nas_delay,late_aircraft_delay,Nessuna
TOL,7,1,8.0,0.0,1,15.0,20.0,0,"","",nas_delay,late_aircraft_delay,Nessuna
TOL,8,0,"","",1,35.0,40.0,0,"","",late_aircraft_delay,weather_delay,nas_delay
TOL,9,0,"","",1,57.0,42.0,0,"","",carrier_delay,Nessuna,Nessuna
TOL,10,2,6.0,6.0,1,15.0,6.0,1,74.0,73.0,canc_B,late_aircraft_delay,Nessuna
TOL,11,4,4.5,-8.0,3,30.0,24.333333333333332,1,80.0,64.0,carrier_delay,late_aircraft_delay,nas_delay
TOL,12,1,4.0,0.0,4,35.5,45.0,4,91.75,86.25,late_aircraft_delay,nas_delay,carrier_delay
TPA,1,632,6.2025316455696204,-1.106687898089172,453,30.90507726269316,23.909492273730685,248,143.48790322580646,137.80246913580248,late_aircraft_delay,carrier_delay,nas_delay
TPA,2,574,5.947735191637631,1.4405594405594406,346,29.439306358381504,22.252906976744185,101,153.20792079207922,151.78217821782178,nas_delay,late_aircraft_delay,carrier_delay
TPA,3,700,6.478571428571429,4.681948424068768,632,31.841772151898734,30.054054054054053,445,155.24943820224718,156.45045045045046,late_aircraft_delay,nas_delay,carrier_delay
TPA,4,640,5.6171875,0.8730407523510971,389,31.69922879177378,27.030927835051546,237,158.95358649789029,152.8860759493671,late_aircraft_delay,nas_delay,carrier_delay
TPA,5,661,5.913767019667171,5.01062215477997,498,30.90963855421687,29.708249496981892,395,154.93164556962026,160.1730279898219,nas_delay,late_aircraft_delay,carrier_delay
TPA,6,639,6.386541471048513,1.9245283018867925,495,31.713131313131314,27.209349593495936,304,144.76973684210526,139.97029702970298,late_aircraft_delay,carrier_delay,nas_delay
TPA,7,578,6.323529411764706,4.195840554592721,594,31.944444444444443,30.890387858347385,419,155.82100238663483,154.49400479616307,late_aircraft_delay,nas_delay,carrier_delay
TPA,8,536,6.246268656716418,-0.0898876404494382,417,30.227817745803357,27.645083932853716,298,150.61409395973155,149.33670033670035,late_aircraft_delay,nas_delay,carrier_delay
TPA,9,421,6.028503562945368,0.6983372921615202,242,29.165289256198346,23.635983263598327,146,133.4931506849315,128.34246575342465,nas_delay,late_aircraft_delay,carrier_delay
TPA,10,416,5.966346153846154,-1.1995192307692308,248,28.754032258064516,22.615384615384617,123,136.5609756097561,115.67213114754098,canc_B,late_aircraft_delay,carrier_delay
TPA,11,528,6.1477272727272725,0.3693181818181818,283,31.187279151943464,25.141843971631207,126,155.8968253968254,151.98387096774192,nas_delay,carrier_delay,late_aircraft_delay
TPA,12,604,6.182119205298013,-0.915282392026578,510,31.62156862745098,26.431102362204726,271,132.1549815498155,128.72490706319704,late_aircraft_delay,carrier_delay,nas_delay
TRI,1,8,5.375,-0.375,11,38.0,36.63636363636363,4,217.0,215.0,carrier_delay,nas_delay,late_aircraft_delay
TRI,2,8,4.25,-4.625,6,28.5,12.833333333333334,1,227.0,223.0,late_aircraft_delay,carrier_delay,nas_delay
TRI,3,5,10.0,-3.8,6,30.666666666666668,24.166666666666668,2,91.0,92.0,late_aircraft_delay,carrier_delay,nas_delay
TRI,4,9,5.444444444444445,2.3333333333333335,4,31.0,17.25,4,93.25,96.5,late_aircraft_delay,carrier_delay,nas_delay
TRI,5,11,7.545454545454546,0.2727272727272727,7,34.0,38.0,7,130.42857142857142,131.71428571428572,nas_delay,carrier_delay,late_aircraft_delay
TRI,6,8,7.0,0.5,8,47.25,42.5,7,107.14285714285714,102.85714285714286,late_aircraft_delay,nas_delay,carrier_delay
TRI,7,13,8.76923076923077,2.8461538461538463,7,35.857142857142854,32.142857142857146,11,167.0,171.63636363636363,late_aircraft_delay,carrier_delay,nas_delay
TRI,8,8,8.75,-0.125,7,38.142857142857146,33.285714285714285,5,255.0,244.6,late_aircraft_delay,carrier_delay,nas_delay
TRI,9,7,4.571428571428571,-4.285714285714286,5,27.8,29.4,4,94.0,91.75,late_aircraft_delay,nas_delay,carrier_delay
TRI,10,11,6.7272727272727275,-0.8181818181818182,10,30.3,19.7,3,249.33333333333334,241.66666666666666,carrier_delay,nas_delay,late_aircraft_delay
TRI,11,11,6.363636363636363,-6.2727272727272725,7,38.142857142857146,41.285714285714285,4,526.25,523.75,nas_delay,carrier_delay,late_aircraft_delay
TRI,12,18,6.555555555555555,-2.611111111111111,12,27.583333333333332,22.583333333333332,9,192.33333333333334,197.55555555555554,carrier_delay,nas_delay,late_aircraft_delay
TTN,1,11,5.454545454545454,5.909090909090909,17,37.11764705882353,35.0,8,179.0,179.625,late_aircraft_delay,nas_delay,canc_B
TTN,2,15,6.6,2.7333333333333334,16,32.6875,21.4375,6,98.16666666666667,97.66666666666667,nas_delay,late_aircraft_delay,carrier_delay
TTN,3,19,7.578947368421052,-3.736842105263158,26,31.115384615384617,10.5,20,165.3,169.15,late_aircraft_delay,nas_delay,carrier_delay
TTN,4,14,7.214285714285714,-10.214285714285714,12,30.25,19.666666666666668,15,148.8,154.4,late_aircraft_delay,nas_delay,carrier_delay
TTN,5,4,8.0,-8.5,15,28.266666666666666,19.266666666666666,15,114.6,107.46666666666667,late_aircraft_delay,nas_delay,carrier_delay
TTN,6,6,7.833333333333333,-2.5,6,30.0,31.666666666666668,10,141.1,134.1,late_aircraft_delay,nas_delay,canc_A
TTN,7,6,9.166666666666666,1.8333333333333333,9,37.44444444444444,32.333333333333336,6,106.33333333333333,96.66666666666667,late_aircraft_delay,nas_delay,carrier_delay
TTN,8,9,5.555555555555555,-3.111111111111111,8,35.625,24.0,10,147.1,137.0,late_aircraft_delay,carrier_delay,nas_delay
TTN,9,2,5.5,2.5,2,52.5,30.5,0,"","",canc_B,carrier_delay,late_aircraft_delay
TTN,10,2,6.5,1.5,4,27.75,20.5,3,213.33333333333334,197.66666666666666,late_aircraft_delay,canc_B,carrier_delay
TTN,11,5,4.0,-5.2,0,"","",3,156.0,136.0,late_aircraft_delay,carrier_delay,nas_delay
TTN,12,7,6.571428571428571,-1.8571428571428572,4,40.25,26.0,6,104.5,106.5,canc_B,late_aircraft_delay,carrier_delay
TUL,1,91,5.428571428571429,4.846153846153846,64,30.8125,29.71875,42,141.78571428571428,138.73809523809524,nas_delay,late_aircraft_delay,carrier_delay
TUL,2,53,5.943396226415095,0.3584905660377358,37,32.648648648648646,26.83783783783784,17,141.11764705882354,134.0,nas_delay,carrier_delay,late_aircraft_delay
TUL,3,85,6.435294117647059,0.75,56,33.267857142857146,26.232142857142858,35,182.8,179.88571428571427,late_aircraft_delay,nas_delay,carrier_delay
TUL,4,79,5.341772151898734,1.1265822784810127,63,29.92063492063492,23.746031746031747,37,194.64864864864865,194.43243243243242,late_aircraft_delay,nas_delay,carrier_delay
TUL,5,130,5.6692307692307695,3.488372093023256,105,32.352380952380955,30.326923076923077,57,197.33333333333334,207.59649122807016,late_aircraft_delay,nas_delay,carrier_delay
TUL,6,123,5.520325203252033,0.7886178861788617,88,31.875,29.011363636363637,65,153.24615384615385,148.95384615384614,carrier_delay,late_aircraft_delay,nas_delay
TUL,7,105,6.285714285714286,1.0384615384615385,81,31.71604938271605,29.234567901234566,60,151.3,145.28333333333333,late_aircraft_delay,carrier_delay,nas_delay
TUL,8,78,6.551282051282051,3.3333333333333335,66,31.78787878787879,27.630769230769232,40,134.275,126.225,late_aircraft_delay,nas_delay,carrier_delay
TUL,9,69,5.521739130434782,0.2898550724637681,42,32.357142857142854,27.595238095238095,26,189.65384615384616,181.42307692307693,late_aircraft_delay,carrier_delay,nas_delay
TUL,10,65,5.384615384615385,-1.3076923076923077,33,31.181818181818183,23.87878787878788,16,114.0,102.5,nas_delay,carrier_delay,late_aircraft_delay
TUL,11,69,6.101449275362318,1.6176470588235294,60,30.816666666666666,24.133333333333333,23,125.34782608695652,125.26086956521739,carrier_delay,late_aircraft_delay,nas_delay
TUL,12,86,5.406976744186046,-0.4186046511627907,80,29.9375,24.82278481012658,48,235.60416666666666,234.875,late_aircraft_delay,carrier_delay,nas_delay
TUS,1,91,6.4945054945054945,0.34065934065934067,83,30.83132530120482,26.55421686746988,48,165.97916666666666,159.4375,late_aircraft_delay,nas_delay,carrier_delay
TUS,2,114,5.12280701754386,-0.38596491228070173,70,29.8,26.6,39,168.94871794871796,163.8421052631579,nas_delay,carrier_delay,late_aircraft_delay
TUS,3,133,6.2105263157894735,0.696969696969697,109,33.091743119266056,28.40366972477064,37,134.75675675675674,133.67567567567568,nas_delay,carrier_delay,late_aircraft_delay
TUS,4,114,6.649122807017544,1.3771929824561404,98,30.632653061224488,24.0,40,132.55,132.925,nas_delay,late_aircraft_delay,carrier_delay
TUS,5,126,5.761904761904762,0.35714285714285715,112,31.732142857142858,28.892857142857142,62,135.08064516129033,137.29032258064515,nas_delay,late_aircraft_delay,carrier_delay
TUS,6,92,6.858695652173913,4.923913043478261,73,32.12328767123287,27.54794520547945,44,136.97727272727272,134.25,late_aircraft_delay,carrier_delay,nas_delay
TUS,7,73,5.63013698630137,3.0547945205479454,86,31.86046511627907,31.74418604651163,46,175.93478260869566,176.53333333333333,late_aircraft_delay,nas_delay,carrier_delay
TUS,8,73,6.219178082191781,3.0,63,30.53968253968254,28.174603174603174,43,158.25581395348837,154.04651162790697,late_aircraft_delay,nas_delay,carrier_delay
TUS,9,59,5.661016949152542,0.8813559322033898,49,29.857142857142858,24.693877551020407,30,100.96666666666667,98.1,nas_delay,late_aircraft_delay,carrier_delay
TUS,10,83,5.530120481927711,3.7951807228915664,57,32.21052631578947,28.70175438596491,28,144.14285714285714,145.0,nas_delay,late_aircraft_delay,carrier_delay
TUS,11,100,6.03,0.12121212121212122,58,28.775862068965516,23.810344827586206,38,112.47368421052632,109.52631578947368,carrier_delay,nas_delay,late_aircraft_delay
TUS,12,114,6.37719298245614,0.043859649122807015,87,32.97701149425287,26.229885057471265,54,201.38888888888889,197.55555555555554,carrier_delay,late_aircraft_delay,nas_delay
TVC,1,14,8.714285714285714,7.071428571428571,10,31.5,28.9,16,176.5,175.875,nas_delay,late_aircraft_delay,carrier_delay
TVC,2,22,5.909090909090909,-1.8636363636363635,8,31.5,32.375,8,115.25,105.5,nas_delay,weather_delay,carrier_delay
TVC,3,19,6.7894736842105265,-4.315789473684211,6,25.666666666666668,15.166666666666666,12,218.58333333333334,205.33333333333334,carrier_delay,nas_delay,late_aircraft_delay
TVC,4,11,5.181818181818182,-5.181818181818182,12,31.25,18.5,6,153.33333333333334,143.66666666666666,nas_delay,late_aircraft_delay,carrier_delay
TVC,5,15,8.066666666666666,-1.8,19,34.36842105263158,38.63157894736842,10,152.3,149.7,nas_delay,carrier_delay,late_aircraft_delay
TVC,6,35,5.6,0.6571428571428571,36,31.27777777777778,28.27777777777778,24,190.875,190.08333333333334,carrier_delay,nas_delay,late_aircraft_delay
TVC,7,49,7.183673469387755,8.346938775510203,50,34.16,35.88,31,138.4516129032258,136.7741935483871,carrier_delay,nas_delay,late_aircraft_delay
TVC,8,47,5.191489361702128,2.8085106382978724,43,32.13953488372093,33.72093023255814,36,141.33333333333334,137.44444444444446,carrier_delay,nas_delay,late_aircraft_delay
TVC,9,28,6.464285714285714,6.142857142857143,18,27.5,16.22222222222222,8,114.875,107.375,carrier_delay,nas_delay,late_aircraft_delay
TVC,10,20,4.45,-2.2,15,29.8,16.6,5,250.8,244.2,late_aircraft_delay,nas_delay,carrier_delay
TVC,11,12,4.75,-0.3333333333333333,2,51.5,44.0,3,95.66666666666667,87.66666666666667,nas_delay,late_aircraft_delay,carrier_delay
TVC,12,22,6.318181818181818,3.8181818181818183,21,38.19047619047619,42.857142857142854,15,208.0,216.86666666666667,nas_delay,carrier_delay,late_aircraft_delay
TWF,1,1,7.0,34.0,1,15.0,7.0,1,208.0,238.0,weather_delay,nas_delay,Nessuna
TWF,2,0,"","",1,25.0,26.0,1,100.0,104.0,carrier_delay,nas_delay,Nessuna
TWF,3,0,"","",0,"","",1,75.0,64.0,carrier_delay,weather_delay,Nessuna
TWF,4,0,"","",1,36.0,24.0,1,112.0,101.0,carrier_delay,Nessuna,Nessuna
TWF,5,0,"","",0,"","",3,124.33333333333333,108.0,carrier_delay,weather_delay,Nessuna
TWF,6,0,"","",1,58.0,45.0,2,81.5,70.0,carrier_delay,Nessuna,Nessuna
TWF,7,3,7.333333333333333,-0.3333333333333333,2,32.5,29.0,3,130.0,126.66666666666667,carrier_delay,nas_delay,Nessuna
TWF,8,1,9.0,3.0,1,27.0,24.0,1,88.0,87.0,carrier_delay,weather_delay,Nessuna
TWF,9,0,"","",1,46.0,53.0,0,"","",nas_delay,carrier_delay,Nessuna
TWF,10,0,"","",0,"","",0,"","",Nessuna,Nessuna,Nessuna
TWF,11,0,"","",1,55.0,48.0,0,"","",carrier_delay,Nessuna,Nessuna
TWF,12,0,"","",1,38.0,18.0,0,"","",weather_delay,Nessuna,Nessuna
TXK,1,2,5.0,11.5,1,23.0,18.0,4,171.5,170.25,carrier_delay,nas_delay,canc_B
TXK,2,3,4.333333333333333,5.333333333333333,2,38.0,41.5,0,"","",nas_delay,carrier_delay,weather_delay
TXK,3,5,5.4,6.6,1,17.0,30.0,3,120.33333333333333,147.0,nas_delay,carrier_delay,late_aircraft_delay
TXK,4,2,3.5,0.5,5,35.2,53.2,7,137.57142857142858,127.33333333333333,nas_delay,late_aircraft_delay,carrier_delay
TXK,5,5,6.2,3.4,5,24.4,47.2,4,139.75,151.0,nas_delay,carrier_delay,weather_delay
TXK,6,3,7.666666666666667,5.0,5,37.8,35.0,4,282.5,277.0,late_aircraft_delay,carrier_delay,nas_delay
TXK,7,3,6.0,11.0,4,31.25,25.25,2,118.0,116.0,carrier_delay,late_aircraft_delay,nas_delay
TXK,8,1,11.0,0.0,5,28.8,32.0,2,182.5,184.5,nas_delay,carrier_delay,late_aircraft_delay
TXK,9,2,4.5,-3.0,2,15.5,9.0,2,266.5,257.0,nas_delay,late_aircraft_delay,carrier_delay
TXK,10,3,10.0,0.6666666666666666,3,36.666666666666664,30.0,1,108.0,92.0,carrier_delay,late_aircraft_delay,Nessuna
TXK,11,0,"","",4,34.25,29.5,1,68.0,68.0,carrier_delay,nas_delay,late_aircraft_delay
TXK,12,4,6.0,2.25,1,43.0,44.0,5,195.0,191.0,nas_delay,weather_delay,carrier_delay
TYR,1,5,6.8,4.8,2,29.0,29.0,5,314.2,330.0,carrier_delay,weather_delay,nas_delay
TYR,2,4,5.25,11.0,3,39.666666666666664,25.666666666666668,7,279.0,273.57142857142856,carrier_delay,nas_delay,late_aircraft_delay
TYR,3,4,5.75,-3.25,2,31.0,35.0,3,196.33333333333334,186.66666666666666,nas_delay,weather_delay,carrier_delay
TYR,4,8,4.25,7.875,2,25.5,35.5,3,116.33333333333333,118.33333333333333,nas_delay,canc_B,weather_delay
TYR,5,1,1.0,2.0,2,38.0,31.0,13,161.76923076923077,170.15384615384616,carrier_delay,nas_delay,weather_delay
TYR,6,1,1.0,-11.0,6,30.166666666666668,18.333333333333332,5,224.2,216.6,weather_delay,late_aircraft_delay,carrier_delay
TYR,7,8,6.0,11.125,10,30.5,23.5,4,133.75,129.0,late_aircraft_delay,carrier_delay,nas_delay
TYR,8,3,6.0,4.0,2,27.0,22.5,1,87.0,77.0,carrier_delay,late_aircraft_delay,nas_delay
TYR,9,14,6.928571428571429,1.0,4,24.0,17.25,1,132.0,143.0,nas_delay,carrier_delay,late_aircraft_delay
TYR,10,4,6.25,3.5,9,32.888888888888886,24.333333333333332,4,146.75,134.5,carrier_delay,late_aircraft_delay,nas_delay
TYR,11,4,8.5,8.25,4,31.25,22.0,3,164.33333333333334,156.0,carrier_delay,canc_B,weather_delay
TYR,12,6,6.833333333333333,-2.0,9,33.111111111111114,37.333333333333336,6,207.5,190.66666666666666,carrier_delay,nas_delay,canc_B
TYS,1,42,6.380952380952381,3.238095238095238,67,33.91044776119403,32.82089552238806,52,166.51923076923077,165.5,late_aircraft_delay,nas_delay,carrier_delay
TYS,2,34,6.588235294117647,3.0588235294117645,39,34.02564102564103,26.358974358974358,11,120.54545454545455,111.72727272727273,nas_delay,carrier_delay,late_aircraft_delay
TYS,3,58,5.275862068965517,0.896551724137931,51,32.23529411764706,27.431372549019606,38,191.71052631578948,186.02631578947367,late_aircraft_delay,nas_delay,carrier_delay
TYS,4,70,6.285714285714286,1.5147058823529411,47,34.319148936170215,36.95744680851064,29,170.93103448275863,167.51724137931035,late_aircraft_delay,nas_delay,carrier_delay
TYS,5,79,6.3164556962025316,3.7721518987341773,75,31.946666666666665,32.68,64,140.34375,143.3968253968254,nas_delay,late_aircraft_delay,carrier_delay
TYS,6,77,6.545454545454546,4.246753246753247,80,32.025,26.468354430379748,36,211.97222222222223,209.33333333333334,late_aircraft_delay,carrier_delay,nas_delay
TYS,7,62,6.258064516129032,2.4516129032258065,79,30.746835443037973,26.746835443037973,74,180.43243243243242,180.0958904109589,late_aircraft_delay,carrier_delay,nas_delay
TYS,8,54,6.481481481481482,2.574074074074074,66,30.924242424242426,32.06153846153846,50,216.6,215.6122448979592,nas_delay,late_aircraft_delay,carrier_delay
TYS,9,62,6.467741935483871,0.9193548387096774,69,30.89855072463768,27.52173913043478,25,218.12,213.32,late_aircraft_delay,carrier_delay,nas_delay
TYS,10,102,5.990196078431373,-0.4215686274509804,64,26.515625,21.03125,20,125.15,120.25,nas_delay,late_aircraft_delay,carrier_delay
TYS,11,64,6.703125,0.421875,49,28.3265306122449,22.510204081632654,34,154.55882352941177,152.02941176470588,nas_delay,carrier_delay,late_aircraft_delay
TYS,12,88,6.306818181818182,-1.735632183908046,90,29.455555555555556,22.31111111111111,43,173.30232558139534,168.5952380952381,late_aircraft_delay,nas_delay,carrier_delay
USA,1,4,3.0,-7.0,4,37.75,28.75,0,"","",carrier_delay,late_aircraft_delay,Nessuna
USA,2,6,5.166666666666667,1.6666666666666667,4,39.25,28.25,5,139.6,151.8,late_aircraft_delay,nas_delay,canc_A
USA,3,4,10.25,1.75,6,37.333333333333336,33.0,6,302.3333333333333,298.5,late_aircraft_delay,carrier_delay,nas_delay
USA,4,2,4.0,-6.0,7,27.142857142857142,19.285714285714285,3,397.0,396.6666666666667,carrier_delay,nas_delay,late_aircraft_delay
USA,5,4,4.75,-7.5,1,49.0,44.0,6,175.16666666666666,165.33333333333334,late_aircraft_delay,carrier_delay,Nessuna
USA,6,7,6.142857142857143,3.0,6,32.166666666666664,30.166666666666668,3,116.0,115.66666666666667,late_aircraft_delay,carrier_delay,nas_delay
USA,7,8,7.625,8.25,7,39.714285714285715,36.0,6,355.6666666666667,366.6666666666667,late_aircraft_delay,nas_delay,carrier_delay
USA,8,2,5.0,2.5,7,31.571428571428573,29.0,6,123.66666666666667,119.0,late_aircraft_delay,nas_delay,carrier_delay
USA,9,2,11.5,14.0,2,31.5,24.0,3,169.66666666666666,174.66666666666666,carrier_delay,late_aircraft_delay,nas_delay
USA,10,3,6.666666666666667,6.333333333333333,3,27.333333333333332,24.666666666666668,1,63.0,45.0,late_aircraft_delay,carrier_delay,nas_delay
USA,11,4,8.5,1.0,6,28.166666666666668,22.0,1,76.0,63.0,late_aircraft_delay,carrier_delay,nas_delay
USA,12,5,6.4,3.6,12,28.833333333333332,18.583333333333332,7,146.42857142857142,150.28571428571428,late_aircraft_delay,carrier_delay,nas_delay
VCT,1,2,9.5,-6.5,2,45.0,34.0,3,453.0,450.3333333333333,late_aircraft_delay,carrier_delay,canc_B
VCT,2,0,"","",0,"","",2,83.0,84.5,nas_delay,carrier_delay,Nessuna
VCT,3,1,3.0,-6.0,1,21.0,37.0,1,363.0,354.0,weather_delay,canc_B,nas_delay
VCT,4,3,7.666666666666667,3.3333333333333335,1,17.0,8.0,2,80.5,83.0,late_aircraft_delay,nas_delay,Nessuna
VCT,5,1,4.0,-6.0,0,"","",2,268.0,272.0,canc_B,nas_delay,carrier_delay
VCT,6,2,9.5,10.0,1,55.0,51.0,2,313.0,308.5,late_aircraft_delay,Nessuna,Nessuna
VCT,7,3,10.0,4.333333333333333,1,58.0,61.0,4,173.5,168.5,canc_B,carrier_delay,nas_delay
VCT,8,0,"","",1,40.0,43.0,2,257.5,257.0,nas_delay,late_aircraft_delay,Nessuna
VCT,9,1,7.0,-5.0,0,"","",2,153.5,149.5,carrier_delay,late_aircraft_delay,Nessuna
VCT,10,1,14.0,9.0,0,"","",5,101.0,96.2,carrier_delay,late_aircraft_delay,nas_delay
VCT,11,1,13.0,5.0,0,"","",5,193.2,194.0,nas_delay,carrier_delay,late_aircraft_delay
VCT,12,1,9.0,3.0,0,"","",3,146.0,171.33333333333334,late_aircraft_delay,nas_delay,carrier_delay
VEL,1,0,"","",0,"","",3,473.3333333333333,491.3333333333333,nas_delay,late_aircraft_delay,carrier_delay
VLD,1,1,6.0,-12.0,2,40.5,27.5,4,103.0,87.66666666666667,late_aircraft_delay,carrier_delay,nas_delay
VLD,2,0,"","",0,"","",0,"","",Nessuna,Nessuna,Nessuna
VLD,3,2,2.5,-9.0,3,23.666666666666668,28.0,2,233.5,246.0,nas_delay,carrier_delay,weather_delay
VLD,4,2,5.0,2.5,1,26.0,27.0,2,76.0,84.5,nas_delay,late_aircraft_delay,weather_delay
VLD,5,3,5.0,1.6666666666666667,3,34.333333333333336,35.666666666666664,1,404.0,405.0,nas_delay,late_aircraft_delay,canc_A
VLD,6,2,8.5,-3.5,1,29.0,25.0,1,66.0,58.0,late_aircraft_delay,nas_delay,carrier_delay
VLD,7,1,3.0,-14.0,2,32.0,44.0,5,127.2,128.0,nas_delay,late_aircraft_delay,carrier_delay
VLD,8,2,8.0,-2.5,3,32.666666666666664,22.333333333333332,0,"","",late_aircraft_delay,nas_delay,carrier_delay
VLD,9,1,1.0,5.0,0,"","",1,193.0,190.0,canc_B,nas_delay,late_aircraft_delay
VLD,10,6,5.0,4.833333333333333,3,45.666666666666664,48.666666666666664,3,288.3333333333333,293.3333333333333,nas_delay,late_aircraft_delay,carrier_delay
VLD,11,2,8.5,-8.0,3,31.333333333333332,20.333333333333332,0,"","",weather_delay,carrier_delay,nas_delay
VLD,12,4,4.25,-2.0,8,36.75,32.625,6,153.5,144.83333333333334,late_aircraft_delay,carrier_delay,nas_delay
VPS,1,32,5.1875,-1.96875,24,31.916666666666668,25.75,25,242.04,237.4,late_aircraft_delay,carrier_delay,nas_delay
VPS,2,25,5.28,1.4,17,31.647058823529413,21.470588235294116,10,247.0,246.7,nas_delay,carrier_delay,late_aircraft_delay
VPS,3,49,5.836734693877551,0.8571428571428571,47,31.085106382978722,25.26086956521739,33,266.3939393939394,261.6363636363636,late_aircraft_delay,carrier_delay,nas_delay
VPS,4,63,5.857142857142857,0.6349206349206349,48,29.645833333333332,28.729166666666668,28,156.14285714285714,159.25,late_aircraft_delay,carrier_delay,nas_delay
VPS,5,85,6.517647058823529,0.8214285714285714,78,31.58974358974359,27.474358974358974,53,159.9811320754717,159.41176470588235,late_aircraft_delay,nas_delay,carrier_delay
VPS,6,72,5.875,1.25,70,32.3,27.428571428571427,40,121.85,118.3,late_aircraft_delay,carrier_delay,nas_delay
VPS,7,102,5.480392156862745,1.088235294117647,84,30.404761904761905,27.5,75,199.0,200.88,late_aircraft_delay,carrier_delay,nas_delay
VPS,8,66,6.242424242424242,1.3181818181818181,71,30.408450704225352,29.746478873239436,37,184.97297297297297,178.94594594594594,late_aircraft_delay,carrier_delay,nas_delay
VPS,9,63,5.7936507936507935,-0.2698412698412698,38,32.421052631578945,32.21052631578947,15,287.6,278.3333333333333,late_aircraft_delay,nas_delay,carrier_delay
VPS,10,51,6.96078431372549,2.9215686274509802,31,29.225806451612904,24.193548387096776,10,279.5,274.2,nas_delay,carrier_delay,late_aircraft_delay
VPS,11,24,6.791666666666667,1.4583333333333333,27,32.0,26.185185185185187,6,148.66666666666666,147.0,late_aircraft_delay,carrier_delay,nas_delay
VPS,12,49,6.571428571428571,0.9591836734693877,33,28.363636363636363,31.363636363636363,27,267.1111111111111,265.55555555555554,carrier_delay,late_aircraft_delay,nas_delay
WRG,1,3,5.666666666666667,5.666666666666667,3,24.0,42.0,5,76.8,71.8,late_aircraft_delay,nas_delay,carrier_delay
WRG,2,0,"","",2,25.5,22.0,1,232.0,224.0,late_aircraft_delay,canc_A,carrier_delay
WRG,3,4,4.0,-0.25,0,"","",0,"","",Nessuna,Nessuna,Nessuna
WRG,4,0,"","",3,26.0,24.333333333333332,0,"","",late_aircraft_delay,canc_A,nas_delay
WRG,5,1,10.0,20.0,3,38.333333333333336,32.333333333333336,0,"","",late_aircraft_delay,nas_delay,Nessuna
WRG,6,7,8.428571428571429,4.0,1,17.0,15.0,1,85.0,81.0,late_aircraft_delay,nas_delay,Nessuna
WRG,7,9,8.11111111111111,3.75,2,34.0,53.5,0,"","",nas_delay,late_aircraft_delay,Nessuna
WRG,8,3,6.333333333333333,2.3333333333333335,8,31.125,34.875,2,147.5,228.0,late_aircraft_delay,nas_delay,weather_delay
WRG,9,5,6.6,8.0,2,25.5,30.5,0,"","",nas_delay,late_aircraft_delay,carrier_delay
WRG,10,3,4.0,12.666666666666666,1,25.0,21.0,2,132.5,105.0,late_aircraft_delay,nas_delay,Nessuna
WRG,11,3,8.666666666666666,11.666666666666666,2,38.0,52.0,0,"","",late_aircraft_delay,nas_delay,canc_A
WRG,12,5,4.0,7.0,0,"","",1,95.0,93.0,nas_delay,canc_B,late_aircraft_delay
WYS,5,2,6.0,2.5,1,55.0,45.0,2,237.5,225.0,weather_delay,Nessuna,Nessuna
WYS,6,2,5.0,29.5,0,"","",4,466.25,465.0,carrier_delay,nas_delay,weather_delay
WYS,7,3,6.666666666666667,5.666666666666667,3,20.333333333333332,12.333333333333334,5,144.0,132.8,carrier_delay,Nessuna,Nessuna
WYS,8,1,3.0,-10.0,1,15.0,13.0,1,120.0,109.0,weather_delay,Nessuna,Nessuna
WYS,9,0,"","",0,"","",1,172.0,171.0,weather_delay,carrier_delay,Nessuna
WYS,10,1,1.0,-2.0,0,"","",0,"","",Nessuna,Nessuna,Nessuna
XNA,1,53,6.113207547169812,9.88679245283019,63,32.15873015873016,41.698412698412696,62,175.8548387096774,187.8709677419355,nas_delay,late_aircraft_delay,weather_delay
XNA,2,48,6.25,6.4375,35,30.0,25.314285714285713,11,220.72727272727272,212.8181818181818,nas_delay,carrier_delay,late_aircraft_delay
XNA,3,53,6.471698113207547,-2.0754716981132075,50,27.5,24.04,40,179.275,177.25,late_aircraft_delay,nas_delay,carrier_delay
XNA,4,76,5.9868421052631575,-0.7866666666666666,40,31.825,23.975,37,142.64864864864865,137.3783783783784,late_aircraft_delay,nas_delay,carrier_delay
XNA,5,85,6.858823529411764,4.741176470588235,75,32.946666666666665,37.81333333333333,61,176.21311475409837,179.24590163934425,late_aircraft_delay,nas_delay,carrier_delay
XNA,6,73,6.616438356164384,1.9589041095890412,82,31.695121951219512,31.146341463414632,53,133.50943396226415,135.0,late_aircraft_delay,nas_delay,carrier_delay
XNA,7,106,6.69811320754717,4.783018867924528,107,32.691588785046726,29.523364485981308,74,125.28378378378379,122.6986301369863,late_aircraft_delay,carrier_delay,nas_delay
XNA,8,73,6.739726027397261,5.958904109589041,60,27.133333333333333,23.816666666666666,35,207.0857142857143,208.45714285714286,nas_delay,carrier_delay,late_aircraft_delay
XNA,9,80,5.6,0.7625,50,31.24,26.26,30,189.03333333333333,182.06666666666666,nas_delay,carrier_delay,late_aircraft_delay
XNA,10,82,5.865853658536586,-1.7073170731707317,34,30.764705882352942,22.029411764705884,18,131.05555555555554,121.83333333333333,late_aircraft_delay,nas_delay,carrier_delay
XNA,11,77,6.3896103896103895,0.7662337662337663,50,29.76,21.96,29,205.17241379310346,213.51724137931035,nas_delay,late_aircraft_delay,carrier_delay
XNA,12,100,5.71,-1.12,92,31.304347826086957,27.934065934065934,46,196.95652173913044,193.95652173913044,nas_delay,late_aircraft_delay,carrier_delay
XWA,1,5,8.4,8.2,5,39.8,13.2,11,223.8181818181818,214.72727272727272,carrier_delay,canc_B,nas_delay
XWA,2,9,6.333333333333333,-6.444444444444445,5,44.4,41.8,9,286.44444444444446,280.6666666666667,weather_delay,carrier_delay,nas_delay
XWA,3,10,5.8,5.0,6,30.833333333333332,34.666666666666664,5,194.4,183.8,carrier_delay,nas_delay,canc_B
XWA,4,5,5.0,2.0,3,33.666666666666664,32.666666666666664,2,114.0,99.5,carrier_delay,nas_delay,late_aircraft_delay
XWA,5,11,6.909090909090909,-2.1818181818181817,2,34.5,27.5,6,140.5,134.33333333333334,nas_delay,carrier_delay,late_aircraft_delay
XWA,6,8,5.625,2.5,14,32.0,37.785714285714285,5,181.2,189.2,carrier_delay,nas_delay,late_aircraft_delay
XWA,7,10,7.7,18.1,7,33.42857142857143,34.285714285714285,14,114.0,111.78571428571429,carrier_delay,nas_delay,late_aircraft_delay
XWA,8,7,6.857142857142857,4.285714285714286,9,36.44444444444444,47.22222222222222,9,186.11111111111111,183.66666666666666,carrier_delay,nas_delay,late_aircraft_delay
XWA,9,5,9.2,1.2,6,37.333333333333336,30.333333333333332,2,418.0,420.5,carrier_delay,nas_delay,security_delay
XWA,10,2,3.5,4.5,5,39.4,34.2,3,432.6666666666667,427.0,carrier_delay,nas_delay,canc_B
XWA,11,12,5.75,3.6363636363636362,5,26.4,38.2,8,327.125,325.125,carrier_delay,nas_delay,weather_delay
XWA,12,18,7.666666666666667,1.8333333333333333,13,31.692307692307693,24.384615384615383,10,417.3,410.7,carrier_delay,nas_delay,late_aircraft_delay
YAK,1,5,6.6,5.6,5,46.0,49.6,3,84.66666666666667,84.66666666666667,late_aircraft_delay,nas_delay,canc_B
YAK,2,1,1.0,-2.0,4,26.0,22.0,1,237.0,242.0,nas_delay,late_aircraft_delay,carrier_delay
YAK,3,2,9.5,12.5,3,20.666666666666668,12.0,3,76.66666666666667,74.66666666666667,late_aircraft_delay,weather_delay,nas_delay
YAK,4,2,6.0,10.5,3,32.333333333333336,23.0,3,138.33333333333334,140.66666666666666,late_aircraft_delay,nas_delay,canc_A
YAK,5,2,6.5,2.0,0,"","",0,"","",canc_B,Nessuna,Nessuna
YAK,6,4,4.25,3.25,6,26.0,22.166666666666668,0,"","",late_aircraft_delay,nas_delay,carrier_delay
YAK,7,7,6.714285714285714,7.857142857142857,8,31.25,27.75,1,171.0,205.0,late_aircraft_delay,nas_delay,carrier_delay
YAK,8,3,8.0,4.0,10,24.6,26.0,2,149.5,76.0,late_aircraft_delay,nas_delay,carrier_delay
YAK,9,2,9.5,1.0,1,19.0,23.0,0,"","",late_aircraft_delay,nas_delay,Nessuna
YAK,10,4,7.25,7.5,2,23.0,27.5,2,98.0,78.0,nas_delay,late_aircraft_delay,Nessuna
YAK,11,2,1.0,0.0,2,40.0,38.5,0,"","",late_aircraft_delay,nas_delay,Nessuna
YAK,12,3,9.0,3.0,4,42.75,39.0,0,"","",late_aircraft_delay,weather_delay,Nessuna
YUM,1,6,7.5,10.333333333333334,3,25.0,15.333333333333334,2,221.0,229.0,nas_delay,carrier_delay,late_aircraft_delay
YUM,2,4,5.25,3.75,5,25.4,23.2,1,112.0,133.0,carrier_delay,nas_delay,late_aircraft_delay
YUM,3,11,7.363636363636363,8.454545454545455,1,43.0,40.0,2,312.5,301.5,carrier_delay,nas_delay,late_aircraft_delay
YUM,4,5,2.8,6.0,4,49.75,44.25,1,467.0,464.0,nas_delay,carrier_delay,late_aircraft_delay
YUM,5,4,7.75,1.75,5,30.0,24.8,4,147.5,139.75,carrier_delay,late_aircraft_delay,nas_delay
YUM,6,10,5.4,6.9,3,38.333333333333336,40.666666666666664,3,85.66666666666667,83.66666666666667,nas_delay,carrier_delay,late_aircraft_delay
YUM,7,8,6.5,4.0,4,32.5,28.5,3,97.33333333333333,91.66666666666667,carrier_delay,late_aircraft_delay,canc_C
YUM,8,6,6.333333333333333,2.1666666666666665,1,31.0,31.0,3,125.33333333333333,138.66666666666666,nas_delay,late_aircraft_delay,carrier_delay
YUM,9,5,5.2,-5.8,2,24.0,10.0,1,346.0,357.0,nas_delay,carrier_delay,late_aircraft_delay
YUM,10,10,6.7,3.9,7,26.428571428571427,22.857142857142858,3,83.33333333333333,81.0,carrier_delay,nas_delay,late_aircraft_delay
YUM,11,5,5.4,-5.2,2,38.0,49.0,3,146.0,175.5,carrier_delay,nas_delay,Nessuna
YUM,12,3,7.666666666666667,-0.3333333333333333,8,37.5,35.625,5,91.8,92.2,carrier_delay,late_aircraft_delay,nas_delay
